arm,block,seed,iteration,evaluations,bestCost,populationSpread,sigma,conditionNumber,distributionExtent,restart
sep-ipop-l20,1,111013,1,20,33731.716454823814,,0.27184991383980528,1.0360619459053511,0.26736596824430064,0
sep-ipop-l20,1,111013,5,100,22267.336930592854,,0.23801630860918091,1.4520468627431666,0.26092787134670015,0
sep-ipop-l20,1,111013,40,800,1781.5509579976399,,0.13897950480387603,2.1460395384344713,0.15224283535556216,0
sep-ipop-l20,1,111013,80,1600,1612.1024309794109,,0.10119828468407417,4.0896544506630512,0.11272798241879946,0
sep-ipop-l20,1,111013,1320,26400,841.10881169637048,,3.2527421407109541e-05,613727.03980538051,5.8785509165757774e-05,0
sep-ipop-l20,1,111013,1980,52100,841.10881169637048,,0.0079737087171992856,58702.37306221397,0.008226563516085408,1
sep-ipop-l20,1,111013,2640,78500,841.10881169637048,,0.00027028834184543486,29755645.40038814,0.00024362330331436299,1
sep-ipop-l20,1,111013,2970,103500,841.10881169637048,,0.26351167168257272,6483.1548617500803,0.074468196360240629,2
sep-ipop-l20,1,111013,3300,129900,841.10881169637048,,0.26206139902547254,428731.06869639351,0.010779489060956755,2
sep-ipop-l20,1,111013,3630,156300,841.10881169637048,,0.052269833019401087,3609891654.5806251,0.0029839471167045087,2
sep-ipop-l20,1,111013,3828,184620,841.10881169637048,,0.85637118914945487,8714.2447327734935,0.19819239757351087,3
sep-ipop-l20,1,111013,3960,205740,841.10881169637048,,6.2154654537420786,97192.80274560659,0.1075366376896193,3
sep-ipop-l20,1,111013,4158,237420,841.10881169637048,,207.53525178496869,94474.72114649514,0.06233802519094879,3
sep-ipop-l20,1,111013,4290,258540,841.10881169637048,,13854.752615550717,51199.352143172669,0.066068134416731247,3
sep-ipop-l20,1,111013,4422,279660,841.10881169637048,,287413.24194798473,54271.556759592575,0.0581682138702573,3
sep-ipop-l20,1,111013,4620,311340,841.10881169637048,,47498640.835564874,80092.742033279588,0.069459879579653661,3
sep-ipop-l20,1,111013,4752,332460,841.10881169637048,,1673147559.2504199,89519.283125246147,0.053004704896887106,3
sep-ipop-l20,1,111013,4950,364140,841.10881169637048,,85948248461.112335,462163.57295269659,0.050353839963728789,3
sep-ipop-l20,1,111013,5082,385260,841.10881169637048,,155377167027.74155,1541270149.6585484,0.030078403059375237,3
sep-ipop-l20,1,111013,5280,416940,841.10881169637048,,210670374481.69165,1097444368110.4993,0.030520174482892438,3
sep-ipop-l20,1,111013,5346,433580,841.10881169637048,,0.8724129629546834,79.16839596894134,0.24474381269993675,4
sep-ipop-l20,1,111013,5478,475820,841.10881169637048,,161.53096568632202,11491.28978151487,0.29316893124816751,4
sep-ipop-l20,1,111013,5544,496940,841.10881169637048,,2458.5040141188078,78981.65669603151,0.25055231292561642,4
sep-ipop-l20,1,111013,5610,518060,841.10881169637048,,74557.428599782026,74456.243153847274,0.27773248023819636,4
sep-ipop-l20,1,111013,5676,539180,841.10881169637048,,946535.6472228769,296934.04123435199,0.26175529383490348,4
sep-ipop-l20,1,111013,5742,560300,841.10881169637048,,10844966.630443553,345045.87453696388,0.21887386088968139,4
sep-ipop-l20,1,111013,5874,602540,841.10881169637048,,3853502853.2421393,7843.6454987860361,0.019559479909090214,4
sep-ipop-l20,1,111013,5940,623660,841.10881169637048,,26719835784.397362,8449.9403163550378,0.0094709555208413662,4
sep-ipop-l20,1,111013,6006,644780,841.10881169637048,,69826805105.41394,312037.93168221565,0.0060239802430662702,4
sep-ipop-l20,1,111013,6072,665900,841.10881169637048,,157519836387.76617,13466457.967091171,0.0054037617627687544,4
sep-ipop-l20,1,111013,6138,687020,841.10881169637048,,259526528377.43207,1205054950.7429681,0.0044889004147111956,4
sep-ipop-l20,1,111013,6270,735340,841.10881169637048,,0.79846759701179126,14.024550168904041,0.40072899767328546,5
sep-ipop-l20,1,111013,6336,777580,841.10881169637048,,6.4340936873581445,2351.2458140108506,0.23998403518449726,5
sep-ipop-l20,1,111013,6402,819820,841.10881169637048,,148.36684794479936,3812.2100356236911,0.26773243835368687,5
sep-ipop-l20,1,111013,6468,862060,841.10881169637048,,3215.1879773386631,73176.210299478815,0.25237269244303889,5
sep-ipop-l20,1,111013,6534,904300,841.10881169637048,,118932.4877917003,242192.73006535636,0.22992758657086748,5
sep-ipop-l20,1,111013,6600,946540,841.10881169637048,,1461010.0102731348,289538.4117937538,0.084405980888123566,5
sep-ipop-l20,1,111013,6666,988780,841.10881169637048,,101203728.32355921,21319.638650604353,0.044679877907110976,5
sep-ipop-l20,1,111013,6732,1031020,841.10881169637048,,795377022.49102235,1787886.9795894809,0.047712613722862028,5
sep-ipop-l20,1,111013,6798,1073260,841.10881169637048,,6556068307.9036169,16600113.415428456,0.043830540473199481,5
sep-ipop-l20,1,111013,6864,1115500,841.10881169637048,,32682666512.559116,254099008.87127513,0.045184118620925993,5
sep-ipop-l20,1,111013,6930,1157740,841.10881169637048,,84511023364.712646,1732751910.9116828,0.035161331349756741,5
sep-ipop-l20,1,111013,6996,1199980,841.10881169637048,,229638092091.56635,54869260163.249786,0.037667193093876103,5
sep-ipop-l20,1,111013,7062,1242220,841.10881169637048,,423516093473.76465,327927700517.40491,0.039336912772941351,5
sep-ipop-l20,1,111013,7128,1284460,841.10881169637048,,543480938514.6936,301713699275.47437,0.033036238952819257,5
sep-ipop-l20,1,111013,7194,1326700,841.10881169637048,,605037605098.83496,356175262280.92865,0.029007150068896734,5
sep-ipop-l20,1,111013,7260,1381740,841.10881169637048,,0.9708553338009368,17.365032169653841,0.42725994692989122,6
sep-ipop-l20,1,111013,7326,1466220,841.10881169637048,,12.048902912444992,890.14872389404161,0.23855210808893187,6
sep-ipop-l20,1,111013,7392,1550700,841.10881169637048,,229.20731208778651,3231.844619465352,0.25539787824000965,6
sep-ipop-l20,1,111013,7458,1635180,841.10881169637048,,7573.977335455208,5207.7828269096008,0.14749047890053885,6
sep-ipop-l20,1,111013,7524,1719660,841.10881169637048,,387312.28834474535,16644.177895090874,0.11503428586753804,6
sep-ipop-l20,1,111013,7582,1793900,837.935557047526,,24001799.161747515,29711.721000148376,0.11080623814981354,6
sep-ipop-l20,1,111013,7590,1804140,836.45199584960938,,32788050.842005644,36272.481505085299,0.091247482402011804,6
sep-ipop-l20,1,111013,7610,1829740,829.48726908365882,,103202299.86930603,44219.302584573423,0.065105491068952276,6
sep-ipop-l20,1,111013,7631,1856620,826.10587819417321,,343289525.03029835,53408.900383449807,0.053718246714887355,6
sep-ipop-l20,1,111013,7652,1883500,823.7115478515625,,1251247884.5818596,46699.854548394112,0.04711102177338633,6
sep-ipop-l20,1,111013,7671,1907820,821.45644887288415,,3979650023.1409831,56429.845391890784,0.04467192774923253,6
sep-ipop-l20,1,111013,7694,1937260,820.20061111450195,,14643547262.931873,41809.693394804133,0.034992376807928466,6
sep-ipop-l20,1,111013,7712,1960300,818.91230519612634,,24637921015.070816,52315.92920097927,0.025824681189368575,6
sep-ipop-l20,1,111013,7732,1985900,817.73702494303382,,46309654416.839912,50804.672805046568,0.022039661919966834,6
sep-ipop-l20,1,111013,7753,2012780,817.20305379231775,,72248380196.486069,30435.102129377734,0.017534736465097327,6
sep-ipop-l20,1,111013,7769,2033260,816.79740142822266,,97615263864.875854,86670.248168898528,0.016403528601427003,6
sep-ipop-l20,1,111013,7788,2057580,816.56015777587891,,146816202612.19168,286957.01271420327,0.01377644777280328,6
sep-ipop-l20,1,111013,7812,2088300,816.37537129720056,,209747371477.38654,563309.01210193557,0.01158796167828233,6
sep-ipop-l20,1,111013,7834,2116460,816.28538131713867,,325110638542.25513,3197486.9782924158,0.012434006620547952,6
sep-ipop-l20,1,111013,7851,2138220,816.2014274597168,,422728149110.63171,17724849.523304205,0.011808019682860616,6
sep-ipop-l20,1,111013,7872,2165100,816.15360514322913,,571965131094.59827,32705241.820719708,0.007578273257903387,6
sep-ipop-l20,1,111013,7890,2188140,816.13576634724939,,766107385716.30847,77906172.542132795,0.0070647128403800337,6
sep-ipop-l20,1,111013,7917,2222700,816.117919921875,,1037027567704.4124,86738004.2148453,0.0063508907243792498,6
sep-ipop-l20,1,111013,7927,2235500,816.10828018188477,,1470981403103.1143,117147612.59490423,0.0064033637923809929,6
sep-ipop-l20,1,111013,7955,2271340,816.107432047526,,2429140415121.8032,298978242.58934259,0.0067856328883501094,6
sep-ipop-l20,1,111013,7986,2311020,816.10389073689782,,5717279979888.7539,396374727.62604046,0.0049696343755011021,6
sep-ipop-l20,1,111013,7997,2325100,816.10327275594079,,5324281892465.877,296537435.97466439,0.0040314716399518398,6
sep-ipop-l20,1,111013,8052,2395500,816.10327275594079,,5107115755520.6992,168954752.46789464,0.0024674767705249491,6
sep-ipop-l20,1,111013,8118,2479980,816.10327275594079,,5445758826385.2598,369473941.13188726,0.0025768891716124475,6
sep-ipop-l20,1,111013,8184,2564460,816.10327275594079,,6252833062222.2881,218907005.8379347,0.0024063372102921866,6
sep-ipop-l20,1,111013,8250,2648940,816.10327275594079,,6274443981519.8594,280470308.56538707,0.0020371617854595615,6
sep-ipop-l20,1,111013,8316,2789740,816.10327275594079,,2.3431302675914942,89.457758337585119,0.28747420581983163,7
sep-ipop-l20,1,111013,8382,2958700,816.10327275594079,,36.89284820199785,1273.7970757804098,0.26914888866597531,7
sep-ipop-l20,1,111013,8448,3127660,816.10327275594079,,956.71365036717316,4854.5613865282194,0.25600859082375704,7
sep-ipop-l20,1,111013,8514,3296620,816.10327275594079,,56099.972472210771,7926.2266855800872,0.26264386253856392,7
sep-ipop-l20,1,111013,8580,3465580,816.10327275594079,,2621486.4923962727,81709.11008593213,0.24973405439158522,7
sep-ipop-l20,1,111013,8646,3634540,816.10327275594079,,210146132.80982015,82660.222036190346,0.25636255703873806,7
sep-ipop-l20,1,111013,8712,3803500,816.10327275594079,,7976801810.3097992,261706.08722901819,0.21871246205349515,7
sep-ipop-l20,1,111013,8778,3972460,816.10327275594079,,206442130565.75882,785447.6124678679,0.22001946359618405,7
sep-ipop-l20,1,111013,8844,4141420,816.10327275594079,,7817622899431.8027,1107153.2783389469,0.25776230319208399,7
sep-ipop-l20,1,111013,8910,4310380,816.10327275594079,,436460773381938.31,725772.68520635902,0.23270628230148949,7
sep-ipop-l20,1,111013,8976,4479340,816.10327275594079,,50320663803555184,465364.78607311152,0.25386727162621925,7
sep-ipop-l20,1,111013,9042,4648300,816.10327275594079,,6.2213247133615165e+18,337876.50786712405,0.24821789197719743,7
sep-ipop-l20,1,111013,9108,4817260,816.10327275594079,,3.5881618409767679e+20,996075.83474647463,0.2357513101846512,7
sep-ipop-l20,1,111013,9174,4986220,816.10327275594079,,1.0476400900140857e+22,1478132.5031031293,0.23465451933046266,7
sep-ipop-l20,1,111013,9240,5155180,816.10327275594079,,2.2857681781733286e+23,2478370.9492180166,0.19161181517283657,7
sep-ipop-l20,1,111013,9306,5324140,816.10327275594079,,5.4476570473723728e+24,1738664.1102043106,0.20073199504008357,7
sep-ipop-l20,1,111013,9372,5493100,816.10327275594079,,5.8927792926715681e+25,1461111.5311550109,0.12688875947344852,7
sep-ipop-l20,1,111013,9438,5662060,816.10327275594079,,5.0343863343122195e+26,2757057.0964602674,0.13958701116689065,7
sep-ipop-l20,1,111013,9504,5831020,816.10327275594079,,4.0543203092997987e+29,266641.36118568276,0.27575268274929471,7
sep-ipop-l20,1,111013,9570,5999980,816.10327275594079,,2.1155607671677005e+31,1190979.5159413205,0.20610141246710853,7
sep-ipop-l20,1,111013,9636,6168940,816.10327275594079,,1.0267985588779283e+32,1863004.6765159471,0.13926154449918435,7
sep-ipop-l20,1,111013,9702,6337900,816.10327275594079,,3.5881205268651296e+32,23328349.528790731,0.10767276686696546,7
sep-ipop-l20-w102,1,111013,1,20,33731.716454823814,,0.27184991383980528,1.0360619459053511,0.26736596824430064,0
sep-ipop-l20-w102,1,111013,5,100,22267.336930592854,,0.23801630860918091,1.4520468627431666,0.26092787134670015,0
sep-ipop-l20-w102,1,111013,40,800,1781.5509579976399,,0.13897950480387603,2.1460395384344713,0.15224283535556216,0
sep-ipop-l20-w102,1,111013,80,1600,1612.1024309794109,,0.10119828468407417,4.0896544506630512,0.11272798241879946,0
sep-ipop-l20-w102,1,111013,1320,26400,841.10881169637048,,3.2527421407109541e-05,613727.03980538051,5.8785509165757774e-05,0
sep-ipop-l20-w102,1,111013,1980,52740,841.10881169637048,,0.0014427984797053346,1388910.497186474,0.0015042144021020656,1
sep-ipop-l20-w102,1,111013,2574,81460,841.10881169637048,,0.17013015213112714,268.89342773828236,0.12626946877237555,2
sep-ipop-l20-w102,1,111013,2838,102580,841.10881169637048,,1.5703195502498455,27744.732204358716,0.21182457202070637,2
sep-ipop-l20-w102,1,111013,3168,128980,841.10881169637048,,41.619462387039015,14919.897387924537,0.049509118166968132,2
sep-ipop-l20-w102,1,111013,3498,155380,841.10881169637048,,25.249426328640542,396437.46118555177,0.0014117378244739537,2
sep-ipop-l20-w102,1,111013,3762,183140,841.10881169637048,,0.4286804538990785,1408.2868284856595,0.20387354579674702,3
sep-ipop-l20-w102,1,111013,3894,204260,841.10881169637048,,2.3716538950614168,112113.76495854546,0.17244191536864351,3
sep-ipop-l20-w102,1,111013,4092,235940,841.10881169637048,,154.62759983285341,11956.217691683867,0.03898276078175926,3
sep-ipop-l20-w102,1,111013,4224,257060,841.10881169637048,,254.72899703371846,218185.47514337691,0.0095698128087991618,3
sep-ipop-l20-w102,1,111013,4422,288740,841.10881169637048,,565.13725518387537,11815598.379573312,0.0030193950859276216,3
sep-ipop-l20-w102,1,111013,4554,315300,841.10881169637048,,1.0535768027870063,84.760279031063419,0.32877032461722394,4
sep-ipop-l20-w102,1,111013,4620,336420,841.10881169637048,,7.3498328151135137,3339.8744848718115,0.23791024641516892,4
sep-ipop-l20-w102,1,111013,4686,357540,841.10881169637048,,138.16448660662559,6104.3126392597014,0.26320323415941582,4
sep-ipop-l20-w102,1,111013,4818,399780,841.10881169637048,,6943.7916176713552,2957.5140133978948,0.014648318080357584,4
sep-ipop-l20-w102,1,111013,4884,420900,841.10881169637048,,22312.465900923002,9308.6957594382038,0.0069790867142033985,4
sep-ipop-l20-w102,1,111013,4950,442020,841.10881169637048,,326542.26798856142,474905.11255709128,0.0066283247114198316,4
sep-ipop-l20-w102,1,111013,5016,463140,841.10881169637048,,9514105.461475661,1403322.4074450431,0.0086080024677003195,4
sep-ipop-l20-w102,1,111013,5082,484260,841.10881169637048,,80480342.581848398,5141159.0435375916,0.0061143745408519194,4
sep-ipop-l20-w102,1,111013,5214,526500,841.10881169637048,,323514305.83354014,140249972.66998571,0.0048006384621409265,4
sep-ipop-l20-w102,1,111013,5280,547620,841.10881169637048,,740136327.56719923,195539113.95263931,0.002777566655658547,4
sep-ipop-l20-w102,1,111013,5346,568740,841.10881169637048,,898874088.99719262,1277975723.2726176,0.0028527493149974391,4
sep-ipop-l20-w102,1,111013,5412,604260,841.10881169637048,,2.5050787190855366,336.20708404659513,0.27439530149067287,5
sep-ipop-l20-w102,1,111013,5478,646500,841.10881169637048,,30.211920149685422,1523.0221159249329,0.26358306909248314,5
sep-ipop-l20-w102,1,111013,5544,688740,841.10881169637048,,500.50493074465152,33663.331344476064,0.23056398301372177,5
sep-ipop-l20-w102,1,111013,5610,730980,841.10881169637048,,4593.036777021438,1171761.710950698,0.23964125915602108,5
sep-ipop-l20-w102,1,111013,5676,773220,841.10881169637048,,20485.919916361174,143860482.91071332,0.20448784828265074,5
sep-ipop-l20-w102,1,111013,5742,815460,841.10881169637048,,1365397.5450708265,37920.559684718071,0.062678076051912709,5
sep-ipop-l20-w102,1,111013,5808,890980,841.10881169637048,,3.5584847286079131,357.40343302483933,0.30131485453031343,6
sep-ipop-l20-w102,1,111013,5874,975460,841.10881169637048,,47.111045959833135,7297.2939831018375,0.23871294074406457,6
sep-ipop-l20-w102,1,111013,5940,1059940,841.10881169637048,,1453.2468170123077,8053.5888207399039,0.26851948161550315,6
sep-ipop-l20-w102,1,111013,6006,1144420,841.10881169637048,,52299.102492604157,105463.29505388181,0.23890390929687447,6
sep-ipop-l20-w102,1,111013,6072,1228900,841.10881169637048,,1691994.2235481469,20996.850982152224,0.040167238628385851,6
sep-ipop-l20-w102,1,111013,6138,1313380,841.10881169637048,,92159609.399617642,20862.566918290435,0.027340635111794159,6
sep-ipop-l20-w102,1,111013,6204,1397860,841.10881169637048,,17084844053.173286,29842.298387748055,0.045019143783502698,6
sep-ipop-l20-w102,1,111013,6270,1482340,841.10881169637048,,2319517055686.5806,25432.138154736942,0.044917554791965124,6
sep-ipop-l20-w102,1,111013,6336,1566820,841.10881169637048,,43040413563355.852,73783.189218946471,0.021108703257657756,6
sep-ipop-l20-w102,1,111013,6402,1651300,841.10881169637048,,257043442019192.38,204155.75119372219,0.010987033279107924,6
sep-ipop-l20-w102,1,111013,6468,1735780,841.10881169637048,,1310824951462365,4077905.5994509603,0.0093942837106969108,6
sep-ipop-l20-w102,1,111013,6534,1820260,841.10881169637048,,2872003455894986.5,240847689.24168247,0.0084513659650118384,6
sep-ipop-l20-w102,1,111013,6600,1904740,841.10881169637048,,8421045088072795,2013787421.3966606,0.0078682677168119379,6
sep-ipop-l20-w102,1,111013,6666,1989220,841.10881169637048,,9604385281962150,1100344033.2196591,0.0044593440692017412,6
sep-ipop-l20-w102,1,111013,6732,2155620,841.10881169637048,,3.3683338173925605,67.969613583440506,0.29753665748754532,7
sep-ipop-l20-w102,1,111013,6798,2324580,841.10881169637048,,116.94741184797886,857.91472565095796,0.31172965355566284,7
sep-ipop-l20-w102,1,111013,6864,2493540,841.10881169637048,,10326.991097752085,86787.401425504097,0.26178815997090049,7
sep-ipop-l20-w102,1,111013,6930,2662500,841.10881169637048,,464000.49877877126,135209.67752137841,0.25161578356633646,7
sep-ipop-l20-w102,1,111013,6996,2831460,841.10881169637048,,15278631.2165734,18037.865859442747,0.26706195215631773,7
sep-ipop-l20-w102,1,111013,7062,3000420,841.10881169637048,,400453985.89158487,143848.16868194425,0.22463994344879237,7
sep-ipop-l20-w102,1,111013,7128,3169380,841.10881169637048,,37884085288.966652,117488.33386514887,0.22040035706827069,7
sep-ipop-l20-w102,1,111013,7194,3338340,841.10881169637048,,704126714390.60339,123546.34377130019,0.082992698965216841,7
sep-ipop-l20-w102,1,111013,7260,3507300,841.10881169637048,,5801432207705.2676,299011.87495329248,0.017106123093998699,7
sep-ipop-l20-w102,1,111013,7326,3676260,841.10881169637048,,24076554188839.363,2051405.6799737033,0.0094197982841471087,7
sep-ipop-l20-w102,1,111013,7392,3845220,841.10881169637048,,44153857278024.391,139367441.04363343,0.0078999811541683729,7
sep-ipop-l20-w102,1,111013,7458,4014180,841.10881169637048,,405025544522542.31,237858931.14583462,0.0085895059640065091,7
sep-ipop-l20-w102,1,111013,7524,4183140,841.10881169637048,,1756230522426914.8,1773640732.4545076,0.0086512939733855484,7
sep-ipop-l20-w102,1,111013,7590,4352100,841.10881169637048,,2195088655053779.8,15621165958.912769,0.004954055069946753,7
sep-ipop-l20-w102,1,111013,7656,4677220,841.10881169637048,,7.0677588652367351,141.05106905425214,0.32797450399164074,8
sep-ipop-l20-w102,1,111013,7722,5015140,841.10881169637048,,137.43998940448168,2251.1512330346995,0.29167643153060641,8
sep-ipop-l20-w102,1,111013,7788,5353060,841.10881169637048,,5226.1017957453623,5799.6962459668457,0.28214954550378174,8
sep-ipop-l20-w102,1,111013,7854,5690980,841.10881169637048,,406955.96560343326,10695.227333855122,0.26394174280680516,8
sep-ipop-l20-w102,1,111013,7920,6028900,841.10881169637048,,39219255.980013967,37384.51496952142,0.26906099540854728,8
sep-ipop-l20-w102,1,111013,7986,6366820,841.10881169637048,,3790834488.4284201,50434.596220770371,0.2547988003236667,8
sep-ipop,1,111013,1,1024,7977.0302276611328,,0.2890300685685277,7.0563035858904506,0.13913979862240441,0
sep-ipop,1,111013,5,5120,1935.8668543497722,,0.79650240332720268,25.074566130983523,0.68557326298915122,0
sep-ipop,1,111013,10,10240,1691.8655738830566,,1.2922715588485434,21.638767790959864,0.75000513459031881,0
sep-ipop,1,111013,20,20480,1642.5118319193523,,1.9922040546198505,5.9385822471449536,0.33189632204310926,0
sep-ipop,1,111013,25,25600,1642.5118319193523,,2.2596768339493987,8.112225674321472,0.29363326382288613,0
sep-ipop,1,111013,40,40960,1530.8413111368816,,4.0748827101212264,137.65506960013971,0.27823357166276763,0
sep-ipop,1,111013,50,51200,1462.6151746114094,,5.9429647882612144,188.79437990948639,0.25426942897048854,0
sep-ipop,1,111013,75,76800,1370.0557518005371,,13.508851750932928,1781.7417820140067,0.25398145061278798,0
sep-ipop,1,111013,80,81920,1357.4318707784016,,16.13152414754552,2273.4567992501884,0.23666566759363916,0
sep-ipop,1,111013,100,102400,1335.324784596761,,27.568727932073237,14236.881938557251,0.24040800725401382,0
sep-ipop,1,111013,125,128000,1322.4076588948567,,70.423755849216718,77413.25529042806,0.24729448703728346,0
sep-ipop,1,111013,149,152576,1303.7346674601238,,255.37999582499569,45769.628091949802,0.24927252923525822,0
sep-ipop,1,111013,160,163840,1294.8966471354167,,437.23376432685922,42654.17148666436,0.22748274455342302,0
sep-ipop,1,111013,174,178176,1287.3869883219402,,857.78432886938322,46788.675325956712,0.23458957495655414,0
sep-ipop,1,111013,199,203776,1260.9398918151855,,4047.7183687632673,24660.692322567524,0.22416427794882282,0
sep-ipop,1,111013,224,229376,1199.9591217041016,,20990.318397468807,4454.0885534370354,0.18715645593254754,0
sep-ipop,1,111013,249,254976,1130.0395456949871,,78815.153559520666,667.89992343241579,0.08177757923276148,0
sep-ipop,1,111013,255,261120,1116.1947072347004,,103106.13296070769,1040.5410112725656,0.089654515280044547,0
sep-ipop,1,111013,273,279552,1098.0478833516438,,171126.32874921252,4350.7773567028553,0.097338286186166273,0
sep-ipop,1,111013,298,305152,1089.723684946696,,447407.43954912818,54499.662287583487,0.16057471874058535,0
sep-ipop,1,111013,323,330752,1084.0772768656414,,1266148.6216464147,172282.88097218247,0.17855987468112697,0
sep-ipop,1,111013,348,356352,1075.242015838623,,8037771.4900012463,2944.0920847339607,0.05923505893122949,0
sep-ipop,1,111013,373,381952,1067.9348551432292,,26372761.134411637,1562.0558293797626,0.023885664053504806,0
sep-ipop,1,111013,397,406528,1065.6473553975422,,58576523.647695206,2997.082158381967,0.021169512720279903,0
sep-ipop,1,111013,422,432128,1064.1849314371746,,109311902.25150383,14810.444354283929,0.015324097082535192,0
sep-ipop,1,111013,447,457728,1062.9591801961262,,176690552.66370276,60443.723292681134,0.0098998704987292296,0
sep-ipop,1,111013,472,483328,1062.0240732828777,,333873614.42148906,181594.09209446178,0.0084371697710868415,0
sep-ipop,1,111013,497,508928,1061.7316335042317,,805678376.92774928,392693.64837487647,0.007813163217916818,0
sep-ipop,1,111013,521,533504,1061.6014417012532,,2451468220.4671669,547443.04038246151,0.0082895271492708037,0
sep-ipop,1,111013,546,559104,1061.3561770121257,,12678697667.80496,347182.71978217672,0.0085401167832403809,0
sep-ipop,1,111013,571,584704,1060.7435696919758,,70767303010.217636,143854.95017077841,0.0094149766820172971,0
sep-ipop,1,111013,596,610304,1059.8621788024902,,398461197327.5144,108940.08292568661,0.010870848891867835,0
sep-ipop,1,111013,621,635904,1059.0122095743816,,1988761767817.4463,55648.144013129619,0.012580234890239579,0
sep-ipop,1,111013,645,660480,1058.2707074483235,,6654444792611.1152,107918.69041045883,0.011030512620737312,0
sep-ipop,1,111013,670,686080,1057.1804962158203,,29154112391655.309,144058.42744070597,0.013098697446706328,0
sep-ipop,1,111013,695,711680,1055.8421274820964,,204973803402896.12,55274.624108492724,0.017912009644909809,0
sep-ipop,1,111013,720,737280,1053.9164924621582,,687979588368551.12,45503.370695384416,0.012808404046112566,0
sep-ipop,1,111013,745,762880,1053.2537701924641,,1167580992966170.2,163489.56304114748,0.007421641015778857,0
sep-ipop,1,111013,769,787456,1053.0405120849609,,2430752457706120,563211.14320458996,0.0099712597538328812,0
sep-ipop,1,111013,794,813056,1052.8063710530598,,4412669474636057,1052198.7828409998,0.006305637638045411,0
sep-ipop,1,111013,819,838656,1052.6487859090169,,6504007842939066,13682393.130718177,0.0054184953844049694,0
sep-ipop,1,111013,844,864256,1052.5863838195801,,12096900034387952,52486856.830034636,0.0055902401081303907,0
sep-ipop,1,111013,869,889856,1052.549934387207,,23615417991925304,185876743.48125079,0.0046886668066725614,0
sep-ipop,1,111013,893,914432,1052.5410334269206,,30469158365716208,359371536.18213916,0.0044088476074535142,0
sep-ipop,1,111013,918,940032,1052.539909362793,,35510994098597036,414125411.27857476,0.0037434498321427473,0
sep-ipop,1,111013,943,965632,1052.5381533304851,,58390572153674680,324195380.31727999,0.0043547598037261982,0
sep-ipop,1,111013,968,991232,1052.5381533304851,,61741496507654736,468546859.35396534,0.0033066530215700696,0
sep-ipop,1,111013,993,1016832,1052.5381533304851,,58031104331306568,834142970.27733529,0.0036650002383513008,0
sep-ipop,1,111013,1017,1041408,1052.5381533304851,,52376740413781800,672493924.08547843,0.0025453046800472351,0
sep-ipop,1,111013,1042,1067008,1052.5381533304851,,56334378537748544,1102801772.6893222,0.0024730283657225893,0
sep-ipop,1,111013,1067,1092608,1052.5381533304851,,55728272605978016,20770235501.760048,0.0030142480785237563,0
sep-ipop,1,111013,1092,1118208,1052.5381533304851,,54156422056944088,17756744741.097511,0.002646010513915957,0
sep-ipop,1,111013,1117,1143808,1052.5381533304851,,51413307690833704,29721076948.736313,0.0030751929323865777,0
sep-ipop,1,111013,1134,1169408,1052.5381533304851,,0.8225526679481574,12.092870750480913,0.97105948895170247,1
sep-ipop,1,111013,1146,1193984,1052.5381533304851,,1.0707314015234011,12.94520554131824,0.49576530340326574,1
sep-ipop,1,111013,1159,1220608,1052.5381533304851,,1.44402526624796,20.784040190826587,0.33843240048329865,1
sep-ipop,1,111013,1171,1245184,1052.5381533304851,,2.6957209571896308,140.53205788144658,0.32789792064578188,1
sep-ipop,1,111013,1184,1271808,1052.5381533304851,,5.4211003467009835,332.74182478853709,0.31509671245261939,1
sep-ipop,1,111013,1196,1296384,1052.5381533304851,,8.3177913170475293,814.28595587582072,0.28604923406590843,1
sep-ipop,1,111013,1208,1320960,1052.5381533304851,,11.39161657431386,1868.5434930819827,0.26215926938746315,1
sep-ipop,1,111013,1221,1347584,1052.5381533304851,,19.210466531485707,1777.8008381447223,0.24874507730299697,1
sep-ipop,1,111013,1233,1372160,1052.5381533304851,,35.467712734407478,1600.1233159481192,0.2932177364404267,1
sep-ipop,1,111013,1246,1398784,1052.5381533304851,,75.191602822354128,1217.6565592841646,0.29090392154687744,1
sep-ipop,1,111013,1258,1423360,1052.5381533304851,,131.56307147430263,2558.8418964503671,0.26751690654191429,1
sep-ipop,1,111013,1270,1447936,1052.5381533304851,,215.99731115141068,8433.2868047235606,0.25188321545471742,1
sep-ipop,1,111013,1283,1474560,1052.5381533304851,,307.87478214884271,22334.272364558892,0.24145682519292902,1
sep-ipop,1,111013,1295,1499136,1052.5381533304851,,429.80866792397211,23105.580337359559,0.23227114007915775,1
sep-ipop,1,111013,1308,1525760,1052.5381533304851,,1055.2505009994891,10875.255695597101,0.25049366178715288,1
sep-ipop,1,111013,1320,1550336,1052.5381533304851,,1957.8933181655013,13091.022367709871,0.24450298033066903,1
sep-ipop,1,111013,1332,1574912,1052.5381533304851,,3598.905087712722,22881.406233602123,0.26542214709412204,1
sep-ipop,1,111013,1345,1601536,1052.5381533304851,,6907.0404692214242,22582.620363672537,0.24199944402866067,1
sep-ipop,1,111013,1357,1626112,1052.5381533304851,,10955.858928562844,32233.744307025947,0.22974853371727347,1
sep-ipop,1,111013,1370,1652736,1052.5381533304851,,18007.273988705652,56828.33988332883,0.20239647799580859,1
sep-ipop,1,111013,1382,1677312,1052.5381533304851,,31896.734548734115,35541.932199491413,0.17064510119954979,1
sep-ipop,1,111013,1394,1701888,1052.5381533304851,,69325.354707505787,17313.307738445197,0.12622514104852864,1
sep-ipop,1,111013,1407,1728512,1052.5381533304851,,161245.55554955304,11505.381774147749,0.10721406002069361,1
sep-ipop,1,111013,1419,1753088,1052.5381533304851,,383932.89528113947,10738.254850429586,0.097275725015228715,1
sep-ipop,1,111013,1432,1779712,1052.5381533304851,,933176.99662314507,9064.9943005233145,0.084339709407692101,1
sep-ipop,1,111013,1444,1804288,1052.5381533304851,,2328804.6494657397,6782.7793025015981,0.073427108921554435,1
sep-ipop,1,111013,1456,1828864,1052.5381533304851,,5913897.0541093955,4885.3266513847384,0.067730031962229126,1
sep-ipop,1,111013,1469,1855488,1052.5381533304851,,21148973.752264246,5341.024324069811,0.081595380628955619,1
sep-ipop,1,111013,1481,1880064,1052.5381533304851,,67984319.027119502,5966.9256466558245,0.10307087276725291,1
sep-ipop,1,111013,1494,1906688,1052.5381533304851,,228445168.21731091,7027.8282057182141,0.12761852106411789,1
sep-ipop,1,111013,1506,1931264,1052.5381533304851,,637580411.66730225,12454.881313659218,0.15335106125880563,1
sep-ipop,1,111013,1518,1955840,1052.5381533304851,,1782221036.0852644,14671.740617714424,0.17049690219621555,1
sep-ipop,1,111013,1531,1982464,1052.5381533304851,,5316278633.2686644,28865.726310160811,0.21677227336040519,1
sep-ipop,1,111013,1543,2007040,1048.1744499206543,,19786975941.698387,14875.127864004342,0.26102874599340814,1
sep-ipop,1,111013,1556,2033664,1039.571398417155,,59081427172.483589,11600.635229478621,0.2447981396188548,1
sep-ipop,1,111013,1568,2058240,1030.9198748270671,,123900100843.89761,16244.436961119738,0.23849474562821135,1
sep-ipop,1,111013,1580,2082816,1024.1652018229167,,303639224285.17706,14074.315528543555,0.20334194044182749,1
sep-ipop,1,111013,1593,2109440,1016.6027908325195,,711343513524.49829,4045.9290250401409,0.1191084596023021,1
sep-ipop,1,111013,1605,2134016,1011.5151901245117,,1397725314581.7842,1989.3478740741764,0.072511661085158649,1
sep-ipop,1,111013,1618,2160640,1007.9047050476074,,3320973010399.7212,1828.6571817395616,0.060267646251583325,1
sep-ipop,1,111013,1630,2185216,1005.5170516967773,,13080631222559.576,2088.4652938011227,0.102059520149491,1
sep-ipop,1,111013,1643,2211840,999.05684026082361,,21805790343862.391,1822.0280893308784,0.053452804748235806,1
sep-ipop,1,111013,1655,2236416,997.55143864949548,,44432276094305.133,1275.5057001857122,0.043109071095506123,1
sep-ipop,1,111013,1667,2260992,995.65667724609375,,97951783105485.578,2282.86998380763,0.044138354931076797,1
sep-ipop,1,111013,1680,2287616,993.51514561971032,,239534195646414.69,2595.7722783763556,0.044453167826885624,1
sep-ipop,1,111013,1692,2312192,992.51117451985681,,540221718206478.75,3435.6275594757294,0.044195873034914193,1
sep-ipop,1,111013,1705,2338816,991.0130831400553,,1040704429768946.4,3227.7953567327036,0.032058558708182514,1
sep-ipop,1,111013,1717,2363392,990.39227422078454,,1940288733987506,2552.6824434495807,0.028499457935193904,1
sep-ipop,1,111013,1729,2387968,989.85302988688147,,3478362209050979,4268.0558676426963,0.028320348821323924,1
sep-ipop,1,111013,1742,2414592,989.11046854654944,,6455916148894155,3703.82501953155,0.026513922336763678,1
sep-ipop,1,111013,1754,2439168,988.73587036132812,,10312992691658312,3344.1173767743926,0.023706903446898367,1
sep-ipop,1,111013,1767,2465792,988.27730560302734,,14471426028704922,5565.2720221610589,0.022395928995582869,1
sep-ipop,1,111013,1779,2490368,987.74515533447266,,17566396230852146,5434.6346884122158,0.019730410817887449,1
sep-ipop,1,111013,1791,2514944,986.92549006144202,,23798229868110592,7610.8583297535615,0.021352086120599471,1
sep-ipop,1,111013,1804,2541568,986.64350891113281,,34448238295629840,26808.154193198192,0.021937489016399133,1
sep-ipop,1,111013,1816,2566144,986.47836558024085,,44890502773823808,32540.123513031787,0.020031750886995832,1
sep-ipop,1,111013,1829,2592768,985.97074890136719,,64125128139559080,34437.350926796098,0.018602060375076522,1
sep-ipop,1,111013,1841,2617344,985.79687245686853,,99201124263361808,19246.787448879953,0.015510626878676395,1
sep-ipop,1,111013,1853,2641920,985.42466862996423,,1.7303475813768483e+17,19902.228463813917,0.01462740756892022,1
sep-ipop,1,111013,1866,2668544,985.30092239379883,,3.0399344023241306e+17,13681.164557321335,0.012658334500813214,1
sep-ipop,1,111013,1878,2693120,985.03500239054358,,4.9500831317725856e+17,14555.35686288055,0.012758160601995146,1
sep-ipop,1,111013,1891,2719744,984.77966690063477,,7.8660256477714406e+17,18293.309864323346,0.010320040417612447,1
sep-ipop,1,111013,1903,2744320,984.62088775634766,,1.3317819206202755e+18,22480.253519329995,0.010248735081883916,1
sep-ipop,1,111013,1915,2768896,984.42093531290686,,2.5950309584865772e+18,89591.368554401532,0.011071316203026465,1
sep-ipop,1,111013,1928,2795520,984.19420878092444,,5.8835125845469891e+18,220559.08554092815,0.011587244657610874,1
sep-ipop,1,111013,1940,2820096,983.95690790812171,,1.3197173087436923e+19,255949.71360933254,0.011986235814767649,1
sep-ipop,1,111013,1953,2846720,983.72557322184241,,3.2523921483299189e+19,290357.45700830355,0.011418432908647663,1
sep-ipop,1,111013,1965,2871296,983.39087422688806,,7.4498149107039404e+19,257448.75476908486,0.012775144077655216,1
sep-ipop,1,111013,1977,2895872,983.35051600138343,,1.7065440424720227e+20,338861.56061239069,0.012720059403990824,1
sep-ipop,1,111013,1990,2922496,983.08202489217126,,3.4471637007048108e+20,456033.39691644348,0.0111842150069623,1
sep-ipop,1,111013,2002,2947072,982.85560735066736,,6.5992600297429887e+20,363566.20023333578,0.0097488734472047627,1
sep-ipop,1,111013,2015,2973696,982.62154515584314,,1.5117211236085499e+21,422917.51612546411,0.010628368648115236,1
sep-ipop,1,111013,2027,2998272,982.56597137451172,,3.0208252646277115e+21,553820.2128741506,0.012149492049285828,1
sep-ipop,1,111013,2039,3022848,982.52945963541663,,5.7511820612519372e+21,502081.53384193796,0.010556103230843916,1
sep-ipop,1,111013,2052,3049472,982.40984853108728,,1.1822282911882458e+22,847705.16435474646,0.012840405311378604,1
sep-ipop,1,111013,2064,3074048,982.2563362121582,,2.0245732891307685e+22,856070.29830895236,0.012094239852419187,1
sep-ipop,1,111013,2077,3100672,982.08676528930664,,4.1368578994242532e+22,856037.22227837762,0.011215518267061521,1
sep-ipop,1,111013,2089,3125248,982.08676528930664,,7.3944190843052492e+22,854247.85755321779,0.0094850342133588929,1
sep-ipop,1,111013,2101,3149824,981.96220779418945,,1.3394367716674359e+23,866745.35313901189,0.0095733890514145912,1
sep-ipop,1,111013,2114,3176448,981.87321980794275,,2.6271694188075359e+23,1202547.4332635542,0.0095171012363268036,1
sep-ipop,1,111013,2126,3201024,981.81045659383142,,4.4596836111931409e+23,1181538.2211073623,0.0083161900796717009,1
sep-ipop,1,111013,2139,3227648,981.74993260701501,,7.4225919797677739e+23,1533395.2401233185,0.008067399416122974,1
sep-ipop,1,111013,2151,3252224,981.6816520690918,,1.1863103982567992e+24,1716015.5096884896,0.0083135244966671112,1
sep-ipop,1,111013,2163,3276800,981.63283284505212,,2.0046602258966762e+24,1398378.6890812516,0.0083427001146893168,1
sep-ipop,1,111013,2176,3303424,981.55770492553711,,3.4656145936106158e+24,1755518.9484000732,0.007456836970237417,1
sep-ipop,1,111013,2188,3328000,981.50542704264319,,5.8871777628352178e+24,1505033.2204457384,0.0076652929171766478,1
sep-ipop,1,111013,2201,3354624,981.41862742106116,,9.5138744969510345e+24,1724983.4451851696,0.0080031353037937486,1
sep-ipop,1,111013,2213,3379200,981.38517125447595,,1.3639812226510673e+25,2040009.8214415943,0.0079410708458971264,1
sep-ipop,1,111013,2225,3403776,981.3057645161947,,1.8032059382627514e+25,1654782.2468542391,0.006718601788542531,1
sep-ipop,1,111013,2238,3430400,981.29519144694007,,2.6614810728714212e+25,2555003.2594618686,0.006978714661064935,1
sep-ipop,1,111013,2250,3454976,981.26854705810547,,4.161864135408065e+25,2029581.9511283035,0.006984221851621281,1
sep-ipop,1,111013,2263,3481600,981.23032760620117,,7.2355477963799526e+25,3242377.6788796601,0.0080477961383493574,1
sep-ipop,1,111013,2275,3506176,981.21003723144531,,1.3160260481483423e+26,4193011.1877106307,0.0083402550943486621,1
sep-ipop,1,111013,2287,3530752,981.17163976033532,,2.4331597652175157e+26,4766596.2910142457,0.0088280210779399029,1
sep-ipop,1,111013,2300,3557376,981.14177449544275,,4.3263440732441506e+26,5024728.4730005562,0.0077472036095300309,1
sep-ipop,1,111013,2312,3581952,981.07416534423828,,7.833812961100369e+26,6669758.9177962849,0.009278922843645801,1
sep-ipop,1,111013,2325,3608576,981.06237538655603,,1.3280881817697153e+27,4984720.6778227817,0.0078490768239762344,1
sep-ipop,1,111013,2337,3633152,981.0377311706543,,2.2265532770035937e+27,6426377.9748319965,0.0076231127526716642,1
sep-ipop,1,111013,2349,3657728,980.99398295084632,,4.0218541151989608e+27,6171271.2658814508,0.0074890105007348867,1
sep-ipop,1,111013,2362,3684352,980.96927388509118,,7.5955681354186976e+27,5840098.7460033791,0.0081187660971907237,1
sep-ipop,1,111013,2374,3708928,980.92533111572266,,1.4581860790884195e+28,6005413.9313312899,0.0078133861256906145,1
sep-ipop,1,111013,2387,3735552,980.88926823933923,,2.8400875832289584e+28,7322267.4991072742,0.0084235954118176814,1
sep-ipop,1,111013,2399,3760128,980.85800425211585,,5.2995133140896447e+28,8489515.6005108003,0.0086119547372754505,1
sep-ipop,1,111013,2411,3784704,980.80744425455725,,1.0376850202519187e+29,12267333.318163535,0.0087621003275365952,1
sep-ipop,1,111013,2424,3811328,980.76791636149085,,2.2398038512150225e+29,8724070.2199138999,0.0086315407734274905,1
sep-ipop,1,111013,2436,3835904,980.71637598673499,,4.771777627284686e+29,7896119.1647638334,0.0094639026091851534,1
sep-ipop,1,111013,2449,3862528,980.68107223510742,,1.0173800229318319e+30,7892852.4299318036,0.0087967634973536123,1
sep-ipop,1,111013,2461,3887104,980.63184102376306,,2.01558160952364e+30,9747665.1894270405,0.0093313688275535513,1
sep-ipop,1,111013,2473,3911680,980.54066594441736,,3.91125290933944e+30,9129481.9070500769,0.0090443150385834496,1
sep-ipop,1,111013,2486,3938304,980.50004831949866,,8.7435483454305865e+30,8419451.760421494,0.0099783285821226746,1
sep-ipop,1,111013,2498,3962880,980.42345301310218,,1.6886940607706413e+31,7517351.944225084,0.01004071482502613,1
sep-ipop,1,111013,2511,3989504,980.41280237833655,,3.2993494087494051e+31,8567571.0316966381,0.0087759238993499796,1
sep-ipop,1,111013,2523,4014080,980.33607610066736,,6.151092052780167e+31,10903342.043599196,0.0095822117002423296,1
sep-ipop,1,111013,2535,4038656,980.27395248413086,,1.0921208484335258e+32,7168809.4086311935,0.0087283391424981833,1
sep-ipop,1,111013,2548,4065280,980.22229639689124,,1.9944010308008661e+32,15143076.991567764,0.0094569557833182466,1
sep-ipop,1,111013,2560,4089856,980.16063817342126,,3.653364696403207e+32,12478421.954036187,0.0088589390408099176,1
sep-ipop,1,111013,2573,4116480,980.10268783569336,,7.1401356323917389e+32,12202947.820225738,0.0085779519498125206,1
sep-ipop,1,111013,2585,4141056,980.05994415283203,,1.1677950846104378e+33,14787994.835586803,0.0087892302723065335,1
sep-ipop,1,111013,2597,4165632,980.02291107177734,,2.1605274250482556e+33,14578473.030529862,0.0087334471613007263,1
sep-ipop,1,111013,2610,4192256,979.98454030354821,,4.0388224801720139e+33,12235148.460006675,0.0085653981935088844,1
sep-ipop,1,111013,2622,4216832,979.94352595011389,,7.0911371946897374e+33,26871945.127392869,0.007174643222355663,1
sep-ipop,1,111013,2635,4243456,979.90536880493164,,1.4206471129412622e+34,40230279.782496944,0.0079418371922871066,1
sep-ipop,1,111013,2647,4268032,979.86219151814782,,2.3586515381937297e+34,64113503.368737504,0.0082827535227541008,1
sep-ipop,1,111013,2659,4292608,979.79239781697595,,4.1950469744165584e+34,51286082.500039332,0.0079742978187704126,1
sep-ipop,1,111013,2672,4319232,979.78994496663415,,5.7371301681889758e+34,100073757.25071044,0.0071746998192430845,1
sep-ipop,1,111013,2684,4343808,979.77062479654944,,7.0764947027840057e+34,166058976.81805509,0.0066936378717606469,1
sep-ipop,1,111013,2697,4370432,979.73234430948889,,9.1110385547237738e+34,226288035.13172305,0.0061489130602057933,1
sep-ipop,1,111013,2709,4395008,979.72483317057288,,1.1631818690404668e+35,311127666.19902372,0.0060966352554097415,1
sep-ipop,1,111013,2722,4421632,979.71640268961585,,1.5689341133040727e+35,405326062.50542039,0.0069684979613687317,1
sep-ipop,1,111013,2734,4446208,979.71594874064124,,2.0237388420961302e+35,519913983.24808598,0.0061254053846522133,1
sep-ipop,1,111013,2746,4470784,979.71515655517578,,2.5592983182813629e+35,590339874.41597557,0.0059881467859883393,1
sep-ipop,1,111013,2759,4497408,979.71432876586914,,3.2819751851351075e+35,905399811.81162,0.0060023666302035346,1
sep-ipop,1,111013,2771,4521984,979.71432876586914,,4.3985969414114696e+35,792452113.20099735,0.0058574575577793478,1
sep-ipop,1,111013,2784,4548608,979.71432876586914,,4.4394227185331798e+35,916205901.33341753,0.0048038397385671986,1
sep-ipop,1,111013,2796,4573184,979.71432876586914,,4.2372382416160963e+35,1084776284.8623109,0.004477768845761722,1
sep-ipop,1,111013,2808,4597760,979.71432876586914,,4.1448328622929345e+35,1055441787.4446305,0.0038328377966974354,1
sep-ipop,1,111013,2821,4624384,979.71432876586914,,4.124316944996289e+35,1165934682.4747972,0.0041123027441052331,1
sep-ipop,1,111013,2833,4648960,979.71432876586914,,3.8943299681792845e+35,891011112.36183548,0.0035719220795068689,1
sep-ipop,1,111013,2846,4675584,979.71432876586914,,3.7137898601232355e+35,891468382.7249819,0.0030043025777651642,1
sep-ipop,1,111013,2858,4700160,979.71432876586914,,3.9007372511450637e+35,841268508.56328213,0.003063844141580058,1
sep-ipop,1,111013,2870,4724736,979.71432876586914,,4.2455841763221818e+35,1515987528.847918,0.0034258400907813294,1
sep-ipop,1,111013,2883,4751360,979.71432876586914,,4.0721297683136334e+35,733556522.56851757,0.0026290539185997138,1
sep-ipop,1,111013,2895,4775936,979.71432876586914,,4.191740243124561e+35,719403410.46256316,0.0027173043814884743,1
sep-ipop,1,111013,2908,4802560,979.71432876586914,,4.1165938202745776e+35,559494843.34323716,0.0022541525314437017,1
sep-ipop,1,111013,2920,4827136,979.71432876586914,,4.619648969237589e+35,562480813.73457205,0.0027723771216355167,1
sep-ipop,1,111013,2932,4851712,979.71432876586914,,4.4249025089789949e+35,466668731.7317642,0.0024843586581891025,1
sep-ipop,1,111013,2945,4878336,979.71432876586914,,4.6201713500770378e+35,317238556.33287758,0.0020583390617894565,1
sep-ipop,1,111013,2957,4902912,979.71432876586914,,4.4730767167363526e+35,308321977.80386472,0.0019466076227361683,1
sep-ipop,1,111013,2970,4929536,979.71432876586914,,4.4946042094370615e+35,307086082.73746979,0.0019508502587255992,1
sep-ipop,1,111013,2982,4954112,979.71432876586914,,4.4306601007596156e+35,365885307.6115374,0.0020892959142742138,1
sep-ipop,1,111013,2994,4978688,979.71432876586914,,4.7532079665081258e+35,379267620.75450218,0.0020849381338483349,1
sep-ipop,1,111013,3007,5005312,979.71432876586914,,4.7152771396565932e+35,418937282.94162911,0.0018752363495218541,1
sep-ipop,1,111013,3019,5029888,979.71432876586914,,4.3423966611935856e+35,414630615.85137546,0.0019537337840370653,1
sep-ipop,1,111013,3032,5056512,979.71432876586914,,4.4205766166783913e+35,466586933.71125424,0.0021086091907310603,1
sep-ipop,1,111013,3044,5081088,979.71432876586914,,4.7573969720634098e+35,463944355.35442924,0.0024281905873761579,1
sep-ipop,1,111013,3056,5105664,979.71432876586914,,4.5850724927370094e+35,299228468.84406376,0.0020359164832011983,1
sep-ipop,1,111013,3069,5132288,979.71432876586914,,4.7280424202718436e+35,196792081.77507737,0.0018025541351450642,1
sep-ipop,1,111013,3081,5156864,979.71432876586914,,4.4419859071289432e+35,162407362.42545503,0.0015228260130495128,1
sep-ipop,1,111013,3094,5183488,979.71432876586914,,5.1479306020712831e+35,171481835.1146594,0.0021345278852300149,1
sep-ipop,1,111013,3106,5208064,979.71432876586914,,4.7648084956418393e+35,159739610.46345958,0.001782282181069243,1
sep-ipop,1,111013,3118,5232640,979.71432876586914,,4.8902548147311312e+35,145342245.90187964,0.0017092503923996753,1
sep-ipop,1,111013,3131,5259264,979.71432876586914,,4.6562286237997069e+35,216089779.64863843,0.001717197887396194,1
sep-ipop,1,111013,3143,5283840,979.71432876586914,,4.9531674601990722e+35,165254196.93101785,0.0014688454673892717,1
sep-ipop,1,111013,3156,5310464,979.71432876586914,,4.9291031250323016e+35,190900493.62337843,0.0014304930070536959,1
sep-ipop,1,111013,3168,5335040,979.71432876586914,,4.7870776463820681e+35,121935921.45094088,0.0011677911946830193,1
sep-ipop,1,111013,3180,5359616,979.71432876586914,,4.7865131244918814e+35,113726416.70618831,0.0011300350892120554,1
sep-ipop,1,111013,3193,5386240,979.71432876586914,,5.514344568732719e+35,138140428.54986665,0.001329441394510755,1
sep-ipop,1,111013,3205,5410816,979.71432876586914,,5.7613917837637952e+35,123573142.29112808,0.0014996998709080451,1
sep-ipop,1,111013,3218,5437440,979.71432876586914,,6.2844528156320711e+35,94174256.724828675,0.001512040204082723,1
sep-ipop,1,111013,3230,5462016,979.71432876586914,,5.7268978405855443e+35,125398427.97138089,0.0013990400526178927,1
sep-ipop,1,111013,3242,5486592,979.71432876586914,,5.4073279660248036e+35,128397298.75939704,0.001343014726943096,1
sep-ipop,1,111013,3255,5515264,979.71432876586914,,0.367774494974836,1.7068570939924739,0.42973568391043238,2
sep-ipop,1,111013,3261,5539840,979.71432876586914,,0.70893987791268054,10.829453032774365,0.89673127343753634,2
sep-ipop,1,111013,3267,5564416,979.71432876586914,,1.0547197446806555,12.861940461048915,0.81894554931927388,2
sep-ipop,1,111013,3273,5588992,979.71432876586914,,1.3236180550055066,13.704835388936266,0.64205946639054468,2
sep-ipop,1,111013,3279,5613568,979.71432876586914,,1.4288920731713219,14.413880200632359,0.45033935075006321,2
sep-ipop,1,111013,3286,5642240,979.71432876586914,,1.7653102760255357,15.012727489990754,0.3802199744723106,2
sep-ipop,1,111013,3292,5666816,979.71432876586914,,2.2168734361496698,20.710658567924202,0.34963153174488315,2
sep-ipop,1,111013,3298,5691392,979.71432876586914,,3.2090900145650356,60.491554184772689,0.34133523030734675,2
sep-ipop,1,111013,3304,5715968,979.71432876586914,,4.7528228629334803,160.54142466943773,0.33334844123574736,2
sep-ipop,1,111013,3310,5740544,979.71432876586914,,7.0710904170556939,248.51408866503397,0.30971297963205635,2
sep-ipop,1,111013,3317,5769216,979.71432876586914,,10.91027968933898,350.05473470415706,0.32140345593353215,2
sep-ipop,1,111013,3323,5793792,979.71432876586914,,14.81801364409748,430.84078987667243,0.31341046946530243,2
sep-ipop,1,111013,3329,5818368,979.71432876586914,,18.867637124425858,606.51389548462521,0.30052224884564793,2
sep-ipop,1,111013,3335,5842944,979.71432876586914,,23.039951854567402,976.0239649174099,0.31123877275573103,2
sep-ipop,1,111013,3341,5867520,979.71432876586914,,28.182613385152703,1737.1317643614839,0.31645772127163069,2
sep-ipop,1,111013,3348,5896192,979.71432876586914,,39.619425598546719,1812.9857084526798,0.33022972826045621,2
sep-ipop,1,111013,3354,5920768,979.71432876586914,,53.187090753599144,1457.2407978192089,0.3064145925922408,2
sep-ipop,1,111013,3360,5945344,979.71432876586914,,71.591131000222433,1512.4175774978578,0.31167077365931201,2
sep-ipop,1,111013,3366,5969920,979.71432876586914,,100.65332608175927,1453.7856014187957,0.30808843038606926,2
sep-ipop,1,111013,3372,5994496,979.71432876586914,,149.90506648663487,1194.2810899908172,0.29861776256413997,2
sep-ipop,1,111013,3379,6023168,979.71432876586914,,236.57729100200118,1643.2490207615058,0.31057689788594478,2
sep-ipop,1,111013,3385,6047744,979.71432876586914,,359.18719647471522,1899.0160847798293,0.30564253243967382,2
sep-ipop,1,111013,3391,6072320,979.71432876586914,,544.28867465834662,2029.2705187784077,0.29303535142151127,2
sep-ipop,1,111013,3397,6096896,979.71432876586914,,794.11373615448906,2575.0348480364219,0.28676706743115132,2
sep-ipop,1,111013,3403,6121472,979.71432876586914,,1022.446309266218,3130.2147888919035,0.26498368379954573,2
sep-ipop,1,111013,3410,6150144,979.71432876586914,,1458.5236782230365,4557.3885021345113,0.27035205223376158,2
sep-ipop,1,111013,3416,6174720,979.71432876586914,,1969.2744529265744,6517.3558858272281,0.26488668290747386,2
sep-ipop,1,111013,3422,6199296,979.71432876586914,,2678.9745313072704,7278.446629174603,0.26015342391600377,2
sep-ipop,1,111013,3428,6223872,979.71432876586914,,4008.9854319821811,6560.0075886884479,0.27277029391504798,2
sep-ipop,1,111013,3434,6248448,979.71432876586914,,5902.0232484035951,5978.8262547611475,0.27194960293883902,2
sep-ipop,1,111013,3441,6277120,979.71432876586914,,10055.758352846598,5487.696350564539,0.28769687769793739,2
sep-ipop,1,111013,3447,6301696,979.71432876586914,,14839.293862986604,5176.4738937067568,0.27567175279604833,2
sep-ipop,1,111013,3453,6326272,979.71432876586914,,21554.323468768998,5665.3703660037236,0.26251702672959626,2
sep-ipop,1,111013,3459,6350848,979.71432876586914,,32392.579887128344,8057.4781813458458,0.27033749265654866,2
sep-ipop,1,111013,3465,6375424,979.71432876586914,,48756.968576771644,8364.7340097218057,0.26672643266643331,2
sep-ipop,1,111013,3472,6404096,979.71432876586914,,74751.665944670021,10133.40959398361,0.27041893041622123,2
sep-ipop,1,111013,3478,6428672,979.71432876586914,,107608.14938832508,10399.878352229895,0.26333950265622369,2
sep-ipop,1,111013,3484,6453248,979.71432876586914,,147247.23581935529,13191.641980105991,0.25835845274166774,2
sep-ipop,1,111013,3490,6477824,979.71432876586914,,230978.66202786771,12384.271920236526,0.2791874793047357,2
sep-ipop,1,111013,3496,6502400,979.71432876586914,,364793.59674425743,7447.849538034503,0.2854372404162242,2
sep-ipop-w60,1,111013,1,1024,7977.0302276611328,,0.2890300685685277,7.0563035858904506,0.13913979862240441,0
sep-ipop-w60,1,111013,5,5120,1935.8668543497722,,0.79650240332720268,25.074566130983523,0.68557326298915122,0
sep-ipop-w60,1,111013,10,10240,1691.8655738830566,,1.2922715588485434,21.638767790959864,0.75000513459031881,0
sep-ipop-w60,1,111013,20,20480,1642.5118319193523,,1.9922040546198505,5.9385822471449536,0.33189632204310926,0
sep-ipop-w60,1,111013,25,25600,1642.5118319193523,,2.2596768339493987,8.112225674321472,0.29363326382288613,0
sep-ipop-w60,1,111013,40,40960,1530.8413111368816,,4.0748827101212264,137.65506960013971,0.27823357166276763,0
sep-ipop-w60,1,111013,50,51200,1462.6151746114094,,5.9429647882612144,188.79437990948639,0.25426942897048854,0
sep-ipop-w60,1,111013,75,76800,1370.0557518005371,,13.508851750932928,1781.7417820140067,0.25398145061278798,0
sep-ipop-w60,1,111013,80,81920,1357.4318707784016,,16.13152414754552,2273.4567992501884,0.23666566759363916,0
sep-ipop-w60,1,111013,100,102400,1335.324784596761,,27.568727932073237,14236.881938557251,0.24040800725401382,0
sep-ipop-w60,1,111013,125,128000,1322.4076588948567,,70.423755849216718,77413.25529042806,0.24729448703728346,0
sep-ipop-w60,1,111013,149,152576,1303.7346674601238,,255.37999582499569,45769.628091949802,0.24927252923525822,0
sep-ipop-w60,1,111013,160,163840,1294.8966471354167,,437.23376432685922,42654.17148666436,0.22748274455342302,0
sep-ipop-w60,1,111013,174,178176,1287.3869883219402,,857.78432886938322,46788.675325956712,0.23458957495655414,0
sep-ipop-w60,1,111013,199,203776,1260.9398918151855,,4047.7183687632673,24660.692322567524,0.22416427794882282,0
sep-ipop-w60,1,111013,224,229376,1199.9591217041016,,20990.318397468807,4454.0885534370354,0.18715645593254754,0
sep-ipop-w60,1,111013,249,254976,1130.0395456949871,,78815.153559520666,667.89992343241579,0.08177757923276148,0
sep-ipop-w60,1,111013,255,261120,1116.1947072347004,,103106.13296070769,1040.5410112725656,0.089654515280044547,0
sep-ipop-w60,1,111013,273,279552,1098.0478833516438,,171126.32874921252,4350.7773567028553,0.097338286186166273,0
sep-ipop-w60,1,111013,298,305152,1089.723684946696,,447407.43954912818,54499.662287583487,0.16057471874058535,0
sep-ipop-w60,1,111013,323,330752,1084.0772768656414,,1266148.6216464147,172282.88097218247,0.17855987468112697,0
sep-ipop-w60,1,111013,348,356352,1075.242015838623,,8037771.4900012463,2944.0920847339607,0.05923505893122949,0
sep-ipop-w60,1,111013,373,381952,1067.9348551432292,,26372761.134411637,1562.0558293797626,0.023885664053504806,0
sep-ipop-w60,1,111013,397,406528,1065.6473553975422,,58576523.647695206,2997.082158381967,0.021169512720279903,0
sep-ipop-w60,1,111013,422,432128,1064.1849314371746,,109311902.25150383,14810.444354283929,0.015324097082535192,0
sep-ipop-w60,1,111013,447,457728,1062.9591801961262,,176690552.66370276,60443.723292681134,0.0098998704987292296,0
sep-ipop-w60,1,111013,472,483328,1062.0240732828777,,333873614.42148906,181594.09209446178,0.0084371697710868415,0
sep-ipop-w60,1,111013,497,508928,1061.7316335042317,,805678376.92774928,392693.64837487647,0.007813163217916818,0
sep-ipop-w60,1,111013,521,533504,1061.6014417012532,,2451468220.4671669,547443.04038246151,0.0082895271492708037,0
sep-ipop-w60,1,111013,546,559104,1061.3561770121257,,12678697667.80496,347182.71978217672,0.0085401167832403809,0
sep-ipop-w60,1,111013,571,584704,1060.7435696919758,,70767303010.217636,143854.95017077841,0.0094149766820172971,0
sep-ipop-w60,1,111013,596,610304,1059.8621788024902,,398461197327.5144,108940.08292568661,0.010870848891867835,0
sep-ipop-w60,1,111013,621,635904,1059.0122095743816,,1988761767817.4463,55648.144013129619,0.012580234890239579,0
sep-ipop-w60,1,111013,645,660480,1058.2707074483235,,6654444792611.1152,107918.69041045883,0.011030512620737312,0
sep-ipop-w60,1,111013,670,686080,1057.1804962158203,,29154112391655.309,144058.42744070597,0.013098697446706328,0
sep-ipop-w60,1,111013,695,711680,1055.8421274820964,,204973803402896.12,55274.624108492724,0.017912009644909809,0
sep-ipop-w60,1,111013,720,737280,1053.9164924621582,,687979588368551.12,45503.370695384416,0.012808404046112566,0
sep-ipop-w60,1,111013,745,762880,1053.2537701924641,,1167580992966170.2,163489.56304114748,0.007421641015778857,0
sep-ipop-w60,1,111013,769,787456,1053.0405120849609,,2430752457706120,563211.14320458996,0.0099712597538328812,0
sep-ipop-w60,1,111013,794,813056,1052.8063710530598,,4412669474636057,1052198.7828409998,0.006305637638045411,0
sep-ipop-w60,1,111013,819,838656,1052.6487859090169,,6504007842939066,13682393.130718177,0.0054184953844049694,0
sep-ipop-w60,1,111013,844,864256,1052.5863838195801,,12096900034387952,52486856.830034636,0.0055902401081303907,0
sep-ipop-w60,1,111013,869,889856,1052.549934387207,,23615417991925304,185876743.48125079,0.0046886668066725614,0
sep-ipop-w60,1,111013,893,914432,1052.5410334269206,,30469158365716208,359371536.18213916,0.0044088476074535142,0
sep-ipop-w60,1,111013,918,940032,1052.539909362793,,35510994098597036,414125411.27857476,0.0037434498321427473,0
sep-ipop-w60,1,111013,943,965632,1052.5381533304851,,58390572153674680,324195380.31727999,0.0043547598037261982,0
sep-ipop-w60,1,111013,968,991232,1052.5381533304851,,61741496507654736,468546859.35396534,0.0033066530215700696,0
sep-ipop-w60,1,111013,993,1016832,1052.5381533304851,,58031104331306568,834142970.27733529,0.0036650002383513008,0
sep-ipop-w60,1,111013,1008,1041408,1052.5381533304851,,0.85102293615833646,11.621250811250425,0.90296566074865181,1
sep-ipop-w60,1,111013,1021,1068032,1052.5381533304851,,1.3164875830195315,14.090783614049858,0.53157904115048971,1
sep-ipop-w60,1,111013,1033,1092608,1052.5381533304851,,1.8213957124019575,18.827287505091391,0.3440231049912168,1
sep-ipop-w60,1,111013,1046,1119232,1052.5381533304851,,3.3479642324938368,111.57714002864149,0.30449165054269584,1
sep-ipop-w60,1,111013,1058,1143808,1052.5381533304851,,5.4885406152546317,266.56336886178099,0.30290896904936798,1
sep-ipop-w60,1,111013,1071,1170432,1052.5381533304851,,8.8640670289150325,519.35456650041272,0.29546055890946638,1
sep-ipop-w60,1,111013,1083,1195008,1052.5381533304851,,11.490610303234336,1296.3999230124612,0.29312599328044092,1
sep-ipop-w60,1,111013,1095,1219584,1052.5381533304851,,18.524616229270514,1558.0801053575353,0.29599418521548082,1
sep-ipop-w60,1,111013,1108,1246208,1052.5381533304851,,37.691432167330902,1311.4760069431586,0.27768127827428191,1
sep-ipop-w60,1,111013,1120,1270784,1052.5381533304851,,61.900307934790874,1906.8768898549095,0.26250614441730202,1
sep-ipop-w60,1,111013,1133,1297408,1052.5381533304851,,107.32388807372401,1752.0627429415947,0.24775769601226802,1
sep-ipop-w60,1,111013,1145,1321984,1052.5381533304851,,205.36386915770893,2202.3423865273444,0.28730553532963704,1
sep-ipop-w60,1,111013,1157,1346560,1052.5381533304851,,371.98585087302683,2271.2700900958621,0.26001492412179134,1
sep-ipop-w60,1,111013,1170,1373184,1052.5381533304851,,780.12426695158399,2347.1779665308759,0.27251670726856103,1
sep-ipop-w60,1,111013,1182,1397760,1052.5381533304851,,1780.6683365542149,2743.7774345327189,0.30175338429015053,1
sep-ipop-w60,1,111013,1195,1424384,1052.5381533304851,,3909.4595528640384,3346.8621482849771,0.28299204629423103,1
sep-ipop-w60,1,111013,1207,1448960,1046.3566907246907,,6860.2129084174994,3661.1855713115565,0.2337134750277948,1
sep-ipop-w60,1,111013,1219,1473536,1027.8082071940105,,14338.067763100278,5557.494493485111,0.25881770028329787,1
sep-ipop-w60,1,111013,1232,1500160,1006.2574882507324,,23479.154330579167,6449.4263551948925,0.1950375267511299,1
sep-ipop-w60,1,111013,1244,1524736,993.29222997029626,,39627.825884413374,4581.949674644542,0.13482396693742618,1
sep-ipop-w60,1,111013,1257,1551360,988.02893575032556,,74461.67693738619,5277.1107863709167,0.10962124193779718,1
sep-ipop-w60,1,111013,1269,1575936,984.00953928629554,,143043.14103965575,6130.7635858814865,0.092043310421787011,1
sep-ipop-w60,1,111013,1281,1600512,981.30757268269861,,295421.02584329824,5618.5275895129298,0.072423080398452841,1
sep-ipop-w60,1,111013,1294,1627136,978.83839289347327,,680372.6952393403,7402.6238209977591,0.070404356172433111,1
sep-ipop-w60,1,111013,1306,1651712,977.93081537882483,,1476876.0323667724,6306.6957866741859,0.061853070888544269,1
sep-ipop-w60,1,111013,1319,1678336,976.98440551757812,,3402680.1865366609,6138.0683386987266,0.060177312142884874,1
sep-ipop-w60,1,111013,1331,1702912,975.88530222574866,,6920444.0976852207,5186.2899602776979,0.048820866166281833,1
sep-ipop-w60,1,111013,1343,1727488,975.53557205200195,,15582485.269748444,5519.3337658887995,0.047285261733837895,1
sep-ipop-w60,1,111013,1356,1754112,974.73785527547204,,31466290.894646075,4284.6012300019584,0.043828738388732379,1
sep-ipop-w60,1,111013,1368,1778688,973.99481455485022,,57799815.877770707,5547.5618152764127,0.041206250497663535,1
sep-ipop-w60,1,111013,1381,1805312,973.57540384928382,,117116653.66200942,8307.2990349660322,0.044298696565238528,1
sep-ipop-w60,1,111013,1393,1829888,972.83132171630859,,204485015.52628171,6546.6244094263911,0.035808988663679236,1
sep-ipop-w60,1,111013,1405,1854464,972.27104568481445,,312322016.54585725,6013.4169646542632,0.030461334142092032,1
sep-ipop-w60,1,111013,1418,1881088,971.9405848185221,,469633791.82466489,5563.6180315093206,0.028237384286039342,1
sep-ipop-w60,1,111013,1430,1905664,971.34501775105798,,633240123.08901572,6803.5830896504649,0.025298048443976418,1
sep-ipop-w60,1,111013,1443,1932288,971.15026092529297,,731517988.4939723,10836.686200382281,0.020798676609994089,1
sep-ipop-w60,1,111013,1455,1956864,971.02888997395837,,898240372.22764075,25126.235782348969,0.021893673291391774,1
sep-ipop-w60,1,111013,1467,1981440,970.48918914794922,,1261076081.0720255,84795.611583871578,0.024218808785901162,1
sep-ipop-w60,1,111013,1480,2008064,970.15242767333984,,1795984134.6128249,241645.31903491,0.025934833204844281,1
sep-ipop-w60,1,111013,1492,2032640,969.87000020345056,,2090981877.4589446,332333.85928928008,0.018250689417124658,1
sep-ipop-w60,1,111013,1505,2059264,969.69265874226892,,2802591620.3315339,167031.3283994532,0.013063284615672714,1
sep-ipop-w60,1,111013,1517,2083840,969.50703684488929,,3730533563.2157054,269373.63980802533,0.011538239442177278,1
sep-ipop-w60,1,111013,1529,2108416,969.43473943074548,,5422574280.7690802,615707.36359808606,0.01275745403737337,1
sep-ipop-w60,1,111013,1542,2135040,969.35988616943359,,8191281899.6353931,795611.79478324612,0.012805227257445441,1
sep-ipop-w60,1,111013,1554,2159616,969.25646082560218,,12600086210.954281,1082415.0781222279,0.013811514388323277,1
sep-ipop-w60,1,111013,1567,2186240,969.22127660115564,,20333489283.759712,1354237.00096469,0.012910168599104333,1
sep-ipop-w60,1,111013,1579,2210816,969.1745821634928,,31235114621.915428,2358160.123347281,0.013279745489068547,1
sep-ipop-w60,1,111013,1591,2235392,969.10848871866858,,52166282894.969345,2473981.1069283788,0.013225894031417721,1
sep-ipop-w60,1,111013,1604,2262016,969.05046717325843,,85644232431.266022,2665645.5030961172,0.01310892416583022,1
sep-ipop-w60,1,111013,1616,2286592,968.9885368347168,,151508013112.88858,2123479.6653741584,0.012225786850158746,1
sep-ipop-w60,1,111013,1629,2313216,968.8735237121582,,244586028713.89993,4868913.9882748416,0.013238719142996154,1
sep-ipop-w60,1,111013,1641,2337792,968.82424545288086,,409805128504.4917,4980676.9850813402,0.013234328302934232,1
sep-ipop-w60,1,111013,1653,2362368,968.74326070149743,,797906309652.02734,4573908.3791526286,0.014948982335293053,1
sep-ipop-w60,1,111013,1666,2388992,968.64170074462891,,1353381227899.0222,7444967.9295652686,0.014729754409989543,1
sep-ipop-w60,1,111013,1678,2413568,968.57725016276038,,2433942481190.377,14183888.445545062,0.013899651353380366,1
sep-ipop-w60,1,111013,1691,2440192,968.45448176066077,,4357962579156.6245,15705765.820246024,0.013266478152938325,1
sep-ipop-w60,1,111013,1703,2464768,968.45448176066077,,7753128798435.5059,15876112.970301043,0.012171496084660866,1
sep-ipop-w60,1,111013,1715,2489344,968.45448176066077,,13748279071376.668,17250265.860189214,0.012157407401545708,1
sep-ipop-w60,1,111013,1728,2515968,968.44962692260742,,24161084559679.09,13383088.835517375,0.0097219686779309693,1
sep-ipop-w60,1,111013,1740,2540544,968.34117126464844,,41741654539436.836,6982438.0493012406,0.0068484151285010319,1
sep-ipop-w60,1,111013,1753,2567168,968.31933975219727,,84862119679462.5,6329684.2264800649,0.0068363620942551041,1
sep-ipop-w60,1,111013,1765,2591744,968.2605094909668,,156777393358892.88,5686281.4468482025,0.0071594528032242564,1
sep-ipop-w60,1,111013,1777,2616320,968.2573356628418,,324405966684084.5,4776833.7844456648,0.0076774124145261181,1
sep-ipop-w60,1,111013,1790,2642944,968.10219319661462,,613270092762214.75,5537093.740741156,0.0079076982628790149,1
sep-ipop-w60,1,111013,1802,2667520,968.02367528279626,,1080377994669997.2,4260351.1798562026,0.0077166379531162293,1
sep-ipop-w60,1,111013,1815,2694144,968.00269444783532,,1742169376441631.2,5273594.7195350761,0.0074656787938008383,1
sep-ipop-w60,1,111013,1827,2718720,967.96556727091468,,3013362798206877,5014187.2403713176,0.0071529549370855545,1
sep-ipop-w60,1,111013,1839,2743296,967.92423884073889,,5544818420044045,7571668.9274559226,0.0078585352052494353,1
sep-ipop-w60,1,111013,1852,2769920,967.86957295735681,,11281020161819878,5698792.1215795353,0.0079818416333427948,1
sep-ipop-w60,1,111013,1864,2794496,967.81125259399414,,21184754576147864,6534199.7558044549,0.0082065008594933361,1
sep-ipop-w60,1,111013,1877,2821120,967.7691434224447,,45707216520440456,4960983.5819716984,0.0085080437629315754,1
sep-ipop-w60,1,111013,1889,2845696,967.69396209716797,,89423992352500608,4368003.877665746,0.0082966846316719547,1
sep-ipop-w60,1,111013,1901,2870272,967.66308339436853,,1.880491818457079e+17,4590735.6085500717,0.0090807102913009318,1
sep-ipop-w60,1,111013,1914,2896896,967.59203592936194,,3.6900804139191706e+17,5091246.9441230912,0.0088884516123132213,1
sep-ipop-w60,1,111013,1926,2921472,967.5180880228678,,7.9364453095431731e+17,4079431.9888273636,0.0090234853533790078,1
sep-ipop-w60,1,111013,1939,2948096,967.45631408691406,,1.6121512048689503e+18,3789466.696439167,0.0094883311427784826,1
sep-ipop-w60,1,111013,1951,2972672,967.40645090738929,,3.367533580177026e+18,3769812.1425431794,0.0093942795302815289,1
sep-ipop-w60,1,111013,1963,2997248,967.35918172200525,,5.9070015313854464e+18,3556660.7550475989,0.0081202863634670056,1
sep-ipop-w60,1,111013,1976,3023872,967.2862434387207,,1.0717724212400478e+19,4235288.8443682976,0.0072271766305316947,1
sep-ipop-w60,1,111013,1988,3048448,967.22846094767249,,2.0513158895953809e+19,5042767.2196063129,0.0075971062361684652,1
sep-ipop-w60,1,111013,2001,3075072,967.17785517374671,,4.2250479523706429e+19,4889534.4820128744,0.0081188482050626072,1
sep-ipop-w60,1,111013,2013,3099648,967.13794326782227,,7.778352588194159e+19,3902237.7984927022,0.0077891258219424586,1
sep-ipop-w60,1,111013,2025,3124224,967.0862935384115,,1.4281863314612083e+20,4325152.8404314313,0.0079455812210322326,1
sep-ipop-w60,1,111013,2038,3150848,967.02434666951501,,2.9908819626180857e+20,5258022.5413464997,0.0091061370507191618,1
sep-ipop-w60,1,111013,2050,3175424,966.95993296305335,,5.193899086199269e+20,3597904.7009810871,0.0079382090789733711,1
sep-ipop-w60,1,111013,2063,3202048,966.9230066935221,,1.0504614656684231e+21,4050426.1654093298,0.0090253629467315997,1
sep-ipop-w60,1,111013,2075,3226624,966.8618494669596,,1.8437394417050675e+21,4293691.1543484852,0.0087774279805062378,1
sep-ipop-w60,1,111013,2087,3251200,966.81164042154944,,3.3903900883566152e+21,5312067.0863997918,0.0082812694125568697,1
sep-ipop-w60,1,111013,2100,3277824,966.76021448771155,,6.0251245558250655e+21,4542374.5835708193,0.0085348192825871246,1
sep-ipop-w60,1,111013,2112,3302400,966.70077641805017,,1.1218402729885809e+22,6677573.4489838341,0.0088372792973041257,1
sep-ipop-w60,1,111013,2125,3329024,966.66310373942054,,2.1280053959023875e+22,4820588.2489542775,0.0087799487274655297,1
sep-ipop-w60,1,111013,2137,3353600,966.58749643961585,,3.7007798077048364e+22,5090116.9685807573,0.0079271427553800674,1
sep-ipop-w60,1,111013,2150,3380224,966.56326039632165,,6.3839072667156724e+22,5529815.2299853275,0.0071065301476230837,1
sep-ipop-w60,1,111013,2162,3404800,966.49596913655603,,1.2092214110839319e+23,5962252.0809763884,0.0077341205708834019,1
sep-ipop-w60,1,111013,2174,3429376,966.44273503621423,,2.1788564881139796e+23,6967099.8198049245,0.0081536656945519394,1
sep-ipop-w60,1,111013,2187,3456000,966.37630335489905,,4.4073270080672673e+23,4159192.5665743677,0.0078563660202266867,1
sep-ipop-w60,1,111013,2199,3480576,966.32556406656897,,9.3460286426538276e+23,3634537.6947889305,0.0086334787023807143,1
sep-ipop-w60,1,111013,2212,3507200,966.2622286478678,,1.8400631851809593e+24,3404108.0311174653,0.0091397242562708987,1
sep-ipop-w60,1,111013,2224,3531776,966.18506622314453,,3.8204900250282191e+24,3489098.2578402837,0.010578865224343953,1
sep-ipop-w60,1,111013,2236,3556352,966.14265187581384,,8.1493924770009183e+24,2245565.4161956189,0.01110256850629213,1
sep-ipop-w60,1,111013,2249,3582976,966.06793594360352,,1.5278998106860669e+25,2266498.5416230862,0.0097924564248838188,1
sep-ipop-w60,1,111013,2261,3607552,966.02957789103186,,3.3552057035666675e+25,1492414.8099514965,0.01008602957903236,1
sep-ipop-w60,1,111013,2274,3634176,965.92060979207361,,6.9102215402258594e+25,1743537.5099444513,0.010344871730426912,1
sep-ipop-w60,1,111013,2286,3658752,965.85806783040368,,1.4900549499357881e+26,2215182.0631100116,0.011239102186529643,1
sep-ipop-w60,1,111013,2298,3683328,965.77282460530603,,3.0513910628697192e+26,1700024.9606229819,0.010063775572683294,1
sep-ipop-w60,1,111013,2311,3709952,965.70515823364258,,6.7005886750196011e+26,1153591.6232042373,0.0099252478782028419,1
sep-ipop-w60,1,111013,2323,3734528,965.64444351196289,,1.41612906716563e+27,1076176.8209056451,0.010421045166551637,1
sep-ipop-w60,1,111013,2336,3761152,965.56603368123376,,3.4380610641490098e+27,1270205.088302793,0.011409372584257086,1
sep-ipop-w60,1,111013,2348,3785728,965.45635604858398,,7.3806417922742054e+27,1305251.3887809576,0.010871064677332601,1
sep-ipop-w60,1,111013,2360,3810304,965.35189056396484,,1.6044360784832358e+28,1046076.5311512103,0.010754587756570311,1
sep-ipop-w60,1,111013,2373,3836928,965.25120290120446,,3.3338606502712338e+28,874367.00189408532,0.010040562935821382,1
sep-ipop-w60,1,111013,2385,3861504,965.18613433837891,,7.1075038259602086e+28,940618.63271964982,0.010804794418112395,1
sep-ipop-w60,1,111013,2398,3888128,965.03683344523108,,1.611920300989132e+29,639482.39816365787,0.010484139869311846,1
sep-ipop-w60,1,111013,2410,3912704,964.94391250610352,,3.5415647623981223e+29,696863.68559767201,0.011431799900599645,1
sep-ipop-w60,1,111013,2422,3937280,964.87722396850586,,8.2410118163418466e+29,529469.55459464318,0.012406963383760728,1
sep-ipop-w60,1,111013,2435,3963904,964.73196538289392,,1.9438120425853242e+30,342804.82686869788,0.012178393385324405,1
sep-ipop-w60,1,111013,2447,3988480,964.61420949300134,,4.178174760281511e+30,397055.95705963811,0.012961994637540704,1
sep-ipop-w60,1,111013,2460,4015104,964.48488235473633,,9.7593047568721758e+30,474556.76351840136,0.015458954998535557,1
sep-ipop-w60,1,111013,2472,4039680,964.37316131591797,,2.2350592826334167e+31,315783.34764859924,0.014268517796434895,1
sep-ipop-w60,1,111013,2484,4064256,964.19719314575195,,5.0371023402104653e+31,491068.91389361437,0.01717402030742346,1
sep-ipop-w60,1,111013,2497,4090880,964.02119572957361,,1.2296188637309099e+32,371067.63900467241,0.016785786011498563,1
sep-ipop-w60,1,111013,2509,4115456,963.87827555338538,,2.6192753609878324e+32,410013.20715145156,0.016462885289226466,1
sep-ipop-w60,1,111013,2522,4142080,963.71932983398438,,6.5013573570475666e+32,310873.07221979258,0.016650307311075162,1
sep-ipop-w60,1,111013,2534,4166656,963.5906880696615,,1.5040827287487358e+33,337628.55248505226,0.018633222307680272,1
sep-ipop-w60,1,111013,2546,4191232,963.41843159993493,,3.7846178001086798e+33,309297.30526090378,0.021209845411277836,1
sep-ipop-w60,1,111013,2559,4217856,963.14160029093421,,1.0487854349500148e+34,125782.61842871147,0.020652656131703615,1
sep-ipop-w60,1,111013,2571,4242432,962.94196192423499,,2.2108551393802355e+34,175076.68885472979,0.022203536145044438,1
sep-ipop-w60,1,111013,2584,4269056,962.68367385864258,,6.1324377762028836e+34,186453.42085171014,0.025912431617144481,1
sep-ipop-w60,1,111013,2596,4293632,962.49583562215173,,1.5328726767045838e+35,135435.02090910231,0.025512846484008821,1
sep-ipop-w60,1,111013,2608,4318208,961.9941291809082,,4.0203678530883068e+35,144801.9029681641,0.02995843806956304,1
sep-ipop-w60,1,111013,2621,4344832,961.90376917521155,,1.3277371150547343e+36,107238.12062095743,0.03983726431042596,1
sep-ipop-w60,1,111013,2633,4369408,961.47526931762695,,3.2948417312573735e+36,67124.555449006773,0.037872374900574983,1
sep-ipop-w60,1,111013,2646,4396032,960.77009709676111,,9.901112854446149e+36,54152.573599084593,0.03938314156179528,1
sep-ipop-w60,1,111013,2658,4420608,960.41230010986328,,4.7493394591014715e+37,43258.193687047831,0.070101145412809096,1
sep-ipop-w60,1,111013,2670,4445184,959.77385457356775,,1.5814459798091784e+38,16503.432535079257,0.073983336013565548,1
sep-ipop-w60,1,111013,2683,4471808,949.57182439168298,,1.3550724794755771e+39,2226.5331588646914,0.15922624146876024,1
sep-ipop-w60,1,111013,2695,4496384,936.31000010172522,,3.659763497722035e+39,1928.542138713359,0.15688141536862449,1
sep-ipop-w60,1,111013,2708,4523008,921.2177403767904,,8.7580907757493431e+39,1577.7149171203835,0.12308062319039335,1
sep-ipop-w60,1,111013,2720,4547584,912.49887593587243,,2.0198647971348913e+40,1754.0951380015022,0.1091913396306208,1
sep-ipop-w60,1,111013,2732,4572160,905.76202519734704,,4.6205383160720242e+40,2870.3266889548136,0.10823619126454379,1
sep-ipop-w60,1,111013,2745,4598784,897.12301890055335,,1.0955294673512406e+41,3675.7494887354228,0.096923142351315217,1
sep-ipop-w60,1,111013,2757,4623360,892.01857121785486,,2.3030865646176588e+41,4372.2519180660483,0.081646328153500189,1
sep-ipop-w60,1,111013,2770,4649984,886.18406804402673,,5.302400883985129e+41,4462.6300268224886,0.077635466589621144,1
sep-ipop-w60,1,111013,2782,4674560,883.92107137044275,,1.0450102324119333e+42,4707.9080556584095,0.05661213351837556,1
sep-ipop-w60,1,111013,2794,4699136,882.08490626017249,,1.8803055789343249e+42,5844.0917369028639,0.043785085288566075,1
sep-ipop-w60,1,111013,2807,4725760,881.01275380452478,,3.8479223014777165e+42,9020.8488167216747,0.038617275269311233,1
sep-ipop-w60,1,111013,2819,4750336,880.01211293538415,,7.316990794527316e+42,13146.506887489099,0.033290106063165556,1
sep-ipop-w60,1,111013,2832,4776960,879.53445434570312,,1.4514905867632497e+43,15195.596249606822,0.031376340199906476,1
sep-ipop-w60,1,111013,2844,4801536,878.70659001668298,,2.8367819137538325e+43,18024.741140562466,0.026739085380276559,1
sep-ipop-w60,1,111013,2856,4826112,878.29629516601562,,4.6622688769965518e+43,19283.970383203156,0.023509147608367968,1
sep-ipop-w60,1,111013,2869,4852736,877.83746846516931,,7.9287476345178923e+43,21413.254172450728,0.023712633417156188,1
sep-ipop-w60,1,111013,2881,4877312,877.60206349690759,,1.1690963672722088e+44,24169.488038694148,0.019033623235546006,1
sep-ipop-w60,1,111013,2894,4903936,877.23371887207031,,1.6546073175646057e+44,26427.090850180808,0.017514735073333954,1
sep-ipop-w60,1,111013,2906,4928512,876.69439697265625,,2.5965319790229739e+44,26784.81128564099,0.01741860771088544,1
sep-ipop-w60,1,111013,2918,4953088,876.6070772806803,,4.0531188044527243e+44,25640.408623780182,0.01604268851069177,1
sep-ipop-w60,1,111013,2931,4979712,876.27421569824219,,6.4586252128392411e+44,34863.389549893138,0.016666392680289889,1
sep-ipop-w60,1,111013,2943,5004288,875.99787521362305,,1.1781222146844113e+45,81482.99208820358,0.018364771038325182,1
sep-ipop-w60,1,111013,2956,5030912,875.74518330891931,,2.1618062861295665e+45,97695.809355236328,0.017782103935295501,1
sep-ipop-w60,1,111013,2968,5055488,875.52338155110681,,3.4284614296746421e+45,126550.59876542058,0.016531281146680236,1
sep-ipop-w60,1,111013,2980,5080064,875.26934560139978,,5.4298178216676768e+45,111328.11050155175,0.014416545625357213,1
sep-ipop-w60,1,111013,2993,5106688,875.10242589314782,,9.1459871913119967e+45,141354.68203639411,0.013135412373939484,1
sep-ipop-w60,1,111013,3005,5131264,875.02348454793298,,1.7544141797259241e+46,181297.32862593365,0.013961953627766061,1
sep-ipop-w60,1,111013,3018,5157888,874.87420781453454,,3.0797512516039367e+46,228905.42891335138,0.013431697806076164,1
sep-ipop-w60,1,111013,3030,5182464,874.77236684163415,,6.4136457830558706e+46,198239.47284199833,0.015175662107467142,1
sep-ipop-w60,1,111013,3042,5207040,874.56564458211267,,1.7016679347728109e+47,188397.16697056056,0.018719082672981634,1
sep-ipop-w60,1,111013,3055,5233664,874.4383659362793,,3.1981202670006951e+47,176695.49170350793,0.015350697552428603,1
sep-ipop-w60,1,111013,3067,5258240,874.27939987182617,,6.5528957649349737e+47,151939.36746742483,0.015223458527593884,1
sep-ipop-w60,1,111013,3080,5284864,874.16645812988281,,1.4406443582308938e+48,156078.83480805467,0.016276512126633041,1
sep-ipop-w60,1,111013,3092,5309440,873.95818456014001,,2.7801886457299349e+48,148463.2235537369,0.014546449873190322,1
sep-ipop-w60,1,111013,3104,5334016,873.89272308349609,,5.756733705385959e+48,120314.42498391692,0.014636969459693136,1
sep-ipop-w60,1,111013,3117,5360640,873.60620371500647,,1.2229022394346733e+49,184862.14224798349,0.015462611989428551,1
sep-ipop-w60,1,111013,3129,5385216,873.57546742757165,,2.5371728652618938e+49,200014.23292933806,0.016759341285492675,1
sep-ipop-w60,1,111013,3142,5411840,873.35012817382812,,5.3081275421836739e+49,213580.71703101936,0.015358829475855849,1
sep-ipop-w60,1,111013,3154,5436416,873.29614384969079,,1.0986418150409748e+50,214242.88602706578,0.015861742925031248,1
sep-ipop-w60,1,111013,3167,5463040,873.18062845865882,,1.9522901810676283e+50,212210.85910019875,0.012578772017705374,1
sep-ipop-w60,1,111013,3179,5487616,873.02865727742517,,3.4327186387609161e+50,206800.82374520871,0.012348282227523998,1
sep-ipop-w60,1,111013,3191,5512192,872.92710113525391,,5.128050688019994e+50,231578.47675666728,0.011768745236238212,1
sep-ipop-w60,1,111013,3204,5538816,872.81941223144531,,9.228612737942875e+50,306647.67851396825,0.010946730920685536,1
sep-ipop-w60,1,111013,3216,5563392,872.73720804850257,,1.4482878226986371e+51,417966.56090350944,0.0097362411774195873,1
sep-ipop-w60,1,111013,3229,5590016,872.6557286580404,,2.0670161747413636e+51,451071.18438736658,0.0072937970486873435,1
sep-ipop-w60,1,111013,3241,5614592,872.60751851399743,,2.4573198300277231e+51,549189.22119137552,0.0059728397640101041,1
sep-ipop-w60,1,111013,3253,5639168,872.55741628011071,,2.9910165046128305e+51,816845.52352488285,0.0052009370023859457,1
sep-ipop-w60,1,111013,3266,5665792,872.51898829142249,,4.0603017025495544e+51,2183999.0621746797,0.0053146759311775661,1
sep-ipop-w60,1,111013,3278,5690368,872.49129104614258,,5.0227559426329765e+51,5832578.3021773482,0.0052678719326359202,1
sep-ipop-w60,1,111013,3291,5716992,872.48807779947913,,5.97653283210121e+51,11099425.284731567,0.0047110100069553554,1
sep-ipop-w60,1,111013,3303,5741568,872.44908777872718,,7.0739744348932083e+51,21033510.938897893,0.0049419547557616478,1
sep-ipop-w60,1,111013,3315,5766144,872.43154652913415,,8.1316762523034584e+51,28025544.295888808,0.0045267588440098261,1
sep-ipop-w60,1,111013,3328,5792768,872.42670313517249,,1.0137034922761805e+52,59438563.131373525,0.0046132194930842748,1
sep-ipop-w60,1,111013,3340,5817344,872.39690780639648,,1.2051799826953259e+52,85006993.577745467,0.0040566793924812633,1
sep-ipop-w60,1,111013,3353,5843968,872.39690780639648,,1.3193931061919889e+52,92129436.567357272,0.003592176189092472,1
sep-ipop-w60,1,111013,3365,5868544,872.37326431274414,,1.5111657541776023e+52,126580557.32528827,0.003513155881480818,1
sep-ipop-w60,1,111013,3377,5893120,872.37326431274414,,2.2445161112036517e+52,483673452.88400221,0.0046923376842157938,1
sep-ipop-w60,1,111013,3390,5919744,872.36841074625647,,3.1777201518704783e+52,1245714271.6186574,0.0042924849762816459,1
sep-ipop-w60,1,111013,3402,5944320,872.36841074625647,,4.4273672609869174e+52,2499705109.1587772,0.0049392993808552122,1
sep-ipop-w60,1,111013,3415,5970944,872.36816914876306,,5.3026056825972588e+52,2790692526.8396425,0.0044853101136084284,1
sep-ipop-w60,1,111013,3427,5995520,872.36816914876306,,5.6344419786790383e+52,3564086140.4368057,0.0043851541963875022,1
sep-ipop-w60,1,111013,3439,6020096,872.36816914876306,,5.0575543389855128e+52,15990558472.3997,0.003316443521461761,1
sep-ipop-w60,1,111013,3452,6046720,872.36816914876306,,4.9854175183815609e+52,24742025119.462444,0.0030948248300138709,1
sep-ipop-w60,1,111013,3464,6071296,872.36816914876306,,5.1024638106501896e+52,42095168246.506638,0.0035433270943627899,1
sep-ipop-w60,1,111013,3472,6097920,872.36816914876306,,0.61317023175775254,9.6818309102426579,1.188192656980545,2
sep-ipop-w60,1,111013,3478,6122496,872.36816914876306,,0.74698782964328403,36.757075360795071,1.4211168733556183,2
sep-ipop-w60,1,111013,3484,6147072,872.36816914876306,,0.85463589205930368,21.091464672595752,0.90473797427031943,2
sep-ipop-w60,1,111013,3491,6175744,872.36816914876306,,1.0612453610867116,19.494387643819369,0.7133581915720375,2
sep-ipop-w60,1,111013,3497,6200320,872.36816914876306,,1.1536737201120189,22.561990650870332,0.52167062001593634,2
sep-ipop-w60,1,111013,3503,6224896,872.36816914876306,,1.362328180265882,17.425609559527995,0.43802947136700227,2
sep-ipop-w60,1,111013,3509,6249472,872.36816914876306,,1.7035168765692372,22.262021172653832,0.40719225678056153,2
sep-ipop-w60,1,111013,3515,6274048,872.36816914876306,,2.2895077752045214,36.810573665660442,0.37796150797753958,2
sep-ipop-w60,1,111013,3522,6302720,872.36816914876306,,3.2999215877380919,91.134251401775117,0.34776042075378921,2
sep-ipop-w60,1,111013,3528,6327296,872.36816914876306,,4.5942121030233194,144.62521107310889,0.33345272288632616,2
sep-ipop-w60,1,111013,3534,6351872,872.36816914876306,,6.4832324804876942,216.43291150979445,0.33806513358974249,2
sep-ipop-w60,1,111013,3540,6376448,872.36816914876306,,8.9877040663858008,282.51422260834659,0.33927479714455744,2
sep-ipop-w60,1,111013,3546,6401024,872.36816914876306,,10.883033785107195,415.18594412511578,0.31132569521791914,2
sep-ipop-w60,1,111013,3553,6429696,872.36816914876306,,12.936215714692684,847.78426908821382,0.29581144060433046,2
sep-ipop-w60,1,111013,3559,6454272,872.36816914876306,,14.398528012628754,1835.1072137277447,0.29808141590055526,2
sep-ipop-w60,1,111013,3565,6478848,872.36816914876306,,18.107492758216491,2557.8412403289462,0.33651722287077585,2
sep-ipop-w60,1,111013,3571,6502400,872.36816914876306,,27.605757093048329,1944.5519577701602,0.33611339542878443,2
sep-ipop-l20,2,111014,1,20,34797.937154134117,,0.27201005570716813,1.0524568927715496,0.26743791743617423,0
sep-ipop-l20,2,111014,5,100,18731.517176310223,,0.2306521782407859,1.497537419415772,0.25350537858347449,0
sep-ipop-l20,2,111014,10,200,3464.8786404927573,,0.21889245464790502,1.6591853290404606,0.24466930616118349,0
sep-ipop-l20,2,111014,1320,26400,992.53254191080725,,2.6688340784704874e-05,3033024.2722349684,7.40043918104944e-05,0
sep-ipop-l20,2,111014,1980,51660,992.53254191080725,,0.013383715361657229,16924.582461486916,0.0069865662266357766,1
sep-ipop-l20,2,111014,2640,79100,992.53254191080725,,0.33528817993962517,3.8588490391081272,0.33778173326852101,2
sep-ipop-l20,2,111014,2924,101820,979.3550923665365,,0.40734572359439042,28387.4416721876,0.096035808061716382,2
sep-ipop-l20,2,111014,3239,127020,957.06711196899414,,0.074682696507363949,10543131.758536959,0.0033945426876946946,2
sep-ipop-l20,2,111014,3564,153020,957.012685139974,,0.0085755914248911765,37931021.764034636,0.00024115653055603191,2
sep-ipop-l20,2,111014,3762,181820,957.012685139974,,1.9088395388010033,991.43779782588604,0.1966939421054649,3
sep-ipop-l20,2,111014,3897,203420,945.70269775390625,,12.163466749787446,7691.9599222265533,0.030681391582462025,3
sep-ipop-l20,2,111014,4055,228700,937.05048116048181,,42.157220760165075,23576.64067997603,0.0088470330160525332,3
sep-ipop-l20,2,111014,4214,254140,935.27619806925452,,642.78072819976524,1368653.6014405529,0.0076864944451140718,3
sep-ipop-l20,2,111014,4372,279420,933.61491266886389,,27661.894229201378,5161867.6414587284,0.0089877712041708229,3
sep-ipop-l20,2,111014,4533,305180,932.9850743611654,,105106.10688328199,20663426.93585588,0.0036614215349140733,3
sep-ipop-l20,2,111014,4752,344380,932.94146728515625,,0.89617066872597717,39.150143827573984,0.3005451507506896,4
sep-ipop-l20,2,111014,4818,365500,932.94146728515625,,7.0248468294712003,2973.4281285945317,0.28265986811029187,4
sep-ipop-l20,2,111014,4884,386620,932.94146728515625,,84.356127812106877,6679.4742185459318,0.13226875524580473,4
sep-ipop-l20,2,111014,4950,407740,932.94146728515625,,1259.2233369019382,8629.7405649411812,0.10656862269521758,4
sep-ipop-l20,2,111014,5082,449980,932.94146728515625,,2444980.3641810687,7692.0820777484023,0.077093302222930982,4
sep-ipop-l20,2,111014,5134,466620,932.89946111043298,,26356192.607016172,7006.5009830665804,0.038059830864260499,4
sep-ipop-l20,2,111014,5184,482620,923.89744440714514,,228705869.09710291,4721.3051194703994,0.023988860268419697,4
sep-ipop-l20,2,111014,5268,509500,918.82053375244141,,1720805656.2351656,17681.042750536799,0.014719290904772113,4
sep-ipop-l20,2,111014,5343,533500,915.08710861206055,,13927162539.14484,18920.75728370158,0.0070043285552780837,4
sep-ipop-l20,2,111014,5423,559100,914.18013381958008,,26051458903.964958,4162271.621570556,0.004957321027207905,4
sep-ipop-l20,2,111014,5502,584380,914.11220804850257,,54347001936.920357,224505027.64471442,0.002762630335242453,4
sep-ipop-l20,2,111014,5610,618940,914.10053126017249,,105808949612.92278,3435973365.6640024,0.0030474635556140177,4
sep-ipop-l20,2,111014,5676,640060,914.10053126017249,,99540716477.832153,2592943349.1387119,0.0011132729543929885,4
sep-ipop-l20,2,111014,5742,672060,914.10053126017249,,1.1887994314978809,55.756003373763868,0.25006021080279678,5
sep-ipop-l20,2,111014,5808,714300,914.10053126017249,,11.026723276269793,3997.3396022644902,0.23252579727072434,5
sep-ipop-l20,2,111014,5874,756540,914.10053126017249,,199.35232566016239,25668.758016408061,0.23007821602078971,5
sep-ipop-l20,2,111014,5940,798780,914.10053126017249,,8073.9129467961657,960.36439461272198,0.084009495025016825,5
sep-ipop-l20,2,111014,6006,841020,914.10053126017249,,87136.730876206217,4900.1266776328321,0.02473359687408036,5
sep-ipop-l20,2,111014,6072,883260,914.10053126017249,,1431104.094946313,5200.4879775386325,0.016447943935643573,5
sep-ipop-l20,2,111014,6138,925500,914.10053126017249,,4240943.2815192454,22711.17286429858,0.0063704851637759212,5
sep-ipop-l20,2,111014,6204,967740,914.10053126017249,,32940521.267013863,331100.87321596086,0.0054033034304668713,5
sep-ipop-l20,2,111014,6270,1009980,914.10053126017249,,2144085426.5743115,364150.51242807572,0.0091957448782459834,5
sep-ipop-l20,2,111014,6336,1052220,914.10053126017249,,13804827756.616795,2248755.4259243109,0.0044119866083951265,5
sep-ipop-l20,2,111014,6402,1094460,914.10053126017249,,39081297979.648857,55779030.626971796,0.0062579139654640329,5
sep-ipop-l20,2,111014,6468,1136700,914.10053126017249,,207406742608.28058,3070730792.5961428,0.0052905205693297153,5
sep-ipop-l20,2,111014,6534,1178940,914.10053126017249,,511558310376.92786,3564564895.1911926,0.0072338545259310015,5
sep-ipop-l20,2,111014,6600,1221180,914.10053126017249,,446318875651.39783,31574875633.193901,0.0050779503831552058,5
sep-ipop-l20,2,111014,6666,1263420,914.10053126017249,,542470234222.25549,9050312625.5342293,0.003035269079902442,5
sep-ipop-l20,2,111014,6732,1332540,914.10053126017249,,1.4747685111329096,65.854816200207807,0.29462926385664889,6
sep-ipop-l20,2,111014,6798,1417020,914.10053126017249,,16.113140627490015,16836.407645762778,0.22247090528288649,6
sep-ipop-l20,2,111014,6864,1501500,914.10053126017249,,168.37242425764549,49545.475395633017,0.2275354450694293,6
sep-ipop-l20,2,111014,6930,1585980,914.10053126017249,,12466.445010166643,2375.5838371666691,0.2488917833216549,6
sep-ipop-l20,2,111014,6996,1670460,914.10053126017249,,368513.73674207408,3308.189142365065,0.062876814686863375,6
sep-ipop-l20,2,111014,7062,1754940,914.10053126017249,,17486674.66843503,2768.377825741823,0.026495851396150866,6
sep-ipop-l20,2,111014,7119,1827900,913.97357432047522,,196148050.40627354,5139.5448712323669,0.012958823738317631,6
sep-ipop-l20,2,111014,7120,1829180,913.91972605387366,,203596190.09336972,5298.6322699495722,0.012661392706908544,6
sep-ipop-l20,2,111014,7140,1854780,913.0272547403971,,376769656.85195476,9415.3502029766696,0.0090903039608379553,6
sep-ipop-l20,2,111014,7161,1881660,912.50767262776696,,718115804.02886319,14274.769912075757,0.0068148723435587323,6
sep-ipop-l20,2,111014,7183,1909820,912.26026789347327,,1094568022.7105563,21896.384578893372,0.0050124774569288129,6
sep-ipop-l20,2,111014,7201,1932860,912.10184860229492,,1488183428.9083991,473075.90093274246,0.0045117053032670048,6
sep-ipop-l20,2,111014,7221,1958460,912.05347569783532,,2259630122.4951472,1080538.0569282931,0.0039516533793462977,6
sep-ipop-l20,2,111014,7239,1981500,912.00450897216797,,3441532660.3864202,1460564.5545304702,0.0042340362371737572,6
sep-ipop-l20,2,111014,7260,2008380,911.95064290364587,,5630032727.458622,6133650.5199351739,0.0050502256809020962,6
sep-ipop-l20,2,111014,7326,2092860,911.88788731892907,,11581731861.595648,41948058.856183648,0.0032684614126380108,6
sep-ipop-l20,2,111014,7338,2108220,911.88165410359704,,13470394041.35318,53094402.182964638,0.0034067230099006718,6
sep-ipop-l20,2,111014,7359,2135100,911.87443669637048,,25334673212.974289,30604559.25928089,0.0046350905316695319,6
sep-ipop-l20,2,111014,7384,2167100,911.85434722900391,,41291095891.107773,25227926.197568893,0.0030372293683601746,6
sep-ipop-l20,2,111014,7400,2187580,911.85034688313806,,67963854696.461464,56829018.025694408,0.0048081194192076673,6
sep-ipop-l20,2,111014,7419,2211900,911.84927749633789,,117651803828.14348,58228876.459713779,0.0038004886676381148,6
sep-ipop-l20,2,111014,7458,2261820,911.84927749633789,,130352699777.93427,161390313.97061205,0.002597924797665273,6
sep-ipop-l20,2,111014,7524,2346300,911.84927749633789,,127553460379.02658,269425636.67144883,0.0025165735880195487,6
sep-ipop-l20,2,111014,7590,2430780,911.84927749633789,,115520107322.48209,993729124.51996267,0.0020471807555100282,6
sep-ipop-l20,2,111014,7656,2593340,911.84927749633789,,5.1792672986230448,202.02844607681945,0.33733156331833813,7
sep-ipop-l20,2,111014,7722,2762300,911.84927749633789,,81.387249245659902,2294.3192807713108,0.28074149838382295,7
sep-ipop-l20,2,111014,7788,2931260,911.84927749633789,,2409.8818368939651,4682.5347948463486,0.26512886313979722,7
sep-ipop-l20,2,111014,7854,3100220,911.84927749633789,,168550.57796594716,30143.027121046016,0.2557340737146066,7
sep-ipop-l20,2,111014,7920,3269180,911.84927749633789,,9486116.7021798454,71113.87228046167,0.24551004928812115,7
sep-ipop-l20,2,111014,7986,3438140,911.84927749633789,,1178264400.8793418,3127.6079278413108,0.12375098659985201,7
sep-ipop-l20,2,111014,8052,3607100,911.84927749633789,,57784520891.617676,14334.684425524109,0.063289877474039594,7
sep-ipop-l20,2,111014,8118,3776060,911.84927749633789,,1824621460054.7729,30453.385731220904,0.058906547477640514,7
sep-ipop-l20,2,111014,8184,3945020,911.84927749633789,,19528405834785.41,139680.53577816029,0.052910849400194047,7
sep-ipop-l20,2,111014,8250,4113980,911.84927749633789,,435069033143379.12,200288.5286484161,0.056603952608243698,7
sep-ipop-l20,2,111014,8316,4282940,911.84927749633789,,16622316654814020,239544.24169118507,0.057810439717526474,7
sep-ipop-l20,2,111014,8382,4451900,911.84927749633789,,9.8981592796941939e+17,729055.64438570896,0.062073237590614228,7
sep-ipop-l20,2,111014,8448,4620860,911.84927749633789,,5.6363868502233301e+19,708258.23472352081,0.060312066499865577,7
sep-ipop-l20,2,111014,8514,4789820,911.84927749633789,,4.6345632513427107e+21,772486.02904169937,0.06428644193214457,7
sep-ipop-l20,2,111014,8580,4958780,911.84927749633789,,7.0278706895853456e+23,161130.52778465819,0.060752193293980114,7
sep-ipop-l20,2,111014,8646,5127740,911.84927749633789,,4.5130086040218028e+25,273566.27377827832,0.068335671660904901,7
sep-ipop-l20,2,111014,8712,5296700,911.84927749633789,,1.3036765082126511e+27,236107.47536072394,0.061864204234340144,7
sep-ipop-l20,2,111014,8778,5465660,911.84927749633789,,3.0496386467908437e+28,243388.3186361556,0.051536155385692305,7
sep-ipop-l20,2,111014,8844,5634620,911.84927749633789,,2.1989941569980318e+29,301956.0810134866,0.012802845568493017,7
sep-ipop-l20,2,111014,8910,5803580,911.84927749633789,,4.6444323322071663e+30,571013.86278313259,0.016376797757986061,7
sep-ipop-l20,2,111014,8976,5972540,911.84927749633789,,2.0373777115838416e+32,512559.83540857234,0.015253768584014022,7
sep-ipop-l20,2,111014,9042,6141500,911.84927749633789,,4.2483338822430343e+33,765332.46253214951,0.015212216707273683,7
sep-ipop-l20,2,111014,9108,6310460,911.84927749633789,,9.4584739297374429e+34,1419657.2747141505,0.012941749519187857,7
sep-ipop-l20,2,111014,9174,6479420,911.84927749633789,,1.9075688094841636e+36,3302051.0624193498,0.010380879203782764,7
sep-ipop-l20-w102,2,111014,1,20,34797.937154134117,,0.27201005570716813,1.0524568927715496,0.26743791743617423,0
sep-ipop-l20-w102,2,111014,5,100,18731.517176310223,,0.2306521782407859,1.497537419415772,0.25350537858347449,0
sep-ipop-l20-w102,2,111014,10,200,3464.8786404927573,,0.21889245464790502,1.6591853290404606,0.24466930616118349,0
sep-ipop-l20-w102,2,111014,1320,27200,992.53254191080725,,0.17015570636738281,4.0618322544573893,0.19425241955886388,1
sep-ipop-l20-w102,2,111014,1914,50960,992.53254191080725,,0.045588519712194318,11390.366316629494,0.034894050836368415,1
sep-ipop-l20-w102,2,111014,2508,76320,992.53254191080725,,0.24980303953751581,6.6543038055141448,0.23045691446265854,2
sep-ipop-l20-w102,2,111014,2838,102720,992.53254191080725,,0.10802073601283142,18344.662575505288,0.016562753139353306,2
sep-ipop-l20-w102,2,111014,3168,129120,992.53254191080725,,0.20686903410700005,5666543.4220338622,0.0041868065480466328,2
sep-ipop-l20-w102,2,111014,3498,162800,992.53254191080725,,0.35127769243464219,955.69027612935849,0.14760783884705747,3
sep-ipop-l20-w102,2,111014,3630,183920,992.53254191080725,,4.0551473051935734,64838.609277527103,0.23218749987614837,3
sep-ipop-l20-w102,2,111014,3762,205040,992.53254191080725,,44.680587447289533,57729.446378103334,0.089227160395752111,3
sep-ipop-l20-w102,2,111014,3960,236720,992.53254191080725,,288.83788923448168,100025197.90659931,0.069148768483747791,3
sep-ipop-l20-w102,2,111014,4092,257840,992.53254191080725,,7039.0225918911237,44538492.060044445,0.056644515729801309,3
sep-ipop-l20-w102,2,111014,4290,289520,992.53254191080725,,10927.183423537695,92714761256.78923,0.040168249058476539,3
sep-ipop-l20-w102,2,111014,4422,310640,992.53254191080725,,50533.584241283352,136068999807.27031,0.034905727092897854,3
sep-ipop-l20-w102,2,111014,4554,343280,992.53254191080725,,1.8675197485038213,1325.0452956851282,0.23017848755820214,4
sep-ipop-l20-w102,2,111014,4620,364400,992.53254191080725,,40.356129275197162,3812.8452306546342,0.29422987049478511,4
sep-ipop-l20-w102,2,111014,4686,385520,992.53254191080725,,748.29732984318696,39858.162566407445,0.24359185474760359,4
sep-ipop-l20-w102,2,111014,4752,406640,947.84747568766272,,8800.4282917767941,5525.0426722584734,0.10039462920199954,4
sep-ipop-l20-w102,2,111014,4832,432240,906.21726481119788,,554748.07865168911,31845.181267700249,0.041449860082568915,4
sep-ipop-l20-w102,2,111014,4911,457520,898.75071334838867,,2536736.9552925108,153017.44649658256,0.014923202261821191,4
sep-ipop-l20-w102,2,111014,4992,483440,897.78784306844079,,5562956.914508109,1594321.0638139537,0.005239669958937097,4
sep-ipop-l20-w102,2,111014,5070,508400,897.48364893595374,,39525117.067854203,73810536.921073601,0.0082904197808214963,4
sep-ipop-l20-w102,2,111014,5214,558640,897.45830790201819,,0.70265453658749744,13.524457575511619,0.57404209221609048,5
sep-ipop-l20-w102,2,111014,5280,600880,897.45830790201819,,4.6759481095319124,785.54026752813468,0.22185160844255852,5
sep-ipop-l20-w102,2,111014,5346,643120,897.45830790201819,,82.559958628581711,6872.134207273396,0.24568486458741409,5
sep-ipop-l20-w102,2,111014,5412,685360,897.45830790201819,,1643.914428389978,44717.140936360032,0.21930927796827532,5
sep-ipop-l20-w102,2,111014,5478,727600,897.45830790201819,,65529.675565615711,111195.85031793578,0.25721367621204289,5
sep-ipop-l20-w102,2,111014,5544,769840,897.45830790201819,,4399650.721711251,20890.509472671802,0.23744397983841448,5
sep-ipop-l20-w102,2,111014,5610,812080,897.45830790201819,,141734363.75788301,14960.037451876109,0.17058424115582282,5
sep-ipop-l20-w102,2,111014,5676,854320,897.45830790201819,,4805414555.2325096,6637.8698714219163,0.11760417744658991,5
sep-ipop-l20-w102,2,111014,5742,896560,897.45830790201819,,148295789931.61856,27081.834986814938,0.091323706349692127,5
sep-ipop-l20-w102,2,111014,5808,938800,897.45830790201819,,2014538183028.8276,120538.98463416302,0.060595797921267729,5
sep-ipop-l20-w102,2,111014,5849,965040,896.76261774698889,,50726558528065.898,32911.91270835152,0.089808544572168705,5
sep-ipop-l20-w102,2,111014,5852,966960,896.5540669759115,,52941214521519.828,44569.567447804446,0.083908401645362188,5
sep-ipop-l20-w102,2,111014,5890,991280,892.29583740234375,,113912951752066.66,74806.233688611654,0.052107205981494452,5
sep-ipop-l20-w102,2,111014,5930,1016880,890.47196197509766,,238177231867685.91,987977.70887660666,0.054834484581003068,5
sep-ipop-l20-w102,2,111014,5972,1043760,890.0717442830404,,555070204676186.25,8247953.8188582985,0.048793460244114698,5
sep-ipop-l20-w102,2,111014,6011,1068720,889.79878362019861,,1089141577110363.2,9474832560.8390999,0.05394839412351482,5
sep-ipop-l20-w102,2,111014,6049,1093040,889.73410161336267,,2167805254328094,94678593856.434021,0.039025904265079923,5
sep-ipop-l20-w102,2,111014,6094,1121840,889.71570714314782,,4632954264920579,80461658292.601166,0.040474423982899625,5
sep-ipop-l20-w102,2,111014,6138,1150000,889.71570714314782,,7114116093515020,273469277461.1561,0.049678679328447398,5
sep-ipop-l20-w102,2,111014,6204,1197360,889.71570714314782,,0.68566579332622091,10.223105442894978,0.83416542587795739,6
sep-ipop-l20-w102,2,111014,6270,1281840,889.71570714314782,,4.313679397812451,1986.0045264389537,0.24044163369840105,6
sep-ipop-l20-w102,2,111014,6336,1366320,889.71570714314782,,102.77083061941944,8600.6660504655792,0.26613938905036472,6
sep-ipop-l20-w102,2,111014,6402,1450800,889.71570714314782,,3493.88725390424,9182.5292426392298,0.25063732223803481,6
sep-ipop-l20-w102,2,111014,6468,1535280,889.71570714314782,,90707.64519774972,182357.33203436373,0.19811748353852729,6
sep-ipop-l20-w102,2,111014,6534,1619760,889.71570714314782,,6158145.7417933205,2770.518958058728,0.044870827069595609,6
sep-ipop-l20-w102,2,111014,6600,1704240,889.71570714314782,,86332137.834778681,58193.703146674787,0.019064138797675583,6
sep-ipop-l20-w102,2,111014,6666,1788720,889.71570714314782,,500669606.00084496,110528.93531624222,0.0080019864440322337,6
sep-ipop-l20-w102,2,111014,6732,1873200,889.71570714314782,,1896412315.3290508,740428.85136514658,0.0062647288201770025,6
sep-ipop-l20-w102,2,111014,6798,1957680,889.71570714314782,,5852273151.0464878,13056228.96915954,0.0066237745342462261,6
sep-ipop-l20-w102,2,111014,6864,2042160,889.71570714314782,,14505918665.825209,166472734.96652782,0.0045254019736096296,6
sep-ipop-l20-w102,2,111014,6930,2126640,889.71570714314782,,57383986710.059296,127510296108.01207,0.0056773443406637585,6
sep-ipop-l20-w102,2,111014,6996,2211120,889.71570714314782,,84350082726.538544,151385760178.82208,0.0050138646215939419,6
sep-ipop-l20-w102,2,111014,7062,2376240,889.71570714314782,,7.1881722377480228,249.46263382138588,0.30188325672034955,7
sep-ipop-l20-w102,2,111014,7128,2545200,889.71570714314782,,104.40349766806418,3913.0708068440272,0.26071401861242144,7
sep-ipop-l20-w102,2,111014,7194,2714160,889.71570714314782,,3299.7240465268369,7501.5014452267542,0.26715524949815306,7
sep-ipop-l20-w102,2,111014,7260,2883120,889.71570714314782,,208218.65797769063,18296.656046880587,0.25048849337992596,7
sep-ipop-l20-w102,2,111014,7326,3052080,889.71570714314782,,16394246.349425958,54293.972837435838,0.27320183712360757,7
sep-ipop-l20-w102,2,111014,7392,3221040,889.71570714314782,,1932498190.6345186,86383.496535206708,0.25097127969346761,7
sep-ipop-l20-w102,2,111014,7458,3390000,889.71570714314782,,276553326352.12115,40956.881351297532,0.23538872915902098,7
sep-ipop-l20-w102,2,111014,7524,3558960,889.71570714314782,,22357583765830.25,1822.1357732280619,0.033853938868801364,7
sep-ipop-l20-w102,2,111014,7590,3727920,889.71570714314782,,159874172794793.91,4079.7542529514308,0.013046362536638012,7
sep-ipop-l20-w102,2,111014,7656,3896880,889.71570714314782,,439172371783706.44,248482.2144589058,0.0089770313981009237,7
sep-ipop-l20-w102,2,111014,7722,4065840,889.71570714314782,,1651959140543152.2,28177442.260854252,0.0084697727000055817,7
sep-ipop-l20-w102,2,111014,7788,4234800,889.71570714314782,,5126175173239050,1416789047.4986582,0.0072345952580582813,7
sep-ipop-l20-w102,2,111014,7854,4403760,889.71570714314782,,31534928035029388,1345673013.2639759,0.0070862485693843451,7
sep-ipop-l20-w102,2,111014,7920,4572720,889.71570714314782,,31665794970821604,1619160090.2821515,0.0049032541446711536,7
sep-ipop-l20-w102,2,111014,7986,4892720,889.71570714314782,,4.8760817019165046,218.25590858239971,0.3208933118743218,8
sep-ipop-l20-w102,2,111014,8052,5230640,889.71570714314782,,107.68962687979563,929.9903786773242,0.31419003566556819,8
sep-ipop-l20-w102,2,111014,8118,5568560,889.71570714314782,,6961.6692132638682,4944.225526458642,0.27379532874548501,8
sep-ipop-l20-w102,2,111014,8184,5906480,889.71570714314782,,882590.63715246553,10971.511376825876,0.26414840790696148,8
sep-ipop-l20-w102,2,111014,8250,6244400,889.71570714314782,,111510601.51570629,8316.7261594484626,0.079735367255121148,8
sep-ipop,2,111014,1,1024,12126.797294616699,,0.2891343683415708,7.3938741805077015,0.14738752727166407,0
sep-ipop,2,111014,5,5120,1848.207327524821,,0.81103903269399857,51.717600242799172,0.80047603208567886,0
sep-ipop,2,111014,10,10240,1714.1301434834797,,1.1816636718171103,93.510423772793004,1.1625944521289824,0
sep-ipop,2,111014,20,20480,1709.015515645345,,1.9774715614009941,8.9380158122172073,0.36619332201438937,0
sep-ipop,2,111014,25,25600,1605.4717114766438,,2.3595362503986648,8.0720452743211695,0.32483677118617699,0
sep-ipop,2,111014,40,40960,1519.9326502482097,,4.098636586544222,76.42014149164595,0.27402531316366796,0
sep-ipop,2,111014,50,51200,1438.7273775736492,,6.745174109587488,113.80166882274857,0.27202195515594207,0
sep-ipop,2,111014,75,76800,1370.4038709004719,,13.637134292311844,1432.6807885974981,0.24326480218260704,0
sep-ipop,2,111014,80,81920,1360.0693257649739,,18.614308131153923,3260.4331926462528,0.30476074536031195,0
sep-ipop,2,111014,100,102400,1333.7239036560059,,41.402294601798971,9562.9718293215628,0.22985568584955129,0
sep-ipop,2,111014,125,128000,1321.9084409077961,,106.1103880509271,35817.903940192366,0.22075110003351639,0
sep-ipop,2,111014,149,152576,1309.6248715718586,,328.92178598710825,49783.337445964899,0.25001812379757987,0
sep-ipop,2,111014,160,163840,1301.2039337158203,,609.05858709344591,50635.882998099405,0.23247264488788952,0
sep-ipop,2,111014,174,178176,1291.0332387288411,,1587.4724909075933,26576.124872494642,0.2521418216980531,0
sep-ipop,2,111014,199,203776,1274.5068626403809,,5487.0139060670172,23965.024545892837,0.22244125825702288,0
sep-ipop,2,111014,224,229376,1262.3543039957683,,24317.456070361572,18601.273925288875,0.20173873310971077,0
sep-ipop,2,111014,249,254976,1249.2696304321289,,187805.06536721715,8512.5643827238437,0.25876447797364149,0
sep-ipop,2,111014,255,261120,1245.0871556599934,,250834.92621367614,9068.3231777631663,0.20047845316669513,0
sep-ipop,2,111014,273,279552,1234.3548355102539,,578599.06598823087,24939.390247166833,0.15900450572619204,0
sep-ipop,2,111014,298,305152,1226.0765711466472,,2192108.7903688606,22186.466175604382,0.13562213627776626,0
sep-ipop,2,111014,323,330752,1219.1996637980144,,7763328.7823747545,10437.735925205478,0.073079183732149805,0
sep-ipop,2,111014,348,356352,1215.8620274861653,,31211454.67623768,9883.0769729014155,0.057585519120440923,0
sep-ipop,2,111014,373,381952,1213.0603535970051,,216798201.40920845,5915.2806410955636,0.078714476073659168,0
sep-ipop,2,111014,397,406528,1197.148946126302,,2947086824.1103535,7384.2847596524234,0.18056191695513138,0
sep-ipop,2,111014,422,432128,1161.5267028808594,,19334585108.224651,6479.8598308169212,0.15545726620924732,0
sep-ipop,2,111014,447,457728,1148.1605072021484,,70689481609.943985,10334.123465188557,0.098543577087048584,0
sep-ipop,2,111014,472,483328,1140.151252746582,,382689598206.57446,8851.089858127445,0.098949636089323542,0
sep-ipop,2,111014,497,508928,1131.7116292317708,,1736259125101.9888,11824.550685662978,0.090993685226193749,0
sep-ipop,2,111014,521,533504,1123.5537974039714,,4925490260356.0605,11488.722325852314,0.057763645784061853,0
sep-ipop,2,111014,546,559104,1120.2620557149251,,7567045690405.8027,14117.582812498966,0.038149015642173899,0
sep-ipop,2,111014,571,584704,1118.4010391235352,,12923940321559.25,33864.675410629301,0.030848524452688746,0
sep-ipop,2,111014,596,610304,1117.4240392049153,,32424958677320.379,79012.31638945693,0.027334180877735193,0
sep-ipop,2,111014,621,635904,1116.9288215637207,,140460689239522.38,100026.63372089084,0.026043182385295103,0
sep-ipop,2,111014,645,660480,1116.3562647501628,,430976813168926.12,87177.929273616901,0.019321653327876689,0
sep-ipop,2,111014,670,686080,1115.8882001241047,,916187285020832.38,604263.57019941288,0.01687816688431126,0
sep-ipop,2,111014,695,711680,1115.6751289367676,,1751680532202065.8,1705556.7907079735,0.0088023609921384707,0
sep-ipop,2,111014,720,737280,1115.5854746500652,,4086319056976647.5,3222771.5742486021,0.0080615982756278553,0
sep-ipop,2,111014,745,762880,1115.491247812907,,10915010911631666,3969079.5626615612,0.0069272495139509832,0
sep-ipop,2,111014,769,787456,1115.4247194925945,,29748027689990868,4831239.5762901893,0.0068814084846209158,0
sep-ipop,2,111014,794,813056,1115.3512140909831,,91905921675246592,6193715.4884396745,0.0082205259419146446,0
sep-ipop,2,111014,819,838656,1115.2763061523438,,3.3404026688267507e+17,15600976.266591055,0.0072506220035781204,0
sep-ipop,2,111014,844,864256,1115.2055791219075,,1.2606349574177743e+18,11524517.145596722,0.0087311553359228286,0
sep-ipop,2,111014,869,889856,1115.1175715128581,,4.5339396156229443e+18,19512514.771159653,0.0083568890092672321,0
sep-ipop,2,111014,893,914432,1115.0486424763997,,1.4981183835529095e+19,13784546.095978206,0.0074128292539139985,0
sep-ipop,2,111014,918,940032,1114.9661204020183,,4.8979567355989074e+19,12403983.254709717,0.0080769640642548678,0
sep-ipop,2,111014,943,965632,1114.9165585835774,,1.5585832166491918e+20,18997268.036814131,0.0071744999901050821,0
sep-ipop,2,111014,968,991232,1114.8587290445964,,4.4191699252914625e+20,42429979.845450588,0.0073889330036739208,0
sep-ipop,2,111014,993,1016832,1114.8355865478516,,7.4492040854326359e+20,80691150.369754121,0.0056976187113063556,0
sep-ipop,2,111014,1017,1041408,1114.8217748006184,,9.8923333233317013e+20,45130734.552096933,0.0036611449147210102,0
sep-ipop,2,111014,1042,1067008,1114.8037923177083,,1.3454287757881138e+21,25951092.166644376,0.0035286796420182088,0
sep-ipop,2,111014,1067,1092608,1114.8008524576824,,1.7088815797647384e+21,604980420.71169209,0.0033235963687117632,0
sep-ipop,2,111014,1092,1118208,1114.7998809814453,,3.4206181815949648e+21,1060357795.4853055,0.003986209874111496,0
sep-ipop,2,111014,1117,1143808,1114.7998809814453,,5.0352781159654448e+21,850103720.70808792,0.0030997925834616931,0
sep-ipop,2,111014,1142,1169408,1114.7998809814453,,4.7002058707563043e+21,1466666996.8032401,0.0030291104726976599,0
sep-ipop,2,111014,1166,1193984,1114.7998809814453,,4.3219476983546102e+21,1351967942.1653478,0.0025309343180855951,0
sep-ipop,2,111014,1191,1219584,1114.7998809814453,,4.6381294025480161e+21,866570599.66791463,0.0023731487340171052,0
sep-ipop,2,111014,1213,1245184,1114.7998809814453,,0.52913805619254961,2.9607005351321911,0.66303520827529761,1
sep-ipop,2,111014,1226,1271808,1114.7998809814453,,0.98446843773424997,21.272686207802902,0.65996587054560718,1
sep-ipop,2,111014,1238,1296384,1114.7998809814453,,1.3777346782849378,18.972887161418939,0.43370445664652019,1
sep-ipop,2,111014,1250,1320960,1114.7998809814453,,2.1498893734821345,84.239528568246612,0.32881253065475141,1
sep-ipop,2,111014,1263,1347584,1114.7998809814453,,4.0324639839069345,239.96299823588677,0.33775117919042053,1
sep-ipop,2,111014,1275,1372160,1114.7998809814453,,5.9777090652017506,565.59015696773974,0.30860246766668536,1
sep-ipop,2,111014,1288,1398784,1114.7998809814453,,8.3193756698477941,1328.5909006679403,0.2860994290693446,1
sep-ipop,2,111014,1300,1423360,1114.7998809814453,,16.632985067330001,1316.9594346871297,0.30530562465303035,1
sep-ipop,2,111014,1312,1447936,1114.7998809814453,,28.854740858543938,1525.0576513830108,0.26256167442514317,1
sep-ipop,2,111014,1325,1474560,1114.7998809814453,,51.382478402936847,1644.8198256819849,0.27487790344128887,1
sep-ipop,2,111014,1337,1499136,1114.7998809814453,,97.259848990696753,1834.0703576622614,0.29536467679908679,1
sep-ipop,2,111014,1350,1525760,1114.7998809814453,,212.25833616247792,2484.521038206758,0.28092268036633949,1
sep-ipop,2,111014,1362,1550336,1114.7998809814453,,445.43669029146082,2528.1151520018666,0.28028597844415665,1
sep-ipop,2,111014,1374,1574912,1114.7998809814453,,1064.9203321158461,3501.373487848261,0.29993416426260849,1
sep-ipop,2,111014,1387,1601536,1114.7998809814453,,2616.3373837817776,3784.7154043820633,0.27372338418130349,1
sep-ipop,2,111014,1399,1626112,1100.2225723266602,,5382.610500021301,7441.0292687844722,0.27459460069941782,1
sep-ipop,2,111014,1412,1652736,1089.8470102945964,,11317.744609161466,13755.377145504754,0.27024001059442354,1
sep-ipop,2,111014,1424,1677312,1080.9517199198406,,20505.476775377909,18700.002105079006,0.24743916254936119,1
sep-ipop,2,111014,1436,1701888,1068.0297902425129,,43852.912153590623,18169.083949397082,0.27196334054620958,1
sep-ipop,2,111014,1449,1728512,1061.3540089925129,,119063.42125913566,12856.000658987747,0.27491835054373792,1
sep-ipop,2,111014,1461,1753088,1055.1537488301594,,270274.54700676998,15029.112740711898,0.2617808065851851,1
sep-ipop,2,111014,1474,1779712,1046.3798840840657,,496612.42941935279,33596.351915042469,0.259798931900386,1
sep-ipop,2,111014,1486,1804288,1040.9066314697266,,955829.2104177397,49523.441686184859,0.2565304741071871,1
sep-ipop,2,111014,1498,1828864,1009.9371808369955,,3142488.9888639688,18020.997561948145,0.31126306237121643,1
sep-ipop,2,111014,1511,1855488,998.60438919067383,,8037275.3203151152,8800.4589836687028,0.26016818935308311,1
sep-ipop,2,111014,1523,1880064,986.43760299682617,,16729124.503183199,19597.316843903231,0.27569134354210229,1
sep-ipop,2,111014,1536,1906688,981.78644561767578,,37647684.040753402,26734.441740063248,0.25761319551050449,1
sep-ipop,2,111014,1548,1931264,977.30365498860681,,83357274.864866793,35810.867137167566,0.26617730999311739,1
sep-ipop,2,111014,1560,1955840,974.81608963012695,,158270326.87711743,54383.899866130749,0.24795268680320748,1
sep-ipop,2,111014,1573,1982464,972.96858978271484,,302610883.4557392,89105.471184314258,0.23790976345104911,1
sep-ipop,2,111014,1585,2007040,971.68319829305017,,574565878.16436362,156078.22896058788,0.21917758394353029,1
sep-ipop,2,111014,1598,2033664,968.66180674235022,,1088025478.5287597,195635.19620627418,0.21062119747795999,1
sep-ipop,2,111014,1610,2058240,966.33605448404944,,1836793337.1435847,180417.94727182906,0.19100522017454108,1
sep-ipop,2,111014,1622,2082816,955.36479059855139,,5595198785.4035988,35214.455343477843,0.22156766877954925,1
sep-ipop,2,111014,1635,2109440,941.16394933064782,,21693110470.658844,1685.9401276139868,0.089766257403522468,1
sep-ipop,2,111014,1647,2134016,933.65597788492835,,43010160297.471924,3200.0998374465212,0.076163436673414159,1
sep-ipop,2,111014,1660,2160640,926.45400873819983,,85750376896.458679,3051.8489600369148,0.056873524397709534,1
sep-ipop,2,111014,1672,2185216,923.45500564575195,,170720021575.48648,5121.3547393209465,0.051916017817433026,1
sep-ipop,2,111014,1685,2211840,920.84964625040686,,357267588901.08722,3908.546380434203,0.039845128228998827,1
sep-ipop,2,111014,1697,2236416,918.99446741739905,,711584471616.97327,5222.3123395644243,0.038356157154685232,1
sep-ipop,2,111014,1709,2260992,918.90841801961267,,1623218075280.3101,6012.7783352663555,0.037444433128317647,1
sep-ipop,2,111014,1722,2287616,917.48309707641602,,3490483055363.1001,4094.4929349016884,0.030659080673595761,1
sep-ipop,2,111014,1734,2312192,916.85889180501306,,7354219945594.0381,3375.090796388361,0.02585122697027406,1
sep-ipop,2,111014,1747,2338816,916.30613199869788,,15283592628125.887,4563.3946212138244,0.02330791207544667,1
sep-ipop,2,111014,1759,2363392,915.78862762451172,,30619555634574.992,4477.8109851391519,0.024062502471632507,1
sep-ipop,2,111014,1771,2387968,915.07392247517907,,76066041089622.078,3553.7597245625611,0.029160389232240926,1
sep-ipop,2,111014,1784,2414592,914.50839487711585,,149566170324877.91,4518.7595161550162,0.023198612380268352,1
sep-ipop,2,111014,1796,2439168,914.14379374186194,,291539662954477.69,4038.2849033979483,0.02466105518424358,1
sep-ipop,2,111014,1809,2465792,913.45189030965173,,532787278002063.56,4058.9981586181007,0.023147161356257911,1
sep-ipop,2,111014,1821,2490368,912.96631113688147,,1099659113237813.1,4656.3905428130865,0.024072190541489416,1
sep-ipop,2,111014,1833,2514944,912.39907073974609,,2302565154590920,4292.4940203345022,0.022884654739399119,1
sep-ipop,2,111014,1846,2541568,911.54580688476562,,5106505713126201,4284.9438231073764,0.023153949136388522,1
sep-ipop,2,111014,1858,2566144,911.1841710408529,,10871708242705374,5543.2859311552384,0.023727740077583308,1
sep-ipop,2,111014,1871,2592768,910.79767990112305,,21776321720160120,5068.0840253233473,0.022540912412550566,1
sep-ipop,2,111014,1883,2617344,910.3984044392904,,46194621177456288,5845.4270849252116,0.022377389014255025,1
sep-ipop,2,111014,1895,2641920,909.79932276407874,,88622322629061408,7585.3177526212667,0.021764245010837582,1
sep-ipop,2,111014,1908,2668544,909.33911259969079,,2.584878057377248e+17,10353.275469211034,0.026028530652073684,1
sep-ipop,2,111014,1920,2693120,909.02861658732093,,6.9793850390757453e+17,10641.446719539896,0.02704448680211179,1
sep-ipop,2,111014,1933,2719744,908.3397115071615,,1.8683451034960294e+18,8134.1773352607988,0.026254136186877001,1
sep-ipop,2,111014,1945,2744320,907.86176172892249,,4.9917272666930002e+18,8728.0988357252299,0.025935081540559717,1
sep-ipop,2,111014,1957,2768896,907.16684468587243,,1.1849808146845114e+19,7753.0825608704481,0.025286362625375518,1
sep-ipop,2,111014,1970,2795520,906.46638743082679,,2.443937509632258e+19,11294.657924291143,0.022672390195042181,1
sep-ipop,2,111014,1982,2820096,905.87520472208655,,5.4038145415113032e+19,8136.5446081324499,0.021923813596836646,1
sep-ipop,2,111014,1995,2846720,905.40107345581055,,2.158756669496514e+20,8376.362534555632,0.032147528065685702,1
sep-ipop,2,111014,2007,2871296,904.66919835408532,,5.9864705232247128e+20,6502.2382755534909,0.030158958675943218,1
sep-ipop,2,111014,2019,2895872,903.7278722127279,,1.3783981744887088e+21,6455.1722669860474,0.028507728469067118,1
sep-ipop,2,111014,2032,2922496,902.74907811482751,,3.5247450937966807e+21,6099.544734266542,0.025839584846217092,1
sep-ipop,2,111014,2044,2947072,901.93043390909827,,8.193426157154147e+21,6634.2558006184299,0.025962121427878588,1
sep-ipop,2,111014,2057,2973696,901.44258499145508,,1.9779129752653543e+22,5394.2880568435703,0.023676527967163949,1
sep-ipop,2,111014,2069,2998272,900.87319310506189,,4.8408821330564927e+22,6385.4803884117919,0.024082585654051542,1
sep-ipop,2,111014,2081,3022848,900.44740422566736,,1.2542620426008192e+23,6070.6298753094798,0.024731677907125969,1
sep-ipop,2,111014,2094,3049472,899.91425450642907,,2.9708752547037784e+23,5884.2623522282065,0.021367233762307456,1
sep-ipop,2,111014,2106,3074048,899.2369384765625,,7.7378316083204657e+23,8437.8123632657444,0.026152181584180076,1
sep-ipop,2,111014,2119,3100672,898.81901804606116,,2.0072908400732807e+24,6938.7120973547526,0.02391004892061175,1
sep-ipop,2,111014,2131,3125248,898.18245697021484,,4.8060460516955341e+24,8384.389491432712,0.026283016043541794,1
sep-ipop,2,111014,2143,3149824,897.46973927815759,,1.1761494412781912e+25,6165.0318935719815,0.023652571620936792,1
sep-ipop,2,111014,2156,3176448,896.88508860270179,,3.0483933302213553e+25,5799.3112934638284,0.024129498695537457,1
sep-ipop,2,111014,2168,3201024,896.613291422526,,7.3988918832327389e+25,5464.8585379475144,0.024301946274600004,1
sep-ipop,2,111014,2181,3227648,895.63268534342444,,2.1541949213947771e+26,5673.3941986253312,0.026193161812086262,1
sep-ipop,2,111014,2193,3252224,895.03804651896155,,6.1313895690436858e+26,7484.2005475799151,0.028838864593378838,1
sep-ipop,2,111014,2205,3276800,894.31744766235352,,1.4136710917342197e+27,7507.5294475812534,0.026773096535580233,1
sep-ipop,2,111014,2218,3303424,893.65034103393555,,3.3078426336612224e+27,5378.6219949269762,0.022540850724922602,1
sep-ipop,2,111014,2230,3328000,893.19031016031897,,7.299621786545115e+27,5837.874132187997,0.023480890678726263,1
sep-ipop,2,111014,2243,3354624,892.82507451375329,,1.587088574452329e+28,7021.9456039811384,0.024329722466339701,1
sep-ipop,2,111014,2255,3379200,892.29340744018555,,3.0972540650192315e+28,6669.1782372332418,0.023126448938749936,1
sep-ipop,2,111014,2267,3403776,892.00366083780921,,6.103518533005017e+28,5749.0327445821631,0.021242139124734973,1
sep-ipop,2,111014,2280,3430400,891.48088963826501,,1.1876501983614865e+29,5333.5891129498787,0.02028952089557727,1
sep-ipop,2,111014,2292,3454976,891.2135111490885,,2.4933989130560694e+29,5075.9482009489411,0.018586912324351945,1
sep-ipop,2,111014,2305,3481600,890.90182113647461,,5.1002509884164571e+29,6308.2970905048915,0.01952184367243558,1
sep-ipop,2,111014,2317,3506176,890.69068781534827,,9.8589248672846488e+29,6809.6041371434439,0.018201097943129831,1
sep-ipop,2,111014,2329,3530752,890.14758427937829,,2.05504352409541e+30,9020.3118454515879,0.020020581073275645,1
sep-ipop,2,111014,2342,3557376,890.1116841634115,,4.639257275665621e+30,9145.057276015661,0.020853275348213136,1
sep-ipop,2,111014,2354,3581952,889.77685419718421,,8.8804467026000878e+30,11578.093374191292,0.019810887554110264,1
sep-ipop,2,111014,2367,3608576,889.44015757242835,,1.8776798607826786e+31,19687.026007510296,0.018637733421427837,1
sep-ipop,2,111014,2379,3633152,889.19468943277991,,3.3270102802894928e+31,35530.343834327985,0.016536680081967868,1
sep-ipop,2,111014,2391,3657728,888.94658533732093,,5.7342967608888778e+31,40697.512091375829,0.015145232206292263,1
sep-ipop,2,111014,2404,3684352,888.62821960449219,,1.0988299573304532e+32,72106.60645932077,0.0149965821785261,1
sep-ipop,2,111014,2416,3708928,888.52143605550134,,1.8008919342767381e+32,84214.061896820669,0.014491910777659097,1
sep-ipop,2,111014,2429,3735552,888.31859461466468,,2.8784210418538863e+32,81273.846098134483,0.01260919291223528,1
sep-ipop,2,111014,2441,3760128,888.07695261637366,,5.0734700368576285e+32,62726.507343133548,0.01238008451833199,1
sep-ipop,2,111014,2453,3784704,888.01350784301758,,8.487124760585177e+32,92003.741650524331,0.013025743301234766,1
sep-ipop,2,111014,2466,3811328,887.80160013834632,,1.4996673235137259e+33,153678.97977740699,0.01322747603380162,1
sep-ipop,2,111014,2478,3835904,887.61098734537757,,2.5069113851537019e+33,153735.53041473296,0.011948352359534564,1
sep-ipop,2,111014,2491,3862528,887.54995218912757,,4.3084795322032381e+33,149386.48137300598,0.010908030311280775,1
sep-ipop,2,111014,2503,3887104,887.40432230631507,,7.1853403969847532e+33,207095.38979365019,0.010294535524396258,1
sep-ipop,2,111014,2515,3911680,887.23493321736657,,9.943753484285807e+33,329546.4611814681,0.010664719678221165,1
sep-ipop,2,111014,2528,3938304,887.13138198852539,,1.4242397679804162e+34,729292.81256457395,0.0092425660061192898,1
sep-ipop,2,111014,2540,3962880,887.07713445027673,,1.796498407405147e+34,1061839.8691825415,0.0075895285465482406,1
sep-ipop,2,111014,2553,3989504,886.98747380574548,,2.2351060310193509e+34,1101641.8820559727,0.0069680032705494964,1
sep-ipop,2,111014,2565,4014080,886.96876525878906,,2.6966594026821438e+34,738313.31759107835,0.0066239686446654842,1
sep-ipop,2,111014,2577,4038656,886.94240315755212,,3.6051519807721043e+34,1397841.6459120971,0.0071058507646543914,1
sep-ipop,2,111014,2590,4065280,886.88433583577478,,4.7588006485327113e+34,5219007.1765119657,0.0073056554609625549,1
sep-ipop,2,111014,2602,4089856,886.84115219116211,,6.0725205010082164e+34,7477487.1873423923,0.0059443473317321192,1
sep-ipop,2,111014,2615,4116480,886.83791097005212,,7.7206401255780135e+34,11362730.500751633,0.0061935780772708901,1
sep-ipop,2,111014,2627,4141056,886.83018239339196,,9.6765091204073569e+34,13290044.192867406,0.0067524053971152647,1
sep-ipop,2,111014,2639,4165632,886.82493718465173,,1.1122218927220951e+35,12565883.737644561,0.0067031389291891787,1
sep-ipop,2,111014,2652,4192256,886.81072235107422,,1.1699551624759682e+35,8605344.7018177286,0.0057561008495268127,1
sep-ipop,2,111014,2664,4216832,886.81072235107422,,1.8217140448090777e+35,9454819.237104781,0.0060768103214370378,1
sep-ipop,2,111014,2677,4243456,886.80700556437171,,2.6979651349207745e+35,12228383.967760615,0.0066003210308291692,1
sep-ipop,2,111014,2689,4268032,886.79706319173181,,3.5454330887214741e+35,54851800.117262788,0.0064215804695280472,1
sep-ipop,2,111014,2701,4292608,886.79290008544922,,4.5071815304077286e+35,366192401.75597906,0.0065415937303040855,1
sep-ipop,2,111014,2714,4319232,886.78656514485681,,7.4337469059391965e+35,436566052.3366496,0.0067716605677257038,1
sep-ipop,2,111014,2726,4343808,886.78379058837891,,1.154092144352347e+36,496708234.54589361,0.0064980619443501947,1
sep-ipop,2,111014,2739,4370432,886.78352483113611,,1.8021989470072481e+36,628832228.61248624,0.0064936920673577224,1
sep-ipop,2,111014,2751,4395008,886.78351338704431,,2.0649447513163911e+36,586336622.56653798,0.0056074528652728271,1
sep-ipop,2,111014,2764,4421632,886.78351338704431,,1.9775582620722934e+36,669334566.52083659,0.0046635201619524098,1
sep-ipop,2,111014,2776,4446208,886.78351338704431,,2.0930351065862034e+36,802276710.24621224,0.004155030231300246,1
sep-ipop,2,111014,2788,4470784,886.78351338704431,,1.9278056448966295e+36,850809450.37854421,0.003552988265114871,1
sep-ipop,2,111014,2801,4497408,886.78351338704431,,1.8610481955531041e+36,1055144148.8375514,0.0040384467660893389,1
sep-ipop,2,111014,2813,4521984,886.78351338704431,,1.8560444879426812e+36,933931158.83879542,0.0033496601034332064,1
sep-ipop,2,111014,2826,4548608,886.78351338704431,,1.7374383146765038e+36,1186908723.2303679,0.0037672944744198415,1
sep-ipop,2,111014,2838,4573184,886.78351338704431,,1.8244145845093284e+36,1085934679.8663218,0.0038524066571325572,1
sep-ipop,2,111014,2850,4597760,886.78351338704431,,1.7599036072969717e+36,944200276.81495023,0.0035008218793406935,1
sep-ipop,2,111014,2863,4624384,886.78351338704431,,1.691010580546852e+36,1139577768.3925822,0.0038674763930023905,1
sep-ipop,2,111014,2875,4648960,886.78351338704431,,1.6675857148948415e+36,1003286439.3997985,0.0032091012767808381,1
sep-ipop,2,111014,2882,4675584,886.78351338704431,,0.6783739244840068,8.2242573079132786,1.0682285781010308,2
sep-ipop,2,111014,2888,4700160,886.78351338704431,,0.84329445822554538,14.261981986641436,0.99274879580896902,2
sep-ipop,2,111014,2894,4724736,886.78351338704431,,1.0730913138288485,12.66754511346349,0.75696713887384925,2
sep-ipop,2,111014,2901,4753408,886.78351338704431,,1.3313365588804835,14.747557009403401,0.5526715640107237,2
sep-ipop,2,111014,2907,4777984,886.78351338704431,,1.4565057706353761,13.257401164909517,0.4002093271281445,2
sep-ipop,2,111014,2913,4802560,886.78351338704431,,1.8003977837400695,15.106770924245906,0.35673958330445277,2
sep-ipop,2,111014,2919,4827136,886.78351338704431,,2.3070162560137293,28.385411012305525,0.31567650509812384,2
sep-ipop,2,111014,2925,4851712,886.78351338704431,,2.9579545734085424,70.624483793870596,0.29568338261955296,2
sep-ipop,2,111014,2932,4880384,886.78351338704431,,4.3669919737715341,155.9881226740944,0.30948658637811122,2
sep-ipop,2,111014,2938,4904960,886.78351338704431,,6.2963968305487423,241.29446895283144,0.32024641924332942,2
sep-ipop,2,111014,2944,4929536,886.78351338704431,,8.8871759539929585,277.53542804678085,0.31895783003835176,2
sep-ipop,2,111014,2950,4954112,886.78351338704431,,12.342929671748337,317.9048664508922,0.30855329848840729,2
sep-ipop,2,111014,2956,4978688,886.78351338704431,,15.073233467650981,395.55094918162456,0.2799005177449283,2
sep-ipop,2,111014,2963,5007360,886.78351338704431,,18.53676900454445,1113.2601843158086,0.31147442987130897,2
sep-ipop,2,111014,2969,5031936,886.78351338704431,,22.178474886390077,1735.5113574188131,0.29860584245739474,2
sep-ipop,2,111014,2975,5056512,886.78351338704431,,30.684422850101623,1861.6222141448693,0.31593406279868613,2
sep-ipop,2,111014,2981,5081088,886.78351338704431,,42.200505373278915,1589.2092819452539,0.29481785674335281,2
sep-ipop,2,111014,2987,5105664,886.78351338704431,,56.874515944674911,1883.0872721857115,0.2876042544923294,2
sep-ipop,2,111014,2994,5134336,886.78351338704431,,79.129618049291992,2046.4740183332387,0.27168717648232371,2
sep-ipop,2,111014,3000,5158912,886.78351338704431,,102.28342412537494,3021.629016957691,0.25411985873354792,2
sep-ipop,2,111014,3006,5183488,886.78351338704431,,132.83254854558217,2677.5147958319858,0.25255140531151604,2
sep-ipop,2,111014,3012,5208064,886.78351338704431,,168.2199377651167,3437.1379900588295,0.25384955794332703,2
sep-ipop,2,111014,3018,5232640,886.78351338704431,,223.54295761126392,3507.4039462047908,0.27206722696959329,2
sep-ipop,2,111014,3025,5261312,886.78351338704431,,310.52062790050184,3893.0397263550994,0.26073444342350877,2
sep-ipop,2,111014,3031,5285888,886.78351338704431,,427.04322280750881,4171.3021797488409,0.26299211299202652,2
sep-ipop,2,111014,3037,5310464,886.78351338704431,,559.09250503844157,4752.1551667920776,0.24709791924985736,2
sep-ipop,2,111014,3043,5335040,886.78351338704431,,799.34019266128121,6185.3511202539066,0.26489787229192391,2
sep-ipop,2,111014,3049,5359616,886.78351338704431,,1231.7514020282567,6045.3623732419537,0.2779716464522729,2
sep-ipop,2,111014,3056,5388288,886.78351338704431,,1975.2572391086574,4088.5593640253037,0.26671265037635222,2
sep-ipop,2,111014,3062,5412864,886.78351338704431,,2922.2414244780484,4401.7990900893947,0.2688448521242825,2
sep-ipop,2,111014,3068,5437440,886.78351338704431,,4269.0289226427813,4126.4731286935312,0.28644675086342036,2
sep-ipop,2,111014,3074,5462016,886.78351338704431,,6502.1570462534946,4158.9755311428853,0.27863627662480833,2
sep-ipop,2,111014,3080,5486592,886.78351338704431,,9288.5458816880364,5108.7094666075845,0.2642936047303211,2
sep-ipop,2,111014,3087,5515264,886.78351338704431,,15051.172613549927,5261.390493988104,0.26627162198902915,2
sep-ipop,2,111014,3093,5539840,886.78351338704431,,21179.682437036507,5452.5408841304516,0.25972009840872629,2
sep-ipop,2,111014,3099,5564416,886.78351338704431,,30383.009622988742,6454.3364601360563,0.25528890703223056,2
sep-ipop,2,111014,3105,5588992,886.78351338704431,,42123.829608312473,8189.0498894724924,0.25307197759920597,2
sep-ipop,2,111014,3111,5613568,886.78351338704431,,60777.395928364662,11457.277545515659,0.24103260296004345,2
sep-ipop,2,111014,3118,5642240,886.78351338704431,,95397.13361892401,12554.182799533439,0.22157973499724892,2
sep-ipop,2,111014,3124,5666816,886.78351338704431,,144423.00448121395,10191.139042694324,0.19692717436873794,2
sep-ipop,2,111014,3130,5691392,886.78351338704431,,232255.29606677164,8356.5985774624623,0.17679786158946567,2
sep-ipop,2,111014,3136,5715968,886.78351338704431,,382800.56888119795,6963.3294150181946,0.15680256796744707,2
sep-ipop,2,111014,3142,5740544,886.78351338704431,,618121.88911470876,6963.4268757456093,0.15180680657781231,2
sep-ipop,2,111014,3149,5769216,886.78351338704431,,963757.62272047717,6915.6485660318831,0.12913078771261124,2
sep-ipop,2,111014,3155,5793792,886.78351338704431,,1433928.1990215434,7604.2261055422032,0.110683377447665,2
sep-ipop,2,111014,3161,5818368,886.78351338704431,,1964340.7881311646,8844.8586949623077,0.096534463082179903,2
sep-ipop,2,111014,3167,5842944,886.78351338704431,,2882981.2550548031,8769.3429501622013,0.08852454967401556,2
sep-ipop,2,111014,3173,5867520,886.78351338704431,,3883297.2695301543,10386.878165808097,0.080843946753677107,2
sep-ipop,2,111014,3180,5896192,886.78351338704431,,5793011.9501015404,10436.260600701717,0.07232698659166914,2
sep-ipop,2,111014,3186,5920768,886.78351338704431,,8270675.9828601405,10635.805939069245,0.069898293764172517,2
sep-ipop,2,111014,3192,5945344,886.78351338704431,,11668410.64416199,10523.036609258215,0.066677967956804474,2
sep-ipop,2,111014,3198,5969920,886.78351338704431,,18216418.169817522,9884.5372931282946,0.073806116440529645,2
sep-ipop,2,111014,3204,5994496,886.78351338704431,,29231860.753473129,12572.813514887994,0.077840273858840625,2
sep-ipop,2,111014,3211,6023168,886.78351338704431,,49097298.313919693,10175.893179053261,0.0791554293725657,2
sep-ipop,2,111014,3217,6047744,886.78351338704431,,71335303.854635701,11260.241183145434,0.070698386797174759,2
sep-ipop,2,111014,3223,6072320,886.78351338704431,,100217646.25979048,11488.829235896939,0.064382055827631582,2
sep-ipop,2,111014,3229,6096896,886.78351338704431,,137638225.672925,13043.55724455336,0.059262065833717105,2
sep-ipop,2,111014,3235,6121472,886.78351338704431,,193711880.28660884,12062.86678786393,0.052232331484172272,2
sep-ipop,2,111014,3242,6150144,886.78351338704431,,279823837.42939925,13330.226499202394,0.049124777616830678,2
sep-ipop,2,111014,3248,6174720,886.78351338704431,,380913204.49449569,15718.929968446482,0.045563717643234317,2
sep-ipop,2,111014,3254,6199296,886.78351338704431,,506249528.11876869,15088.873624059757,0.03800440335308447,2
sep-ipop,2,111014,3260,6223872,886.78351338704431,,669080142.26365006,16403.527851390998,0.037532556154842044,2
sep-ipop,2,111014,3266,6248448,886.78351338704431,,857739814.37871742,19746.181758881587,0.035314454841007627,2
sep-ipop,2,111014,3273,6277120,886.78351338704431,,1077726544.8247995,15783.205696232628,0.027221920933466037,2
sep-ipop,2,111014,3279,6301696,886.78351338704431,,1305220312.2463508,20668.541400413116,0.024668652814539248,2
sep-ipop,2,111014,3285,6326272,886.78351338704431,,1597310287.7221582,19722.360906902817,0.022682953007045679,2
sep-ipop,2,111014,3291,6350848,886.78351338704431,,1876766937.1356142,16728.009896899654,0.019588496750438108,2
sep-ipop,2,111014,3297,6375424,886.78351338704431,,2234058661.578115,15970.994790300683,0.020579123385352078,2
sep-ipop,2,111014,3304,6404096,886.78351338704431,,2829885138.137466,17939.014862541757,0.019763072412868093,2
sep-ipop,2,111014,3310,6428672,886.78351338704431,,3399634573.9846449,23661.266900566523,0.018040937124055901,2
sep-ipop,2,111014,3316,6453248,886.78351338704431,,4032892225.679985,53119.728287286744,0.016917181897265751,2
sep-ipop,2,111014,3322,6477824,886.78351338704431,,4660447210.276597,107996.02246058857,0.015469519682127994,2
sep-ipop,2,111014,3328,6502400,886.78351338704431,,5466522273.9490461,159547.39043580336,0.015022324947729959,2
sep-ipop-w60,2,111014,1,1024,12126.797294616699,,0.2891343683415708,7.3938741805077015,0.14738752727166407,0
sep-ipop-w60,2,111014,5,5120,1848.207327524821,,0.81103903269399857,51.717600242799172,0.80047603208567886,0
sep-ipop-w60,2,111014,10,10240,1714.1301434834797,,1.1816636718171103,93.510423772793004,1.1625944521289824,0
sep-ipop-w60,2,111014,20,20480,1709.015515645345,,1.9774715614009941,8.9380158122172073,0.36619332201438937,0
sep-ipop-w60,2,111014,25,25600,1605.4717114766438,,2.3595362503986648,8.0720452743211695,0.32483677118617699,0
sep-ipop-w60,2,111014,40,40960,1519.9326502482097,,4.098636586544222,76.42014149164595,0.27402531316366796,0
sep-ipop-w60,2,111014,50,51200,1438.7273775736492,,6.745174109587488,113.80166882274857,0.27202195515594207,0
sep-ipop-w60,2,111014,75,76800,1370.4038709004719,,13.637134292311844,1432.6807885974981,0.24326480218260704,0
sep-ipop-w60,2,111014,80,81920,1360.0693257649739,,18.614308131153923,3260.4331926462528,0.30476074536031195,0
sep-ipop-w60,2,111014,100,102400,1333.7239036560059,,41.402294601798971,9562.9718293215628,0.22985568584955129,0
sep-ipop-w60,2,111014,125,128000,1321.9084409077961,,106.1103880509271,35817.903940192366,0.22075110003351639,0
sep-ipop-w60,2,111014,149,152576,1309.6248715718586,,328.92178598710825,49783.337445964899,0.25001812379757987,0
sep-ipop-w60,2,111014,160,163840,1301.2039337158203,,609.05858709344591,50635.882998099405,0.23247264488788952,0
sep-ipop-w60,2,111014,174,178176,1291.0332387288411,,1587.4724909075933,26576.124872494642,0.2521418216980531,0
sep-ipop-w60,2,111014,199,203776,1274.5068626403809,,5487.0139060670172,23965.024545892837,0.22244125825702288,0
sep-ipop-w60,2,111014,224,229376,1262.3543039957683,,24317.456070361572,18601.273925288875,0.20173873310971077,0
sep-ipop-w60,2,111014,249,254976,1249.2696304321289,,187805.06536721715,8512.5643827238437,0.25876447797364149,0
sep-ipop-w60,2,111014,255,261120,1245.0871556599934,,250834.92621367614,9068.3231777631663,0.20047845316669513,0
sep-ipop-w60,2,111014,273,279552,1234.3548355102539,,578599.06598823087,24939.390247166833,0.15900450572619204,0
sep-ipop-w60,2,111014,298,305152,1226.0765711466472,,2192108.7903688606,22186.466175604382,0.13562213627776626,0
sep-ipop-w60,2,111014,323,330752,1219.1996637980144,,7763328.7823747545,10437.735925205478,0.073079183732149805,0
sep-ipop-w60,2,111014,348,356352,1215.8620274861653,,31211454.67623768,9883.0769729014155,0.057585519120440923,0
sep-ipop-w60,2,111014,373,381952,1213.0603535970051,,216798201.40920845,5915.2806410955636,0.078714476073659168,0
sep-ipop-w60,2,111014,397,406528,1197.148946126302,,2947086824.1103535,7384.2847596524234,0.18056191695513138,0
sep-ipop-w60,2,111014,422,432128,1161.5267028808594,,19334585108.224651,6479.8598308169212,0.15545726620924732,0
sep-ipop-w60,2,111014,447,457728,1148.1605072021484,,70689481609.943985,10334.123465188557,0.098543577087048584,0
sep-ipop-w60,2,111014,472,483328,1140.151252746582,,382689598206.57446,8851.089858127445,0.098949636089323542,0
sep-ipop-w60,2,111014,497,508928,1131.7116292317708,,1736259125101.9888,11824.550685662978,0.090993685226193749,0
sep-ipop-w60,2,111014,521,533504,1123.5537974039714,,4925490260356.0605,11488.722325852314,0.057763645784061853,0
sep-ipop-w60,2,111014,546,559104,1120.2620557149251,,7567045690405.8027,14117.582812498966,0.038149015642173899,0
sep-ipop-w60,2,111014,571,584704,1118.4010391235352,,12923940321559.25,33864.675410629301,0.030848524452688746,0
sep-ipop-w60,2,111014,596,610304,1117.4240392049153,,32424958677320.379,79012.31638945693,0.027334180877735193,0
sep-ipop-w60,2,111014,621,635904,1116.9288215637207,,140460689239522.38,100026.63372089084,0.026043182385295103,0
sep-ipop-w60,2,111014,645,660480,1116.3562647501628,,430976813168926.12,87177.929273616901,0.019321653327876689,0
sep-ipop-w60,2,111014,670,686080,1115.8882001241047,,916187285020832.38,604263.57019941288,0.01687816688431126,0
sep-ipop-w60,2,111014,695,711680,1115.6751289367676,,1751680532202065.8,1705556.7907079735,0.0088023609921384707,0
sep-ipop-w60,2,111014,720,737280,1115.5854746500652,,4086319056976647.5,3222771.5742486021,0.0080615982756278553,0
sep-ipop-w60,2,111014,745,762880,1115.491247812907,,10915010911631666,3969079.5626615612,0.0069272495139509832,0
sep-ipop-w60,2,111014,769,787456,1115.4247194925945,,29748027689990868,4831239.5762901893,0.0068814084846209158,0
sep-ipop-w60,2,111014,794,813056,1115.3512140909831,,91905921675246592,6193715.4884396745,0.0082205259419146446,0
sep-ipop-w60,2,111014,819,838656,1115.2763061523438,,3.3404026688267507e+17,15600976.266591055,0.0072506220035781204,0
sep-ipop-w60,2,111014,844,864256,1115.2055791219075,,1.2606349574177743e+18,11524517.145596722,0.0087311553359228286,0
sep-ipop-w60,2,111014,869,889856,1115.1175715128581,,4.5339396156229443e+18,19512514.771159653,0.0083568890092672321,0
sep-ipop-w60,2,111014,893,914432,1115.0486424763997,,1.4981183835529095e+19,13784546.095978206,0.0074128292539139985,0
sep-ipop-w60,2,111014,918,940032,1114.9661204020183,,4.8979567355989074e+19,12403983.254709717,0.0080769640642548678,0
sep-ipop-w60,2,111014,943,965632,1114.9165585835774,,1.5585832166491918e+20,18997268.036814131,0.0071744999901050821,0
sep-ipop-w60,2,111014,968,991232,1114.8587290445964,,4.4191699252914625e+20,42429979.845450588,0.0073889330036739208,0
sep-ipop-w60,2,111014,993,1016832,1114.8355865478516,,7.4492040854326359e+20,80691150.369754121,0.0056976187113063556,0
sep-ipop-w60,2,111014,1017,1041408,1114.8217748006184,,9.8923333233317013e+20,45130734.552096933,0.0036611449147210102,0
sep-ipop-w60,2,111014,1042,1067008,1114.8037923177083,,1.3454287757881138e+21,25951092.166644376,0.0035286796420182088,0
sep-ipop-w60,2,111014,1067,1092608,1114.8008524576824,,1.7088815797647384e+21,604980420.71169209,0.0033235963687117632,0
sep-ipop-w60,2,111014,1092,1118208,1114.7998809814453,,3.4206181815949648e+21,1060357795.4853055,0.003986209874111496,0
sep-ipop-w60,2,111014,1117,1143808,1114.7998809814453,,5.0352781159654448e+21,850103720.70808792,0.0030997925834616931,0
sep-ipop-w60,2,111014,1142,1169408,1114.7998809814453,,4.7002058707563043e+21,1466666996.8032401,0.0030291104726976599,0
sep-ipop-w60,2,111014,1155,1193984,1114.7998809814453,,0.7241082846774789,16.914404138507255,1.0009005741743466,1
sep-ipop-w60,2,111014,1168,1220608,1114.7998809814453,,1.0770987422308882,12.13927043209531,0.545946645800654,1
sep-ipop-w60,2,111014,1180,1245184,1114.7998809814453,,1.3420136131271012,13.360558179012818,0.3662995936657904,1
sep-ipop-w60,2,111014,1193,1271808,1114.7998809814453,,2.2927621256920534,59.636671093556686,0.33589525334570197,1
sep-ipop-w60,2,111014,1205,1296384,1114.7998809814453,,4.8143352012157363,168.61009442468728,0.33570167821356456,1
sep-ipop-w60,2,111014,1217,1320960,1114.7998809814453,,8.5430169940326568,960.72925527424161,0.26869919014788524,1
sep-ipop-w60,2,111014,1230,1347584,1114.7998809814453,,14.359920953399971,2329.3962912860952,0.24901678476989347,1
sep-ipop-w60,2,111014,1242,1372160,1114.7998809814453,,22.785447723515524,3319.7746666465696,0.25005639545134878,1
sep-ipop-w60,2,111014,1255,1398784,1114.7998809814453,,43.490301859186339,5986.9207731580354,0.24270185732443789,1
sep-ipop-w60,2,111014,1267,1423360,1114.7998809814453,,74.995986815976948,7894.8107128444672,0.22323447335752281,1
sep-ipop-w60,2,111014,1279,1447936,1114.7998809814453,,134.70082089799561,10535.994225694783,0.25420587539164657,1
sep-ipop-w60,2,111014,1292,1474560,1114.7998809814453,,287.01290480896739,9171.5379645162575,0.2801087550601904,1
sep-ipop-w60,2,111014,1304,1499136,1114.7998809814453,,623.63878222070855,5408.5282004442233,0.29291819698952998,1
sep-ipop-w60,2,111014,1317,1525760,1114.7998809814453,,1445.0727205721028,3243.3854979119606,0.28944888434240851,1
sep-ipop-w60,2,111014,1329,1550336,1114.7998809814453,,2870.5349242118714,3043.6894762244442,0.29581755960401118,1
sep-ipop-w60,2,111014,1341,1574912,1114.7998809814453,,5425.9048558113309,2489.0119198863727,0.27882749265722345,1
sep-ipop-w60,2,111014,1354,1601536,1114.7998809814453,,9139.9321497670808,3869.4479831560607,0.28762168135197591,1
sep-ipop-w60,2,111014,1366,1626112,1114.7998809814453,,17067.444067227771,4767.8975778673439,0.29603323463502113,1
sep-ipop-w60,2,111014,1379,1652736,1114.7998809814453,,34392.722494369824,2968.5618898129578,0.26825680247075845,1
sep-ipop-w60,2,111014,1391,1677312,1114.7998809814453,,64717.70936320164,4410.4549769242976,0.27277024101085751,1
sep-ipop-w60,2,111014,1403,1701888,1114.7998809814453,,145633.07105343978,5571.5626179205728,0.29629832096379821,1
sep-ipop-w60,2,111014,1416,1728512,1114.7998809814453,,330124.5550111389,7499.7390858066665,0.30657355319176294,1
sep-ipop-w60,2,111014,1428,1753088,1114.7998809814453,,710362.8129103001,6996.4927361406017,0.27432085867094114,1
sep-ipop-w60,2,111014,1441,1779712,1114.7998809814453,,1855831.3532573117,6850.8109321513648,0.27937168999897488,1
sep-ipop-w60,2,111014,1453,1804288,1114.7998809814453,,3892723.7414600379,5791.0298478715049,0.2608972083463289,1
sep-ipop-w60,2,111014,1465,1828864,1114.7998809814453,,8186509.2422155887,7735.9133761571156,0.2785386667991897,1
sep-ipop-w60,2,111014,1478,1855488,1107.6738637288411,,22065848.913002755,7656.6949857381624,0.2746896762038486,1
sep-ipop-w60,2,111014,1490,1880064,1095.773006439209,,50585444.574593827,9171.0727867374062,0.26752055135731229,1
sep-ipop-w60,2,111014,1503,1906688,1068.7278912862141,,138199409.95330885,7836.2010512503948,0.2892096016834883,1
sep-ipop-w60,2,111014,1515,1931264,1041.646598815918,,283631441.98735702,5182.0247091525043,0.27707630942094019,1
sep-ipop-w60,2,111014,1527,1955840,1019.0548756917318,,627851578.99988043,3944.7021829616756,0.27588094654894285,1
sep-ipop-w60,2,111014,1540,1982464,995.86047744750977,,1501401530.8407674,4666.7255576581692,0.27553806491615523,1
sep-ipop-w60,2,111014,1552,2007040,978.70579401652014,,3620874034.8257375,4913.0826046263701,0.27379254844272638,1
sep-ipop-w60,2,111014,1565,2033664,966.850575764974,,8374155359.5979595,7060.4183502009528,0.27207420489102518,1
sep-ipop-w60,2,111014,1577,2058240,961.54777018229163,,18720128720.017216,11037.716266329817,0.27608149981983909,1
sep-ipop-w60,2,111014,1589,2082816,953.04643376668298,,37038617446.330536,15177.787034162153,0.26351572591582001,1
sep-ipop-w60,2,111014,1602,2109440,948.72061793009436,,85726480093.380615,23581.891095640705,0.25146004967562885,1
sep-ipop-w60,2,111014,1614,2134016,944.37132008870446,,193775493762.78201,31182.734645444903,0.2406131723142286,1
sep-ipop-w60,2,111014,1627,2160640,938.92990875244141,,424591926463.08722,46292.965019312163,0.25186442468537218,1
sep-ipop-w60,2,111014,1639,2185216,938.92990875244141,,830902348075.18481,71392.069517246055,0.23061647309679958,1
sep-ipop-w60,2,111014,1652,2211840,932.42972437540686,,2150990233289.4883,73636.201038825428,0.25583968176653371,1
sep-ipop-w60,2,111014,1664,2236416,929.68662134806311,,4598359291313.2295,16912.14920159971,0.14961953268249922,1
sep-ipop-w60,2,111014,1676,2260992,926.5784912109375,,12261636250155.594,12771.509006242135,0.12634145093434668,1
sep-ipop-w60,2,111014,1689,2287616,923.18997828165686,,28656905842726.883,9747.0054802502182,0.1007033493265837,1
sep-ipop-w60,2,111014,1701,2312192,920.94724655151367,,59373982842434.453,12953.596161128775,0.081455132105661923,1
sep-ipop-w60,2,111014,1714,2338816,918.82340240478516,,139793219130249.61,10129.710625035363,0.070804355393440238,1
sep-ipop-w60,2,111014,1726,2363392,917.33672205607093,,310268270702725.5,11085.685565840391,0.064305737456395243,1
sep-ipop-w60,2,111014,1738,2387968,915.85467274983728,,765183326500967.62,6848.6788838383954,0.058390576827203021,1
sep-ipop-w60,2,111014,1751,2414592,914.95025507609046,,1806795338207573.2,8590.4758629231037,0.058080675168109941,1
sep-ipop-w60,2,111014,1763,2439168,914.11108652750647,,4360893368983731,11159.828761954084,0.063751227659562829,1
sep-ipop-w60,2,111014,1776,2465792,912.99640528360999,,10322110489573306,10703.1613592751,0.055849070549109744,1
sep-ipop-w60,2,111014,1788,2490368,912.05328623453772,,21360561232984248,11754.79287701917,0.050652729647969574,1
sep-ipop-w60,2,111014,1800,2514944,911.09977467854821,,40387452971279536,12041.672541723445,0.043171853879563862,1
sep-ipop-w60,2,111014,1813,2541568,910.11558532714844,,78768124907961840,18803.480759109156,0.044901139709879474,1
sep-ipop-w60,2,111014,1825,2566144,909.49845377604163,,1.4835865186852512e+17,25526.722144932621,0.043414878912282781,1
sep-ipop-w60,2,111014,1838,2592768,909.13997904459632,,2.5263964239554477e+17,33335.040133635077,0.038958465645512405,1
sep-ipop-w60,2,111014,1850,2617344,908.74586868286133,,4.3014700613248627e+17,43579.698157292012,0.03910279781372504,1
sep-ipop-w60,2,111014,1862,2641920,908.21586481730139,,7.8156897157892262e+17,38269.042797465438,0.03505328536199278,1
sep-ipop-w60,2,111014,1875,2668544,907.76886113484704,,1.3717577597717745e+18,37438.330480770099,0.033109895563124846,1
sep-ipop-w60,2,111014,1887,2693120,907.35805765787757,,2.7425283398024837e+18,50014.447646433138,0.039942752683298284,1
sep-ipop-w60,2,111014,1900,2719744,906.93068059285486,,6.0340709744231188e+18,51765.738257589503,0.041960328610686159,1
sep-ipop-w60,2,111014,1912,2744320,906.56027221679688,,1.5968724969541698e+19,41654.086087025076,0.043975766847990788,1
sep-ipop-w60,2,111014,1924,2768896,905.88690567016602,,3.4373917935550833e+19,42490.51341524579,0.04200448977270467,1
sep-ipop-w60,2,111014,1937,2795520,905.25739288330078,,1.0187156263682069e+20,30963.256610083579,0.049707771521473876,1
sep-ipop-w60,2,111014,1949,2820096,904.08641306559241,,2.6568675946046004e+20,32029.025959703951,0.054470168068289165,1
sep-ipop-w60,2,111014,1962,2846720,900.43517303466797,,1.0498493334623631e+21,25033.335410120169,0.080104451480718875,1
sep-ipop-w60,2,111014,1974,2871296,897.07472991943359,,1.1142182085884717e+21,30077.698792389267,0.034613651556885394,1
sep-ipop-w60,2,111014,1986,2895872,896.25438563028968,,1.3645524578595575e+21,41014.621425660269,0.026167724865946356,1
sep-ipop-w60,2,111014,1999,2922496,895.53397496541345,,1.7632608818874559e+21,34950.03146523716,0.019185371721958517,1
sep-ipop-w60,2,111014,2011,2947072,895.00358072916663,,2.3104477122264275e+21,61402.7804749098,0.016687222935759805,1
sep-ipop-w60,2,111014,2024,2973696,894.67986679077148,,3.3034484389142929e+21,70069.301561016269,0.012718448094863784,1
sep-ipop-w60,2,111014,2036,2998272,894.50630442301429,,4.5355949727752263e+21,113766.47675517721,0.010813877927153562,1
sep-ipop-w60,2,111014,2048,3022848,894.36548741658532,,6.1533937789278387e+21,109813.94450255088,0.0075430828284482462,1
sep-ipop-w60,2,111014,2061,3049472,894.22375996907556,,8.1600711337938036e+21,180646.00634403442,0.0074668559227399076,1
sep-ipop-w60,2,111014,2073,3074048,894.0933837890625,,1.0500300874118903e+22,281050.22039610549,0.0071896476340414534,1
sep-ipop-w60,2,111014,2086,3100672,894.03593699137366,,1.3790652958159426e+22,177543.04703338639,0.0034859887595567211,1
sep-ipop-w60,2,111014,2098,3125248,893.92607752482093,,1.8058241099641878e+22,319885.06816306949,0.0033151840913354528,1
sep-ipop-w60,2,111014,2110,3149824,893.88397979736328,,2.4237803924131643e+22,559575.33771561552,0.0037818607163191209,1
sep-ipop-w60,2,111014,2123,3176448,893.82658259073889,,3.5825313285368145e+22,710252.1486997098,0.0041975058136514472,1
sep-ipop-w60,2,111014,2135,3201024,893.76768493652344,,4.4943204829490397e+22,604849.46897657507,0.003372877071116664,1
sep-ipop-w60,2,111014,2148,3227648,893.7369486490885,,5.604318963107354e+22,939976.44890062429,0.0035919659120730806,1
sep-ipop-w60,2,111014,2160,3252224,893.70303344726562,,6.8329322730523325e+22,5892398.1351300254,0.0033552547344629304,1
sep-ipop-w60,2,111014,2172,3276800,893.6009407043457,,8.9448116898634119e+22,10987223.448034752,0.0033207273375329667,1
sep-ipop-w60,2,111014,2185,3303424,893.5910860697428,,1.0669629113969437e+23,22791074.02759362,0.0034552399410251429,1
sep-ipop-w60,2,111014,2197,3328000,893.5910860697428,,1.2236021603625427e+23,25168785.711050976,0.0034927346308837978,1
sep-ipop-w60,2,111014,2210,3354624,893.5910860697428,,1.424018571209448e+23,20448957.900706254,0.0029709616781554236,1
sep-ipop-w60,2,111014,2222,3379200,893.55891672770179,,1.9416052576351461e+23,37479557.385774381,0.0037522275459245281,1
sep-ipop-w60,2,111014,2234,3403776,893.55228424072266,,2.9706419778761712e+23,32781229.539026719,0.0034719807517722724,1
sep-ipop-w60,2,111014,2247,3430400,893.53650029500329,,5.1530872429735324e+23,54293895.625468597,0.0036898435735710569,1
sep-ipop-w60,2,111014,2259,3454976,893.5328254699707,,8.5992172564037708e+23,111898313.35557367,0.0040069017945673488,1
sep-ipop-w60,2,111014,2272,3481600,893.52452087402344,,1.2584612954944318e+24,112016637.12806852,0.003792833808131793,1
sep-ipop-w60,2,111014,2284,3506176,893.52230962117517,,2.3145138582760845e+24,103098477.72016263,0.0049716296460893096,1
sep-ipop-w60,2,111014,2296,3530752,893.51667531331384,,3.1662833331589642e+24,68141335.835910469,0.0032367167779875756,1
sep-ipop-w60,2,111014,2309,3557376,893.51476287841797,,5.4804242611759828e+24,91336036.509342089,0.0037294578828061279,1
sep-ipop-w60,2,111014,2321,3581952,893.51293309529626,,8.910742268393539e+24,77963183.074307784,0.0035368334514656145,1
sep-ipop-w60,2,111014,2334,3608576,893.51074727376306,,1.2304665277502058e+25,123486946.89679331,0.0030982653552628983,1
sep-ipop-w60,2,111014,2346,3633152,893.51049550374353,,1.9926584517820606e+25,246362844.36270791,0.0038906857927661249,1
sep-ipop-w60,2,111014,2358,3657728,893.4931640625,,3.6217065190551851e+25,158482624.14089268,0.0042185059385583283,1
sep-ipop-w60,2,111014,2371,3684352,893.49309158325195,,4.375280889096102e+25,123690276.8081256,0.0029290525580715613,1
sep-ipop-w60,2,111014,2383,3708928,893.49309158325195,,4.2358947548960249e+25,211567095.56276774,0.0028770806401450053,1
sep-ipop-w60,2,111014,2396,3735552,893.49309158325195,,4.1298856309749195e+25,184960333.47789437,0.0024182057203156627,1
sep-ipop-w60,2,111014,2408,3760128,893.49309158325195,,4.1721654391749214e+25,253429895.11926839,0.0025405659687151743,1
sep-ipop-w60,2,111014,2420,3786752,893.49309158325195,,0.38767771136006302,1.5772697433731266,0.44457969284783921,2
sep-ipop-w60,2,111014,2426,3811328,893.49309158325195,,0.75381430473628819,7.8563825091532324,0.85765402683688274,2
sep-ipop-w60,2,111014,2432,3835904,893.49309158325195,,0.95542437633173116,14.032357752392748,0.7901522526256437,2
sep-ipop-w60,2,111014,2439,3864576,893.49309158325195,,1.1344709417161911,12.337017928529376,0.54348181638957593,2
sep-ipop-w60,2,111014,2445,3889152,893.49309158325195,,1.2716091941311436,11.729239679631188,0.43043051944776117,2
sep-ipop-w60,2,111014,2451,3913728,893.49309158325195,,1.5422907554434873,10.96527247927081,0.36813129340778961,2
sep-ipop-w60,2,111014,2457,3938304,893.49309158325195,,1.9109301239700285,26.634648415659399,0.32992075409141991,2
sep-ipop-w60,2,111014,2463,3962880,893.49309158325195,,2.750307863729597,72.492617867886224,0.33865564545651616,2
sep-ipop-w60,2,111014,2470,3991552,893.49309158325195,,4.2723888370566083,177.35809333481745,0.32447353339339779,2
sep-ipop-w60,2,111014,2476,4016128,893.49309158325195,,6.0863994663352656,254.44846138557537,0.32517659371949126,2
sep-ipop-w60,2,111014,2482,4040704,893.49309158325195,,8.6981470474867351,246.66184680627538,0.30825931343956681,2
sep-ipop-w60,2,111014,2488,4065280,893.49309158325195,,11.484215481881831,304.51996075248064,0.30017244259476844,2
sep-ipop-w60,2,111014,2494,4089856,893.49309158325195,,13.324435636831241,744.75902711397816,0.28758378389756822,2
sep-ipop-w60,2,111014,2501,4118528,893.49309158325195,,16.442326061827131,1285.7217110342337,0.3012829289462744,2
sep-ipop-w60,2,111014,2507,4143104,893.49309158325195,,19.159682119146726,2363.2563221853757,0.30005090840421444,2
sep-ipop-w60,2,111014,2513,4167680,893.49309158325195,,25.147453355734804,2655.4177534498181,0.33019038495897046,2
sep-ipop-w60,2,111014,2519,4192256,893.49309158325195,,36.837051657340844,2092.4924643806044,0.32743085138733169,2
sep-ipop-w60,2,111014,2525,4216832,893.49309158325195,,49.946541687813713,1728.0536098534933,0.29962881482542686,2
sep-ipop-w60,2,111014,2532,4245504,893.49309158325195,,64.342560203561021,2335.1701201168466,0.29124857077481708,2
sep-ipop-w60,2,111014,2538,4270080,893.49309158325195,,76.415847848337819,3158.2913480242432,0.27687616844364638,2
sep-ipop-w60,2,111014,2544,4294656,893.49309158325195,,114.58371773992226,2868.0683299603111,0.299682826788156,2
sep-ipop-w60,2,111014,2550,4319232,893.49309158325195,,167.85006582456575,2616.6973092075928,0.28794363298816245,2
sep-ipop-w60,2,111014,2556,4343808,893.49309158325195,,213.61701156569694,3122.6530420860609,0.26961536415923176,2
sep-ipop-w60,2,111014,2563,4372480,893.49309158325195,,310.94541007121052,3224.9033430048735,0.27887347797469408,2
sep-ipop-w60,2,111014,2569,4397056,893.49309158325195,,432.8761608876863,3910.1037704975502,0.28132333242933533,2
sep-ipop-w60,2,111014,2575,4421632,893.49309158325195,,576.54392061804697,4928.437763343718,0.27651359814768273,2
sep-ipop-w60,2,111014,2581,4446208,893.49309158325195,,753.53117991714771,6969.5563555510462,0.26019606377573196,2
sep-ipop-w60,2,111014,2587,4470784,893.49309158325195,,1044.4054842042951,8371.0403095739057,0.26814101126971529,2
sep-ipop-w60,2,111014,2594,4499456,893.49309158325195,,1596.287313884895,7259.7070068235043,0.26736266200679371,2
sep-ipop-w60,2,111014,2600,4524032,893.49309158325195,,2327.3901666435677,6293.1548887099216,0.27316568124486945,2
sep-ipop-w60,2,111014,2606,4548608,893.49309158325195,,3550.2337489973497,5179.9925902610612,0.29792388976475132,2
sep-ipop-w60,2,111014,2612,4573184,893.49309158325195,,5933.3381844951982,3682.2979570897273,0.30308695384729034,2
sep-ipop-w60,2,111014,2618,4597760,893.49309158325195,,8924.3684481388973,3670.7191579671839,0.27914592695389095,2
sep-ipop-w60,2,111014,2625,4626432,893.49309158325195,,14222.173951238667,4519.182218989039,0.28727255501309346,2
sep-ipop-w60,2,111014,2631,4651008,893.49309158325195,,20411.230727357208,6993.0937943260224,0.28282685509009703,2
sep-ipop-w60,2,111014,2637,4675584,893.49309158325195,,29847.033805954743,9593.003627606844,0.27527527893594084,2
sep-ipop-w60,2,111014,2643,4700160,893.49309158325195,,42130.835167426078,12491.610421722282,0.26744384643342489,2
sep-ipop-w60,2,111014,2649,4724736,893.49309158325195,,58358.872774877862,14381.154055992654,0.26881298501859757,2
sep-ipop-w60,2,111014,2656,4753408,893.49309158325195,,83530.645568762629,18384.949086445933,0.26072281372061518,2
sep-ipop-w60,2,111014,2662,4777984,893.49309158325195,,111196.28938260015,23984.179200844555,0.25268347518034928,2
sep-ipop-w60,2,111014,2668,4802560,893.49309158325195,,153703.62290121327,29302.716923002346,0.26366567894214604,2
sep-ipop-w60,2,111014,2674,4827136,893.49309158325195,,219107.35195490831,29295.873903539752,0.2594338419259653,2
sep-ipop-w60,2,111014,2680,4851712,893.49309158325195,,342638.06411120493,26514.46958945677,0.27335815525450263,2
sep-ipop-w60,2,111014,2687,4880384,893.49309158325195,,584000.54882997216,20919.307666932371,0.27671033721729199,2
sep-ipop-w60,2,111014,2693,4904960,893.49309158325195,,825775.52308744111,20956.498429911833,0.26810089305114798,2
sep-ipop-w60,2,111014,2699,4929536,893.49309158325195,,1242036.3967810425,19159.772788339666,0.27128350576129628,2
sep-ipop-w60,2,111014,2705,4954112,893.49309158325195,,1728878.2109595381,18608.588437097485,0.26485640375031205,2
sep-ipop-w60,2,111014,2711,4978688,893.49309158325195,,2519544.0641608494,19068.5220920586,0.26171296771066471,2
sep-ipop-w60,2,111014,2718,5007360,893.49309158325195,,4246345.954679653,19287.196852517249,0.2756120641809795,2
sep-ipop-w60,2,111014,2724,5031936,893.49309158325195,,6106186.279661309,18785.96954364812,0.26295018793396358,2
sep-ipop-w60,2,111014,2730,5056512,893.49309158325195,,9647364.8110544011,20032.67569658369,0.27553372141539151,2
sep-ipop-w60,2,111014,2736,5081088,893.49309158325195,,15878915.043422818,18084.922169655463,0.27612064931992125,2
sep-ipop-w60,2,111014,2742,5105664,893.49309158325195,,24867385.745218158,15392.037737468656,0.26711199573589189,2
sep-ipop-w60,2,111014,2749,5134336,893.49309158325195,,42520502.020296648,14871.340143640047,0.26634023326318862,2
sep-ipop-w60,2,111014,2755,5158912,893.49309158325195,,60739757.333635554,17952.628953406555,0.25389296214953605,2
sep-ipop-w60,2,111014,2761,5183488,893.49309158325195,,87363196.797602281,25706.570664140414,0.26017091033784578,2
sep-ipop-w60,2,111014,2767,5208064,893.49309158325195,,130234604.60291293,28715.606458066573,0.25362073448495381,2
sep-ipop-w60,2,111014,2773,5232640,893.49309158325195,,186979293.65149662,34195.286700941644,0.25457224459584749,2
sep-ipop-w60,2,111014,2780,5261312,893.49309158325195,,288850200.05485219,39770.939668557257,0.24300603302161924,2
sep-ipop-w60,2,111014,2786,5285888,893.49309158325195,,415885147.09262967,48664.795539363549,0.24743345828151542,2
sep-ipop-w60,2,111014,2792,5310464,893.49309158325195,,605054187.6353147,53219.150847710094,0.24765624903391245,2
sep-ipop-w60,2,111014,2798,5335040,893.49309158325195,,841514352.47885263,69497.638442562602,0.24559944360513197,2
sep-ipop-w60,2,111014,2804,5359616,893.49309158325195,,1184255899.8221431,79625.909500275637,0.24079278321086608,2
sep-ipop-w60,2,111014,2811,5388288,893.49309158325195,,1845632456.4453282,95439.384658005612,0.23491225044925448,2
sep-ipop-w60,2,111014,2817,5412864,893.49309158325195,,2716683303.7744875,123673.22822631574,0.25388360397675414,2
sep-ipop-w60,2,111014,2823,5437440,893.49309158325195,,3948299253.5206027,105213.7077787626,0.23434649393288509,2
sep-ipop-w60,2,111014,2829,5462016,893.49309158325195,,5999242139.3364477,127569.19674339867,0.25344545942588109,2
sep-ipop-w60,2,111014,2835,5486592,893.49309158325195,,8259067882.5056829,132672.43273281128,0.23534489080446402,2
sep-ipop-w60,2,111014,2842,5515264,893.49309158325195,,12342469099.341072,133008.73715338879,0.23944220253200058,2
sep-ipop-w60,2,111014,2848,5539840,893.49309158325195,,17180189224.169922,167363.52459334309,0.23237394252770613,2
sep-ipop-w60,2,111014,2854,5564416,893.49309158325195,,23364802377.018425,188945.23672964357,0.23432352119800309,2
sep-ipop-w60,2,111014,2860,5588992,893.49309158325195,,31169729624.62463,169083.8157104475,0.22903556304740788,2
sep-ipop-w60,2,111014,2866,5613568,893.49309158325195,,42685771524.456146,163354.79627891694,0.22318252844690475,2
sep-ipop-w60,2,111014,2873,5642240,893.49309158325195,,72920120063.266968,116580.41009888597,0.23560088054250561,2
sep-ipop-w60,2,111014,2879,5666816,893.49309158325195,,130564645960.59254,57601.361104127485,0.23978736486565477,2
sep-ipop-w60,2,111014,2885,5691392,893.49309158325195,,293205379125.49359,13938.621164890412,0.19822485542165572,2
sep-ipop-w60,2,111014,2891,5715968,893.49309158325195,,603886102295.82056,3499.9191258894443,0.14221297937812905,2
sep-ipop-w60,2,111014,2897,5740544,893.49309158325195,,1077126672248.4857,1811.6681187353888,0.11645884880929618,2
sep-ipop-w60,2,111014,2904,5769216,893.49309158325195,,1852820248415.3879,1364.7284710357771,0.092860043559964273,2
sep-ipop-w60,2,111014,2910,5793792,893.49309158325195,,2950886252720.9565,1374.5083902890094,0.091665576986802486,2
sep-ipop-w60,2,111014,2916,5818368,893.49309158325195,,4663729369233.7598,1264.8782991178521,0.08514595030588358,2
sep-ipop-w60,2,111014,2922,5842944,893.49309158325195,,7007811505229.9521,1157.2782039260035,0.075156601073193371,2
sep-ipop-w60,2,111014,2928,5867520,893.49309158325195,,10374305547687.998,1371.6711187191527,0.074152357873252389,2
sep-ipop-w60,2,111014,2935,5896192,893.49309158325195,,16449852168075.609,1407.339760846171,0.069078442714768096,2
sep-ipop-w60,2,111014,2941,5920768,893.49309158325195,,23445986051525.836,1522.5025836795378,0.058231626331180869,2
sep-ipop-w60,2,111014,2947,5945344,893.49309158325195,,31879726607393.426,1411.7912013662522,0.046619993663907081,2
sep-ipop-w60,2,111014,2953,5969920,893.49309158325195,,47196733042254.484,1502.1501821274805,0.044646557338623827,2
sep-ipop-w60,2,111014,2959,5994496,893.49309158325195,,68670594754180.242,1561.9129863059957,0.04234375249187336,2
sep-ipop-w60,2,111014,2966,6023168,893.49309158325195,,102263980108536.36,1874.0904705520556,0.036771156252325042,2
sep-ipop-w60,2,111014,2972,6047744,893.49309158325195,,147975201231455.06,2105.7668417928712,0.036494221645392087,2
sep-ipop-w60,2,111014,2978,6072320,893.49309158325195,,204954926951223.12,2502.3864302191259,0.035246505206903686,2
sep-ipop-w60,2,111014,2984,6096896,893.49309158325195,,280468815383488.06,2890.4779465188944,0.032983746051032832,2
sep-ipop-w60,2,111014,2990,6121472,893.49309158325195,,366801884907757.75,3145.7838620537568,0.028963646320348698,2
sep-ipop-w60,2,111014,2997,6150144,893.49309158325195,,558600472244896.44,4127.3599283946351,0.03344577279458668,2
sep-ipop-w60,2,111014,3003,6174720,893.49309158325195,,740244105205429.88,4535.1891233338638,0.031033651332074676,2
sep-ipop-w60,2,111014,3009,6199296,893.49309158325195,,970995593074268.62,3939.3797932655616,0.027609050670129989,2
sep-ipop-w60,2,111014,3015,6223872,893.49309158325195,,1292227579243697.2,3677.3385832056124,0.025880511921191094,2
sep-ipop-w60,2,111014,3021,6248448,893.49309158325195,,1662720226066220.8,3453.0277498010705,0.023067824164847071,2
sep-ipop-w60,2,111014,3028,6277120,893.49309158325195,,2108824672546269.5,3255.6826368202428,0.019179010921187487,2
sep-ipop-w60,2,111014,3034,6301696,893.49309158325195,,2655763359567827,3347.4486169506777,0.019058848900453937,2
sep-ipop-w60,2,111014,3040,6326272,893.49309158325195,,3143867275280362,4935.9570020228284,0.021447857316945373,2
sep-ipop-w60,2,111014,3046,6350848,893.49309158325195,,3683992621626123.5,4665.7879141388785,0.018660044439430215,2
sep-ipop-w60,2,111014,3052,6375424,893.49309158325195,,4386884549833416,5689.6714043316551,0.018375396613993764,2
sep-ipop-w60,2,111014,3059,6404096,893.49309158325195,,5285705369702576,5499.8026864385138,0.016086993468046176,2
sep-ipop-w60,2,111014,3065,6428672,893.49309158325195,,5962330744758606,8743.6509066664239,0.015726642137995715,2
sep-ipop-w60,2,111014,3071,6453248,893.49309158325195,,7043490900530105,8810.9987950897485,0.013842671871501917,2
sep-ipop-w60,2,111014,3077,6477824,893.49309158325195,,8281524112440847,7729.3530503476077,0.01199925205692662,2
sep-ipop-w60,2,111014,3083,6502400,893.49309158325195,,10243170779125664,5671.5506046880664,0.0098812529811603232,2
sep-ipop-l20,3,111015,1,20,35136.29858907064,,0.27179868071743984,1.051181321107024,0.26728604159035446,0
sep-ipop-l20,3,111015,80,1600,1610.2172559102376,,0.10716096023430161,4.9799274910363094,0.13697942567881982,0
sep-ipop-l20,3,111015,160,3200,1361.7619476318359,,0.056703584163766654,12.092638407176661,0.077194077847361889,0
sep-ipop-l20,3,111015,1300,26000,942.16185887654626,,0.00024406550065901077,121909.29453569706,0.00025091644297363348,0
sep-ipop-l20,3,111015,2376,52560,942.15710957845056,,0.040210143920725215,1966.0330126852477,0.050320311292318273,1
sep-ipop-l20,3,111015,2969,76280,870.55795160929358,,0.061128037751287882,107540.44195669131,0.030904318965237446,1
sep-ipop-l20,3,111015,3630,103800,869.08077621459961,,0.23147742986682235,8.1489088216269732,0.25944270210023396,2
sep-ipop-l20,3,111015,3960,130200,869.08077621459961,,0.73202264832084196,25293.801411881363,0.20069031630848719,2
sep-ipop-l20,3,111015,4290,156600,869.08077621459961,,0.051941294246992446,63046652.296288602,0.0049822016968657226,2
sep-ipop-l20,3,111015,4554,183640,869.08077621459961,,0.49423871053252932,640.51298323032302,0.22702097687983433,3
sep-ipop-l20,3,111015,4686,204760,869.08077621459961,,4.8896881667673577,6406.1180496896231,0.27103652540388601,3
sep-ipop-l20,3,111015,4884,236440,869.08077621459961,,280.73390017124404,8602.9564841611518,0.090595828234212347,3
sep-ipop-l20,3,111015,5016,257560,869.08077621459961,,15009.613415629214,2948.1862152999888,0.080291156633381711,3
sep-ipop-l20,3,111015,5214,289240,869.08077621459961,,321098.2159546421,6046.6566625449686,0.015603856254704482,3
sep-ipop-l20,3,111015,5346,310360,869.08077621459961,,2467383.7948379014,37543.031704676221,0.0087266124135840922,3
sep-ipop-l20,3,111015,5478,331480,869.08077621459961,,3731737.32565811,2454078.4544967609,0.0036154009199700419,3
sep-ipop-l20,3,111015,5676,363160,869.08077621459961,,2327528.8771761158,9765350062.1474571,0.0027452790656018176,3
sep-ipop-l20,3,111015,5742,382680,869.08077621459961,,1.4430903053601236,1020.7809133682897,0.23776428984775674,4
sep-ipop-l20,3,111015,5874,424920,869.08077621459961,,342.87566534286327,16834.753458602292,0.23976660682340006,4
sep-ipop-l20,3,111015,5940,446040,869.08077621459961,,6521.318270173897,75991.050959207627,0.2250886624268357,4
sep-ipop-l20,3,111015,6006,467160,869.08077621459961,,186536.85525031952,44035.41928431733,0.086662065992944848,4
sep-ipop-l20,3,111015,6055,482840,868.90847269694007,,1527872.0146485232,65623.180626156973,0.049823374304558486,4
sep-ipop-l20,3,111015,6137,509080,865.41993967692054,,6717103.8806833485,584154.04225330078,0.017162303832200344,4
sep-ipop-l20,3,111015,6226,537560,864.71913655598962,,18645417.80848933,184122760.00755629,0.0053539955211592705,4
sep-ipop-l20,3,111015,6336,572760,864.68155288696289,,48261855.121862054,1061662355.2911178,0.0041913018091346722,4
sep-ipop-l20,3,111015,6402,593880,864.67490641276038,,63963007.94089637,32082351146.130184,0.0057182803212552612,4
sep-ipop-l20,3,111015,6468,632920,864.67490641276038,,2.4437122769342747,312.59580944784648,0.25849365879106223,5
sep-ipop-l20,3,111015,6534,675160,864.67490641276038,,39.236595188471121,4634.1342905181209,0.28171768785836965,5
sep-ipop-l20,3,111015,6600,717400,864.67490641276038,,1528.1948831001812,23837.202235045093,0.24710470206482116,5
sep-ipop-l20,3,111015,6666,759640,864.67490641276038,,36457.398401046019,203349.8613568953,0.20596992637221231,5
sep-ipop-l20,3,111015,6732,801880,864.67490641276038,,999982.29425012309,31205.509508460658,0.047535302634025618,5
sep-ipop-l20,3,111015,6798,844120,864.67490641276038,,5839015.7850259673,182341.22905088984,0.045169846144238822,5
sep-ipop-l20,3,111015,6864,886360,864.67490641276038,,34934154.733410195,89470.282061486971,0.010485897372926344,5
sep-ipop-l20,3,111015,6930,928600,864.67490641276038,,576790007.99880207,89464.004682045837,0.0085971771566993888,5
sep-ipop-l20,3,111015,6996,970840,864.67490641276038,,14907547250.341619,310119.39007657865,0.0096498406023595579,5
sep-ipop-l20,3,111015,7062,1013080,864.67490641276038,,363579837554.36261,1201792.1609863313,0.011078488357628133,5
sep-ipop-l20,3,111015,7128,1055320,864.67490641276038,,8667108308338.042,624503.74321240897,0.0098914869172615199,5
sep-ipop-l20,3,111015,7194,1097560,864.67490641276038,,94829860471286.312,3159678.7042343486,0.0086079523282433096,5
sep-ipop-l20,3,111015,7260,1139800,864.67490641276038,,447170107954070.19,171492075.34677005,0.0069393076299700566,5
sep-ipop-l20,3,111015,7326,1182040,864.67490641276038,,1030099633304740.5,5460256495.275425,0.0086574968097245849,5
sep-ipop-l20,3,111015,7392,1224280,864.67490641276038,,3737781456305527.5,1918950960.6809602,0.006661660292893422,5
sep-ipop-l20,3,111015,7458,1266520,864.67490641276038,,14556444597651216,3947265958.8715048,0.007166425989646551,5
sep-ipop-l20,3,111015,7524,1308760,864.67490641276038,,16641370960904584,11547607557.461325,0.003362751422412982,5
sep-ipop-l20,3,111015,7590,1351000,864.67490641276038,,15686490044121414,91239447587.77063,0.0046018105885321306,5
sep-ipop-l20,3,111015,7656,1429080,864.67490641276038,,3.5960490721317968,220.47468484438278,0.28903655317488708,6
sep-ipop-l20,3,111015,7722,1513560,864.67490641276038,,32.880669898022781,7380.7195215882957,0.23909375687796119,6
sep-ipop-l20,3,111015,7788,1598040,864.67490641276038,,1595.520296923688,17857.023953670196,0.21121535776988265,6
sep-ipop-l20,3,111015,7854,1682520,864.67490641276038,,71993.27052427303,37814.478941972207,0.15301249186458923,6
sep-ipop-l20,3,111015,7920,1767000,864.67490641276038,,3048229.7386884023,22039.253869707121,0.096070519551680264,6
sep-ipop-l20,3,111015,7986,1851480,864.67490641276038,,113931252.01754503,32982.267421748853,0.070470892150875583,6
sep-ipop-l20,3,111015,8052,1935960,864.67490641276038,,1111246843.7162573,1587602.2697064201,0.047663958085627817,6
sep-ipop-l20,3,111015,8118,2020440,864.67490641276038,,8541603408.8924561,102578576.44493139,0.04837586185129069,6
sep-ipop-l20,3,111015,8184,2104920,864.67490641276038,,52184538320.51799,12160033196.412712,0.047135736589053713,6
sep-ipop-l20,3,111015,8250,2189400,864.67490641276038,,151995249604.88937,76443828751.434326,0.049482714780045227,6
sep-ipop-l20,3,111015,8316,2273880,864.67490641276038,,235114436220.92386,18248485315.795116,0.02758577881593394,6
sep-ipop-l20,3,111015,8382,2358360,864.67490641276038,,201351011200.15274,39989136147.229164,0.024723849695869968,6
sep-ipop-l20,3,111015,8448,2442840,864.67490641276038,,190732285817.28967,23023195226.092319,0.020794961395027116,6
sep-ipop-l20,3,111015,8514,2604120,864.67490641276038,,5.7784123899018107,329.93001020218617,0.30093094438196533,7
sep-ipop-l20,3,111015,8580,2773080,864.67490641276038,,71.558166994583317,2288.2096976272078,0.28128423248761747,7
sep-ipop-l20,3,111015,8646,2942040,864.67490641276038,,3208.6179130617647,7801.9880062859938,0.24311377188511568,7
sep-ipop-l20,3,111015,8712,3111000,864.67490641276038,,245642.24065436117,6658.3567042090108,0.26219901974963544,7
sep-ipop-l20,3,111015,8778,3279960,864.67490641276038,,26778686.192978624,15516.166192244307,0.26471656763747714,7
sep-ipop-l20,3,111015,8844,3448920,864.67490641276038,,3972911743.1526599,32153.0750432313,0.24931112081370946,7
sep-ipop-l20,3,111015,8910,3617880,864.67490641276038,,271932825924.11325,5755.0551346509801,0.07453460416333596,7
sep-ipop-l20,3,111015,8957,3738200,864.58773295084632,,7672584135733.0029,6553.548328342582,0.058494977872396707,7
sep-ipop-l20,3,111015,8966,3761240,863.89829762776696,,13843816575333.035,7101.7816509943132,0.052731032362272473,7
sep-ipop-l20,3,111015,8976,3786840,863.17339579264319,,28208437985822.16,6628.5160252668456,0.052464150280241609,7
sep-ipop-l20,3,111015,8988,3817560,861.83473205566406,,60050236346771.031,9715.1888393331337,0.052088283691832292,7
sep-ipop-l20,3,111015,8995,3835480,861.13095601399743,,91172205428842.219,6942.4748238456614,0.043952473885142139,7
sep-ipop-l20,3,111015,9007,3866200,860.73563385009766,,236425744133235.38,5099.7066691765995,0.04857976765447538,7
sep-ipop-l20,3,111015,9015,3886680,860.2344640096029,,454964947086066.38,7835.5179552067766,0.057774529514579544,7
sep-ipop-l20,3,111015,9025,3912280,859.38345082600915,,1132292769820417,7618.8506313676962,0.06995720066994815,7
sep-ipop-l20,3,111015,9037,3943000,858.1945470174154,,3585525292133839,8818.1574594880894,0.090641925613027446,7
sep-ipop-l20,3,111015,9045,3963480,856.63245391845703,,6685516924051747,6550.3192159682421,0.076094909168935826,7
sep-ipop-l20,3,111015,9055,3989080,855.48381805419922,,17473024899103018,6088.0591802511935,0.093216568005516448,7
sep-ipop-l20,3,111015,9066,4017240,851.18158849080407,,44680512380299840,5706.3714142503886,0.095449795581371885,7
sep-ipop-l20,3,111015,9075,4040280,849.97756830851233,,91215251137383920,4405.969512291952,0.088496600653155774,7
sep-ipop-l20,3,111015,9089,4076120,846.29467646280921,,2.6073910189961302e+17,6896.9804826139898,0.08624568073773882,7
sep-ipop-l20,3,111015,9097,4096600,844.38576507568359,,4.3079692241885952e+17,7064.7218818653982,0.070338495251294292,7
sep-ipop-l20,3,111015,9106,4119640,842.50264231363929,,8.2821293268749581e+17,6998.662760551867,0.067877906129529222,7
sep-ipop-l20,3,111015,9116,4145240,841.29899724324548,,1.6378187194499645e+18,6654.9667466657056,0.05987881487923865,7
sep-ipop-l20,3,111015,9124,4165720,840.20485432942712,,2.8552407729706383e+18,10468.385930243128,0.05952644188593776,7
sep-ipop-l20,3,111015,9134,4191320,839.31285730997718,,5.403858158847401e+18,9177.5362820972514,0.051823497526903697,7
sep-ipop-l20,3,111015,9144,4216920,837.77234013875329,,9.8108671208247337e+18,9913.6036971603025,0.046054225949637512,7
sep-ipop-l20,3,111015,9155,4245080,837.36614608764648,,1.9611254059814191e+19,13401.918300453779,0.045518931480997137,7
sep-ipop-l20,3,111015,9167,4275800,836.46764755249023,,3.5400999728167686e+19,15957.475961622806,0.040627850787936681,7
sep-ipop-l20,3,111015,9174,4293720,836.1169319152832,,4.4328939990844776e+19,16288.902644667482,0.032495761466471269,7
sep-ipop-l20,3,111015,9185,4321880,835.38993072509766,,6.3062071554956116e+19,22336.449985014842,0.028415325842058508,7
sep-ipop-l20,3,111015,9194,4344920,834.70165888468421,,7.7748173273491096e+19,24566.26379653886,0.025934508507118783,7
sep-ipop-l20,3,111015,9210,4385880,834.6888326009115,,1.3363066647333804e+20,52675.176072417882,0.022513381863968375,7
sep-ipop-l20,3,111015,9216,4401240,834.51447296142578,,1.660876381446724e+20,81416.042286907541,0.023307135232091276,7
sep-ipop-l20,3,111015,9224,4421720,834.3435948689779,,2.3439121330010459e+20,112601.3500673361,0.025524177557030538,7
sep-ipop-l20,3,111015,9234,4447320,833.89193852742517,,3.1581870959010939e+20,182555.44469090208,0.023820902021651914,7
sep-ipop-l20,3,111015,9245,4475480,833.48158645629883,,4.5626438880647014e+20,246858.41915194417,0.023211738720855617,7
sep-ipop-l20,3,111015,9253,4495960,833.3182373046875,,6.3890604248986367e+20,283119.903123278,0.022547949088972265,7
sep-ipop-l20,3,111015,9263,4521560,833.0648091634115,,9.8394620507588919e+20,318342.8494989521,0.024482963808388714,7
sep-ipop-l20,3,111015,9274,4549720,832.87053426106775,,1.332543432937219e+21,284164.71640057862,0.02070898885606778,7
sep-ipop-l20,3,111015,9283,4572760,832.61302312215173,,1.651279011584407e+21,312007.48415864422,0.018458773468928508,7
sep-ipop-l20,3,111015,9297,4608600,832.39641062418616,,2.2214393253939268e+21,406348.13802871399,0.012015259086330447,7
sep-ipop-l20,3,111015,9306,4631640,832.24746576944983,,2.5905602554152873e+21,687872.73953620368,0.010619411052156228,7
sep-ipop-l20,3,111015,9319,4664920,832.03606541951501,,3.1037928469404744e+21,1075815.8337706071,0.0095420842740256192,7
sep-ipop-l20,3,111015,9324,4677720,831.87355931599939,,3.3685002880815223e+21,1288239.5283147681,0.0082337299066612066,7
sep-ipop-l20,3,111015,9348,4739160,831.79826609293616,,5.4726744611935014e+21,5408013.710239117,0.0089114993319840425,7
sep-ipop-l20,3,111015,9354,4754520,831.72909164428711,,6.1017012772063328e+21,7357900.5622200677,0.0082769358252656935,7
sep-ipop-l20,3,111015,9372,4800600,831.60034434000647,,9.5088981410087677e+21,14438350.818871094,0.0083661976826787474,7
sep-ipop-l20,3,111015,9396,4862040,831.38765462239587,,2.050689184240044e+22,25408307.265196465,0.009301667359899124,7
sep-ipop-l20,3,111015,9417,4915800,831.37683359781897,,4.6619801754982913e+22,25011438.391226657,0.0094351075131663235,7
sep-ipop-l20,3,111015,9438,4969560,831.37683359781897,,1.0329453444619099e+23,26430924.539458402,0.0085768963357259528,7
sep-ipop-l20,3,111015,9504,5138520,831.28635406494141,,2.1658255270207137e+24,16705579.183939438,0.0083649744826829551,7
sep-ipop-l20,3,111015,9517,5171800,831.26610056559241,,4.0372515555929582e+24,16554796.712952703,0.0089127442397336411,7
sep-ipop-l20,3,111015,9549,5253720,830.9998779296875,,1.3581652587774011e+25,15195032.801613305,0.0085777150075907315,7
sep-ipop-l20,3,111015,9559,5279320,830.99080785115564,,2.1716089099907197e+25,13235582.93219918,0.0085980308781378155,7
sep-ipop-l20,3,111015,9561,5284440,830.95585505167639,,2.2895914488331593e+25,15639688.363054525,0.0083233635292129984,7
sep-ipop-l20,3,111015,9577,5325400,830.91777928670251,,5.3004087605133689e+25,13158760.827102892,0.0080917805696692248,7
sep-ipop-l20,3,111015,9581,5335640,830.91298294067383,,6.7734031785108311e+25,17139118.527806208,0.0085051444140630903,7
sep-ipop-l20,3,111015,9598,5379160,830.77368927001953,,1.7463259506975866e+26,23967863.570559725,0.0085328391913040615,7
sep-ipop-l20,3,111015,9616,5425240,830.77144114176429,,4.851471554542465e+26,35859749.773162901,0.0085768941135933811,7
sep-ipop-l20,3,111015,9622,5440600,830.77016576131189,,6.5751506373258577e+26,35167031.332845353,0.0079269253364743688,7
sep-ipop-l20,3,111015,9631,5463640,830.7300809224447,,1.1146398173820809e+27,38684086.555442713,0.0082810506086379854,7
sep-ipop-l20,3,111015,9640,5486680,830.70343780517578,,1.99672365808435e+27,39525572.965446666,0.0084918653049391307,7
sep-ipop-l20,3,111015,9651,5514840,830.69059499104821,,4.0289348799838911e+27,49148955.824173659,0.0088648716085082315,7
sep-ipop-l20,3,111015,9661,5540440,830.66419092814124,,7.209997950005148e+27,45528774.358358651,0.0080218294556939802,7
sep-ipop-l20,3,111015,9676,5578840,830.6067899068197,,1.9778729075534053e+28,61351037.690669157,0.0093574774470565527,7
sep-ipop-l20,3,111015,9682,5594200,830.56525293985999,,2.8683548370227353e+28,57646683.887716889,0.009115574239224003,7
sep-ipop-l20,3,111015,9697,5632600,830.49666086832679,,7.1490550814920487e+28,54605631.574847326,0.0092794387142891375,7
sep-ipop-l20,3,111015,9702,5645400,830.49165980021155,,9.9026173373322717e+28,66322116.941221513,0.009890447750645074,7
sep-ipop-l20,3,111015,9710,5665880,830.48968505859375,,1.5586872458741282e+29,53321709.306980848,0.0094095128668428788,7
sep-ipop-l20,3,111015,9740,5742680,830.37598292032874,,1.060466678026789e+30,50539488.275577322,0.010134065125985256,7
sep-ipop-l20,3,111015,9752,5773400,830.3255729675293,,2.2062818498765901e+30,50934830.335524291,0.0097201431962073634,7
sep-ipop-l20,3,111015,9768,5814360,830.27354685465491,,6.0252115381394291e+30,65896793.780749701,0.010423686233581766,7
sep-ipop-l20,3,111015,9771,5822040,830.2433967590332,,7.3975945148076486e+30,57987371.48042319,0.010109598315745622,7
sep-ipop-l20,3,111015,9782,5850200,830.19215774536133,,1.4109572580955008e+31,48518927.653958693,0.0089820699093872223,7
sep-ipop-l20,3,111015,9790,5870680,830.16924540201819,,2.3709690770709252e+31,50747220.55644428,0.0094180596454092724,7
sep-ipop-l20,3,111015,9799,5893720,830.1274083455404,,4.210298949826255e+31,43614121.895698525,0.0090065169289406596,7
sep-ipop-l20,3,111015,9812,5927000,830.08461125691736,,8.9440963045598771e+31,38313430.988313086,0.0092020056416757968,7
sep-ipop-l20,3,111015,9820,5947480,830.04563649495446,,1.4870625981775902e+32,40723794.493992046,0.010491701660233521,7
sep-ipop-l20,3,111015,9830,5973080,829.98401769002282,,2.8672548541380706e+32,39683800.460089095,0.0098910855165456248,7
sep-ipop-l20,3,111015,9844,6008920,829.96318181355798,,6.9611997786209748e+32,32317673.050003819,0.0092373611398358993,7
sep-ipop-l20,3,111015,9854,6034520,829.91306686401367,,1.3477333966114446e+33,43498235.966898561,0.010501890633547008,7
sep-ipop-l20,3,111015,9859,6047320,829.87676493326819,,1.8025593782511681e+33,38921448.225051492,0.009907420901779514,7
sep-ipop-l20,3,111015,9872,6080600,829.79682668050134,,4.185121926982973e+33,32344169.339941096,0.010558941795406425,7
sep-ipop-l20,3,111015,9882,6106200,829.7866541544596,,7.9018624783587809e+33,26179162.134359971,0.010773628422601806,7
sep-ipop-l20,3,111015,9888,6121560,829.73713556925452,,1.2009848913419496e+34,24066447.195018638,0.011642666286664501,7
sep-ipop-l20,3,111015,9900,6152280,829.61344528198242,,2.7794751599031098e+34,17200402.025210127,0.013218024145894193,7
sep-ipop-l20,3,111015,9927,6221400,829.52052434285486,,1.3541816787757555e+35,9187165.7075641621,0.012158898668103581,7
sep-ipop-l20,3,111015,9928,6223960,829.45429738362634,,1.4373831006355163e+35,8858594.491315905,0.011911743490801355,7
sep-ipop-l20,3,111015,9940,6254680,829.33689117431641,,2.8995311048160597e+35,10203395.542380584,0.012645885386551963,7
sep-ipop-l20,3,111015,9959,6303320,829.24563980102539,,9.9837467681757275e+35,10410588.928464865,0.012461377174350571,7
sep-ipop-l20,3,111015,9971,6334040,829.19972229003906,,2.1349206943431451e+36,11952461.796198087,0.013565426446081687,7
sep-ipop-l20,3,111015,9980,6357080,829.17181142171228,,3.9983142398866816e+36,9504403.3983153217,0.012423622600666848,7
sep-ipop-l20,3,111015,9990,6382680,829.07952753702796,,7.2210325364037108e+36,9184597.2630224843,0.012996901554140494,7
sep-ipop-l20,3,111015,10000,6408280,829.03670374552405,,1.4673810839730645e+37,9147103.8554246891,0.013605145955702846,7
sep-ipop-l20,3,111015,10011,6436440,828.94763437906897,,3.161046824212106e+37,6463061.7315931832,0.013608518340169238,7
sep-ipop-l20,3,111015,10022,6464600,828.82842763264978,,6.4613859546339221e+37,4712088.8718198929,0.014012125576102645,7
sep-ipop-l20,3,111015,10032,6490200,828.79727935791016,,1.3904224954212629e+38,3122489.7018406736,0.015647720661349302,7
sep-ipop-l20,3,111015,10035,6497880,828.75575129191077,,1.7578978928735503e+38,2627180.5162286707,0.015630911795116494,7
sep-ipop-l20-w102,3,111015,1,20,35136.29858907064,,0.27179868071743984,1.051181321107024,0.26728604159035446,0
sep-ipop-l20-w102,3,111015,80,1600,1610.2172559102376,,0.10716096023430161,4.9799274910363094,0.13697942567881982,0
sep-ipop-l20-w102,3,111015,160,3200,1361.7619476318359,,0.056703584163766654,12.092638407176661,0.077194077847361889,0
sep-ipop-l20-w102,3,111015,1320,27220,942.16189066569007,,0.21685713645745097,7.9073035313997124,0.29271568630580164,1
sep-ipop-l20-w102,3,111015,1914,50980,942.16189066569007,,0.0036123023331821598,1672971.9778872181,0.0025171987603958101,1
sep-ipop-l20-w102,3,111015,2442,78300,942.16189066569007,,0.21793355799461725,1384.0455895679715,0.18488982352373631,2
sep-ipop-l20-w102,3,111015,2772,104700,942.16189066569007,,0.25283419004185015,3283.7554315071948,0.0050318673808197505,2
sep-ipop-l20-w102,3,111015,3102,131500,942.16189066569007,,0.38648566436204296,3.2188149431840269,0.50064809951808087,3
sep-ipop-l20-w102,3,111015,3234,152620,942.16189066569007,,0.84815672422357091,8062.3065303789417,0.20178186780003043,3
sep-ipop-l20-w102,3,111015,3432,184300,942.16189066569007,,68.006156807819096,4456.1337830857356,0.12279963094766085,3
sep-ipop-l20-w102,3,111015,3564,205420,942.16189066569007,,594.21230513505134,4126.8642302250837,0.030944545104910137,3
sep-ipop-l20-w102,3,111015,3762,237100,942.16189066569007,,879.3352705527534,197113.76342589525,0.0033324264755251968,3
sep-ipop-l20-w102,3,111015,3894,258220,942.16189066569007,,1271.768383687102,626964945.54972637,0.0046314095771235039,3
sep-ipop-l20-w102,3,111015,4026,281740,942.16189066569007,,0.65480926327447897,10.238416375442629,0.48496929596765714,4
sep-ipop-l20-w102,3,111015,4158,323980,942.16189066569007,,34.795241711477928,53261.335515463856,0.22727007684844822,4
sep-ipop-l20-w102,3,111015,4224,345100,942.16189066569007,,211.25174586906755,179963.62824211936,0.14245841582596031,4
sep-ipop-l20-w102,3,111015,4290,366220,942.16189066569007,,5703.1642826028337,91618.299287904403,0.19826036803179159,4
sep-ipop-l20-w102,3,111015,4356,387340,942.16189066569007,,381629.67182111996,13172.958346805759,0.1930046238987673,4
sep-ipop-l20-w102,3,111015,4422,408460,942.16189066569007,,5308319.9064007681,68067.004537586909,0.10955173690424791,4
sep-ipop-l20-w102,3,111015,4554,450700,942.16189066569007,,66805459.056893036,92484.957032657752,0.004041286364238999,4
sep-ipop-l20-w102,3,111015,4620,471820,942.16189066569007,,122694893.52504092,12450288.51949174,0.0036245068959999656,4
sep-ipop-l20-w102,3,111015,4686,492940,942.16189066569007,,343917903.98571903,1300909057.9766774,0.003777653041156878,4
sep-ipop-l20-w102,3,111015,4752,514060,942.16189066569007,,2206189141.3028526,3271676189.5664515,0.0051162562148526188,4
sep-ipop-l20-w102,3,111015,4818,535180,942.16189066569007,,28401058743.903572,4361766604.8176155,0.0053689828925525427,4
sep-ipop-l20-w102,3,111015,4950,577420,942.16189066569007,,1293943843190.1409,8801806244.8849621,0.004217096986606275,4
sep-ipop-l20-w102,3,111015,5016,598540,942.16189066569007,,2645443661819.2847,11572972851.657223,0.0036298477026616041,4
sep-ipop-l20-w102,3,111015,5082,635020,942.16189066569007,,2.3791239252032712,236.58212667584212,0.32104877072712135,5
sep-ipop-l20-w102,3,111015,5148,677260,942.16189066569007,,16.381793822675451,13500.171383375182,0.24318710338218669,5
sep-ipop-l20-w102,3,111015,5214,719500,942.16189066569007,,629.73776352994241,10165.264173508665,0.27122402857198102,5
sep-ipop-l20-w102,3,111015,5280,761740,942.16189066569007,,13427.941764813439,98330.246888261026,0.25489448669758286,5
sep-ipop-l20-w102,3,111015,5346,803980,942.16189066569007,,605434.6635506833,74556.581864795371,0.23880794314298381,5
sep-ipop-l20-w102,3,111015,5401,839180,937.967051188151,,5699128.9715246642,147873.16075233111,0.21640920216444898,5
sep-ipop-l20-w102,3,111015,5442,865420,889.01043192545569,,68616192.872107461,9093.1530794517585,0.075030320456187238,5
sep-ipop-l20-w102,3,111015,5479,889100,865.8182589213053,,773466364.23363495,4329.3007994205909,0.053387723570401627,5
sep-ipop-l20-w102,3,111015,5519,914700,850.76793797810876,,5600535699.9812584,4399.964679017643,0.026612453257892087,5
sep-ipop-l20-w102,3,111015,5559,940300,845.51264699300134,,55878066793.292336,7020.8801190755103,0.023687256155091381,5
sep-ipop-l20-w102,3,111015,5600,966540,839.26787948608398,,482851867041.96106,5442.1088151875801,0.017140754626709161,5
sep-ipop-l20-w102,3,111015,5638,990860,836.47009023030603,,1496013550750.6357,9228.0921484949649,0.01291007408862521,5
sep-ipop-l20-w102,3,111015,5678,1016460,834.42770004272461,,4460993637252.7119,23197.52140945322,0.0086057468818741007,5
sep-ipop-l20-w102,3,111015,5717,1041420,833.73810450235999,,7153217638667.418,265675.05769999058,0.0049214759491556653,5
sep-ipop-l20-w102,3,111015,5759,1068300,833.51422500610352,,16614573828378.41,409888.11085784296,0.0031382308728503889,5
sep-ipop-l20-w102,3,111015,5798,1093260,833.46306737264001,,41571964517138.383,10149685.664344387,0.0033550179190726223,5
sep-ipop-l20-w102,3,111015,5837,1118220,833.37730534871423,,309774082605308.19,12940184.867498754,0.0051925615761229515,5
sep-ipop-l20-w102,3,111015,5876,1143180,833.21161905924475,,2707089026263079,6586428.5450972542,0.0046483718761044547,5
sep-ipop-l20-w102,3,111015,5916,1168780,833.05945460001624,,15775966988024088,12915140.978182407,0.0052141812318265267,5
sep-ipop-l20-w102,3,111015,5962,1198220,832.98369216918945,,57149783817607848,9422689.7309854347,0.0030437090785500861,5
sep-ipop-l20-w102,3,111015,6006,1226380,832.9567540486654,,1.1210832104417894e+17,13307746.836629272,0.0021646959758564364,5
sep-ipop-l20-w102,3,111015,6035,1244940,832.94455210367835,,1.3999911602690179e+17,32692787.567756373,0.0024724886675246411,5
sep-ipop-l20-w102,3,111015,6138,1310860,832.94229253133142,,3.4606951594750541e+17,461169714.47323841,0.0021423071166295576,5
sep-ipop-l20-w102,3,111015,6204,1392140,832.94229253133142,,3.5468835886790373,800.88830532636939,0.26097390412984772,6
sep-ipop-l20-w102,3,111015,6270,1476620,832.94229253133142,,51.712433414943433,13289.303818856089,0.28874936813624269,6
sep-ipop-l20-w102,3,111015,6336,1561100,832.94229253133142,,1528.3250870225486,8372.4944393407677,0.24129157182208527,6
sep-ipop-l20-w102,3,111015,6402,1645580,832.94229253133142,,42547.692656447471,78357.284831065423,0.24573703728007598,6
sep-ipop-l20-w102,3,111015,6468,1730060,832.94229253133142,,1047259.8645610381,141305.71561274788,0.20930891222749667,6
sep-ipop-l20-w102,3,111015,6534,1814540,832.94229253133142,,16903293.342047695,9105.0312922106441,0.026644654115141757,6
sep-ipop-l20-w102,3,111015,6600,1899020,832.94229253133142,,51065446.04875613,38363.042742396065,0.010109424664633463,6
sep-ipop-l20-w102,3,111015,6666,1983500,832.94229253133142,,170063092.55758509,3281155.5829961724,0.0091469987805427744,6
sep-ipop-l20-w102,3,111015,6732,2067980,832.94229253133142,,942481599.8222698,65850955.113254994,0.0087393420518245592,6
sep-ipop-l20-w102,3,111015,6798,2152460,832.94229253133142,,6733457670.4664669,36041887.239319526,0.0076609320243030011,6
sep-ipop-l20-w102,3,111015,6864,2236940,832.94229253133142,,43768715043.260445,54498409.690986946,0.0065872866564033929,6
sep-ipop-l20-w102,3,111015,6930,2321420,832.94229253133142,,111693167384.82977,1506979225.7808955,0.0064074590210226072,6
sep-ipop-l20-w102,3,111015,6996,2405900,832.94229253133142,,158422166129.03348,69197113844.622635,0.004055122061219339,6
sep-ipop-l20-w102,3,111015,7062,2537740,832.94229253133142,,1.3882536414171802,16.125768021670886,0.35681340901324138,7
sep-ipop-l20-w102,3,111015,7128,2706700,832.94229253133142,,13.817513375004964,3985.0995739632308,0.29098858970419517,7
sep-ipop-l20-w102,3,111015,7194,2875660,832.94229253133142,,306.58599466385664,1948.5165625043899,0.28069623456524889,7
sep-ipop-l20-w102,3,111015,7260,3044620,832.94229253133142,,23168.585977267972,22802.782503378079,0.26936984030546851,7
sep-ipop-l20-w102,3,111015,7326,3213580,832.94229253133142,,1513902.0791554933,136610.24719079616,0.23430438967519449,7
sep-ipop-l20-w102,3,111015,7392,3382540,832.94229253133142,,33864118.067948088,617270.97224077769,0.23137250702906578,7
sep-ipop-l20-w102,3,111015,7458,3551500,832.94229253133142,,1417325901.7587812,6073642.7489057183,0.24817396142613934,7
sep-ipop-l20-w102,3,111015,7524,3720460,832.94229253133142,,17409034901.780582,28721139.996857051,0.21693530707800332,7
sep-ipop-l20-w102,3,111015,7590,3889420,832.94229253133142,,239523200673.45181,1128323507.2095129,0.20100368782278002,7
sep-ipop-l20-w102,3,111015,7656,4058380,832.94229253133142,,1208323280569.5669,5725114337.4615173,0.20514162026210622,7
sep-ipop-l20-w102,3,111015,7722,4247820,832.94229253133142,,0.80830878307045562,9.7793477344676418,0.91333500955704072,8
sep-ipop-l20-w102,3,111015,7788,4585740,832.94229253133142,,12.301279643582742,564.34150685695556,0.2850340111851708,8
sep-ipop-l20-w102,3,111015,7854,4923660,832.94229253133142,,303.92479556476138,1833.9905654050976,0.28229307916354923,8
sep-ipop-l20-w102,3,111015,7920,5261580,832.94229253133142,,23843.686054386097,2032.1456484735813,0.29473125548640838,8
sep-ipop-l20-w102,3,111015,7986,5599500,832.94229253133142,,1473625.1001534578,58758.632708011777,0.28097766376841871,8
sep-ipop-l20-w102,3,111015,8052,5937420,832.94229253133142,,116947451.07313976,527212.7370337086,0.24759074507047149,8
sep-ipop-l20-w102,3,111015,8118,6275340,832.94229253133142,,3294893382.8884401,2502093.5028744633,0.21167543811625184,8
sep-ipop,3,111015,1,1024,14364.644866943359,,0.28782844542024949,6.537368092722021,0.087402153843086069,0
sep-ipop,3,111015,5,5120,2482.2049522399902,,0.95334910249439453,38.442899562883454,0.67179821047129695,0
sep-ipop,3,111015,10,10240,1612.272029876709,,1.7810528525225033,84.773953448281162,1.2486825061598181,0
sep-ipop,3,111015,20,20480,1612.272029876709,,3.5108794022109784,5.4072293693114499,0.38754248057206686,0
sep-ipop,3,111015,25,25600,1612.272029876709,,3.9582791215264765,4.7370707501920846,0.29641011894048741,0
sep-ipop,3,111015,40,40960,1563.014757792155,,5.7724508957337513,45.994898248099226,0.25478227129072828,0
sep-ipop,3,111015,50,51200,1497.5628191630046,,9.5325484225753705,79.233938226030887,0.27108566106325216,0
sep-ipop,3,111015,75,76800,1392.7891108194988,,22.632775080053051,462.69738344395182,0.28353649269840786,0
sep-ipop,3,111015,80,81920,1380.9632314046223,,23.139828302301868,980.75994642508215,0.25201073701698301,0
sep-ipop,3,111015,100,102400,1301.7554613749187,,48.971378723555517,3001.3717881303237,0.28107057513471118,0
sep-ipop,3,111015,125,128000,1224.3432515462239,,131.16779474783462,5074.9006247616235,0.2599397269314318,0
sep-ipop,3,111015,149,152576,1169.0486907958984,,400.06929181246278,8129.3351306152308,0.24655589420863036,0
sep-ipop,3,111015,160,163840,1124.516658782959,,825.69989018084425,6455.1300339312374,0.25810466481501709,0
sep-ipop,3,111015,174,178176,1061.4581286112468,,1806.0667449436992,4517.7994190564323,0.25557854226241167,0
sep-ipop,3,111015,199,203776,977.10785420735681,,5482.3763504010567,8555.5166063551605,0.20208658823220568,0
sep-ipop,3,111015,224,229376,950.63429133097327,,16016.157305359357,77298.157438632945,0.22448536121718207,0
sep-ipop,3,111015,249,254976,927.56264114379883,,111334.48620361493,74467.890131700173,0.23402381892820739,0
sep-ipop,3,111015,255,261120,924.02923838297522,,150839.36868742673,114689.78170459076,0.23047003653741105,0
sep-ipop,3,111015,273,279552,910.30175908406579,,393533.27670611831,148693.89776845809,0.2302312480572013,0
sep-ipop,3,111015,298,305152,896.39594395955407,,1443022.0910010429,22102.670691309337,0.077990543847013427,0
sep-ipop,3,111015,323,330752,890.12989171346032,,4801241.1198758166,27226.118505006401,0.052893607376238466,0
sep-ipop,3,111015,348,356352,886.21980412801111,,16433022.028269907,32774.974107448958,0.050311990370897161,0
sep-ipop,3,111015,373,381952,884.17614873250329,,37816919.346597269,32410.088660595491,0.033903448907526897,0
sep-ipop,3,111015,397,406528,882.6817626953125,,64875256.562206134,75562.314958656556,0.021172513061797214,0
sep-ipop,3,111015,422,432128,880.7835795084635,,133946177.74379003,171469.23924772866,0.011984736287863691,0
sep-ipop,3,111015,447,457728,880.185557047526,,376813151.18318176,534790.88904301927,0.010977110299493794,0
sep-ipop,3,111015,472,483328,879.36280568440759,,2314421048.0416479,178408.18442805126,0.010995829305387951,0
sep-ipop,3,111015,497,508928,878.42639668782556,,6320639702.8792505,250437.58139239938,0.0082695604799995701,0
sep-ipop,3,111015,521,533504,877.90136082967126,,18693778194.065475,170937.48583502247,0.0081702814761640177,0
sep-ipop,3,111015,546,559104,877.51409657796228,,26240966637.587677,283301.58546747908,0.0056834242665494018,0
sep-ipop,3,111015,571,584704,877.23784001668298,,39453216923.452888,1715908.7713228795,0.0053362281498870508,0
sep-ipop,3,111015,596,610304,877.16297658284509,,44772540259.42408,6020510.4027011758,0.0040098041307905829,0
sep-ipop,3,111015,621,635904,877.14742660522461,,57600135162.531639,5553648.7236098042,0.0035588926373095161,0
sep-ipop,3,111015,645,660480,877.11713918050134,,68089171671.786552,259250621.62645006,0.0048423261240181014,0
sep-ipop,3,111015,670,686080,877.09146245320642,,93057313577.72113,274233439.79721284,0.004865471331796942,0
sep-ipop,3,111015,695,711680,877.00405756632483,,175320467211.26007,242238879.48624593,0.0052798452009428301,0
sep-ipop,3,111015,720,737280,877.00405756632483,,409023355847.2511,358794806.27728963,0.0056710911987573635,0
sep-ipop,3,111015,745,762880,877.00405756632483,,694369589559.3772,651744788.51346087,0.0063292240934054436,0
sep-ipop,3,111015,769,787456,877.00405756632483,,802464156004.45459,1524848824.8399036,0.0045640856369984877,0
sep-ipop,3,111015,794,813056,877.00405756632483,,905416087553.38708,2037120418.6134126,0.0036470091307931971,0
sep-ipop,3,111015,819,838656,877.00405756632483,,856678803816.14563,2688760865.646235,0.0029756644248427537,0
sep-ipop,3,111015,844,864256,877.00405756632483,,941308855690.35388,2098156022.4727726,0.0027884022474620458,0
sep-ipop,3,111015,869,889856,877.00405756632483,,1131150459645.4045,1200741083.7631261,0.0022830882625014741,0
sep-ipop,3,111015,893,914432,877.00405756632483,,1172859377485.0056,2273422754.8113613,0.0022603181256010147,0
sep-ipop,3,111015,918,940032,877.00405756632483,,1216375163431.0811,2400338747.2008767,0.0019454659352882353,0
sep-ipop,3,111015,943,965632,877.00405756632483,,1146925698159.4539,3671914102.3735762,0.0021966072269780637,0
sep-ipop,3,111015,968,991232,877.00405756632483,,973005465502.28174,9034624310.2636223,0.0018169277148777922,0
sep-ipop,3,111015,984,1016832,877.00405756632483,,0.79482985174103826,16.625202061865892,0.99820191443874995,1
sep-ipop,3,111015,996,1041408,877.00405756632483,,1.0785780270269083,26.436421644962781,0.48169950026652603,1
sep-ipop,3,111015,1009,1068032,877.00405756632483,,1.5334382198512819,22.849439196530565,0.34590265309679158,1
sep-ipop,3,111015,1021,1092608,877.00405756632483,,2.7112341859533253,99.874202798702981,0.32269468529339329,1
sep-ipop,3,111015,1034,1119232,877.00405756632483,,5.0124132349999142,301.14560795708962,0.32346230386797598,1
sep-ipop,3,111015,1046,1143808,877.00405756632483,,7.5659640860194282,919.94457354140809,0.31950143639834877,1
sep-ipop,3,111015,1059,1170432,877.00405756632483,,10.790785692696504,2829.7927805416884,0.35030828408938758,1
sep-ipop,3,111015,1071,1195008,877.00405756632483,,20.896771323463184,2152.3701463543139,0.31842354125608124,1
sep-ipop,3,111015,1083,1219584,877.00405756632483,,33.370279517232269,1744.0143267452172,0.26996304962363726,1
sep-ipop,3,111015,1096,1246208,877.00405756632483,,61.218083432011042,2140.0801988397416,0.26756442627624455,1
sep-ipop,3,111015,1108,1270784,877.00405756632483,,111.57764599594395,2123.0644109992049,0.2724208035487945,1
sep-ipop,3,111015,1121,1297408,877.00405756632483,,194.49898394095135,3611.5956375193227,0.24646212462142528,1
sep-ipop,3,111015,1133,1321984,877.00405756632483,,365.7006752069563,6330.7866396611453,0.26382514602437912,1
sep-ipop,3,111015,1145,1346560,877.00405756632483,,716.20159171348359,5466.586244750757,0.28606940380848589,1
sep-ipop,3,111015,1158,1373184,877.00405756632483,,1676.1822398719012,4015.1432035665621,0.26482441326040806,1
sep-ipop,3,111015,1170,1397760,877.00405756632483,,5368.201955799479,3025.5581141651878,0.33147066686568877,1
sep-ipop,3,111015,1183,1424384,877.00405756632483,,11224.651509133417,4124.3618862329058,0.28743909934121636,1
sep-ipop,3,111015,1195,1448960,877.00405756632483,,19378.926910977014,9560.1816304247695,0.23863006858954353,1
sep-ipop,3,111015,1207,1473536,877.00405756632483,,34156.982987880634,23413.126670784215,0.2476586466921129,1
sep-ipop,3,111015,1220,1500160,877.00405756632483,,70711.174035369317,29159.046943595204,0.26505891559770373,1
sep-ipop,3,111015,1232,1524736,877.00405756632483,,149887.78916530579,26761.126631045277,0.25017912205788234,1
sep-ipop,3,111015,1245,1551360,877.00405756632483,,284709.65081739222,35700.905756872024,0.21250330084090729,1
sep-ipop,3,111015,1257,1575936,877.00405756632483,,616301.89960397466,25089.856198341335,0.1903210003259882,1
sep-ipop,3,111015,1269,1600512,877.00405756632483,,1536413.5302526893,12813.679427482106,0.1389040619735542,1
sep-ipop,3,111015,1282,1627136,877.00405756632483,,3299827.1184772952,19035.853890760187,0.12045796346103105,1
sep-ipop,3,111015,1294,1651712,877.00405756632483,,6738452.1610538168,24593.729222993545,0.10268054169687071,1
sep-ipop,3,111015,1307,1678336,877.00405756632483,,14230620.021709703,34294.219968933365,0.08528109025509191,1
sep-ipop,3,111015,1319,1702912,877.00405756632483,,24330976.505989704,48070.108833029328,0.066589334158004068,1
sep-ipop,3,111015,1331,1727488,877.00405756632483,,42588706.755669206,47575.81961756535,0.043984862148052174,1
sep-ipop,3,111015,1344,1754112,877.00405756632483,,84710462.036248505,55730.108910524883,0.041506342510648046,1
sep-ipop,3,111015,1356,1778688,877.00405756632483,,151024293.43496412,86606.08459872716,0.040931363267010593,1
sep-ipop,3,111015,1369,1805312,877.00405756632483,,268649242.80251819,51507.705666987822,0.034843886017152173,1
sep-ipop,3,111015,1381,1829888,877.00405756632483,,449015488.13476539,62073.831161529539,0.032559645593754724,1
sep-ipop,3,111015,1393,1854464,877.00405756632483,,676653257.74367762,49064.160952837025,0.028164084737113244,1
sep-ipop,3,111015,1406,1881088,877.00405756632483,,1002890513.3737149,53768.560762312169,0.022535996236283998,1
sep-ipop,3,111015,1418,1905664,877.00405756632483,,1449184741.621875,45582.811329043754,0.020385074174080146,1
sep-ipop,3,111015,1431,1932288,877.00405756632483,,2505430543.9947481,56955.899866224994,0.023717729352371871,1
sep-ipop,3,111015,1443,1956864,877.00405756632483,,3942903019.1527739,68652.502173554807,0.026317313574485815,1
sep-ipop,3,111015,1455,1981440,877.00405756632483,,5489267157.4887266,102826.39032658513,0.020842552236425709,1
sep-ipop,3,111015,1468,2008064,877.00405756632483,,8752170994.0292282,218155.28796984436,0.022888588754189525,1
sep-ipop,3,111015,1480,2032640,877.00405756632483,,14480238117.273064,225136.74657725441,0.020572991549083604,1
sep-ipop,3,111015,1493,2059264,877.00405756632483,,25651117064.424809,320099.0026862396,0.021717033522729044,1
sep-ipop,3,111015,1505,2083840,877.00405756632483,,44989439985.276947,394667.06765192986,0.022753134187674256,1
sep-ipop,3,111015,1517,2108416,876.74095026652014,,75142192205.216278,378372.34393094393,0.020019162391977194,1
sep-ipop,3,111015,1530,2135040,876.50155893961585,,148442138802.73288,334453.60597616329,0.019584907585657337,1
sep-ipop,3,111015,1542,2159616,876.36848958333337,,306688089050.25024,394320.61528952775,0.022169175226299815,1
sep-ipop,3,111015,1555,2186240,876.11181386311853,,738065176619.10547,317814.80842266401,0.025372515611113904,1
sep-ipop,3,111015,1567,2210816,875.84185918172204,,1719489118222.6738,236085.65369999286,0.026002302729071388,1
sep-ipop,3,111015,1579,2235392,875.51588185628259,,3608369554318.5332,200153.0294082457,0.024812256129415053,1
sep-ipop,3,111015,1592,2262016,875.37951787312829,,8138001739188.6807,221114.05872361874,0.025798898947440946,1
sep-ipop,3,111015,1604,2286592,875.07077407836914,,19064960676305.77,345400.85782461439,0.029150338418342213,1
sep-ipop,3,111015,1617,2313216,874.5604578653971,,41254513949995.047,224576.70913838872,0.025841794091943801,1
sep-ipop,3,111015,1629,2337792,874.46702702840173,,96586392354926.453,254080.76226518827,0.02812133890401072,1
sep-ipop,3,111015,1641,2362368,874.03143437703454,,188943821225168.81,224424.14677721984,0.02436726879884428,1
sep-ipop,3,111015,1654,2388992,873.7314783732096,,411366132353187.81,216647.30606494882,0.024897198070764258,1
sep-ipop,3,111015,1666,2413568,873.5367546081543,,844524719345273.25,203092.5578300007,0.025364659406305074,1
sep-ipop,3,111015,1679,2440192,873.17961374918616,,1891797656479216.5,273050.56027279608,0.026696353941263719,1
sep-ipop,3,111015,1691,2464768,873.04475275675452,,4182809576686632.5,179979.11481961061,0.025150996639656253,1
sep-ipop,3,111015,1703,2489344,872.74346542358398,,8896205088831565,248172.84042918138,0.025176640028461865,1
sep-ipop,3,111015,1716,2515968,872.35090001424157,,21885171672486392,305979.03239980049,0.02791282680741328,1
sep-ipop,3,111015,1728,2540544,872.16198984781897,,48243161231310080,203264.99136891851,0.02582554205718517,1
sep-ipop,3,111015,1741,2567168,871.76088968912757,,1.0507913386101101e+17,205775.73838422348,0.024369353605519176,1
sep-ipop,3,111015,1753,2591744,871.54381052652991,,2.3825988479485805e+17,259078.93141184127,0.026429888328851792,1
sep-ipop,3,111015,1765,2616320,871.27628580729163,,5.2050796283177824e+17,258463.80708465344,0.028889192907969204,1
sep-ipop,3,111015,1778,2642944,870.96482594807946,,1.2646152209808046e+18,397592.70189063868,0.034348239090211355,1
sep-ipop,3,111015,1790,2667520,870.56644058227539,,2.887040315651262e+18,281655.77673594753,0.031836483359038659,1
sep-ipop,3,111015,1803,2694144,870.20673624674475,,7.3720275334880307e+18,300877.55360106227,0.033726124948776123,1
sep-ipop,3,111015,1815,2718720,869.82392883300781,,1.7233538844513751e+19,273786.08705633623,0.031344063821461599,1
sep-ipop,3,111015,1827,2743296,869.46391423543298,,4.5453289976213684e+19,326521.75963869563,0.038025791444828622,1
sep-ipop,3,111015,1840,2769920,869.18300755818689,,1.1678227780692192e+20,276335.023304198,0.035831245185889017,1
sep-ipop,3,111015,1852,2794496,868.74332046508789,,2.6905459392004388e+20,360448.43304990418,0.035286402186620006,1
sep-ipop,3,111015,1865,2821120,868.07495625813806,,8.0381751425969121e+20,387918.93772348348,0.045544136791832265,1
sep-ipop,3,111015,1877,2845696,867.93316268920898,,2.3634198174298853e+21,212656.95363679269,0.044775090150064562,1
sep-ipop,3,111015,1889,2870272,867.02180099487305,,4.8201839125871922e+21,225011.11125479441,0.035569080917297428,1
sep-ipop,3,111015,1902,2896896,866.64502843221032,,1.4368930555293518e+22,179514.08747012538,0.042916840557878408,1
sep-ipop,3,111015,1914,2921472,866.10565312703454,,4.4041407846584039e+22,111741.69827035723,0.051243071757311055,1
sep-ipop,3,111015,1927,2948096,864.87260309855139,,1.1814501036431783e+23,105619.39732812541,0.054284897774487327,1
sep-ipop,3,111015,1939,2972672,864.4031092325846,,2.7865969577326596e+23,83117.820482635711,0.045075287418843243,1
sep-ipop,3,111015,1951,2997248,863.63878631591797,,6.1719670098325359e+23,93271.628012904446,0.045322861899539789,1
sep-ipop,3,111015,1964,3023872,862.84175109863281,,1.5186803463516644e+24,99042.266701120956,0.042515398941076143,1
sep-ipop,3,111015,1976,3048448,862.2701416015625,,3.0571733593383172e+24,86184.821666468735,0.034940779025569364,1
sep-ipop,3,111015,1989,3075072,861.63394800821936,,7.5538820512865126e+24,97086.807677591933,0.041584610028034125,1
sep-ipop,3,111015,2001,3099648,861.16814168294275,,1.5673566513928018e+25,104190.27580282828,0.03597112948734222,1
sep-ipop,3,111015,2013,3124224,860.58283360799157,,2.7279943064980797e+25,93361.364071081873,0.029837001518925273,1
sep-ipop,3,111015,2026,3150848,859.83448028564453,,5.4144267456252646e+25,109602.10721329739,0.030009667839260935,1
sep-ipop,3,111015,2038,3175424,859.56536356608069,,1.1944557143692445e+26,229370.51035904264,0.03230558967801412,1
sep-ipop,3,111015,2051,3202048,859.15294774373376,,2.4618945968272885e+26,240693.54196134527,0.029605585114448808,1
sep-ipop,3,111015,2063,3226624,858.56485366821289,,4.6393780685386024e+26,198900.80161907265,0.025930964123727734,1
sep-ipop,3,111015,2075,3251200,858.48992284139001,,8.3871796376544991e+26,174200.80915655568,0.024834809055582559,1
sep-ipop,3,111015,2088,3277824,858.11365636189782,,1.7293735758901146e+27,211540.65111470642,0.026233023570948959,1
sep-ipop,3,111015,2100,3302400,857.93440500895179,,3.26241271319272e+27,186853.97227965711,0.024709470112489852,1
sep-ipop,3,111015,2113,3329024,857.5884895324707,,6.2643272918127079e+27,163316.87428021576,0.02350369448804324,1
sep-ipop,3,111015,2125,3353600,857.45881907145179,,1.1105204866632798e+28,184550.7709762436,0.024370383534954486,1
sep-ipop,3,111015,2138,3380224,857.10043334960938,,2.2090203273618319e+28,185218.39173291691,0.024828645576968442,1
sep-ipop,3,111015,2150,3404800,856.89894866943359,,4.6256634308422445e+28,180907.12159141459,0.026054530331968351,1
sep-ipop,3,111015,2162,3429376,856.64374796549475,,8.4943597917060461e+28,178004.80527507002,0.023103052383386145,1
sep-ipop,3,111015,2175,3456000,856.24916330973304,,1.6905792293729816e+29,165705.28482462067,0.023753514570310611,1
sep-ipop,3,111015,2187,3480576,856.11405944824219,,3.5109538533229452e+29,200909.65177289833,0.025471741999131645,1
sep-ipop,3,111015,2200,3507200,855.76951090494788,,7.5069205982200371e+29,217656.55370162035,0.026095349088999922,1
sep-ipop,3,111015,2212,3531776,855.56283187866211,,1.4649633735842575e+30,171183.32788084092,0.024173585889745164,1
sep-ipop,3,111015,2224,3556352,855.36418660481775,,2.9063316770759743e+30,180878.94410484083,0.024172020396461099,1
sep-ipop,3,111015,2237,3582976,855.08709462483728,,5.6879861769795516e+30,196073.89488279805,0.024633572305107061,1
sep-ipop,3,111015,2249,3607552,854.81346003214514,,1.0434584125206762e+31,190252.33953573467,0.023035868868137157,1
sep-ipop,3,111015,2262,3634176,854.67779032389319,,1.9899376260112168e+31,143378.00291471192,0.022097796899912349,1
sep-ipop,3,111015,2274,3658752,854.44919204711914,,3.5806228929787955e+31,160662.06815680137,0.021157307539577938,1
sep-ipop,3,111015,2286,3683328,854.33024851481116,,7.5387769523992553e+31,205931.67019364401,0.025721295845937121,1
sep-ipop,3,111015,2299,3709952,854.04918034871423,,1.3083664595615532e+32,202515.41484548958,0.020311209895901568,1
sep-ipop,3,111015,2311,3734528,853.82697550455725,,2.1261344421223878e+32,222597.81615538697,0.019698908768882573,1
sep-ipop,3,111015,2324,3761152,853.68177541097009,,3.5054439250362295e+32,230136.29296060439,0.017417787560599019,1
sep-ipop,3,111015,2336,3785728,853.53779602050781,,4.7372323895375171e+32,224420.07344681991,0.016274129180653039,1
sep-ipop,3,111015,2348,3810304,853.31217702229821,,6.474563522021278e+32,310835.3606624463,0.016530519781504487,1
sep-ipop,3,111015,2361,3836928,853.31137466430664,,8.8092821732136346e+32,325488.02539854491,0.016749242234222559,1
sep-ipop,3,111015,2373,3861504,853.22278213500977,,1.1409656147921101e+33,384640.97725579981,0.015275377035127571,1
sep-ipop,3,111015,2386,3888128,853.13040161132812,,1.4871956291289205e+33,234273.12393581844,0.015089987700105568,1
sep-ipop,3,111015,2398,3912704,853.1019185384115,,1.8107561458836332e+33,293618.17936052376,0.013903422977572357,1
sep-ipop,3,111015,2410,3937280,853.04001617431641,,2.1530397046075373e+33,521791.74374506692,0.014161744178306816,1
sep-ipop,3,111015,2423,3963904,852.97220484415686,,2.6240063637915714e+33,1576212.7963799387,0.014275438815340668,1
sep-ipop,3,111015,2435,3988480,852.95123545328772,,3.2480622382675428e+33,2478273.4468114129,0.014447899569649038,1
sep-ipop,3,111015,2448,4015104,852.87006123860681,,3.9874295276560943e+33,1460939.9683557213,0.011100309373922644,1
sep-ipop,3,111015,2460,4039680,852.85439554850257,,5.0821408100160049e+33,965775.22399924719,0.0062349209483613241,1
sep-ipop,3,111015,2472,4064256,852.80797958374023,,5.7747364395172219e+33,2663169.2083477234,0.0049477206152276857,1
sep-ipop,3,111015,2485,4090880,852.78690719604492,,7.3788211236902661e+33,2941214.0821664431,0.0033043786276309656,1
sep-ipop,3,111015,2497,4115456,852.78350321451819,,8.3964627270888403e+33,5587308.9565127101,0.0031785771585703115,1
sep-ipop,3,111015,2510,4142080,852.77291997273767,,1.0033281600085787e+34,23105087.593788445,0.003299179419657192,1
sep-ipop,3,111015,2522,4166656,852.77072652180993,,1.2407828890735933e+34,39680090.25683447,0.0031711203797692477,1
sep-ipop,3,111015,2534,4191232,852.7511088053385,,1.6727332313784978e+34,70364744.288341284,0.0036194281029512418,1
sep-ipop,3,111015,2547,4217856,852.74821853637695,,1.8661808606058296e+34,69404345.421220854,0.0029899533366235347,1
sep-ipop,3,111015,2559,4242432,852.74286142985022,,2.3942828814766823e+34,77471936.809099033,0.0035553372681529725,1
sep-ipop,3,111015,2572,4269056,852.74286142985022,,2.9848918835520823e+34,79988792.562716216,0.0030410168540468494,1
sep-ipop,3,111015,2584,4293632,852.737294514974,,4.2716737035494525e+34,170198928.82995194,0.0035131844267912329,1
sep-ipop,3,111015,2596,4318208,852.73650995890296,,4.8544095134489904e+34,315490827.8036381,0.0030505127805787327,1
sep-ipop,3,111015,2609,4344832,852.73377863566077,,5.2442038740494912e+34,301673065.79316342,0.0026918245604760655,1
sep-ipop,3,111015,2621,4369408,852.73377863566077,,5.0970804275408488e+34,379527080.85281456,0.0026155402694436744,1
sep-ipop,3,111015,2634,4396032,852.73377863566077,,5.2999943802582202e+34,366859607.5968706,0.0027347449619208267,1
sep-ipop,3,111015,2646,4420608,852.73377863566077,,5.5412760416217096e+34,365335440.95046794,0.0027031692671854045,1
sep-ipop,3,111015,2658,4445184,852.73377863566077,,5.362730305130605e+34,351519109.31736207,0.0022885573807906409,1
sep-ipop,3,111015,2671,4471808,852.73377863566077,,5.5336423582710413e+34,326723959.92261851,0.0023487906104755264,1
sep-ipop,3,111015,2683,4496384,852.73377863566077,,5.6710074039262041e+34,371686371.2565105,0.0023788365587365926,1
sep-ipop,3,111015,2696,4523008,852.73377863566077,,5.9223832652098825e+34,435707436.7647686,0.0025725204321097842,1
sep-ipop,3,111015,2708,4547584,852.73377863566077,,5.9781581321277806e+34,485637344.02731782,0.0023476174177922233,1
sep-ipop,3,111015,2720,4572160,852.73377863566077,,5.8524087038339318e+34,580470601.15980899,0.0023382267641973761,1
sep-ipop,3,111015,2733,4598784,852.73377863566077,,5.9129385635484007e+34,416916503.96069223,0.0020538104866943355,1
sep-ipop,3,111015,2745,4623360,852.73377863566077,,5.7117930110479784e+34,483724174.23758543,0.0020969103963042195,1
sep-ipop,3,111015,2758,4649984,852.73377863566077,,5.8068362724135192e+34,459564998.70101023,0.0023436751962755938,1
sep-ipop,3,111015,2770,4674560,852.73377863566077,,5.9359840571399025e+34,624843344.03933251,0.0025404549398864999,1
sep-ipop,3,111015,2782,4699136,852.73377863566077,,6.1278440136853614e+34,611487131.74301243,0.0024502564884086929,1
sep-ipop,3,111015,2795,4725760,852.73377863566077,,6.0897846894935131e+34,639379656.63723731,0.0023129375566539271,1
sep-ipop,3,111015,2807,4750336,852.73377863566077,,5.6263636418517464e+34,742102945.41241872,0.0020550994481542853,1
sep-ipop,3,111015,2819,4776960,852.73377863566077,,0.38964411780301089,1.461960105698427,0.43843493297092728,2
sep-ipop,3,111015,2825,4801536,852.73377863566077,,0.78185524716002741,9.3976406405022512,0.9681444749617274,2
sep-ipop,3,111015,2831,4826112,852.73377863566077,,1.0394180871942702,14.113639455181643,0.84819716579346238,2
sep-ipop,3,111015,2838,4854784,852.73377863566077,,1.2241423040684396,29.051830204708214,0.61743793595813123,2
sep-ipop,3,111015,2844,4879360,852.73377863566077,,1.3318381794497787,32.674177007360356,0.47574827629500799,2
sep-ipop,3,111015,2850,4903936,852.73377863566077,,1.6911406970682241,25.994408984455184,0.43367829428997362,2
sep-ipop,3,111015,2856,4928512,852.73377863566077,,2.2522441252426009,30.543069451480449,0.40645230748948519,2
sep-ipop,3,111015,2862,4953088,852.73377863566077,,3.1888506912079486,78.627095704304722,0.36044065749418641,2
sep-ipop,3,111015,2869,4981760,852.73377863566077,,4.5619025160861915,168.73949497339234,0.33886331171862372,2
sep-ipop,3,111015,2875,5006336,852.73377863566077,,6.4380667624701902,226.51471153239146,0.3427333663634628,2
sep-ipop,3,111015,2881,5030912,852.73377863566077,,8.270720726394643,313.45958125131023,0.32225228696285363,2
sep-ipop,3,111015,2887,5055488,852.73377863566077,,9.7090995234214663,506.48432466224767,0.30156209356211638,2
sep-ipop,3,111015,2893,5080064,852.73377863566077,,10.534392578471953,982.43922239016956,0.29523766976314247,2
sep-ipop,3,111015,2900,5108736,852.73377863566077,,12.295074556035988,1826.6895963682321,0.30434808055917051,2
sep-ipop,3,111015,2906,5133312,852.73377863566077,,14.250827199365151,2204.3302323906705,0.30146970898326558,2
sep-ipop,3,111015,2912,5157888,852.73377863566077,,19.642869277305113,2461.8393265384343,0.3360080705233317,2
sep-ipop,3,111015,2918,5182464,852.73377863566077,,28.291292658736481,1802.7383541363056,0.31497692799028354,2
sep-ipop,3,111015,2924,5207040,852.73377863566077,,37.846933999099519,1539.7732018611384,0.2985579983218033,2
sep-ipop,3,111015,2931,5235712,852.73377863566077,,53.160340401314073,1527.8105850466814,0.28444787958844531,2
sep-ipop,3,111015,2937,5260288,852.73377863566077,,71.263334812790504,2025.1622529820006,0.28485508374777285,2
sep-ipop,3,111015,2943,5284864,852.73377863566077,,89.642389079541431,2451.054529278143,0.26878715292103433,2
sep-ipop,3,111015,2949,5309440,852.73377863566077,,112.71066732478606,2815.739206670874,0.25506241505379623,2
sep-ipop,3,111015,2955,5334016,852.73377863566077,,147.17961433777415,2495.3026310282153,0.25431585014470404,2
sep-ipop,3,111015,2962,5362688,852.73377863566077,,202.67001172526656,3112.189466818073,0.26281828096702076,2
sep-ipop,3,111015,2968,5387264,852.73377863566077,,274.40903338216924,2696.9572088799114,0.27280315481644052,2
sep-ipop,3,111015,2974,5411840,852.73377863566077,,376.95813956035062,2794.3470824010979,0.27802681305803639,2
sep-ipop,3,111015,2980,5436416,852.73377863566077,,557.54584918873638,2487.0515377397246,0.28973755106567722,2
sep-ipop,3,111015,2987,5465088,852.73377863566077,,827.61892816957277,2997.4452755163175,0.27578792600797869,2
sep-ipop,3,111015,2993,5489664,852.73377863566077,,1364.4460664681653,3385.2252802165344,0.31184286474703765,2
sep-ipop,3,111015,2999,5514240,852.73377863566077,,1939.7604309824048,2528.1177544746647,0.29448360071704593,2
sep-ipop,3,111015,3005,5538816,852.73377863566077,,2968.9617413637475,2161.9715074951491,0.29135039157970327,2
sep-ipop,3,111015,3011,5563392,852.73377863566077,,4546.4033170433031,2423.885517384208,0.30074048847819129,2
sep-ipop,3,111015,3018,5592064,852.73377863566077,,6776.3238471246113,3302.5499477435569,0.27838828016314526,2
sep-ipop,3,111015,3024,5616640,852.73377863566077,,9947.6290634124689,3966.4647830367053,0.27311421326794311,2
sep-ipop,3,111015,3030,5641216,852.73377863566077,,14617.060740831907,5486.0348293653351,0.27630264849801034,2
sep-ipop,3,111015,3036,5665792,852.73377863566077,,21410.470635041809,5067.4145236586592,0.2711499432586657,2
sep-ipop,3,111015,3042,5690368,852.73377863566077,,33865.054254444171,4470.9474509464471,0.28646311209014835,2
sep-ipop,3,111015,3049,5719040,852.73377863566077,,48941.287631303348,6309.0039370561162,0.26355935709634642,2
sep-ipop,3,111015,3055,5743616,852.73377863566077,,70574.995215705596,7578.0752943161206,0.27544352100401903,2
sep-ipop,3,111015,3061,5768192,852.73377863566077,,98837.125661795479,9082.6722728653858,0.27055475399889362,2
sep-ipop,3,111015,3067,5792768,852.73377863566077,,139385.8961148602,10891.78540847759,0.25820389532818538,2
sep-ipop,3,111015,3073,5817344,852.73377863566077,,205464.3170271026,11245.046811901562,0.25518500869771582,2
sep-ipop,3,111015,3080,5846016,852.73377863566077,,323983.18681262736,11274.117358674457,0.27546704224404545,2
sep-ipop,3,111015,3086,5870592,852.73377863566077,,529048.52664969012,11060.613650715684,0.30975261898054368,2
sep-ipop,3,111015,3092,5895168,852.73377863566077,,862969.26615588192,5922.5444934388934,0.30903153708761105,2
sep-ipop,3,111015,3098,5919744,852.73377863566077,,1332178.9779837895,4004.9437042692816,0.30093659209501683,2
sep-ipop,3,111015,3104,5944320,852.73377863566077,,1912213.5476407895,4071.0049926898901,0.28532426118812748,2
sep-ipop,3,111015,3111,5972992,852.73377863566077,,2820033.1544837649,8418.3238287631448,0.27491854487980216,2
sep-ipop,3,111015,3117,5997568,852.73377863566077,,4111912.8174812896,15480.975180425448,0.27473306222346977,2
sep-ipop,3,111015,3123,6022144,852.73377863566077,,6083015.0436163628,31870.296494503589,0.27182012295118685,2
sep-ipop,3,111015,3129,6046720,852.73377863566077,,8417073.210252665,54302.931651750536,0.25841442128822811,2
sep-ipop,3,111015,3135,6071296,852.73377863566077,,12878590.718882052,79943.667865410243,0.27671560994354272,2
sep-ipop,3,111015,3142,6099968,852.73377863566077,,21578716.644578021,106080.62856909109,0.27584383313197464,2
sep-ipop,3,111015,3148,6124544,852.73377863566077,,31871720.694758277,159312.84175105536,0.26899643075053137,2
sep-ipop,3,111015,3154,6149120,852.73377863566077,,49249918.499466404,217995.76925862892,0.26278973574937536,2
sep-ipop,3,111015,3160,6173696,852.73377863566077,,75359153.387847483,238963.40272805668,0.25421263668274358,2
sep-ipop,3,111015,3166,6198272,852.73377863566077,,115951344.47242674,322591.00781319832,0.25333357373444859,2
sep-ipop,3,111015,3173,6226944,852.73377863566077,,189967014.89183199,412940.99482399249,0.25169882541199162,2
sep-ipop,3,111015,3179,6251520,852.73377863566077,,271763797.14324397,530529.8032343355,0.24672200364460692,2
sep-ipop,3,111015,3185,6276096,852.73377863566077,,442608945.32587129,571777.45998805633,0.26197767730324178,2
sep-ipop,3,111015,3191,6300672,852.73377863566077,,659248975.81536639,755762.52842828608,0.25556178281361502,2
sep-ipop,3,111015,3197,6325248,852.73377863566077,,1059366799.5519388,856156.64700424962,0.25770368925367537,2
sep-ipop,3,111015,3204,6353920,852.73377863566077,,1660904913.3038085,896924.60396299337,0.25997206315001958,2
sep-ipop,3,111015,3210,6378496,852.73377863566077,,2225575658.8133583,966046.42546157551,0.23249604162107093,2
sep-ipop,3,111015,3216,6403072,852.73377863566077,,2989702971.0231681,870246.58196998667,0.21161292316074914,2
sep-ipop,3,111015,3222,6427648,852.73377863566077,,3983833111.8122087,597496.54327350692,0.16998270365916018,2
sep-ipop,3,111015,3228,6452224,852.73377863566077,,4992652391.4603624,222708.08048435801,0.11039653080061708,2
sep-ipop,3,111015,3235,6480896,852.73377863566077,,8592635102.380024,68071.637313651518,0.081181560985778528,2
sep-ipop,3,111015,3240,6501376,852.73377863566077,,15567936204.448057,60299.785086814962,0.097375261600080976,2
sep-ipop-w60,3,111015,1,1024,14364.644866943359,,0.28782844542024949,6.537368092722021,0.087402153843086069,0
sep-ipop-w60,3,111015,5,5120,2482.2049522399902,,0.95334910249439453,38.442899562883454,0.67179821047129695,0
sep-ipop-w60,3,111015,10,10240,1612.272029876709,,1.7810528525225033,84.773953448281162,1.2486825061598181,0
sep-ipop-w60,3,111015,20,20480,1612.272029876709,,3.5108794022109784,5.4072293693114499,0.38754248057206686,0
sep-ipop-w60,3,111015,25,25600,1612.272029876709,,3.9582791215264765,4.7370707501920846,0.29641011894048741,0
sep-ipop-w60,3,111015,40,40960,1563.014757792155,,5.7724508957337513,45.994898248099226,0.25478227129072828,0
sep-ipop-w60,3,111015,50,51200,1497.5628191630046,,9.5325484225753705,79.233938226030887,0.27108566106325216,0
sep-ipop-w60,3,111015,75,76800,1392.7891108194988,,22.632775080053051,462.69738344395182,0.28353649269840786,0
sep-ipop-w60,3,111015,80,81920,1380.9632314046223,,23.139828302301868,980.75994642508215,0.25201073701698301,0
sep-ipop-w60,3,111015,100,102400,1301.7554613749187,,48.971378723555517,3001.3717881303237,0.28107057513471118,0
sep-ipop-w60,3,111015,125,128000,1224.3432515462239,,131.16779474783462,5074.9006247616235,0.2599397269314318,0
sep-ipop-w60,3,111015,149,152576,1169.0486907958984,,400.06929181246278,8129.3351306152308,0.24655589420863036,0
sep-ipop-w60,3,111015,160,163840,1124.516658782959,,825.69989018084425,6455.1300339312374,0.25810466481501709,0
sep-ipop-w60,3,111015,174,178176,1061.4581286112468,,1806.0667449436992,4517.7994190564323,0.25557854226241167,0
sep-ipop-w60,3,111015,199,203776,977.10785420735681,,5482.3763504010567,8555.5166063551605,0.20208658823220568,0
sep-ipop-w60,3,111015,224,229376,950.63429133097327,,16016.157305359357,77298.157438632945,0.22448536121718207,0
sep-ipop-w60,3,111015,249,254976,927.56264114379883,,111334.48620361493,74467.890131700173,0.23402381892820739,0
sep-ipop-w60,3,111015,255,261120,924.02923838297522,,150839.36868742673,114689.78170459076,0.23047003653741105,0
sep-ipop-w60,3,111015,273,279552,910.30175908406579,,393533.27670611831,148693.89776845809,0.2302312480572013,0
sep-ipop-w60,3,111015,298,305152,896.39594395955407,,1443022.0910010429,22102.670691309337,0.077990543847013427,0
sep-ipop-w60,3,111015,323,330752,890.12989171346032,,4801241.1198758166,27226.118505006401,0.052893607376238466,0
sep-ipop-w60,3,111015,348,356352,886.21980412801111,,16433022.028269907,32774.974107448958,0.050311990370897161,0
sep-ipop-w60,3,111015,373,381952,884.17614873250329,,37816919.346597269,32410.088660595491,0.033903448907526897,0
sep-ipop-w60,3,111015,397,406528,882.6817626953125,,64875256.562206134,75562.314958656556,0.021172513061797214,0
sep-ipop-w60,3,111015,422,432128,880.7835795084635,,133946177.74379003,171469.23924772866,0.011984736287863691,0
sep-ipop-w60,3,111015,447,457728,880.185557047526,,376813151.18318176,534790.88904301927,0.010977110299493794,0
sep-ipop-w60,3,111015,472,483328,879.36280568440759,,2314421048.0416479,178408.18442805126,0.010995829305387951,0
sep-ipop-w60,3,111015,497,508928,878.42639668782556,,6320639702.8792505,250437.58139239938,0.0082695604799995701,0
sep-ipop-w60,3,111015,521,533504,877.90136082967126,,18693778194.065475,170937.48583502247,0.0081702814761640177,0
sep-ipop-w60,3,111015,546,559104,877.51409657796228,,26240966637.587677,283301.58546747908,0.0056834242665494018,0
sep-ipop-w60,3,111015,571,584704,877.23784001668298,,39453216923.452888,1715908.7713228795,0.0053362281498870508,0
sep-ipop-w60,3,111015,596,610304,877.16297658284509,,44772540259.42408,6020510.4027011758,0.0040098041307905829,0
sep-ipop-w60,3,111015,621,635904,877.14742660522461,,57600135162.531639,5553648.7236098042,0.0035588926373095161,0
sep-ipop-w60,3,111015,645,660480,877.11713918050134,,68089171671.786552,259250621.62645006,0.0048423261240181014,0
sep-ipop-w60,3,111015,670,686080,877.09146245320642,,93057313577.72113,274233439.79721284,0.004865471331796942,0
sep-ipop-w60,3,111015,695,711680,877.00405756632483,,175320467211.26007,242238879.48624593,0.0052798452009428301,0
sep-ipop-w60,3,111015,720,737280,877.00405756632483,,409023355847.2511,358794806.27728963,0.0056710911987573635,0
sep-ipop-w60,3,111015,745,762880,877.00405756632483,,694369589559.3772,651744788.51346087,0.0063292240934054436,0
sep-ipop-w60,3,111015,760,788480,877.00405756632483,,0.883786625395376,17.115721175000594,1.0851689448080439,1
sep-ipop-w60,3,111015,772,813056,877.00405756632483,,1.2753895033848253,19.248748065562538,0.72696372726743563,1
sep-ipop-w60,3,111015,785,839680,877.00405756632483,,1.5793324288497463,23.913000962155177,0.42029245733382986,1
sep-ipop-w60,3,111015,797,864256,877.00405756632483,,2.4180735250684506,61.275294183473385,0.33811468349022888,1
sep-ipop-w60,3,111015,810,890880,877.00405756632483,,4.9223273990594842,167.0761070743161,0.32281617184893407,1
sep-ipop-w60,3,111015,822,915456,877.00405756632483,,7.8935396192536782,331.65248964022823,0.31676501766687459,1
sep-ipop-w60,3,111015,834,940032,877.00405756632483,,10.561352447924509,1040.4272336883314,0.29346927440915954,1
sep-ipop-w60,3,111015,847,966656,877.00405756632483,,14.308941479622417,3659.8204885550313,0.3322346719709347,1
sep-ipop-w60,3,111015,859,991232,877.00405756632483,,25.69716363728044,2916.4326844869443,0.31669847641447835,1
sep-ipop-w60,3,111015,872,1017856,877.00405756632483,,44.951202853438744,2680.5595509596874,0.30847978532240228,1
sep-ipop-w60,3,111015,884,1042432,877.00405756632483,,79.49195916191465,2441.704743167616,0.29726032308759232,1
sep-ipop-w60,3,111015,896,1067008,877.00405756632483,,166.5096145587149,2144.0128611650562,0.31487169150103761,1
sep-ipop-w60,3,111015,909,1093632,877.00405756632483,,334.88892666163821,3761.726258906257,0.2896773274828342,1
sep-ipop-w60,3,111015,921,1118208,877.00405756632483,,625.31955042260768,4600.0069615301436,0.26547049561236025,1
sep-ipop-w60,3,111015,934,1144832,877.00405756632483,,1552.9623229289959,4917.0415132161052,0.30999275201615334,1
sep-ipop-w60,3,111015,946,1169408,877.00405756632483,,3179.8229708110603,3913.7161910647037,0.30337624628089954,1
sep-ipop-w60,3,111015,958,1193984,877.00405756632483,,6534.5725186867139,5291.7780574794242,0.28182334794288655,1
sep-ipop-w60,3,111015,971,1220608,877.00405756632483,,14080.654479854011,8252.6417468322106,0.28588294931359531,1
sep-ipop-w60,3,111015,983,1245184,877.00405756632483,,30353.777439140384,7092.7049011976451,0.27829012361131122,1
sep-ipop-w60,3,111015,996,1271808,877.00405756632483,,62654.8944986719,9993.7728272982204,0.27707989203972072,1
sep-ipop-w60,3,111015,1008,1296384,877.00405756632483,,124396.52302272239,15152.865731590167,0.25953695898210405,1
sep-ipop-w60,3,111015,1020,1320960,877.00405756632483,,257740.10433359456,18071.230655275984,0.24895510424031644,1
sep-ipop-w60,3,111015,1033,1347584,877.00405756632483,,569907.16507326276,43995.721283608676,0.26676785686531157,1
sep-ipop-w60,3,111015,1045,1372160,877.00405756632483,,1012697.568541495,88698.449607540126,0.24367345318278716,1
sep-ipop-w60,3,111015,1058,1398784,877.00405756632483,,1784019.4515856167,173634.77811579808,0.24273983262571572,1
sep-ipop-w60,3,111015,1070,1423360,877.00405756632483,,2673393.8961708178,276444.28465738293,0.23396646041536653,1
sep-ipop-w60,3,111015,1082,1447936,877.00405756632483,,3688160.1877423031,382320.07441802614,0.2210000815730005,1
sep-ipop-w60,3,111015,1095,1474560,877.00405756632483,,6003033.9610813269,468985.29591213592,0.21906667257011816,1
sep-ipop-w60,3,111015,1107,1499136,877.00405756632483,,20745404.675640855,103511.26825178908,0.29484093723522131,1
sep-ipop-w60,3,111015,1120,1525760,877.00405756632483,,45880668.749386549,39799.995103606467,0.25917959719227129,1
sep-ipop-w60,3,111015,1132,1550336,877.00405756632483,,75812613.689121634,57091.362967660221,0.22241102017112963,1
sep-ipop-w60,3,111015,1144,1574912,877.00405756632483,,114259495.64112312,142675.16005003834,0.23060082900977727,1
sep-ipop-w60,3,111015,1157,1601536,877.00405756632483,,246952875.19349903,149503.79921925167,0.28325796396745656,1
sep-ipop-w60,3,111015,1169,1626112,877.00405756632483,,549390404.52637148,50999.330531004765,0.27281681089455556,1
sep-ipop-w60,3,111015,1182,1652736,877.00405756632483,,1314588732.9467585,24390.022505135512,0.26460220390082378,1
sep-ipop-w60,3,111015,1194,1677312,877.00405756632483,,3369274518.7758574,18934.049092193673,0.27031032585255149,1
sep-ipop-w60,3,111015,1206,1701888,877.00405756632483,,8330700643.1193314,22932.650974020653,0.29297653968785714,1
sep-ipop-w60,3,111015,1219,1728512,877.00405756632483,,20375843456.675732,28291.187241828284,0.27288592305458509,1
sep-ipop-w60,3,111015,1231,1753088,877.00405756632483,,47423520123.25264,33834.062457188767,0.26269552332482476,1
sep-ipop-w60,3,111015,1244,1779712,877.00405756632483,,110906084674.968,36699.659279081658,0.25158479582620574,1
sep-ipop-w60,3,111015,1256,1804288,877.00405756632483,,274340048138.86899,38091.497656282751,0.26170048331671181,1
sep-ipop-w60,3,111015,1268,1828864,877.00405756632483,,613740543235.85425,50296.170682120493,0.25289519012613965,1
sep-ipop-w60,3,111015,1281,1855488,877.00405756632483,,1414017118248.1926,67404.489225997881,0.2409697005669984,1
sep-ipop-w60,3,111015,1293,1880064,877.00405756632483,,3133297382482.4136,63597.38370242231,0.23285808821572218,1
sep-ipop-w60,3,111015,1306,1906688,877.00405756632483,,5811419856524.1416,101325.2134411431,0.20537598425598505,1
sep-ipop-w60,3,111015,1318,1931264,877.00405756632483,,14002483528481.898,58346.718382079693,0.18831690014196159,1
sep-ipop-w60,3,111015,1330,1955840,877.00405756632483,,31381056571952.902,32153.915396929049,0.12549496720197814,1
sep-ipop-w60,3,111015,1343,1982464,877.00405756632483,,77743713689249.75,24475.318606621404,0.087685609989058583,1
sep-ipop-w60,3,111015,1355,2007040,877.00405756632483,,159454369844388.5,27659.455504360725,0.080538993946853099,1
sep-ipop-w60,3,111015,1368,2033664,877.00405756632483,,293151489879386,17014.986994179235,0.055492167404871569,1
sep-ipop-w60,3,111015,1380,2058240,877.00405756632483,,561263379332771.38,14780.8214230331,0.04833416562833117,1
sep-ipop-w60,3,111015,1392,2082816,877.00405756632483,,948265717327989.12,18216.365142762294,0.042588765761014342,1
sep-ipop-w60,3,111015,1405,2109440,877.00405756632483,,1359270530165629.5,25690.33252685974,0.036376311289551461,1
sep-ipop-w60,3,111015,1417,2134016,877.00405756632483,,1676698083913613.8,29107.39584448707,0.027019649900086699,1
sep-ipop-w60,3,111015,1430,2160640,877.00405756632483,,2038546368323554.5,31651.170321229733,0.024734555851029367,1
sep-ipop-w60,3,111015,1442,2185216,877.00405756632483,,2944413026193693,58150.482050205588,0.034289992728134829,1
sep-ipop-w60,3,111015,1455,2211840,877.00405756632483,,4080581280989812.5,9877.3134798532974,0.012076271065556922,1
sep-ipop-w60,3,111015,1467,2236416,877.00405756632483,,5141395543324353,11347.86760629156,0.0092361403028761221,1
sep-ipop-w60,3,111015,1479,2260992,877.00405756632483,,6473913726999556,17122.115256510177,0.0099484862914071583,1
sep-ipop-w60,3,111015,1492,2287616,877.00405756632483,,7851511589587741,76277.107707872972,0.006933011032653244,1
sep-ipop-w60,3,111015,1504,2312192,877.00405756632483,,10274818149297660,574550.76373789075,0.0068516638134594717,1
sep-ipop-w60,3,111015,1517,2338816,877.00405756632483,,12736681743957384,2386830.4124729354,0.006389614053703991,1
sep-ipop-w60,3,111015,1529,2363392,877.00405756632483,,20387112602082872,5232056.6418291675,0.0080028569694393491,1
sep-ipop-w60,3,111015,1541,2387968,877.00405756632483,,25234384644310368,14471477.955664705,0.0070138554795419177,1
sep-ipop-w60,3,111015,1554,2414592,877.00405756632483,,35038344620684468,19337263.467520051,0.0060333851803122725,1
sep-ipop-w60,3,111015,1566,2439168,877.00405756632483,,45461328372314872,27304779.710667834,0.0066360156497122479,1
sep-ipop-w60,3,111015,1579,2465792,877.00405756632483,,59605135422533256,25244289.549812969,0.0059807372528132667,1
sep-ipop-w60,3,111015,1591,2490368,877.00405756632483,,67355236374820024,28548029.48067588,0.0052669294697336297,1
sep-ipop-w60,3,111015,1603,2514944,877.00405756632483,,82827479630086848,40062008.985741623,0.0057059361670986457,1
sep-ipop-w60,3,111015,1616,2541568,877.00405756632483,,1.0144229023058368e+17,30325551.663434278,0.0057487249541168881,1
sep-ipop-w60,3,111015,1628,2566144,877.00405756632483,,1.1911475270310496e+17,28369363.095714301,0.0057546469047444326,1
sep-ipop-w60,3,111015,1641,2592768,877.00405756632483,,1.5572072996228006e+17,40643738.831852406,0.0063095417861484685,1
sep-ipop-w60,3,111015,1653,2617344,877.00405756632483,,2.1164972060312787e+17,35193895.735217668,0.0066058278786115098,1
sep-ipop-w60,3,111015,1665,2641920,877.00405756632483,,2.9026386447191014e+17,29580556.356492694,0.0063287987291124597,1
sep-ipop-w60,3,111015,1678,2668544,877.00405756632483,,3.8246876998614906e+17,24922088.686318617,0.0057526281706390221,1
sep-ipop-w60,3,111015,1690,2693120,877.00405756632483,,4.3790154965939674e+17,42353319.978184052,0.0056351600093275138,1
sep-ipop-w60,3,111015,1703,2719744,877.00405756632483,,5.9158463601019533e+17,100287022.10743076,0.0059506561164453806,1
sep-ipop-w60,3,111015,1715,2744320,877.00405756632483,,8.8326718233870374e+17,282080340.89265764,0.0063401681688413196,1
sep-ipop-w60,3,111015,1727,2768896,877.00405756632483,,1.1162767176904778e+18,1093896353.6140487,0.0059154608454675319,1
sep-ipop-w60,3,111015,1740,2795520,877.00405756632483,,1.7362397267046771e+18,1798749243.4424937,0.0059897168692950014,1
sep-ipop-w60,3,111015,1752,2820096,877.00405756632483,,2.5138499609336924e+18,2378162626.4923429,0.0060661111817369631,1
sep-ipop-w60,3,111015,1765,2846720,877.00405756632483,,3.155068141361022e+18,1995449951.2909167,0.0053678110249701406,1
sep-ipop-w60,3,111015,1777,2871296,877.00405756632483,,3.7555930317989315e+18,2496784687.5531917,0.0055335782408180781,1
sep-ipop-w60,3,111015,1789,2895872,877.00405756632483,,4.4542118154710113e+18,2330542679.759017,0.0055625547792481807,1
sep-ipop-w60,3,111015,1802,2922496,877.00405756632483,,5.599271215896489e+18,6750308501.8750601,0.0058025394867659511,1
sep-ipop-w60,3,111015,1814,2947072,877.00405756632483,,6.665123436482859e+18,9542592850.6411457,0.0058402842853929014,1
sep-ipop-w60,3,111015,1822,2975744,877.00405756632483,,0.70969736939495875,8.8059507404421957,1.1291302814474546,2
sep-ipop-w60,3,111015,1828,3000320,877.00405756632483,,0.85249210109189488,24.394271919967949,1.0863634610046236,2
sep-ipop-w60,3,111015,1834,3024896,877.00405756632483,,1.0324609695808613,24.024972698798557,0.74193441016307704,2
sep-ipop-w60,3,111015,1840,3049472,877.00405756632483,,1.1566949865324145,21.37406190869935,0.54864613950157359,2
sep-ipop-w60,3,111015,1846,3074048,877.00405756632483,,1.3361847681936085,23.624054105237875,0.44251255340529411,2
sep-ipop-w60,3,111015,1853,3102720,877.00405756632483,,1.8773392641674203,34.667519502877219,0.41126345934522335,2
sep-ipop-w60,3,111015,1859,3127296,877.00405756632483,,2.4667523207161035,98.991673537851099,0.35228435996878665,2
sep-ipop-w60,3,111015,1865,3151872,877.00405756632483,,3.3408338615988966,171.20003333699927,0.33800374482381934,2
sep-ipop-w60,3,111015,1871,3176448,877.00405756632483,,4.764310495480081,268.88672665149488,0.34147099007243215,2
sep-ipop-w60,3,111015,1877,3201024,877.00405756632483,,6.4330548316913037,406.82709612446234,0.32568376846735536,2
sep-ipop-w60,3,111015,1884,3229696,877.00405756632483,,8.9631270820754629,503.39573341846904,0.31741569853984075,2
sep-ipop-w60,3,111015,1890,3254272,877.00405756632483,,10.759272716928342,813.61438832365423,0.2954628157244088,2
sep-ipop-w60,3,111015,1896,3278848,877.00405756632483,,12.389748089649039,1227.5810744551072,0.28048733380932528,2
sep-ipop-w60,3,111015,1902,3303424,877.00405756632483,,14.298766327948208,2391.9849946644745,0.28726225651300785,2
sep-ipop-w60,3,111015,1908,3328000,877.00405756632483,,18.788984954719812,2725.535917496697,0.30572323911648336,2
sep-ipop-w60,3,111015,1915,3356672,877.00405756632483,,31.411224913081675,2132.3919699125668,0.34374992398036164,2
sep-ipop-w60,3,111015,1921,3381248,877.00405756632483,,43.909032129946816,1549.2646503587737,0.32791020123761261,2
sep-ipop-w60,3,111015,1927,3405824,877.00405756632483,,58.438350306531348,1234.2707378972484,0.27951358186307285,2
sep-ipop-w60,3,111015,1933,3430400,877.00405756632483,,72.612134462480995,1667.4431533297141,0.26537764265980629,2
sep-ipop-w60,3,111015,1939,3454976,877.00405756632483,,93.879702885416705,1812.6096832978885,0.26340230967753298,2
sep-ipop-w60,3,111015,1946,3483648,877.00405756632483,,124.12238055092838,2214.2740361039946,0.27446065053207935,2
sep-ipop-w60,3,111015,1952,3508224,877.00405756632483,,164.22820899837106,2225.9095612591636,0.27713984228437322,2
sep-ipop-w60,3,111015,1958,3532800,877.00405756632483,,212.21979038710563,2366.9380866230936,0.27850724358356199,2
sep-ipop-w60,3,111015,1964,3557376,877.00405756632483,,284.9402199660006,2127.5692076610735,0.26893654289912994,2
sep-ipop-w60,3,111015,1970,3581952,877.00405756632483,,393.09997282230091,2878.3541695161002,0.28327253344773085,2
sep-ipop-w60,3,111015,1977,3610624,877.00405756632483,,580.1240199366531,3737.2806498944933,0.27425882777334248,2
sep-ipop-w60,3,111015,1983,3635200,877.00405756632483,,830.72054380697432,3776.2965198045363,0.27053960277196004,2
sep-ipop-w60,3,111015,1989,3659776,877.00405756632483,,1155.5491739426013,4899.2051675059802,0.26370865063144555,2
sep-ipop-w60,3,111015,1995,3684352,877.00405756632483,,1685.6742747016854,6920.3179837611624,0.27394496157401205,2
sep-ipop-w60,3,111015,2001,3708928,877.00405756632483,,2463.4039808353214,6349.6285824001206,0.2712113163951152,2
sep-ipop-w60,3,111015,2008,3737600,877.00405756632483,,4110.7153534290101,4467.6297446313811,0.29601786309218503,2
sep-ipop-w60,3,111015,2014,3762176,877.00405756632483,,6354.0502014521689,3664.6309491897682,0.30085956606816699,2
sep-ipop-w60,3,111015,2020,3786752,877.00405756632483,,9523.0505514282268,3098.8741101525925,0.2895368820323081,2
sep-ipop-w60,3,111015,2026,3811328,877.00405756632483,,15007.416887765841,2994.6709436622805,0.28502924831747711,2
sep-ipop-w60,3,111015,2032,3835904,877.00405756632483,,22650.416042049812,3766.6837108862928,0.29008063439255127,2
sep-ipop-w60,3,111015,2039,3864576,877.00405756632483,,36602.305916608762,4292.1570602044158,0.29135302790525358,2
sep-ipop-w60,3,111015,2045,3889152,877.00405756632483,,53794.07251662558,4905.0365753019378,0.28537668982294179,2
sep-ipop-w60,3,111015,2051,3913728,877.00405756632483,,79828.718475691931,6129.2896263018556,0.27889856167378341,2
sep-ipop-w60,3,111015,2057,3938304,877.00405756632483,,128249.6270504163,6333.4226812732768,0.29087339832942294,2
sep-ipop-w60,3,111015,2063,3962880,877.00405756632483,,204972.7788950112,6133.2960840946944,0.30265133860015231,2
sep-ipop-w60,3,111015,2070,3991552,877.00405756632483,,336783.7316768351,5881.3678239871597,0.2859268288075093,2
sep-ipop-w60,3,111015,2076,4016128,877.00405756632483,,475655.5697034371,6469.1067423336799,0.27693144890395993,2
sep-ipop-w60,3,111015,2082,4040704,877.00405756632483,,695505.56478154601,8125.9981598447521,0.28022484408725151,2
sep-ipop-w60,3,111015,2088,4065280,877.00405756632483,,1057006.3608207039,10073.914909767651,0.26866992858729077,2
sep-ipop-w60,3,111015,2094,4089856,877.00405756632483,,1499949.612727822,14685.023274942323,0.27337557304627064,2
sep-ipop-w60,3,111015,2101,4118528,877.00405756632483,,2183203.5856188405,18796.358098477209,0.23990135382128844,2
sep-ipop-w60,3,111015,2107,4143104,877.00405756632483,,3012244.8438056349,27116.228781669444,0.25385178304317207,2
sep-ipop-w60,3,111015,2113,4167680,877.00405756632483,,4281286.6032786649,29464.375777157089,0.25918014297998476,2
sep-ipop-w60,3,111015,2119,4192256,877.00405756632483,,5853628.0298446566,31807.905182567105,0.24084488773371376,2
sep-ipop-w60,3,111015,2125,4216832,877.00405756632483,,8818970.1693216842,39570.244830171861,0.2680656172712404,2
sep-ipop-w60,3,111015,2132,4245504,877.00405756632483,,14082292.909929741,42185.183163071088,0.24905850212456901,2
sep-ipop-w60,3,111015,2138,4270080,877.00405756632483,,21662538.737590656,45610.869102618271,0.25793622178667747,2
sep-ipop-w60,3,111015,2144,4294656,877.00405756632483,,31474075.437170997,51284.162419396263,0.25318873815183657,2
sep-ipop-w60,3,111015,2150,4319232,877.00405756632483,,46649129.519945242,62581.84259934719,0.25277249704204319,2
sep-ipop-w60,3,111015,2156,4343808,877.00405756632483,,67462969.062737644,64775.999085916883,0.2451347576067695,2
sep-ipop-w60,3,111015,2163,4372480,877.00405756632483,,111035543.51891264,68986.053355974465,0.25592709692796667,2
sep-ipop-w60,3,111015,2169,4397056,877.00405756632483,,177601566.73126224,67765.012778898235,0.26240437749496104,2
sep-ipop-w60,3,111015,2175,4421632,877.00405756632483,,275515328.32696569,70365.539783086439,0.26172398214948039,2
sep-ipop-w60,3,111015,2181,4446208,877.00405756632483,,400573043.75091654,66944.278034771487,0.23848745507879984,2
sep-ipop-w60,3,111015,2187,4470784,877.00405756632483,,543702625.0023421,94476.240679620314,0.23602995983984301,2
sep-ipop-w60,3,111015,2194,4499456,877.00405756632483,,883562848.4527837,123913.65720979325,0.25020704294093921,2
sep-ipop-w60,3,111015,2200,4524032,877.00405756632483,,1242122124.0814307,139294.11928525846,0.23337476144617689,2
sep-ipop-w60,3,111015,2206,4548608,877.00405756632483,,2051294125.5714121,125729.03374964613,0.24179279970117373,2
sep-ipop-w60,3,111015,2212,4573184,877.00405756632483,,3599889226.7222409,38226.550711104705,0.20016888581303438,2
sep-ipop-w60,3,111015,2218,4597760,877.00405756632483,,6714371084.941617,12060.31471608567,0.16653961605772333,2
sep-ipop-w60,3,111015,2225,4626432,877.00405756632483,,15057078071.53673,4467.5757435230744,0.151978952519947,2
sep-ipop-w60,3,111015,2231,4651008,877.00405756632483,,26779899768.283733,2144.3745961336194,0.12482732775047473,2
sep-ipop-w60,3,111015,2237,4675584,877.00405756632483,,40148087783.74939,1544.4443918619352,0.10244992936496752,2
sep-ipop-w60,3,111015,2243,4700160,877.00405756632483,,53334976746.040489,1269.7591293119463,0.07639496140114746,2
sep-ipop-w60,3,111015,2249,4724736,877.00405756632483,,69370879845.367523,1220.5890825283857,0.058166878003086911,2
sep-ipop-w60,3,111015,2256,4753408,877.00405756632483,,96634321388.198471,1442.7973431058169,0.046877686860188762,2
sep-ipop-w60,3,111015,2262,4777984,877.00405756632483,,135584912797.65962,1876.7142496717875,0.042825132073287898,2
sep-ipop-w60,3,111015,2268,4802560,877.00405756632483,,188706919467.02878,2196.8039070180325,0.037801950823667226,2
sep-ipop-w60,3,111015,2274,4827136,877.00405756632483,,273164093991.17426,2284.3391397956411,0.034911155750866507,2
sep-ipop-w60,3,111015,2280,4851712,877.00405756632483,,393642709655.69128,2377.8193848725355,0.031499317929506672,2
sep-ipop-w60,3,111015,2287,4880384,877.00405756632483,,617559610582.56592,2283.8668164704463,0.028724458200419641,2
sep-ipop-w60,3,111015,2293,4904960,877.00405756632483,,928270596854.8291,2815.3918415487537,0.029356413696639796,2
sep-ipop-w60,3,111015,2299,4929536,877.00405756632483,,1305896778700.9055,2867.944490510728,0.027690680660435472,2
sep-ipop-w60,3,111015,2305,4954112,877.00405756632483,,1749884277938.7688,2840.8832274865576,0.024661994886068277,2
sep-ipop-w60,3,111015,2311,4978688,877.00405756632483,,2394331521672.5474,3621.2849418904079,0.0245896533848462,2
sep-ipop-w60,3,111015,2318,5007360,877.00405756632483,,3372139038888.9834,3922.520579821813,0.02316398493080727,2
sep-ipop-w60,3,111015,2324,5031936,877.00405756632483,,4780574265424.4355,3911.5527029248333,0.023343679133791571,2
sep-ipop-w60,3,111015,2330,5056512,877.00405756632483,,6704675070373.1094,3985.6749463107544,0.022651460088892832,2
sep-ipop-w60,3,111015,2336,5081088,877.00405756632483,,9150350436031.7754,3628.8554386599399,0.022821688950530238,2
sep-ipop-w60,3,111015,2342,5105664,877.00405756632483,,12710783020745.578,4340.6993937792477,0.023982551493921055,2
sep-ipop-w60,3,111015,2349,5134336,877.00405756632483,,18829738689087.434,4270.4266842153584,0.024163754956634746,2
sep-ipop-w60,3,111015,2355,5158912,877.00405756632483,,26037650094973.738,4338.5899664059543,0.0248022028806778,2
sep-ipop-w60,3,111015,2361,5183488,877.00405756632483,,35678200440950.078,3825.7784849975224,0.023038040315367693,2
sep-ipop-w60,3,111015,2367,5208064,877.00405756632483,,49237688573162.188,4175.0018480906056,0.022864596301470298,2
sep-ipop-w60,3,111015,2373,5232640,877.00405756632483,,70504219766492.047,4583.5206694180843,0.025041716645450237,2
sep-ipop-w60,3,111015,2380,5261312,877.00405756632483,,116890600502717.3,3946.5928675928208,0.026161386649014413,2
sep-ipop-w60,3,111015,2386,5285888,877.00405756632483,,176686960302381.53,3575.6449395103805,0.025717595497521013,2
sep-ipop-w60,3,111015,2392,5310464,877.00405756632483,,290216012643062,3242.5950302156148,0.027267608011899452,2
sep-ipop-w60,3,111015,2398,5335040,877.00405756632483,,488064064354878.12,3028.4607888340915,0.029951773785711337,2
sep-ipop-w60,3,111015,2404,5359616,877.00405756632483,,833629349568236.38,3007.4932644247638,0.032387230839263911,2
sep-ipop-w60,3,111015,2411,5388288,877.00405756632483,,1629205766149217.2,2608.7489808146111,0.035257144093291705,2
sep-ipop-w60,3,111015,2417,5412864,877.00405756632483,,2871393366104931.5,2201.260687236741,0.035776864998870825,2
sep-ipop-w60,3,111015,2423,5437440,877.00405756632483,,5047751105548900,2473.4352404973183,0.039086603429495902,2
sep-ipop-w60,3,111015,2429,5462016,877.00405756632483,,9260486028021234,2395.8353764498443,0.043883446315123295,2
sep-ipop-w60,3,111015,2435,5486592,877.00405756632483,,17594698285504116,1990.0854330940219,0.049387721446096773,2
sep-ipop-w60,3,111015,2442,5515264,877.00405756632483,,36200363482185640,1655.5350173516147,0.053173968860254266,2
sep-ipop-w60,3,111015,2448,5539840,877.00405756632483,,71253549005117656,1657.7643419723045,0.064286944925387488,2
sep-ipop-w60,3,111015,2454,5564416,877.00405756632483,,1.2008235000581579e+17,1605.3386877490057,0.063436635964521523,2
sep-ipop-w60,3,111015,2460,5588992,877.00405756632483,,1.8224933776743206e+17,1466.8870051494198,0.055928938169018241,2
sep-ipop-w60,3,111015,2466,5613568,877.00405756632483,,2.7512104703626912e+17,1864.8904052530775,0.054577034031444517,2
sep-ipop-w60,3,111015,2473,5642240,877.00405756632483,,4.3675976113344294e+17,1978.4581163175792,0.050063541874065184,2
sep-ipop-w60,3,111015,2479,5666816,877.00405756632483,,6.6670950504012966e+17,2054.6749687932979,0.047100299168592465,2
sep-ipop-w60,3,111015,2485,5691392,877.00405756632483,,1.0227173863946289e+18,2300.7359669619536,0.043543872630335594,2
sep-ipop-w60,3,111015,2491,5715968,877.00405756632483,,1.5394763553857928e+18,1739.0482762588647,0.037723855065505185,2
sep-ipop-w60,3,111015,2497,5740544,877.00405756632483,,2.3502161035193661e+18,2197.8208082792762,0.039221809242447364,2
sep-ipop-w60,3,111015,2504,5769216,877.00405756632483,,3.61306252643121e+18,1917.2011977680577,0.033921745891499371,2
sep-ipop-w60,3,111015,2510,5793792,877.00405756632483,,5.2663517805840067e+18,1904.0060882960274,0.030943672912668693,2
sep-ipop-w60,3,111015,2516,5818368,877.00405756632483,,7.06280847593118e+18,2097.0001981599871,0.027219992098411069,2
sep-ipop-w60,3,111015,2522,5842944,877.00405756632483,,8.7388432612580966e+18,2263.5175460063233,0.023891935147126626,2
sep-ipop-w60,3,111015,2528,5867520,877.00405756632483,,1.1274690486839079e+19,2789.984582674585,0.023595945143316654,2
sep-ipop-w60,3,111015,2535,5896192,877.00405756632483,,1.5119544987956425e+19,3097.8604707232589,0.022062534843824734,2
sep-ipop-w60,3,111015,2541,5920768,877.00405756632483,,1.807857937844498e+19,3553.1795549512067,0.021131677110489546,2
sep-ipop-w60,3,111015,2547,5945344,877.00405756632483,,2.2165256812612973e+19,3387.2856596796664,0.018788891242734269,2
sep-ipop-w60,3,111015,2553,5969920,877.00405756632483,,2.7507498738132521e+19,4200.0997314510651,0.020357034799974187,2
sep-ipop-w60,3,111015,2559,5994496,877.00405756632483,,3.4145027281155977e+19,4134.4643242956899,0.019463883840784537,2
sep-ipop-w60,3,111015,2566,6023168,877.00405756632483,,4.6602974396994503e+19,3478.5180970406914,0.017670202408819224,2
sep-ipop-w60,3,111015,2572,6047744,877.00405756632483,,5.506355349351383e+19,3881.6741820100829,0.01782856162910389,2
sep-ipop-w60,3,111015,2578,6072320,877.00405756632483,,6.8573157316655923e+19,4191.5202808018339,0.017698028681240666,2
sep-ipop-w60,3,111015,2584,6096896,877.00405756632483,,8.4515799428755669e+19,4759.372399947908,0.01793984501699886,2
sep-ipop-w60,3,111015,2590,6121472,877.00405756632483,,9.9067269684703281e+19,4053.9219548811125,0.016237431253523251,2
sep-ipop-w60,3,111015,2597,6150144,877.00405756632483,,1.2956012556499121e+20,6425.4603107488429,0.017052369779241794,2
sep-ipop-w60,3,111015,2603,6174720,877.00405756632483,,1.4913871169007446e+20,8025.7892675423582,0.018098793161902011,2
sep-ipop-w60,3,111015,2609,6199296,877.00405756632483,,1.8491082712341506e+20,12449.806239156775,0.020881079980186099,2
sep-ipop-w60,3,111015,2615,6223872,877.00405756632483,,2.1699042788876e+20,13931.422197666467,0.019294987345667758,2
sep-ipop-w60,3,111015,2621,6248448,877.00405756632483,,2.7283034907284534e+20,12187.32051209774,0.015912532099032047,2
sep-ipop-w60,3,111015,2628,6277120,877.00405756632483,,3.5305994303575772e+20,10027.666037728186,0.013315888922585992,2
sep-ipop-w60,3,111015,2634,6301696,877.00405756632483,,4.3558412818758605e+20,13023.678344058093,0.013280861938021511,2
sep-ipop-w60,3,111015,2640,6326272,877.00405756632483,,5.4904793592098324e+20,17929.421355844239,0.01317398782926169,2
sep-ipop-w60,3,111015,2646,6350848,877.00405756632483,,6.613442192351308e+20,28797.909404514903,0.012715975309855514,2
sep-ipop-w60,3,111015,2652,6375424,877.00405756632483,,8.0205859259856912e+20,46794.117667070241,0.01154415222110894,2
sep-ipop-w60,3,111015,2659,6404096,877.00405756632483,,1.0363124475057918e+21,76517.619618046272,0.011971848383870498,2
sep-ipop-w60,3,111015,2665,6428672,877.00405756632483,,1.3554051910661788e+21,85198.01132861631,0.011184981771583528,2
sep-ipop-w60,3,111015,2671,6453248,877.00405756632483,,1.6417562520004253e+21,113979.12896397903,0.010865821910606697,2
sep-ipop-w60,3,111015,2677,6477824,877.00405756632483,,2.1553398534396833e+21,179979.73240884565,0.011658234777510275,2
sep-ipop-w60,3,111015,2683,6502400,877.00405756632483,,2.9475131414516036e+21,238577.17175671621,0.012200863303365129,2
sep-ipop-l20,4,111016,1,20,33749.001706441246,,0.27201233989688017,1.0288766177566218,0.26722101572696338,0
sep-ipop-l20,4,111016,10,200,4975.3109855651855,,0.23379054426604598,1.7191934117675274,0.26356124091043764,0
sep-ipop-l20,4,111016,80,1600,1653.4701067606609,,0.099032903491740348,4.985347934363964,0.11053610301356881,0
sep-ipop-l20,4,111016,160,3200,1373.5387687683105,,0.048941062347234027,14.706269953669272,0.062848209046574482,0
sep-ipop-l20,4,111016,1320,26520,1024.891773223877,,0.26373501152446549,1.6657728923998507,0.287786976207067,1
sep-ipop-l20,4,111016,1980,52920,1024.891773223877,,0.0036649911406111181,183013.77232036565,0.0039728738576001758,1
sep-ipop-l20,4,111016,2508,76480,1024.891773223877,,0.12813925985159078,47.288091170797223,0.14126010636202435,2
sep-ipop-l20,4,111016,2838,102880,1024.891773223877,,0.31997331337404039,6402.8858249978066,0.023129957630001904,2
sep-ipop-l20,4,111016,3168,129280,1024.891773223877,,0.07060679349930836,573347.35565827496,0.001878520042625091,2
sep-ipop-l20,4,111016,3498,158000,1024.891773223877,,0.39883894251893243,11.513878626432213,0.29328114074916989,3
sep-ipop-l20,4,111016,3630,179120,1024.891773223877,,1.5755293384244093,3193.5658179723023,0.21683840037526156,3
sep-ipop-l20,4,111016,3828,210800,1024.891773223877,,27.920830707069261,11776.391898448988,0.026490407168630416,3
sep-ipop-l20,4,111016,3960,231920,1024.891773223877,,26.163215614711,432847.82984604791,0.0072194526284781856,3
sep-ipop-l20,4,111016,4158,263600,1024.891773223877,,57.978413657366616,300951482.27352786,0.0059673669181080401,3
sep-ipop-l20,4,111016,4290,285520,1024.891773223877,,0.52022983136824708,6.2787543295291917,0.73104073362051347,4
sep-ipop-l20,4,111016,4356,306640,1024.891773223877,,1.3027561236696323,2740.3346831447266,0.17646233265646849,4
sep-ipop-l20,4,111016,4483,347280,1022.1948331197103,,476.00347452205256,30191.650485430997,0.29072917144411198,4
sep-ipop-l20,4,111016,4510,355920,991.5465202331543,,1633.641351671311,39361.927397907071,0.24528350650526176,4
sep-ipop-l20,4,111016,4589,381200,931.20483525594079,,40812.714816002248,256132.51918846826,0.23293895456375444,4
sep-ipop-l20,4,111016,4671,407440,914.02845509847009,,1053215.4685953148,166083.91070883503,0.10794379125713302,4
sep-ipop-l20,4,111016,4748,432080,866.75014241536462,,46849323.956692323,13184.697215462527,0.02499812119081703,4
sep-ipop-l20,4,111016,4827,457360,862.20135879516602,,168419271.08219787,862106.29156869533,0.0079957116177465631,4
sep-ipop-l20,4,111016,4908,483280,861.75458653767907,,659283791.21550977,60924227.104384162,0.0088633795441470983,4
sep-ipop-l20,4,111016,5016,517840,861.74307759602868,,2409482381.5015221,671372131.71703005,0.003427367534978896,4
sep-ipop-l20,4,111016,5082,555280,861.74307759602868,,2.8077704429942325,365.84768935819011,0.28942761492093866,5
sep-ipop-l20,4,111016,5148,597520,861.74307759602868,,21.684043187985427,4232.1660503822704,0.25561970373398457,5
sep-ipop-l20,4,111016,5214,639760,861.74307759602868,,629.53714817903017,21563.552678882406,0.22797306164301864,5
sep-ipop-l20,4,111016,5280,682000,861.74307759602868,,25603.48702149951,14026.435240222183,0.11923230635723697,5
sep-ipop-l20,4,111016,5346,724240,861.74307759602868,,1232301.7507047178,7281.5871016256961,0.097651695550557957,5
sep-ipop-l20,4,111016,5412,766480,861.74307759602868,,23525024.233648516,14273.205291649921,0.046810455675583285,5
sep-ipop-l20,4,111016,5478,808720,861.74307759602868,,289682733.77436268,1703092.9882007123,0.047433963742036539,5
sep-ipop-l20,4,111016,5544,850960,861.74307759602868,,13856242688.156401,2887741.3786457386,0.053172232097674764,5
sep-ipop-l20,4,111016,5610,893200,861.74307759602868,,684698141035.21692,489593.06859141163,0.05678197244780659,5
sep-ipop-l20,4,111016,5676,935440,861.74307759602868,,16007151922173.041,2155005.2192000016,0.061886469825788007,5
sep-ipop-l20,4,111016,5742,977680,861.74307759602868,,254641960242640.19,3986440.8165852064,0.050296920063324382,5
sep-ipop-l20,4,111016,5808,1019920,861.74307759602868,,2123738315657134,26239448.155054253,0.03956986903808609,5
sep-ipop-l20,4,111016,5874,1062160,861.74307759602868,,37494644718912696,5778172528.8048105,0.055976584072357061,5
sep-ipop-l20,4,111016,5940,1104400,861.74307759602868,,1.9419031608774995e+17,9240220215.9747982,0.039311666434688003,5
sep-ipop-l20,4,111016,6006,1146640,861.74307759602868,,4.2196671547598733e+17,94162577988.190018,0.044872523953782495,5
sep-ipop-l20,4,111016,6072,1188880,861.74307759602868,,1.3791204032580989e+18,124186211098.099,0.04319523641329294,5
sep-ipop-l20,4,111016,6138,1231120,861.74307759602868,,1.2994743186613655e+18,112329619690.55942,0.032938629561359803,5
sep-ipop-l20,4,111016,6204,1307280,861.74307759602868,,3.4526750881451531,293.69153599515454,0.31041135108778517,6
sep-ipop-l20,4,111016,6270,1391760,861.74307759602868,,36.098645468849611,14466.869036763097,0.25805976639762002,6
sep-ipop-l20,4,111016,6336,1476240,861.74307759602868,,1502.6949264508828,2104.3738225905295,0.23349436941588872,6
sep-ipop-l20,4,111016,6402,1560720,861.74307759602868,,30058.680100221471,6723.8882135103513,0.085960937166297283,6
sep-ipop-l20,4,111016,6468,1645200,861.74307759602868,,729278.91957666352,8067.4268803492987,0.032794291928536425,6
sep-ipop-l20,4,111016,6534,1729680,861.74307759602868,,5035097.102824959,20810.45628870192,0.014705124446919392,6
sep-ipop-l20,4,111016,6600,1814160,861.74307759602868,,130094966.01344292,376822.60222739232,0.014782800568387787,6
sep-ipop-l20,4,111016,6666,1898640,861.74307759602868,,2700702660.1112757,684602.87524986861,0.010178377330611221,6
sep-ipop-l20,4,111016,6732,1983120,861.74307759602868,,6970773593.384716,12231336.82096168,0.0060835157916172503,6
sep-ipop-l20,4,111016,6798,2067600,861.74307759602868,,29940380040.205269,26714167.014731102,0.0052240565912419022,6
sep-ipop-l20,4,111016,6864,2152080,861.74307759602868,,131959281148.05034,106792257.67150725,0.0043587768680070516,6
sep-ipop-l20,4,111016,6930,2236560,861.74307759602868,,1048690434788.538,823772148.89633107,0.0038515924220304761,6
sep-ipop-l20,4,111016,6996,2321040,861.74307759602868,,1026805056915.2865,3148504709.7955089,0.003369132931013717,6
sep-ipop-l20,4,111016,7062,2405520,861.74307759602868,,1006677343787.6385,4875947694.1596565,0.0024949256983405705,6
sep-ipop-l20,4,111016,7128,2490000,861.74307759602868,,1344669318267.656,1906786073.5415444,0.002743294945438457,6
sep-ipop-l20,4,111016,7194,2574480,861.74307759602868,,1440654225103.3523,3878817541.564415,0.0026990172950716088,6
sep-ipop-l20,4,111016,7260,2682000,861.74307759602868,,1.0299795965689009,10.356232957518415,0.64729881803984957,7
sep-ipop-l20,4,111016,7326,2850960,861.74307759602868,,15.919531017749835,632.9773707700873,0.28733043944621833,7
sep-ipop-l20,4,111016,7392,3019920,861.74307759602868,,335.31379754850508,2815.4785072904942,0.28093002309274756,7
sep-ipop-l20,4,111016,7458,3188880,861.74307759602868,,18450.620985206282,2761.5077918005964,0.27635584251183876,7
sep-ipop-l20,4,111016,7524,3357840,861.74307759602868,,693024.05706114182,98820.048043142859,0.25736489948649355,7
sep-ipop-l20,4,111016,7590,3526800,861.74307759602868,,48146644.655833133,458537.61333245819,0.23316965816352031,7
sep-ipop-l20,4,111016,7656,3695760,861.74307759602868,,5204647742.9558706,474304.74352537806,0.2493925643935003,7
sep-ipop-l20,4,111016,7722,3864720,861.74307759602868,,281812435073.96417,1210299.3708479372,0.22885182020459505,7
sep-ipop-l20,4,111016,7788,4033680,861.74307759602868,,46367269320326.117,19215.932935683359,0.0730589680838169,7
sep-ipop-l20,4,111016,7854,4202640,861.74307759602868,,5608662447408988,16633.506926127036,0.0339355610539206,7
sep-ipop-l20,4,111016,7920,4371600,861.74307759602868,,1.1003124525173866e+18,14724.559318727443,0.037638383260272447,7
sep-ipop-l20,4,111016,7986,4540560,861.74307759602868,,2.0618801559809547e+20,23486.157812507299,0.042814352657767091,7
sep-ipop-l20,4,111016,8052,4709520,861.74307759602868,,2.0978956962114755e+22,28304.759871357139,0.033187063905196761,7
sep-ipop-l20,4,111016,8118,4878480,861.74307759602868,,1.4747274143909884e+24,42498.534354547497,0.029838119824765311,7
sep-ipop-l20,4,111016,8184,5047440,861.74307759602868,,8.7374018048016211e+25,49643.529434189484,0.029454599369051461,7
sep-ipop-l20,4,111016,8250,5216400,861.74307759602868,,6.666675699300887e+27,40625.188380035492,0.028696036934331974,7
sep-ipop-l20,4,111016,8316,5385360,861.74307759602868,,6.1255069819435386e+29,37390.399611187437,0.026136746761786327,7
sep-ipop-l20,4,111016,8382,5554320,861.74307759602868,,4.8541831395290075e+31,36739.260652773803,0.027348963114103418,7
sep-ipop-l20,4,111016,8448,5723280,861.74307759602868,,3.0241578971230381e+33,44834.735335967584,0.022552831346156561,7
sep-ipop-l20,4,111016,8514,5892240,861.74307759602868,,5.4621421030714083e+34,16745.141300141135,0.0079368466584844519,7
sep-ipop-l20,4,111016,8580,6061200,861.74307759602868,,7.4464086581274604e+35,88560.064033961011,0.0084375083352499457,7
sep-ipop-l20,4,111016,8646,6230160,861.74307759602868,,4.9029979020831966e+36,298256.30224438902,0.0061514154462721507,7
sep-ipop-l20,4,111016,8712,6399120,861.74307759602868,,1.6567817313235215e+37,280124709.57005101,0.0056199653394132442,7
sep-ipop-l20-w102,4,111016,1,20,33749.001706441246,,0.27201233989688017,1.0288766177566218,0.26722101572696338,0
sep-ipop-l20-w102,4,111016,10,200,4975.3109855651855,,0.23379054426604598,1.7191934117675274,0.26356124091043764,0
sep-ipop-l20-w102,4,111016,80,1600,1653.4701067606609,,0.099032903491740348,4.985347934363964,0.11053610301356881,0
sep-ipop-l20-w102,4,111016,160,3200,1373.5387687683105,,0.048941062347234027,14.706269953669272,0.062848209046574482,0
sep-ipop-l20-w102,4,111016,1254,25980,1024.891773223877,,0.18702929359892984,3.4244846549586683,0.20439051897996857,1
sep-ipop-l20-w102,4,111016,1914,52380,1024.891773223877,,0.0015050203332832642,3894580.0616187644,0.003030464837045943,1
sep-ipop-l20-w102,4,111016,2376,76460,1024.891773223877,,0.16219610508321011,1767.0290058365031,0.12797184215509425,2
sep-ipop-l20-w102,4,111016,2706,102860,1024.891773223877,,0.12313532538512029,143027.55235764111,0.030077472295826479,2
sep-ipop-l20-w102,4,111016,3036,129260,1024.891773223877,,0.046132881791291401,3999318432.3160791,0.0097088379957502163,2
sep-ipop-l20-w102,4,111016,3234,155660,1024.891773223877,,1.0871492145012973,2433.3793646323629,0.22847212650987136,3
sep-ipop-l20-w102,4,111016,3376,178380,966.90236282348633,,16.848589995427126,2760.5977460361792,0.07116461962360987,3
sep-ipop-l20-w102,4,111016,3537,204140,931.59570185343421,,332.6830041529808,4862.229004276197,0.017189151809354909,3
sep-ipop-l20-w102,4,111016,3690,228620,929.10102208455407,,289.34271871241634,439684.7482579936,0.0035213541761956739,3
sep-ipop-l20-w102,4,111016,3854,254860,928.97652053833008,,371.96762736857795,102923885.89907192,0.0022770469564161746,3
sep-ipop-l20-w102,4,111016,4026,288300,928.93380355834961,,1.1253999146255946,175.40538448627433,0.2784138344370149,4
sep-ipop-l20-w102,4,111016,4092,309420,928.93380355834961,,8.3911353114948213,2038.42695234895,0.24745201895383923,4
sep-ipop-l20-w102,4,111016,4158,330540,928.93380355834961,,80.577461427550332,163643.33001559807,0.30689803852392056,4
sep-ipop-l20-w102,4,111016,4267,365420,928.82112503051758,,8977.1596206312333,4379.7220877224227,0.099589462888300673,4
sep-ipop-l20-w102,4,111016,4319,382060,872.27030690511071,,84119.499052303087,16655.798405959384,0.054354322278757687,4
sep-ipop-l20-w102,4,111016,4397,407020,852.59850947062171,,1112760.6369721654,32146.670045862855,0.014218834045878899,4
sep-ipop-l20-w102,4,111016,4477,432620,849.3451143900553,,2348870.0875304081,78604.754468858489,0.0028707946457239802,4
sep-ipop-l20-w102,4,111016,4554,457260,848.80642445882165,,53609569.876307614,1506980.0451386173,0.0044900637952612907,4
sep-ipop-l20-w102,4,111016,4634,482860,845.0807774861654,,8331834306.6325731,418768.72804796335,0.013205009656561283,4
sep-ipop-l20-w102,4,111016,4713,508140,843.55401738484704,,32312309509.63047,6126519.5106595894,0.0057526715762230831,4
sep-ipop-l20-w102,4,111016,4803,536940,843.47108840942383,,176976637633.1423,91947768.195643008,0.0034782286578836931,4
sep-ipop-l20-w102,4,111016,4884,562860,843.39434941609704,,487833481956.39374,2793898967.2667861,0.0035867301821432282,4
sep-ipop-l20-w102,4,111016,5016,625580,843.39434941609704,,3.5760093459948781,1439.4579210433603,0.27282508216035389,5
sep-ipop-l20-w102,4,111016,5082,667820,843.39434941609704,,28.20807840744877,60384.026184147471,0.25937137456157805,5
sep-ipop-l20-w102,4,111016,5148,710060,843.39434941609704,,806.18481000650524,14588.421951085042,0.25936825436665961,5
sep-ipop-l20-w102,4,111016,5214,752300,843.39434941609704,,11202.696472954403,92441.732712462093,0.18751843459117587,5
sep-ipop-l20-w102,4,111016,5280,794540,843.39434941609704,,190813.7584039889,72560.789316219511,0.24076501060575534,5
sep-ipop-l20-w102,4,111016,5346,836780,843.39434941609704,,12004649.807826186,8822.4427593653345,0.11592162198820408,5
sep-ipop-l20-w102,4,111016,5412,879020,843.39434941609704,,1169775617.9897759,7506.4242971706472,0.18321038976820894,5
sep-ipop-l20-w102,4,111016,5478,921260,843.39434941609704,,46468264841.120407,53840.199202858195,0.23101824002092949,5
sep-ipop-l20-w102,4,111016,5544,963500,843.39434941609704,,2650658045972.061,3513.7820336800164,0.071751021510440757,5
sep-ipop-l20-w102,4,111016,5610,1005740,843.39434941609704,,37181817082234.367,2870.1537662236815,0.020990951782847597,5
sep-ipop-l20-w102,4,111016,5676,1047980,843.39434941609704,,164826135437609.84,77245.604160555187,0.010744983339337733,5
sep-ipop-l20-w102,4,111016,5742,1090220,843.39434941609704,,4524745896258382,34038.592295474235,0.0060916399592702009,5
sep-ipop-l20-w102,4,111016,5808,1132460,843.39434941609704,,2.8743112117399782e+17,32858.8502608321,0.009012973847376959,5
sep-ipop-l20-w102,4,111016,5874,1174700,843.39434941609704,,2.4759808543954079e+18,463341.36919267126,0.0054611243239156993,5
sep-ipop-l20-w102,4,111016,5940,1216940,843.39434941609704,,5.5585816617401539e+18,18248145.029722013,0.0051473591382286609,5
sep-ipop-l20-w102,4,111016,6006,1259180,843.39434941609704,,1.8594835034857173e+19,5657785948.7024374,0.0055830105486819603,5
sep-ipop-l20-w102,4,111016,6072,1301420,843.39434941609704,,2.4144178419169083e+19,1830533405.8571522,0.0019824914232578926,5
sep-ipop-l20-w102,4,111016,6138,1343660,843.39434941609704,,2.1468560082357432e+19,130853465894.36406,0.001133859028910537,5
sep-ipop-l20-w102,4,111016,6204,1427500,843.39434941609704,,3.0708095531347839,221.20407268358613,0.26310498417812106,6
sep-ipop-l20-w102,4,111016,6270,1511980,843.39434941609704,,33.167280927079197,14517.170402942276,0.25208874813576249,6
sep-ipop-l20-w102,4,111016,6336,1596460,843.39434941609704,,3079.8721081652643,21990.070710924345,0.27301677819554987,6
sep-ipop-l20-w102,4,111016,6402,1680940,843.39434941609704,,146688.63832088627,126225.51661032852,0.25044146234107989,6
sep-ipop-l20-w102,4,111016,6468,1765420,843.39434941609704,,7053165.144680134,76299.944432389093,0.24936459867246724,6
sep-ipop-l20-w102,4,111016,6534,1849900,843.39434941609704,,88229117.0401548,1133395.7338392732,0.21404354849729612,6
sep-ipop-l20-w102,4,111016,6600,1934380,843.39434941609704,,364002011.09320569,78560912.234080181,0.20141658755791686,6
sep-ipop-l20-w102,4,111016,6666,2018860,843.39434941609704,,4118865368.4006405,29853089.460107293,0.087061869887688825,6
sep-ipop-l20-w102,4,111016,6732,2103340,843.39434941609704,,13330555056.052486,37132123771.983459,0.093458835997279749,6
sep-ipop-l20-w102,4,111016,6798,2187820,843.39434941609704,,60672553379.751823,691421111385.26184,0.10172880892895861,6
sep-ipop-l20-w102,4,111016,6864,2272300,843.39434941609704,,28350383694647.848,17128881.836299878,0.073531955527184126,6
sep-ipop-l20-w102,4,111016,6930,2356780,843.39434941609704,,3470243249550930,17008.955141498554,0.076752821855411865,6
sep-ipop-l20-w102,4,111016,6996,2441260,843.39434941609704,,19879421195671536,2591555.4346107543,0.067496478808246732,6
sep-ipop-l20-w102,4,111016,7062,2525740,843.39434941609704,,1.9098862239243658e+17,101907114.64187971,0.066499853364118205,6
sep-ipop-l20-w102,4,111016,7128,2610220,843.39434941609704,,1.9109667076072983e+18,502743104.95999622,0.057099101110717684,6
sep-ipop-l20-w102,4,111016,7194,2694700,843.39434941609704,,1.138357147609728e+19,25860376622.992737,0.058986202657263266,6
sep-ipop-l20-w102,4,111016,7260,2779180,843.39434941609704,,7.7121305485841629e+19,839197791012.25146,0.070584872470734542,6
sep-ipop-l20-w102,4,111016,7326,2863660,843.39434941609704,,8.1882932107829232e+19,76521161655.131775,0.0132942285306007,6
sep-ipop-l20-w102,4,111016,7392,3027500,843.39434941609704,,7.8098089538520261,266.76542293441764,0.27720409463112544,7
sep-ipop-l20-w102,4,111016,7458,3196460,843.39434941609704,,101.93123114467834,22820.581948498329,0.23882623302852993,7
sep-ipop-l20-w102,4,111016,7524,3365420,843.39434941609704,,4099.5209572032136,20252.368739138034,0.25723289192659754,7
sep-ipop-l20-w102,4,111016,7590,3534380,843.39434941609704,,353171.57210225851,4556.9411513002542,0.27900554810648925,7
sep-ipop-l20-w102,4,111016,7656,3703340,843.39434941609704,,17851935.446024317,6490.9029914425673,0.26008157256950587,7
sep-ipop-l20-w102,4,111016,7722,3872300,843.39434941609704,,1586072245.0501964,9857.5147517223159,0.17217745982262794,7
sep-ipop-l20-w102,4,111016,7788,4041260,843.39434941609704,,92851326082.454697,5080.3476592683573,0.061570502592166891,7
sep-ipop-l20-w102,4,111016,7854,4210220,843.39434941609704,,11519645296382.916,7019.0100932126106,0.039026742929185905,7
sep-ipop-l20-w102,4,111016,7920,4379180,843.39434941609704,,2069861896992985.8,5844.104133783504,0.035187706798569397,7
sep-ipop-l20-w102,4,111016,7986,4548140,843.39434941609704,,36032704110052776,7673.7043000703143,0.017273155213446068,7
sep-ipop-l20-w102,4,111016,8052,4717100,843.39434941609704,,5.7734526179763789e+17,25647.110465840356,0.020208520789985647,7
sep-ipop-l20-w102,4,111016,8118,4886060,843.39434941609704,,1.9007159291976929e+19,30342.391955569303,0.020516397130773266,7
sep-ipop-l20-w102,4,111016,8184,5055020,843.39434941609704,,3.6416763994254685e+20,93967.095322589506,0.017474857928795096,7
sep-ipop-l20-w102,4,111016,8250,5223980,843.39434941609704,,1.7756068520534399e+21,367236.79518034449,0.012946731756987942,7
sep-ipop-l20-w102,4,111016,8316,5392940,843.39434941609704,,7.6755187336697673e+21,39056824.102814734,0.0071986624973180841,7
sep-ipop-l20-w102,4,111016,8382,5561900,843.39434941609704,,3.3094077973010034e+22,79410597.321337506,0.0072128232763745458,7
sep-ipop-l20-w102,4,111016,8448,5730860,843.39434941609704,,1.5428944884664138e+23,1019601061.2239503,0.0068717471920940109,7
sep-ipop-l20-w102,4,111016,8514,5899820,843.39434941609704,,4.5704974534951975e+23,985510551.69210243,0.0050786968834481399,7
sep-ipop-l20-w102,4,111016,8580,6096940,843.39434941609704,,0.92872854642377789,29.312116869177341,1.3109469306108235,8
sep-ipop-l20-w102,4,111016,8646,6434860,843.39434941609704,,13.628460544382866,298.5486786217449,0.33407636258545459,8
sep-ipop,4,111016,1,1024,7282.0427462259931,,0.28838249821909911,7.7257110578585708,0.11187774018851365,0
sep-ipop,4,111016,5,5120,2183.5185534159341,,0.90508861676039598,38.694405893497184,0.71183123852040087,0
sep-ipop,4,111016,10,10240,1732.0484085083008,,1.5761706416408838,19.385290163187182,0.66294602960456395,0
sep-ipop,4,111016,20,20480,1639.8049443562825,,2.8541268154261008,5.0781566602992774,0.34323605778623717,0
sep-ipop,4,111016,25,25600,1615.3016141255696,,3.1933546203005956,5.9304627621811585,0.27803756426476606,0
sep-ipop,4,111016,40,40960,1584.5980110168457,,5.082458490212904,104.08839430030621,0.25493211676142136,0
sep-ipop,4,111016,50,51200,1446.5789477030437,,7.8486811180949214,196.09744499047264,0.24582040580827036,0
sep-ipop,4,111016,75,76800,1365.6981938680012,,16.280551811880279,699.75526742720558,0.25571943885404619,0
sep-ipop,4,111016,80,81920,1365.6981938680012,,18.910954355639923,1164.0839919795485,0.25833360363409419,0
sep-ipop,4,111016,100,102400,1290.8983980814617,,42.212399035734023,2838.0587974187256,0.22782567577593343,0
sep-ipop,4,111016,125,128000,1242.8754641215007,,94.481897039991267,8938.7536472295342,0.24978221512538903,0
sep-ipop,4,111016,149,152576,1173.4495671590169,,361.73622261645596,4713.4729888497623,0.25839349827257352,0
sep-ipop,4,111016,160,163840,1126.0537808736165,,583.14761227196925,4814.5595480644079,0.25356856200410405,0
sep-ipop,4,111016,174,178176,1102.6464513142903,,1025.4826870872366,11574.432201041564,0.24332699158856724,0
sep-ipop,4,111016,199,203776,1072.00035349528,,3477.5857411679863,17883.501700591383,0.24121561601298355,0
sep-ipop,4,111016,224,229376,1057.2722600301106,,9919.3859283518068,64921.075332519271,0.24372266029980597,0
sep-ipop,4,111016,249,254976,1009.4207750956217,,62747.562587870547,6944.5704567875291,0.14228404437136838,0
sep-ipop,4,111016,255,261120,998.79364395141602,,88384.544750802685,2016.2406555849266,0.096006884671200346,0
sep-ipop,4,111016,273,279552,975.9249483744303,,217956.22581440912,527.76890625573174,0.059423550839914276,0
sep-ipop,4,111016,298,305152,954.01129786173499,,589755.65023058828,831.28748444310656,0.037175993502804254,0
sep-ipop,4,111016,323,330752,945.94520950317383,,1657873.3125317292,1722.7285903213224,0.026626114736874675,0
sep-ipop,4,111016,348,356352,942.1352653503418,,5051838.5217567962,4673.4443594938375,0.018495227857502267,0
sep-ipop,4,111016,373,381952,940.52284622192383,,14239007.436165415,5372.4726002803382,0.016938052591486844,0
sep-ipop,4,111016,397,406528,938.64501953125,,28034328.782508872,5322.9614697057468,0.011000601139945979,0
sep-ipop,4,111016,422,432128,937.46113204956055,,74526859.958819047,9926.1448036534493,0.010100445256960393,0
sep-ipop,4,111016,447,457728,936.42509333292639,,369202314.49911416,4098.2587882719808,0.011403548518817502,0
sep-ipop,4,111016,472,483328,935.01347096761071,,3008910210.5225282,2728.3768992906412,0.017502116250584419,0
sep-ipop,4,111016,497,508928,933.47535578409827,,22730646210.550743,5764.6761580655366,0.026547502172961351,0
sep-ipop,4,111016,521,533504,930.62851079305017,,176869075560.64029,5672.68857904167,0.03294984702268023,0
sep-ipop,4,111016,546,559104,924.47739664713538,,1567166511129.9302,5379.305664705983,0.042657510970707593,0
sep-ipop,4,111016,571,584704,913.83752187093103,,11074965139713.361,8274.918777237006,0.054434947454603561,0
sep-ipop,4,111016,596,610304,902.29699452718103,,46824660080261.211,5385.6206372590968,0.036493911722089337,0
sep-ipop,4,111016,621,635904,894.21529006958008,,178795681609938.94,6571.8611975753665,0.024532435938928569,0
sep-ipop,4,111016,645,660480,890.64140192667639,,514035698088449,8204.5305926630972,0.018069701824324141,0
sep-ipop,4,111016,670,686080,888.8727811177572,,988789992712512.12,7002.0129697246857,0.0096124622146445612,0
sep-ipop,4,111016,695,711680,887.74321111043298,,1802352920491333.8,5600.4759825967085,0.0052201440009753885,0
sep-ipop,4,111016,720,737280,887.34941228230798,,3605540014337971,76675.286753546316,0.0051459416445256354,0
sep-ipop,4,111016,745,762880,887.1696993509928,,4200979972764898.5,429293.03353733511,0.0040147274947204426,0
sep-ipop,4,111016,769,787456,887.04763666788733,,6196822215678825,2342598.470357324,0.0043854364768999747,0
sep-ipop,4,111016,794,813056,886.96115493774414,,10968509401607256,4460507.4251711927,0.004058864855148215,0
sep-ipop,4,111016,819,838656,886.92976633707679,,17346794852529606,16899546.869806062,0.0045332324790572382,0
sep-ipop,4,111016,844,864256,886.87168629964196,,39703333997438832,55222284.850486018,0.0050453481036168554,0
sep-ipop,4,111016,869,889856,886.85603078206384,,65594240925886168,82553218.861198068,0.0044331512672930321,0
sep-ipop,4,111016,893,914432,886.83347193400061,,1.1616349734700126e+17,122369223.52190536,0.0050016061781811482,0
sep-ipop,4,111016,918,940032,886.78728485107422,,1.8424974994646467e+17,151405327.22791854,0.0046259303479029169,0
sep-ipop,4,111016,943,965632,886.78205108642578,,2.5538817888016288e+17,217532272.9431366,0.0038737141982446294,0
sep-ipop,4,111016,968,991232,886.78205108642578,,3.5307548851228883e+17,325702118.93617481,0.0052694440944141838,0
sep-ipop,4,111016,993,1016832,886.78205108642578,,5.0158643871042419e+17,522268215.79443449,0.0044187864187581177,0
sep-ipop,4,111016,1017,1041408,886.78205108642578,,5.2589648095922662e+17,560953105.80095053,0.0027878107233991344,0
sep-ipop,4,111016,1042,1067008,886.78205108642578,,5.3840756914823827e+17,500414294.37391376,0.0022283784612387131,0
sep-ipop,4,111016,1067,1092608,886.78205108642578,,1.1286235925655607e+18,544519926.15966892,0.0036409405475131547,0
sep-ipop,4,111016,1092,1118208,886.78205108642578,,2.1029313259525199e+18,871540358.30907702,0.003954332114036817,0
sep-ipop,4,111016,1117,1143808,886.78205108642578,,2.263347961347575e+18,436770704.07795644,0.0031353931774614446,0
sep-ipop,4,111016,1142,1169408,886.78205108642578,,2.4173173507131392e+18,598121004.47592056,0.0034898224838708627,0
sep-ipop,4,111016,1166,1193984,886.78205108642578,,2.3049258674101327e+18,317079472.3336578,0.0028582815027022998,0
sep-ipop,4,111016,1191,1219584,886.78205108642578,,2.3403538797681208e+18,316836562.29040426,0.0023807992776785935,0
sep-ipop,4,111016,1214,1246208,886.78205108642578,,0.57306863120422125,3.4510223774650148,0.73155364365990938,1
sep-ipop,4,111016,1226,1270784,886.78205108642578,,0.92758928753172609,18.588662921343541,0.82758385975142568,1
sep-ipop,4,111016,1239,1297408,886.78205108642578,,1.143138009354121,21.588768643306089,0.4612421795024535,1
sep-ipop,4,111016,1251,1321984,886.78205108642578,,1.5724477271436326,20.060645846157058,0.3580106685213616,1
sep-ipop,4,111016,1263,1346560,886.78205108642578,,2.8044478272778561,75.45881021721182,0.33964571007646849,1
sep-ipop,4,111016,1276,1373184,886.78205108642578,,4.837237734853737,154.26519297781792,0.31699003472108833,1
sep-ipop,4,111016,1288,1397760,886.78205108642578,,7.5625755607735474,748.25668258452822,0.3212320140402683,1
sep-ipop,4,111016,1301,1424384,886.78205108642578,,13.411683570117969,1008.2614682895093,0.29553825497060032,1
sep-ipop,4,111016,1313,1448960,886.78205108642578,,19.362615982485273,1345.4964459317503,0.27991977553119285,1
sep-ipop,4,111016,1325,1473536,886.78205108642578,,29.46557431584246,1780.0901245980497,0.28940198149874269,1
sep-ipop,4,111016,1338,1500160,886.78205108642578,,52.861864621972963,1736.512490601885,0.27597816328749092,1
sep-ipop,4,111016,1350,1524736,886.78205108642578,,86.044991841860821,1663.6880784245479,0.27552159933065734,1
sep-ipop,4,111016,1363,1551360,886.78205108642578,,139.85259708908384,2010.5606164228257,0.2637084406191309,1
sep-ipop,4,111016,1375,1575936,886.78205108642578,,263.16627057625692,2771.7652967948529,0.28399397131046861,1
sep-ipop,4,111016,1387,1600512,886.78205108642578,,495.52580257290799,3257.1493514082626,0.28702470593633023,1
sep-ipop,4,111016,1400,1627136,886.78205108642578,,991.04077872243909,2762.5408788150426,0.2753312094681783,1
sep-ipop,4,111016,1412,1651712,886.78205108642578,,1950.1996972776033,4375.2269148985461,0.30114027375535951,1
sep-ipop,4,111016,1425,1678336,886.78205108642578,,4367.3936482602112,6895.1656410075384,0.28824470361404664,1
sep-ipop,4,111016,1437,1702912,886.78205108642578,,9137.4850751395952,13669.177432648163,0.2674992812410143,1
sep-ipop,4,111016,1449,1727488,886.78205108642578,,20062.303293483452,34973.685211630342,0.27102420237777108,1
sep-ipop,4,111016,1462,1754112,886.78205108642578,,47618.438630261422,54496.232609521547,0.28081014216088362,1
sep-ipop,4,111016,1474,1778688,886.78205108642578,,112723.02257011493,71475.152360175358,0.281086811790282,1
sep-ipop,4,111016,1487,1805312,886.78205108642578,,243899.07251786333,56125.359137285341,0.24425316485434964,1
sep-ipop,4,111016,1499,1829888,886.78205108642578,,537685.78430342907,50665.575058583505,0.21716920655911912,1
sep-ipop,4,111016,1511,1854464,886.78205108642578,,1279265.2938874098,38044.336070356345,0.16018951403374751,1
sep-ipop,4,111016,1524,1881088,886.78205108642578,,3114315.1847028229,29284.398502704429,0.13649550455793727,1
sep-ipop,4,111016,1536,1905664,886.78205108642578,,7564242.9833380468,21331.54732230811,0.11036106389687875,1
sep-ipop,4,111016,1549,1932288,886.78205108642578,,19431127.274275195,10744.717661063389,0.086244635473985032,1
sep-ipop,4,111016,1561,1956864,886.78205108642578,,53089216.304544091,6835.7836179734722,0.076869103164523361,1
sep-ipop,4,111016,1573,1981440,886.78205108642578,,125951067.25325876,7536.9564324283911,0.066617641488181542,1
sep-ipop,4,111016,1586,2008064,886.78205108642578,,271484382.67545712,8680.1854522084104,0.058735034641667176,1
sep-ipop,4,111016,1598,2032640,886.78205108642578,,567781898.63860381,10792.503964241292,0.06087147598788651,1
sep-ipop,4,111016,1611,2059264,886.78205108642578,,1190321948.5430913,14296.906968876203,0.060203362016253689,1
sep-ipop,4,111016,1623,2083840,886.78205108642578,,2308279415.7343383,16070.378880257718,0.05532804986177367,1
sep-ipop,4,111016,1635,2108416,886.78205108642578,,4468159848.4161263,11233.817143678076,0.051945193949455015,1
sep-ipop,4,111016,1648,2135040,886.78205108642578,,7821092671.7351465,15998.021400903252,0.05117334716489276,1
sep-ipop,4,111016,1660,2159616,886.78205108642578,,14202448700.90321,21800.499683511145,0.052566780750853345,1
sep-ipop,4,111016,1673,2186240,886.78205108642578,,29270044303.382313,26469.145962407823,0.047254852606099608,1
sep-ipop,4,111016,1685,2210816,886.78205108642578,,62515295191.291771,27253.795787958356,0.054176453213972152,1
sep-ipop,4,111016,1697,2235392,886.78205108642578,,131173938142.66423,28032.377449614462,0.055510178119950203,1
sep-ipop,4,111016,1710,2262016,886.78205108642578,,330544559217.05725,31459.918922104323,0.059003246281633503,1
sep-ipop,4,111016,1722,2286592,886.78205108642578,,673753833562.38184,39559.968910582727,0.056857029965674113,1
sep-ipop,4,111016,1735,2313216,886.78205108642578,,1293963661654.5298,62342.096016509982,0.051964314802753389,1
sep-ipop,4,111016,1747,2337792,886.78205108642578,,2587963753679.1055,115072.92453956223,0.053192926789880933,1
sep-ipop,4,111016,1759,2362368,886.78205108642578,,5164550241725.9102,149336.57666180885,0.053539145602346683,1
sep-ipop,4,111016,1772,2388992,886.78205108642578,,10076191413255.771,176005.78522998616,0.047075881422517771,1
sep-ipop,4,111016,1784,2413568,886.78205108642578,,19597718516761.668,207089.62934857112,0.051681791610226936,1
sep-ipop,4,111016,1797,2440192,886.78205108642578,,35905444122214.125,489379.92503149551,0.051970520243270771,1
sep-ipop,4,111016,1809,2464768,886.78205108642578,,60110281327630.898,690710.51916773082,0.050648775139488858,1
sep-ipop,4,111016,1821,2489344,886.78205108642578,,98228877575413.312,977479.71846983349,0.052575908061394588,1
sep-ipop,4,111016,1834,2515968,886.78205108642578,,153984059119229.75,866741.25933463278,0.045703171614318402,1
sep-ipop,4,111016,1846,2540544,886.78205108642578,,239696167650439.59,816089.6323719197,0.048260686960495867,1
sep-ipop,4,111016,1859,2567168,886.78205108642578,,352900750207674.06,1704870.3263970786,0.052521056087976394,1
sep-ipop,4,111016,1871,2591744,886.78205108642578,,420786215031076.75,2399865.0228777071,0.044671202980547581,1
sep-ipop,4,111016,1883,2616320,886.78205108642578,,549371800708818.06,10137369.800091472,0.047148809052073706,1
sep-ipop,4,111016,1896,2642944,886.78205108642578,,694538547940433.12,38820393.582527556,0.041447359999476206,1
sep-ipop,4,111016,1908,2667520,886.78205108642578,,873782291035122.75,86707288.226121739,0.040699786690632477,1
sep-ipop,4,111016,1921,2694144,886.78205108642578,,1002732331330950.4,136866418.85745069,0.038718096509701712,1
sep-ipop,4,111016,1933,2718720,886.78205108642578,,1130713200648006.5,325709757.05931228,0.03902355554083399,1
sep-ipop,4,111016,1945,2743296,886.78205108642578,,1693033657265235.2,548720439.13748777,0.048114031570334677,1
sep-ipop,4,111016,1958,2769920,886.78205108642578,,2037546463230547,601665777.82532632,0.041690081759420849,1
sep-ipop,4,111016,1970,2794496,886.78205108642578,,2367463536339261.5,2026778326.7204583,0.038163589064964719,1
sep-ipop,4,111016,1983,2821120,886.78205108642578,,2907833842191830,3800699475.4919524,0.039525829274362136,1
sep-ipop,4,111016,1995,2845696,886.78205108642578,,3723150720678450,5478698971.2281389,0.043672639550980857,1
sep-ipop,4,111016,2007,2870272,886.78205108642578,,4655629561753548,8366572984.0744362,0.04502285659461968,1
sep-ipop,4,111016,2020,2896896,886.78205108642578,,6463440381626843,8690110108.3112202,0.045839309112430122,1
sep-ipop,4,111016,2032,2921472,886.78205108642578,,8991492022134272,16161791385.757914,0.042341130825805942,1
sep-ipop,4,111016,2045,2948096,886.78205108642578,,13353136790176466,69059466572.049271,0.047283844770516968,1
sep-ipop,4,111016,2057,2972672,886.78205108642578,,14413096952280562,114383184112.1432,0.038685242698307205,1
sep-ipop,4,111016,2069,2997248,886.78205108642578,,15190410967815830,149995156986.38443,0.037429215818498597,1
sep-ipop,4,111016,2082,3023872,886.78205108642578,,14149391407009164,193973172934.36929,0.033093495385715946,1
sep-ipop,4,111016,2094,3048448,886.78205108642578,,14318725297102742,183646564396.86389,0.032028539183957275,1
sep-ipop,4,111016,2107,3075072,886.78205108642578,,14223562208574092,183413414554.616,0.032870066315566993,1
sep-ipop,4,111016,2119,3099648,886.78205108642578,,13372731464192714,160537302651.50665,0.027225499677207336,1
sep-ipop,4,111016,2131,3124224,886.78205108642578,,13260892310620426,232576755272.48578,0.030171905430984112,1
sep-ipop,4,111016,2144,3150848,886.78205108642578,,12481304776933476,264210193239.37357,0.026415790280541009,1
sep-ipop,4,111016,2156,3175424,886.78205108642578,,12590820146418456,393693737616.88727,0.029825708394080309,1
sep-ipop,4,111016,2169,3202048,886.78205108642578,,11947216018114514,622723658131.25549,0.031523840999033562,1
sep-ipop,4,111016,2181,3226624,886.78205108642578,,12438733835490236,659322686870.49609,0.02896611257960699,1
sep-ipop,4,111016,2193,3251200,886.78205108642578,,12947562351745616,424912459360.55725,0.025194356070680934,1
sep-ipop,4,111016,2206,3277824,886.78205108642578,,12773052572528370,348202794673.32379,0.020775423605876336,1
sep-ipop,4,111016,2217,3304448,886.78205108642578,,0.47443646084564423,2.6182583985262826,0.59739706238120704,2
sep-ipop,4,111016,2223,3329024,886.78205108642578,,0.75860175990119205,14.923487047665464,1.1373922997516726,2
sep-ipop,4,111016,2229,3353600,886.78205108642578,,0.92622404312570306,15.814248039955251,0.85236901602949455,2
sep-ipop,4,111016,2236,3382272,886.78205108642578,,1.2084718247640582,17.91844521203609,0.65837683059250152,2
sep-ipop,4,111016,2242,3406848,886.78205108642578,,1.3124050103711007,23.592707586026748,0.49928424233110646,2
sep-ipop,4,111016,2248,3431424,886.78205108642578,,1.666502975412433,20.839656019621113,0.42485396849436685,2
sep-ipop,4,111016,2254,3456000,886.78205108642578,,2.1071615100264816,29.967076312480181,0.37268346697038612,2
sep-ipop,4,111016,2260,3480576,886.78205108642578,,2.8800883785516009,66.873877146398627,0.33726435720276898,2
sep-ipop,4,111016,2267,3509248,886.78205108642578,,4.3404633842743099,113.00510008168085,0.33224976076756269,2
sep-ipop,4,111016,2273,3533824,886.78205108642578,,5.9266262805577146,187.89255963604606,0.33057486479546999,2
sep-ipop,4,111016,2279,3558400,886.78205108642578,,7.7607420093990145,265.26035131009576,0.32166282384835521,2
sep-ipop,4,111016,2285,3582976,886.78205108642578,,9.257813298504983,508.86499743843689,0.30177365974875825,2
sep-ipop,4,111016,2291,3607552,886.78205108642578,,10.702851298832609,806.41985593932816,0.28359725704543559,2
sep-ipop,4,111016,2298,3636224,886.78205108642578,,12.314427306316507,1395.64498994373,0.28125757860730993,2
sep-ipop,4,111016,2304,3660800,886.78205108642578,,17.636520169166943,1799.032680024251,0.31790901884070721,2
sep-ipop,4,111016,2310,3685376,886.78205108642578,,26.298258135520854,1164.99044698179,0.31347415096470871,2
sep-ipop,4,111016,2316,3709952,886.78205108642578,,34.705796461037679,1023.1364519467621,0.29119482160498533,2
sep-ipop,4,111016,2322,3734528,886.78205108642578,,52.243208613447329,1222.5608424603413,0.30830610730375269,2
sep-ipop,4,111016,2329,3763200,886.78205108642578,,68.970441224226377,1540.0856731232745,0.2657802821591761,2
sep-ipop,4,111016,2335,3787776,886.78205108642578,,90.141796381020797,2090.8210706300738,0.25963053133510816,2
sep-ipop,4,111016,2341,3812352,886.78205108642578,,119.86358793314572,2470.3168780894284,0.26680689755773801,2
sep-ipop,4,111016,2347,3836928,886.78205108642578,,151.55149073655579,2294.5499676050094,0.26041077070999474,2
sep-ipop,4,111016,2353,3861504,886.78205108642578,,189.47947471062903,2906.0022769871707,0.26057086882714586,2
sep-ipop,4,111016,2360,3890176,886.78205108642578,,301.31216436303833,2724.8093209464664,0.28274973886833454,2
sep-ipop,4,111016,2366,3914752,886.78205108642578,,421.41816090030682,2911.6607881788354,0.27491463561480894,2
sep-ipop,4,111016,2372,3939328,886.78205108642578,,584.14739676792567,3809.7651865014786,0.28345051740504273,2
sep-ipop,4,111016,2378,3963904,886.78205108642578,,802.01790571959225,3839.0875981911649,0.26570551391520991,2
sep-ipop,4,111016,2384,3988480,886.78205108642578,,1142.2958180038393,4486.7166251502349,0.25472887750681378,2
sep-ipop,4,111016,2391,4017152,886.78205108642578,,1766.9849720280347,4834.2247285944386,0.26707783557388076,2
sep-ipop,4,111016,2397,4041728,886.78205108642578,,2463.5926270823115,4166.748000644785,0.27398468087060124,2
sep-ipop,4,111016,2403,4066304,886.78205108642578,,3337.1264467426295,3645.2003602952418,0.26767444996086298,2
sep-ipop,4,111016,2409,4090880,886.78205108642578,,4832.2742419560473,3631.216593913362,0.27230910444629969,2
sep-ipop,4,111016,2415,4115456,886.78205108642578,,7208.0621758686748,3424.7296152938975,0.27987704847849476,2
sep-ipop,4,111016,2422,4144128,886.78205108642578,,11073.972462404376,4446.8678494548449,0.28369764068952336,2
sep-ipop,4,111016,2428,4168704,886.78205108642578,,16480.194493616527,4404.0813388598117,0.27965019326480361,2
sep-ipop,4,111016,2434,4193280,886.78205108642578,,24687.39937804572,4491.5491633874844,0.2860999635089374,2
sep-ipop,4,111016,2440,4217856,886.78205108642578,,36233.424200980189,5136.5501011903461,0.28427692864067444,2
sep-ipop,4,111016,2446,4242432,886.78205108642578,,54559.087760735158,5091.2113928739982,0.2804568351705326,2
sep-ipop,4,111016,2453,4271104,886.78205108642578,,89227.810014671923,6026.3491844437112,0.27471797469074727,2
sep-ipop,4,111016,2459,4295680,886.78205108642578,,136230.99154369161,7697.1027500409355,0.28573457724064388,2
sep-ipop,4,111016,2465,4320256,886.78205108642578,,198960.15312041203,10233.942416229898,0.27571654662020872,2
sep-ipop,4,111016,2471,4344832,886.78205108642578,,308575.00589110598,10606.711525208204,0.28782722562171226,2
sep-ipop,4,111016,2477,4369408,886.78205108642578,,442028.2348605743,10351.597515213758,0.28168172580402012,2
sep-ipop,4,111016,2484,4398080,886.78205108642578,,732737.83054877038,8756.7529597258526,0.29160276348476138,2
sep-ipop,4,111016,2490,4422656,886.78205108642578,,1114470.8660006493,7408.2737688012439,0.28912520638533351,2
sep-ipop,4,111016,2496,4447232,886.78205108642578,,1669758.9946788354,7077.1137298244003,0.28479229244587867,2
sep-ipop,4,111016,2502,4471808,886.78205108642578,,2497479.1064399574,8968.5477612723425,0.28963149633742913,2
sep-ipop,4,111016,2508,4496384,886.78205108642578,,3843187.8974836841,10038.892706025234,0.2826230692387261,2
sep-ipop,4,111016,2515,4525056,886.78205108642578,,6020090.4422502043,12456.171731325991,0.29278490721580047,2
sep-ipop,4,111016,2521,4549632,886.78205108642578,,8390263.2910666056,14631.908680292741,0.2693194255635884,2
sep-ipop,4,111016,2527,4574208,886.78205108642578,,11499304.78923253,18123.852881171268,0.25330133661644666,2
sep-ipop,4,111016,2533,4598784,886.78205108642578,,16595324.659404391,23582.260758939508,0.26127902107248757,2
sep-ipop,4,111016,2539,4623360,886.78205108642578,,24703648.22872274,25626.862085531331,0.25818951845084531,2
sep-ipop,4,111016,2546,4652032,886.78205108642578,,40911392.132688247,36356.002791014325,0.26446561145712583,2
sep-ipop,4,111016,2552,4676608,886.78205108642578,,57196248.382328846,49041.840961369795,0.26008002270285574,2
sep-ipop,4,111016,2558,4701184,886.78205108642578,,83443243.544109836,61419.702593141024,0.25520749441288831,2
sep-ipop,4,111016,2564,4725760,886.78205108642578,,118842600.16840868,78242.963878382026,0.25126725828342172,2
sep-ipop,4,111016,2570,4750336,886.78205108642578,,170827243.92023951,99078.587105290761,0.25110220586661924,2
sep-ipop,4,111016,2577,4779008,886.78205108642578,,254802289.87569484,115985.73763454481,0.23470916595203759,2
sep-ipop,4,111016,2583,4803584,886.78205108642578,,356435704.64816236,161132.24021593464,0.24411117678562022,2
sep-ipop,4,111016,2589,4828160,886.78205108642578,,493813093.38430262,176313.42167058881,0.22319584595816838,2
sep-ipop,4,111016,2595,4852736,886.78205108642578,,733526692.45213294,232475.54477765231,0.24012059577627881,2
sep-ipop,4,111016,2601,4877312,886.78205108642578,,1067587648.008003,219398.70556491282,0.23599332990022465,2
sep-ipop,4,111016,2608,4905984,886.78205108642578,,1612506750.0130811,160446.17995052299,0.20226469756477955,2
sep-ipop,4,111016,2614,4930560,886.78205108642578,,2540549168.0881858,78981.061975521181,0.16673872354630087,2
sep-ipop,4,111016,2620,4955136,886.78205108642578,,4072595925.7580481,36251.557139778735,0.13180406773689932,2
sep-ipop,4,111016,2626,4979712,886.78205108642578,,6466529228.5199709,22368.270843094338,0.1063390710998114,2
sep-ipop,4,111016,2632,5004288,886.78205108642578,,10090720850.084805,16357.529915134617,0.091566689529902476,2
sep-ipop,4,111016,2639,5032960,886.78205108642578,,16601544534.737421,10514.005146149711,0.075458998188932994,2
sep-ipop,4,111016,2645,5057536,886.78205108642578,,25740768091.559982,10210.23563176037,0.068770703298164038,2
sep-ipop,4,111016,2651,5082112,886.78205108642578,,39726896029.629349,8171.9097963831036,0.063204235531922157,2
sep-ipop,4,111016,2657,5106688,886.78205108642578,,57838885335.968628,7466.1919102536513,0.055008765934770318,2
sep-ipop,4,111016,2663,5131264,886.78205108642578,,91018078701.558563,8973.3790916728194,0.057713792746725029,2
sep-ipop,4,111016,2670,5159936,886.78205108642578,,148540876448.73306,9556.4497308149839,0.057636402284259924,2
sep-ipop,4,111016,2676,5184512,886.78205108642578,,218334228025.01974,11264.311468176216,0.05653424335414977,2
sep-ipop,4,111016,2682,5209088,886.78205108642578,,341531174254.98059,11543.712789936868,0.056804352496249079,2
sep-ipop,4,111016,2688,5233664,886.78205108642578,,520685888466.76154,9546.6324821200506,0.055378980963737841,2
sep-ipop,4,111016,2694,5258240,886.78205108642578,,771874458396.7395,11383.981390904641,0.050988974814016826,2
sep-ipop,4,111016,2701,5286912,886.78205108642578,,1133808150121.8767,12582.945632826883,0.045621955348897396,2
sep-ipop,4,111016,2707,5311488,886.78205108642578,,1707722145080,11198.876515244285,0.045362475878923475,2
sep-ipop,4,111016,2713,5336064,886.78205108642578,,2613748386051.0874,10459.370466185244,0.044011847262969417,2
sep-ipop,4,111016,2719,5360640,886.78205108642578,,3838584250116.7554,13722.068819806984,0.044464782917739747,2
sep-ipop,4,111016,2725,5385216,886.78205108642578,,5708219268833.3887,11337.70327760745,0.044862883414715976,2
sep-ipop,4,111016,2732,5413888,886.78205108642578,,8917887521759.8809,12073.769511665896,0.044509537617788503,2
sep-ipop,4,111016,2738,5438464,886.78205108642578,,12998218914405.801,13086.391727378255,0.041692739120705563,2
sep-ipop,4,111016,2744,5463040,886.78205108642578,,17403872925496.951,13170.649082786755,0.039379283368808485,2
sep-ipop,4,111016,2750,5487616,886.78205108642578,,24135971317272.223,10164.110449286971,0.034621306939828851,2
sep-ipop,4,111016,2756,5512192,886.78205108642578,,32975345732831.105,11879.938690469422,0.0324479792063668,2
sep-ipop,4,111016,2763,5540864,886.78205108642578,,46870434704056.984,14517.448352961108,0.0315113194876145,2
sep-ipop,4,111016,2769,5565440,886.78205108642578,,66918973769069.719,13951.144769824115,0.032250291004960664,2
sep-ipop,4,111016,2775,5590016,886.78205108642578,,84647056816938.688,12585.743404235243,0.029333834981479952,2
sep-ipop,4,111016,2781,5614592,886.78205108642578,,107610155863967.47,11645.572794165424,0.02751266927143247,2
sep-ipop,4,111016,2787,5639168,886.78205108642578,,137818447321198.17,11061.700479221452,0.026573489306629863,2
sep-ipop,4,111016,2794,5667840,886.78205108642578,,185909306292627.53,11636.166290857036,0.026634208765139156,2
sep-ipop,4,111016,2800,5692416,886.78205108642578,,240672712276369.44,10959.854505405063,0.026419444874205836,2
sep-ipop,4,111016,2806,5716992,886.78205108642578,,316696159219642.19,10854.301348800895,0.02713940462514829,2
sep-ipop,4,111016,2812,5741568,886.78205108642578,,416462850075970.25,13325.706475564995,0.028622481772116761,2
sep-ipop,4,111016,2818,5766144,886.78205108642578,,539790738966059.12,11203.59988788903,0.026214529400905802,2
sep-ipop,4,111016,2825,5794816,886.78205108642578,,791620033454136.12,10117.712200730886,0.027231498735442259,2
sep-ipop,4,111016,2831,5819392,886.78205108642578,,1024520429777267.2,9854.1389042125902,0.025336460989162646,2
sep-ipop,4,111016,2837,5843968,886.78205108642578,,1328084558809158.2,9141.1904685814588,0.024903239554527147,2
sep-ipop,4,111016,2843,5868544,886.78205108642578,,1657010099841719,10662.291862316724,0.024055000599957698,2
sep-ipop,4,111016,2849,5893120,886.78205108642578,,2024224547001095.5,11142.074867803511,0.023545204720831148,2
sep-ipop,4,111016,2856,5921792,886.78205108642578,,2499242207969490.5,11216.717928420849,0.023733189490691406,2
sep-ipop,4,111016,2862,5946368,886.78205108642578,,2940375878083705.5,19377.903042214624,0.022726689756283669,2
sep-ipop,4,111016,2868,5970944,886.78205108642578,,3471488504106341.5,29302.043063291949,0.020975197459469307,2
sep-ipop,4,111016,2874,5995520,886.78205108642578,,4263276174151392,159246.91372269142,0.022288606913421428,2
sep-ipop,4,111016,2880,6020096,886.78205108642578,,5384491411120890,264522.64420334785,0.023686643511328331,2
sep-ipop,4,111016,2887,6048768,886.78205108642578,,7192967301530425,274459.89185996231,0.02201149979262508,2
sep-ipop,4,111016,2893,6073344,886.78205108642578,,9155530479252384,385934.40785102686,0.024196739819760168,2
sep-ipop,4,111016,2899,6097920,886.78205108642578,,11305202679070044,294104.74289027171,0.02072346667402002,2
sep-ipop,4,111016,2905,6122496,886.78205108642578,,15909740531764140,308658.9167441586,0.023108748315989261,2
sep-ipop,4,111016,2911,6147072,886.78205108642578,,20157869550882160,342931.01121459052,0.021815401950037384,2
sep-ipop,4,111016,2918,6175744,886.78205108642578,,26204351600994140,250775.68018708212,0.018777467145403161,2
sep-ipop,4,111016,2924,6200320,886.78205108642578,,33673002418021304,252344.06751944817,0.018941324606531879,2
sep-ipop,4,111016,2930,6224896,886.78205108642578,,45802839266952296,320555.31143589143,0.022406104632378535,2
sep-ipop,4,111016,2936,6249472,886.78205108642578,,61153993709720048,399854.1041084117,0.021911175885480732,2
sep-ipop,4,111016,2942,6274048,886.78205108642578,,75719702662138448,412349.93294188444,0.021834969181074804,2
sep-ipop,4,111016,2949,6302720,886.78205108642578,,97419280530390224,358430.73713564186,0.020833551107792565,2
sep-ipop,4,111016,2955,6327296,886.78205108642578,,1.2825899577448035e+17,394564.69546852785,0.02333706401729365,2
sep-ipop,4,111016,2961,6351872,886.78205108642578,,1.854730574452823e+17,444510.68428220047,0.026193826158833665,2
sep-ipop,4,111016,2967,6376448,886.78205108642578,,2.6891432937229594e+17,462050.96649206587,0.028815851160254195,2
sep-ipop,4,111016,2973,6401024,886.78205108642578,,3.6029439327707213e+17,346424.51471630402,0.02636993057449406,2
sep-ipop,4,111016,2980,6429696,886.78205108642578,,5.3565892466145414e+17,389100.3582874061,0.025235371676325283,2
sep-ipop,4,111016,2986,6454272,886.78205108642578,,7.9739141974600627e+17,369269.35574047791,0.025384219377712076,2
sep-ipop,4,111016,2992,6478848,886.78205108642578,,1.1558022847895567e+18,461166.08411740308,0.026356400722256892,2
sep-ipop,4,111016,2998,6502400,886.78205108642578,,1.6354973194503613e+18,466283.5306829628,0.026230352712851662,2
sep-ipop-w60,4,111016,1,1024,7282.0427462259931,,0.28838249821909911,7.7257110578585708,0.11187774018851365,0
sep-ipop-w60,4,111016,5,5120,2183.5185534159341,,0.90508861676039598,38.694405893497184,0.71183123852040087,0
sep-ipop-w60,4,111016,10,10240,1732.0484085083008,,1.5761706416408838,19.385290163187182,0.66294602960456395,0
sep-ipop-w60,4,111016,20,20480,1639.8049443562825,,2.8541268154261008,5.0781566602992774,0.34323605778623717,0
sep-ipop-w60,4,111016,25,25600,1615.3016141255696,,3.1933546203005956,5.9304627621811585,0.27803756426476606,0
sep-ipop-w60,4,111016,40,40960,1584.5980110168457,,5.082458490212904,104.08839430030621,0.25493211676142136,0
sep-ipop-w60,4,111016,50,51200,1446.5789477030437,,7.8486811180949214,196.09744499047264,0.24582040580827036,0
sep-ipop-w60,4,111016,75,76800,1365.6981938680012,,16.280551811880279,699.75526742720558,0.25571943885404619,0
sep-ipop-w60,4,111016,80,81920,1365.6981938680012,,18.910954355639923,1164.0839919795485,0.25833360363409419,0
sep-ipop-w60,4,111016,100,102400,1290.8983980814617,,42.212399035734023,2838.0587974187256,0.22782567577593343,0
sep-ipop-w60,4,111016,125,128000,1242.8754641215007,,94.481897039991267,8938.7536472295342,0.24978221512538903,0
sep-ipop-w60,4,111016,149,152576,1173.4495671590169,,361.73622261645596,4713.4729888497623,0.25839349827257352,0
sep-ipop-w60,4,111016,160,163840,1126.0537808736165,,583.14761227196925,4814.5595480644079,0.25356856200410405,0
sep-ipop-w60,4,111016,174,178176,1102.6464513142903,,1025.4826870872366,11574.432201041564,0.24332699158856724,0
sep-ipop-w60,4,111016,199,203776,1072.00035349528,,3477.5857411679863,17883.501700591383,0.24121561601298355,0
sep-ipop-w60,4,111016,224,229376,1057.2722600301106,,9919.3859283518068,64921.075332519271,0.24372266029980597,0
sep-ipop-w60,4,111016,249,254976,1009.4207750956217,,62747.562587870547,6944.5704567875291,0.14228404437136838,0
sep-ipop-w60,4,111016,255,261120,998.79364395141602,,88384.544750802685,2016.2406555849266,0.096006884671200346,0
sep-ipop-w60,4,111016,273,279552,975.9249483744303,,217956.22581440912,527.76890625573174,0.059423550839914276,0
sep-ipop-w60,4,111016,298,305152,954.01129786173499,,589755.65023058828,831.28748444310656,0.037175993502804254,0
sep-ipop-w60,4,111016,323,330752,945.94520950317383,,1657873.3125317292,1722.7285903213224,0.026626114736874675,0
sep-ipop-w60,4,111016,348,356352,942.1352653503418,,5051838.5217567962,4673.4443594938375,0.018495227857502267,0
sep-ipop-w60,4,111016,373,381952,940.52284622192383,,14239007.436165415,5372.4726002803382,0.016938052591486844,0
sep-ipop-w60,4,111016,397,406528,938.64501953125,,28034328.782508872,5322.9614697057468,0.011000601139945979,0
sep-ipop-w60,4,111016,422,432128,937.46113204956055,,74526859.958819047,9926.1448036534493,0.010100445256960393,0
sep-ipop-w60,4,111016,447,457728,936.42509333292639,,369202314.49911416,4098.2587882719808,0.011403548518817502,0
sep-ipop-w60,4,111016,472,483328,935.01347096761071,,3008910210.5225282,2728.3768992906412,0.017502116250584419,0
sep-ipop-w60,4,111016,497,508928,933.47535578409827,,22730646210.550743,5764.6761580655366,0.026547502172961351,0
sep-ipop-w60,4,111016,521,533504,930.62851079305017,,176869075560.64029,5672.68857904167,0.03294984702268023,0
sep-ipop-w60,4,111016,546,559104,924.47739664713538,,1567166511129.9302,5379.305664705983,0.042657510970707593,0
sep-ipop-w60,4,111016,571,584704,913.83752187093103,,11074965139713.361,8274.918777237006,0.054434947454603561,0
sep-ipop-w60,4,111016,596,610304,902.29699452718103,,46824660080261.211,5385.6206372590968,0.036493911722089337,0
sep-ipop-w60,4,111016,621,635904,894.21529006958008,,178795681609938.94,6571.8611975753665,0.024532435938928569,0
sep-ipop-w60,4,111016,645,660480,890.64140192667639,,514035698088449,8204.5305926630972,0.018069701824324141,0
sep-ipop-w60,4,111016,670,686080,888.8727811177572,,988789992712512.12,7002.0129697246857,0.0096124622146445612,0
sep-ipop-w60,4,111016,695,711680,887.74321111043298,,1802352920491333.8,5600.4759825967085,0.0052201440009753885,0
sep-ipop-w60,4,111016,720,737280,887.34941228230798,,3605540014337971,76675.286753546316,0.0051459416445256354,0
sep-ipop-w60,4,111016,745,762880,887.1696993509928,,4200979972764898.5,429293.03353733511,0.0040147274947204426,0
sep-ipop-w60,4,111016,769,787456,887.04763666788733,,6196822215678825,2342598.470357324,0.0043854364768999747,0
sep-ipop-w60,4,111016,794,813056,886.96115493774414,,10968509401607256,4460507.4251711927,0.004058864855148215,0
sep-ipop-w60,4,111016,819,838656,886.92976633707679,,17346794852529606,16899546.869806062,0.0045332324790572382,0
sep-ipop-w60,4,111016,844,864256,886.87168629964196,,39703333997438832,55222284.850486018,0.0050453481036168554,0
sep-ipop-w60,4,111016,869,889856,886.85603078206384,,65594240925886168,82553218.861198068,0.0044331512672930321,0
sep-ipop-w60,4,111016,893,914432,886.83347193400061,,1.1616349734700126e+17,122369223.52190536,0.0050016061781811482,0
sep-ipop-w60,4,111016,918,940032,886.78728485107422,,1.8424974994646467e+17,151405327.22791854,0.0046259303479029169,0
sep-ipop-w60,4,111016,943,965632,886.78205108642578,,2.5538817888016288e+17,217532272.9431366,0.0038737141982446294,0
sep-ipop-w60,4,111016,968,991232,886.78205108642578,,3.5307548851228883e+17,325702118.93617481,0.0052694440944141838,0
sep-ipop-w60,4,111016,993,1016832,886.78205108642578,,5.0158643871042419e+17,522268215.79443449,0.0044187864187581177,0
sep-ipop-w60,4,111016,1006,1042432,886.78205108642578,,0.84093390471866147,10.888781995001599,0.68297060715825786,1
sep-ipop-w60,4,111016,1018,1067008,886.78205108642578,,1.0292949244199869,10.020826520668068,0.38006393871272465,1
sep-ipop-w60,4,111016,1031,1093632,886.78205108642578,,1.5576829546865445,75.6751994178519,0.29714481197858977,1
sep-ipop-w60,4,111016,1043,1118208,886.78205108642578,,3.2766599748642222,367.27943429150622,0.31799144441794552,1
sep-ipop-w60,4,111016,1056,1144832,886.78205108642578,,6.3733648297875449,368.79454421155594,0.30288419051538334,1
sep-ipop-w60,4,111016,1068,1169408,886.78205108642578,,9.2504680476571526,1033.4488095704173,0.2935171872476573,1
sep-ipop-w60,4,111016,1080,1193984,886.78205108642578,,17.884527890942149,1351.5148764919359,0.30348857850500871,1
sep-ipop-w60,4,111016,1093,1220608,886.78205108642578,,32.358091218854945,1297.4961782647861,0.29344749891255195,1
sep-ipop-w60,4,111016,1105,1245184,886.78205108642578,,52.972616892631585,1967.053859710313,0.26762725587822173,1
sep-ipop-w60,4,111016,1118,1271808,886.78205108642578,,91.370533995014355,3434.046657857039,0.26872671154490146,1
sep-ipop-w60,4,111016,1130,1296384,886.78205108642578,,143.10100162061266,6319.9446636276871,0.24739232062726188,1
sep-ipop-w60,4,111016,1142,1320960,886.78205108642578,,290.17078354287133,5916.7125181555475,0.27073429373077834,1
sep-ipop-w60,4,111016,1155,1347584,886.78205108642578,,532.62354968002944,5443.0367989902416,0.26731984012995935,1
sep-ipop-w60,4,111016,1167,1372160,886.78205108642578,,1105.9621070215808,7728.951585805632,0.28358775476867604,1
sep-ipop-w60,4,111016,1180,1398784,886.78205108642578,,2376.4731191016003,7365.7333854182589,0.2679757662615998,1
sep-ipop-w60,4,111016,1192,1423360,886.78205108642578,,4810.3309053069879,12777.972901338726,0.25651307141051566,1
sep-ipop-w60,4,111016,1204,1447936,886.78205108642578,,8778.0386142484658,15743.713770998842,0.24897995145062654,1
sep-ipop-w60,4,111016,1217,1474560,886.78205108642578,,16513.057360697931,19265.195985696209,0.23938813888842875,1
sep-ipop-w60,4,111016,1229,1499136,886.78205108642578,,28078.614505069247,23811.089082988121,0.24468855273655765,1
sep-ipop-w60,4,111016,1242,1525760,886.78205108642578,,54895.737237451271,31537.881291958398,0.23754645684857725,1
sep-ipop-w60,4,111016,1254,1550336,886.78205108642578,,104971.1921200241,39272.116507396837,0.24122888408145643,1
sep-ipop-w60,4,111016,1266,1574912,886.78205108642578,,288145.17476707435,22647.314865084762,0.27070641984865246,1
sep-ipop-w60,4,111016,1279,1601536,886.78205108642578,,802919.21897492139,19583.15366014028,0.25677208383409061,1
sep-ipop-w60,4,111016,1291,1626112,886.78205108642578,,1893074.1003056944,27985.507843978045,0.25515239594637501,1
sep-ipop-w60,4,111016,1304,1652736,886.78205108642578,,4437372.341310801,42021.372929072102,0.25842221203828386,1
sep-ipop-w60,4,111016,1316,1677312,886.78205108642578,,9412506.536944624,49631.305649781731,0.25888459923852114,1
sep-ipop-w60,4,111016,1328,1701888,886.78205108642578,,20069008.487432159,59595.857138791042,0.25162743192916254,1
sep-ipop-w60,4,111016,1341,1728512,886.78205108642578,,35720312.236435346,96066.515569840121,0.21421072370972571,1
sep-ipop-w60,4,111016,1353,1753088,886.78205108642578,,62633749.532063268,128680.5245805661,0.21770099263482967,1
sep-ipop-w60,4,111016,1366,1779712,886.78205108642578,,155833483.2801818,22489.756197151179,0.16418278817808435,1
sep-ipop-w60,4,111016,1378,1804288,886.78205108642578,,467474280.87740248,3558.237181015164,0.10074531801593285,1
sep-ipop-w60,4,111016,1390,1828864,886.78205108642578,,1045474485.7982043,1568.5670769576684,0.069089946620386825,1
sep-ipop-w60,4,111016,1403,1855488,886.78205108642578,,2109195667.3166068,1537.6092352516389,0.048918564991749708,1
sep-ipop-w60,4,111016,1415,1880064,886.78205108642578,,4205972687.8804984,1007.2818330534717,0.034958000649716582,1
sep-ipop-w60,4,111016,1428,1906688,886.78205108642578,,8154771865.6036472,1334.9946320194827,0.028477566957788844,1
sep-ipop-w60,4,111016,1440,1931264,886.78205108642578,,15181483441.367172,1381.2286344328102,0.025604476545514922,1
sep-ipop-w60,4,111016,1452,1955840,886.78205108642578,,31887698896.060547,1710.0506743461578,0.027550291881178766,1
sep-ipop-w60,4,111016,1465,1982464,886.78205108642578,,59550788736.276367,1306.0052877867863,0.021911679631405251,1
sep-ipop-w60,4,111016,1477,2007040,886.78205108642578,,126480716673.30742,1696.1834483826731,0.024561081415608983,1
sep-ipop-w60,4,111016,1490,2033664,886.78205108642578,,259402596969.19412,1134.5845903421368,0.01947304520698075,1
sep-ipop-w60,4,111016,1502,2058240,886.78205108642578,,626782573404.60693,1321.8373973567382,0.023202116101357407,1
sep-ipop-w60,4,111016,1514,2082816,886.78205108642578,,1181139463458.0312,1004.6284103693564,0.017609325179243029,1
sep-ipop-w60,4,111016,1527,2109440,886.78205108642578,,1947815788889.0283,1115.4658639985437,0.01425018835635701,1
sep-ipop-w60,4,111016,1539,2134016,886.78205108642578,,3262390097450.6289,1175.496290531986,0.01213707987995539,1
sep-ipop-w60,4,111016,1552,2160640,886.78205108642578,,5339825371540.501,1037.3006042240374,0.010361430146006923,1
sep-ipop-w60,4,111016,1564,2185216,886.78205108642578,,7753505435715.7266,2819.6583925552259,0.0079590978272089247,1
sep-ipop-w60,4,111016,1577,2211840,886.78205108642578,,12270805884010.068,6507.2418673880584,0.0086767196173070764,1
sep-ipop-w60,4,111016,1589,2236416,886.78205108642578,,19130795872873.953,8604.7421093149369,0.0075256021255342359,1
sep-ipop-w60,4,111016,1601,2260992,886.78205108642578,,30469625066500.5,9249.0031827650691,0.0075898898951652543,1
sep-ipop-w60,4,111016,1614,2287616,886.78205108642578,,51674558829323.102,15323.436514319712,0.0071979385513215709,1
sep-ipop-w60,4,111016,1626,2312192,886.78205108642578,,74294917404388,35221.111164873357,0.0065494359201449725,1
sep-ipop-w60,4,111016,1639,2338816,886.78205108642578,,115108735324877.16,65064.702954479195,0.0068300899405530132,1
sep-ipop-w60,4,111016,1651,2363392,886.78205108642578,,142299678185248.53,407085.02834553149,0.0065829785348234188,1
sep-ipop-w60,4,111016,1663,2387968,886.78205108642578,,186886312707854.41,781770.37037620984,0.005941405941199328,1
sep-ipop-w60,4,111016,1676,2414592,886.78205108642578,,247238803930503.06,1633375.7587456561,0.0067911381237714969,1
sep-ipop-w60,4,111016,1688,2439168,886.78205108642578,,474454156505202.25,905023.25542374677,0.0065807171891367365,1
sep-ipop-w60,4,111016,1701,2465792,886.78205108642578,,529474551970233.12,1873345.8402617925,0.0056336687171566011,1
sep-ipop-w60,4,111016,1713,2490368,886.78205108642578,,624201688148490.12,17308686.52378542,0.0061600768443661538,1
sep-ipop-w60,4,111016,1725,2514944,886.78205108642578,,747316943685921.62,45393099.617205761,0.0056273286881507881,1
sep-ipop-w60,4,111016,1738,2541568,886.78205108642578,,871896582192002.25,53501143.403475605,0.0055979617524738005,1
sep-ipop-w60,4,111016,1750,2566144,886.78205108642578,,1272725282330097.2,60746684.572712749,0.0059117001183761628,1
sep-ipop-w60,4,111016,1763,2592768,886.78205108642578,,1920948442528691.8,78967333.887017414,0.0058381556072760075,1
sep-ipop-w60,4,111016,1775,2617344,886.78205108642578,,3021127590463038,111294037.24444294,0.0070269244205521265,1
sep-ipop-w60,4,111016,1787,2641920,886.78205108642578,,4038960666197080.5,157877659.33276278,0.0065611914708196281,1
sep-ipop-w60,4,111016,1800,2668544,886.78205108642578,,5890023569115213,77556321.797200754,0.0053630478619109082,1
sep-ipop-w60,4,111016,1812,2693120,886.78205108642578,,8578782246188026,74697484.868810624,0.0055082629540888408,1
sep-ipop-w60,4,111016,1825,2719744,886.78205108642578,,14157932081757206,73993078.431620747,0.0055971537657949827,1
sep-ipop-w60,4,111016,1837,2744320,886.78205108642578,,24952303640890436,76571688.37561889,0.0063171351660459354,1
sep-ipop-w60,4,111016,1849,2768896,886.78205108642578,,43929614989082656,74291618.706583709,0.0068898310780266684,1
sep-ipop-w60,4,111016,1862,2795520,886.78205108642578,,83008687301771360,65618346.534525953,0.007117066482821126,1
sep-ipop-w60,4,111016,1874,2820096,886.78205108642578,,1.5152031253730835e+17,37589093.550956771,0.0057815922448011198,1
sep-ipop-w60,4,111016,1887,2846720,886.78205108642578,,2.9227332445693056e+17,54526573.463705212,0.006435347798622133,1
sep-ipop-w60,4,111016,1899,2871296,886.78205108642578,,4.6825513314373824e+17,63217010.301618062,0.0060091824041714863,1
sep-ipop-w60,4,111016,1911,2895872,886.78205108642578,,7.1499887993514138e+17,106724104.01156831,0.0056570850653650754,1
sep-ipop-w60,4,111016,1924,2922496,886.78205108642578,,1.1867273466309496e+18,157510945.99388239,0.0054767402092800333,1
sep-ipop-w60,4,111016,1936,2947072,886.78205108642578,,1.5764513575422436e+18,226986213.29976419,0.005392713330249709,1
sep-ipop-w60,4,111016,1949,2973696,886.78205108642578,,1.9646006030638984e+18,181689499.37348437,0.0045221021101136535,1
sep-ipop-w60,4,111016,1961,2998272,886.78205108642578,,2.5108286904686592e+18,195053008.19072714,0.004753650641971344,1
sep-ipop-w60,4,111016,1973,3022848,886.78205108642578,,2.9414021614075694e+18,239028075.31261083,0.0044888892344489666,1
sep-ipop-w60,4,111016,1986,3049472,886.78205108642578,,2.8595031044199941e+18,269958402.86434954,0.0043655939325387078,1
sep-ipop-w60,4,111016,1998,3074048,886.78205108642578,,2.6317316772443464e+18,272612580.50954634,0.0034880902043464162,1
sep-ipop-w60,4,111016,2011,3100672,886.78205108642578,,2.4531775281207122e+18,174898215.10556796,0.0023855568609953471,1
sep-ipop-w60,4,111016,2018,3125248,886.78205108642578,,0.65098920433559671,8.4268935025948473,1.1446055567927986,2
sep-ipop-w60,4,111016,2024,3149824,886.78205108642578,,0.84402645372990004,13.618099883380047,0.99135255224858776,2
sep-ipop-w60,4,111016,2031,3178496,886.78205108642578,,1.0607195608723294,11.613666233262665,0.67219037712371543,2
sep-ipop-w60,4,111016,2037,3203072,886.78205108642578,,1.2435229803277594,13.490761347428693,0.50198354115949817,2
sep-ipop-w60,4,111016,2043,3227648,886.78205108642578,,1.4829894561393751,12.592791400258752,0.41488664796951474,2
sep-ipop-w60,4,111016,2049,3252224,886.78205108642578,,1.8565515198343427,13.996327077244702,0.35817637267681207,2
sep-ipop-w60,4,111016,2055,3276800,886.78205108642578,,2.3625476545561463,23.9515168670086,0.32532205259897307,2
sep-ipop-w60,4,111016,2062,3305472,886.78205108642578,,3.3707803344286487,68.842017356973045,0.31106825250546027,2
sep-ipop-w60,4,111016,2068,3330048,886.78205108642578,,4.7511610108861282,95.475239834537348,0.30613092331073594,2
sep-ipop-w60,4,111016,2074,3354624,886.78205108642578,,6.7880362809758328,114.26320933948124,0.30026079375951659,2
sep-ipop-w60,4,111016,2080,3379200,886.78205108642578,,9.1554667748252196,153.30204283166512,0.28844359298830496,2
sep-ipop-w60,4,111016,2086,3403776,886.78205108642578,,11.027507403895111,427.93091181698708,0.25301335472407938,2
sep-ipop-w60,4,111016,2093,3432448,886.78205108642578,,14.264495189771409,1542.0463460442456,0.25572397051292706,2
sep-ipop-w60,4,111016,2099,3457024,886.78205108642578,,16.319701909426271,2488.5495598034754,0.23411268907137991,2
sep-ipop-w60,4,111016,2105,3481600,886.78205108642578,,19.028378494369253,3430.7730647909316,0.23020841127771158,2
sep-ipop-w60,4,111016,2111,3506176,886.78205108642578,,23.787011503275476,5617.9541002296883,0.26243341181409319,2
sep-ipop-w60,4,111016,2117,3530752,886.78205108642578,,29.770635596825798,6601.3915812933819,0.26076838629586446,2
sep-ipop-w60,4,111016,2124,3559424,886.78205108642578,,40.402779970813889,5589.2057454503147,0.27048237240888073,2
sep-ipop-w60,4,111016,2130,3584000,886.78205108642578,,56.061544661635381,4542.5753420467354,0.28934966860396072,2
sep-ipop-w60,4,111016,2136,3608576,886.78205108642578,,79.679866715160102,4050.0403512202906,0.27676505195557755,2
sep-ipop-w60,4,111016,2142,3633152,886.78205108642578,,113.26840687684731,3279.1881933107807,0.28159453370098075,2
sep-ipop-w60,4,111016,2148,3657728,886.78205108642578,,166.81921885867956,2799.6556540543197,0.29112158207484967,2
sep-ipop-w60,4,111016,2155,3686400,886.78205108642578,,260.27325701115194,2073.1676118837077,0.2867599525135433,2
sep-ipop-w60,4,111016,2161,3710976,886.78205108642578,,377.89863785691983,1505.1033926401922,0.27381384628645972,2
sep-ipop-w60,4,111016,2167,3735552,886.78205108642578,,584.11126647958713,1497.2882925988772,0.29156474288295137,2
sep-ipop-w60,4,111016,2173,3760128,886.78205108642578,,889.98791990205905,1227.1664778659376,0.29990198031913134,2
sep-ipop-w60,4,111016,2179,3784704,886.78205108642578,,1333.009615378008,1158.9785335488477,0.2891471458494716,2
sep-ipop-w60,4,111016,2186,3813376,886.78205108642578,,2165.3003363902044,1488.5661723699841,0.28877657251111899,2
sep-ipop-w60,4,111016,2192,3837952,886.78205108642578,,3055.612016461082,1960.4371257609459,0.28162272027856949,2
sep-ipop-w60,4,111016,2198,3862528,886.78205108642578,,4687.6328132980952,2433.2133448668928,0.29107451392011147,2
sep-ipop-w60,4,111016,2204,3887104,886.78205108642578,,6776.3529198327424,3226.8481517434871,0.27888731514518028,2
sep-ipop-w60,4,111016,2210,3911680,886.78205108642578,,9993.7701210670493,4354.5666101233001,0.28184478241057526,2
sep-ipop-w60,4,111016,2217,3940352,886.78205108642578,,15224.526824941562,6089.1221158185253,0.27639805611144996,2
sep-ipop-w60,4,111016,2223,3964928,886.78205108642578,,20832.625960265505,8500.6610465051017,0.25821534856126654,2
sep-ipop-w60,4,111016,2229,3989504,886.78205108642578,,30102.239815450917,9652.9658728257382,0.25874330445478794,2
sep-ipop-w60,4,111016,2235,4014080,886.78205108642578,,41686.43502224129,13730.879913826107,0.25445997755939231,2
sep-ipop-w60,4,111016,2241,4038656,886.78205108642578,,56621.192164179476,18381.762909805555,0.2531954934678412,2
sep-ipop-w60,4,111016,2248,4067328,886.78205108642578,,78195.743989733877,23550.459317661149,0.23818632501061082,2
sep-ipop-w60,4,111016,2254,4091904,886.78205108642578,,98808.406594462111,30486.6147449987,0.24394450975117141,2
sep-ipop-w60,4,111016,2260,4116480,886.78205108642578,,121508.39166246809,35191.751975898856,0.23719416908986854,2
sep-ipop-w60,4,111016,2266,4141056,886.78205108642578,,150349.29685592733,41592.353312428459,0.23131768641398703,2
sep-ipop-w60,4,111016,2272,4165632,886.78205108642578,,173993.42775634583,60356.593155693823,0.24834750777967343,2
sep-ipop-w60,4,111016,2279,4194304,886.78205108642578,,204790.22172303361,61801.469446437877,0.23194540850579515,2
sep-ipop-w60,4,111016,2285,4218880,886.78205108642578,,244630.06561809004,63417.974881666996,0.22892971228456846,2
sep-ipop-w60,4,111016,2291,4243456,886.78205108642578,,321852.12038786174,63894.562472482678,0.25795809858116686,2
sep-ipop-w60,4,111016,2297,4268032,886.78205108642578,,455487.53630631266,47404.455945099442,0.26589991305350352,2
sep-ipop-w60,4,111016,2303,4292608,886.78205108642578,,662377.44145821594,29713.688319721154,0.26647206586348987,2
sep-ipop-w60,4,111016,2310,4321280,886.78205108642578,,1100032.8756333534,24534.810049556731,0.26264894112809722,2
sep-ipop-w60,4,111016,2316,4345856,886.78205108642578,,1731887.1476750858,20532.789116192816,0.28107727314399672,2
sep-ipop-w60,4,111016,2322,4370432,886.78205108642578,,2523303.1571300798,24719.91757865002,0.2675099496245103,2
sep-ipop-w60,4,111016,2328,4395008,886.78205108642578,,3680900.3481837055,36138.951732367328,0.24933216568758776,2
sep-ipop-w60,4,111016,2335,4423680,886.78205108642578,,6094894.8709489275,60617.873609831331,0.26417605817667578,2
sep-ipop-w60,4,111016,2341,4448256,886.78205108642578,,8959845.8077189811,76604.633282661278,0.25775459759605823,2
sep-ipop-w60,4,111016,2347,4472832,886.78205108642578,,12534488.255957082,83964.045228873903,0.23424472900549545,2
sep-ipop-w60,4,111016,2353,4497408,886.78205108642578,,16434181.480855763,104328.43300533823,0.22703664058729928,2
sep-ipop-w60,4,111016,2359,4521984,886.78205108642578,,21826578.077628411,90933.645940971808,0.20160781559626395,2
sep-ipop-w60,4,111016,2366,4550656,886.78205108642578,,32530652.603979893,68315.534867352326,0.18317655933343827,2
sep-ipop-w60,4,111016,2372,4575232,886.78205108642578,,49695240.174906611,49027.036070546616,0.15843805988018109,2
sep-ipop-w60,4,111016,2378,4599808,886.78205108642578,,74653025.321320459,33382.876831016758,0.13717020786574552,2
sep-ipop-w60,4,111016,2384,4624384,886.78205108642578,,107799165.26418051,31387.904687791106,0.10813664443717901,2
sep-ipop-w60,4,111016,2390,4648960,886.78205108642578,,161830279.68142965,27346.155203764985,0.090982707459592027,2
sep-ipop-w60,4,111016,2397,4677632,886.78205108642578,,258073489.96440059,21850.776095616628,0.0739940229105676,2
sep-ipop-w60,4,111016,2403,4702208,886.78205108642578,,389135246.38537008,24783.580036688672,0.070318623594360627,2
sep-ipop-w60,4,111016,2409,4726784,886.78205108642578,,618386755.87824297,24608.590579783489,0.066092035351623363,2
sep-ipop-w60,4,111016,2415,4751360,886.78205108642578,,937480566.87101865,23500.23248525145,0.060810935983489113,2
sep-ipop-w60,4,111016,2421,4775936,886.78205108642578,,1443706109.2721176,25117.356811711779,0.06006485793775522,2
sep-ipop-w60,4,111016,2428,4804608,886.78205108642578,,2469468173.3558607,27004.480776763183,0.056885753737251916,2
sep-ipop-w60,4,111016,2434,4829184,886.78205108642578,,4018121839.6483231,25407.893728881412,0.059071331686498106,2
sep-ipop-w60,4,111016,2440,4853760,886.78205108642578,,6039920908.9718981,30911.454428034376,0.058305789674230626,2
sep-ipop-w60,4,111016,2446,4878336,886.78205108642578,,9536423916.7561264,32821.368305211436,0.058169802033349677,2
sep-ipop-w60,4,111016,2452,4902912,886.78205108642578,,14048922573.265095,43257.691772534861,0.056836025371864086,2
sep-ipop-w60,4,111016,2459,4931584,886.78205108642578,,22686233424.366467,44120.804008886989,0.056344978725000765,2
sep-ipop-w60,4,111016,2465,4956160,886.78205108642578,,34208326071.516674,48268.646920591455,0.057984310949691177,2
sep-ipop-w60,4,111016,2471,4980736,886.78205108642578,,52561100853.724098,59768.02094373537,0.060363204461983754,2
sep-ipop-w60,4,111016,2477,5005312,886.78205108642578,,80086316912.465195,57855.318024636268,0.056940179965743819,2
sep-ipop-w60,4,111016,2483,5029888,886.78205108642578,,128371601600.18643,65477.120405348069,0.06154406134166307,2
sep-ipop-w60,4,111016,2490,5058560,886.78205108642578,,198016991954.61383,90516.930715435708,0.05689550342136248,2
sep-ipop-w60,4,111016,2496,5083136,886.78205108642578,,282360836110.23608,106583.48183857498,0.054873342198906626,2
sep-ipop-w60,4,111016,2502,5107712,886.78205108642578,,420138958222.35559,128392.47173829985,0.055703280647752637,2
sep-ipop-w60,4,111016,2508,5132288,886.78205108642578,,623570944537.65027,140135.04311264865,0.055403944615240515,2
sep-ipop-w60,4,111016,2514,5156864,886.78205108642578,,931677251338.78943,125470.4265852407,0.054674449582705849,2
sep-ipop-w60,4,111016,2521,5185536,886.78205108642578,,1567807058774.0137,115379.62319402619,0.054608930505550879,2
sep-ipop-w60,4,111016,2527,5210112,886.78205108642578,,2419848833566.8755,135810.95172798386,0.058285139872486388,2
sep-ipop-w60,4,111016,2533,5234688,886.78205108642578,,3651456083287.9658,119650.24537579082,0.0544047512465805,2
sep-ipop-w60,4,111016,2539,5259264,886.78205108642578,,5629216302163.0898,111489.95651875192,0.053475442336744068,2
sep-ipop-w60,4,111016,2545,5283840,886.78205108642578,,8741371137649.585,182726.8361568703,0.056956984326974811,2
sep-ipop-w60,4,111016,2552,5312512,886.78205108642578,,14021864811332.324,231968.52926189458,0.053256772594976992,2
sep-ipop-w60,4,111016,2558,5337088,886.78205108642578,,20553276448939.617,247956.61987138478,0.052594518082459497,2
sep-ipop-w60,4,111016,2564,5361664,886.78205108642578,,31597340767945.738,309216.51933393691,0.055262469868067134,2
sep-ipop-w60,4,111016,2570,5386240,886.78205108642578,,42685056679143.055,306342.06658548798,0.051396001386477048,2
sep-ipop-w60,4,111016,2576,5410816,886.78205108642578,,59955156081684.445,348414.43272250064,0.049817017602177681,2
sep-ipop-w60,4,111016,2583,5439488,886.78205108642578,,87594556768718.844,391222.03288805665,0.048435523831625471,2
sep-ipop-w60,4,111016,2589,5464064,886.78205108642578,,128398355020784.91,459807.49349548895,0.052154264125447949,2
sep-ipop-w60,4,111016,2595,5488640,886.78205108642578,,174398829395698.94,458985.26431631151,0.048400772944215222,2
sep-ipop-w60,4,111016,2601,5513216,886.78205108642578,,242796212611009.25,488333.28523038182,0.050367583816181026,2
sep-ipop-w60,4,111016,2607,5537792,886.78205108642578,,323347533743617.06,481747.87093406869,0.047579699660327324,2
sep-ipop-w60,4,111016,2614,5566464,886.78205108642578,,451360092216418.81,550846.95145811723,0.047646300630531421,2
sep-ipop-w60,4,111016,2620,5591040,886.78205108642578,,619258816364194.5,687434.63789020409,0.051892330993207288,2
sep-ipop-w60,4,111016,2626,5615616,886.78205108642578,,847083789647026.62,798296.0920327293,0.054398502795049875,2
sep-ipop-w60,4,111016,2632,5640192,886.78205108642578,,1192842525598342.5,564909.75837613433,0.051083784104473937,2
sep-ipop-w60,4,111016,2638,5664768,886.78205108642578,,1573112509197864.8,669087.16269665165,0.051112555414787,2
sep-ipop-w60,4,111016,2645,5693440,886.78205108642578,,2271856694515178.5,644130.60223532456,0.050460358258999201,2
sep-ipop-w60,4,111016,2651,5718016,886.78205108642578,,3211787753561246,737717.95050702442,0.051750062697350004,2
sep-ipop-w60,4,111016,2657,5742592,886.78205108642578,,4077461168813024.5,813348.01709630131,0.048887176084890474,2
sep-ipop-w60,4,111016,2663,5767168,886.78205108642578,,5342589383426543,747182.66947722563,0.048971171637039325,2
sep-ipop-w60,4,111016,2669,5791744,886.78205108642578,,6927818428056195,873768.83961504977,0.052244125364076612,2
sep-ipop-w60,4,111016,2676,5820416,886.78205108642578,,9399428826868408,756093.12980037543,0.048202611957862337,2
sep-ipop-w60,4,111016,2682,5844992,886.78205108642578,,11820494660176660,914674.09269212186,0.047750910640443622,2
sep-ipop-w60,4,111016,2688,5869568,886.78205108642578,,14648922581044608,1173112.0329270794,0.047702171062610529,2
sep-ipop-w60,4,111016,2694,5894144,886.78205108642578,,19044622211450160,1277128.9392398763,0.046761639508374281,2
sep-ipop-w60,4,111016,2700,5918720,886.78205108642578,,24362473789847896,1360271.1057544444,0.045907265865535722,2
sep-ipop-w60,4,111016,2707,5947392,886.78205108642578,,30452086707719444,2053798.2845286841,0.046589599977446917,2
sep-ipop-w60,4,111016,2713,5971968,886.78205108642578,,39642778806143720,3068206.9290263867,0.051415746265047545,2
sep-ipop-w60,4,111016,2719,5996544,886.78205108642578,,49551827057357640,3707032.7659703367,0.048969989870481206,2
sep-ipop-w60,4,111016,2725,6021120,886.78205108642578,,58330726249718304,4843482.0488231443,0.048767745695777,2
sep-ipop-w60,4,111016,2731,6045696,886.78205108642578,,68462793467961840,7695871.9399743145,0.049852431694772742,2
sep-ipop-w60,4,111016,2738,6074368,886.78205108642578,,84072508921797168,19020565.730480175,0.050957650543170606,2
sep-ipop-w60,4,111016,2744,6098944,886.78205108642578,,98336466515596496,43533827.341577686,0.047609908149048787,2
sep-ipop-w60,4,111016,2750,6123520,886.78205108642578,,1.1947017997036683e+17,92449583.60339351,0.047710033898652929,2
sep-ipop-w60,4,111016,2756,6148096,886.78205108642578,,1.469734326806544e+17,156239762.29470259,0.048912847237285707,2
sep-ipop-w60,4,111016,2762,6172672,886.78205108642578,,1.7837490443201744e+17,252865418.65698284,0.051954185519725235,2
sep-ipop-w60,4,111016,2769,6201344,886.78205108642578,,2.4537354910357898e+17,348651628.49999899,0.053466568609492955,2
sep-ipop-w60,4,111016,2775,6225920,886.78205108642578,,3.0186462329340461e+17,415745034.59969258,0.04992071739236624,2
sep-ipop-w60,4,111016,2781,6250496,886.78205108642578,,3.7384276343797005e+17,558973021.71645164,0.051432691536018343,2
sep-ipop-w60,4,111016,2787,6275072,886.78205108642578,,4.6355256377076742e+17,517959012.62648797,0.050694187857319044,2
sep-ipop-w60,4,111016,2793,6299648,886.78205108642578,,5.5770933610142093e+17,542940119.16986394,0.049037267441292547,2
sep-ipop-w60,4,111016,2800,6328320,886.78205108642578,,6.395790220247511e+17,672061006.70397329,0.046768378949971476,2
sep-ipop-w60,4,111016,2806,6352896,886.78205108642578,,7.0546818640213773e+17,678493562.39478517,0.042868375563970239,2
sep-ipop-w60,4,111016,2812,6377472,886.78205108642578,,7.8588291612446925e+17,892151812.42590749,0.043438943012472211,2
sep-ipop-w60,4,111016,2818,6402048,886.78205108642578,,1.0221377915191651e+18,813737461.881392,0.046909218250978102,2
sep-ipop-w60,4,111016,2824,6426624,886.78205108642578,,1.357869661402306e+18,701783534.79525697,0.045621216856787154,2
sep-ipop-w60,4,111016,2831,6455296,886.78205108642578,,1.6562437459635241e+18,870516153.64131188,0.045546221083921472,2
sep-ipop-w60,4,111016,2837,6479872,886.78205108642578,,1.8242915325916672e+18,1061889595.0921918,0.041326704944186297,2
sep-ipop-w60,4,111016,2843,6502400,886.78205108642578,,2.1201047593389701e+18,1670129349.2387755,0.045880923541104346,2
sep-ipop-l20,5,111017,1,20,32734.50671005249,,0.27256697522331075,1.0544180557326646,0.2677545223709718,0
sep-ipop-l20,5,111017,10,200,3193.1723874409995,,0.24189838816972586,1.4480245595680115,0.25512972087041463,0
sep-ipop-l20,5,111017,1320,26400,1063.0899696350098,,0.00017219585607719753,416065.91910220124,0.00032034679531946415,0
sep-ipop-l20,5,111017,2046,50840,1063.0850995381672,,0.027860659450970288,5162.0033875979025,0.027142393186775807,1
sep-ipop-l20,5,111017,2706,77240,1063.0850995381672,,0.013634739615921388,89391.311248376252,0.0027514747753796349,1
sep-ipop-l20,5,111017,3366,103760,1063.0850995381672,,0.27118323869619498,1.8698788244430651,0.32109866606798776,2
sep-ipop-l20,5,111017,3696,130160,1063.0850995381672,,0.91626027435425783,7683.1742213023335,0.22320064580294341,2
sep-ipop-l20,5,111017,3984,153200,970.57249323527014,,4.2257141187100427,11550.307236115472,0.017818453568622463,2
sep-ipop-l20,5,111017,4299,178400,966.68349456787109,,0.37602878624324954,8957311.7511694077,0.00090827478556382703,2
sep-ipop-l20,5,111017,4620,213680,966.68166732788086,,0.68462849001143211,2894.5911606713394,0.20293249356534049,3
sep-ipop-l20,5,111017,4752,234800,966.68166732788086,,5.8836820559874106,208712.61862358017,0.19777860564096023,3
sep-ipop-l20,5,111017,4884,255920,966.68166732788086,,18.878971707807072,364328.60505640233,0.040280396630317086,3
sep-ipop-l20,5,111017,5082,287600,966.68166732788086,,34.416875844079662,12678527.986551218,0.0074070635608042895,3
sep-ipop-l20,5,111017,5214,308720,966.68166732788086,,148.32816714606241,258776086.35586089,0.0052095592783487328,3
sep-ipop-l20,5,111017,5412,351280,966.68166732788086,,3.1408121813519418,1190.2338163402339,0.2742915897985298,4
sep-ipop-l20,5,111017,5478,372400,966.68166732788086,,40.156104878083127,10308.896926920439,0.25443174820615716,4
sep-ipop-l20,5,111017,5529,388720,961.7677892049154,,426.8135699242489,15133.835659357697,0.27908770847092268,4
sep-ipop-l20,5,111017,5585,406640,889.72028096516931,,3731.8491786178151,172225.15776356572,0.23196015822693611,4
sep-ipop-l20,5,111017,5664,431920,863.70287958780921,,188931.31353876623,65478.845516252011,0.072807109934075215,4
sep-ipop-l20,5,111017,5748,458800,853.34672546386719,,2619606.3619485199,88712.12252917375,0.041115107938409078,4
sep-ipop-l20,5,111017,5825,483440,849.99038823445642,,22495438.652580954,316456.63643368793,0.022888306469898808,4
sep-ipop-l20,5,111017,5908,510000,847.67010370890296,,2624307413.6297884,143074.85007422921,0.062358248761332842,4
sep-ipop-l20,5,111017,5986,534960,845.02705383300781,,5764667038.2571411,1014001.995639506,0.0089902966517582637,4
sep-ipop-l20,5,111017,6066,560560,844.66060765584314,,15988010286.328411,33940926.693660073,0.0026122353287511336,4
sep-ipop-l20,5,111017,6140,584240,844.59470113118493,,102951544805.64253,87295879.363642573,0.0044595782865529555,4
sep-ipop-l20,5,111017,6270,648560,844.59446334838867,,4.3652037952389735,1399.8108543274691,0.22752666660295903,5
sep-ipop-l20,5,111017,6336,690800,844.59446334838867,,45.58854605192257,23514.348199167307,0.25593850513281879,5
sep-ipop-l20,5,111017,6402,733040,844.59446334838867,,2132.5807105710883,2402.1350471230262,0.22555316011180773,5
sep-ipop-l20,5,111017,6468,775280,844.59446334838867,,40246.395449511503,80019.990676862013,0.26166608297569288,5
sep-ipop-l20,5,111017,6534,817520,844.59446334838867,,850954.51007446216,12110.616974829391,0.050185124508108352,5
sep-ipop-l20,5,111017,6600,859760,844.59446334838867,,7546193.235783712,27372.852333592698,0.051734967728871886,5
sep-ipop-l20,5,111017,6666,902000,844.59446334838867,,384104864.91440439,99345.030084724494,0.073501371897271309,5
sep-ipop-l20,5,111017,6732,944240,844.59446334838867,,40962737848.961617,5586.8002223464446,0.099200240026402445,5
sep-ipop-l20,5,111017,6798,986480,844.59446334838867,,1220169729237.8372,6904.0847159014002,0.064555311596391773,5
sep-ipop-l20,5,111017,6864,1028720,844.59446334838867,,79157036271629.281,7116.1188680911791,0.085899651423443898,5
sep-ipop-l20,5,111017,6930,1070960,844.59446334838867,,692880670615376.12,30053.433472949175,0.045435908537433761,5
sep-ipop-l20,5,111017,6996,1113200,844.59446334838867,,3203393617778965,14518541.485746207,0.046016693815195235,5
sep-ipop-l20,5,111017,7062,1155440,844.59446334838867,,7900710688908671,1565200438.8350503,0.037266354777686354,5
sep-ipop-l20,5,111017,7128,1197680,844.59446334838867,,17128153604220624,102341960350.01324,0.036744923175763687,5
sep-ipop-l20,5,111017,7194,1239920,844.59446334838867,,55804868456549880,323188693400.81726,0.038117040875390203,5
sep-ipop-l20,5,111017,7260,1282160,844.59446334838867,,58786937235180920,974061922159.98767,0.035714151989950878,5
sep-ipop-l20,5,111017,7326,1324400,844.59446334838867,,89356439442452688,1292915276088.6223,0.037410253608694814,5
sep-ipop-l20,5,111017,7392,1366640,844.59446334838867,,1.0798858968652584e+17,1503100406181.9421,0.029578066308545602,5
sep-ipop-l20,5,111017,7458,1408880,844.59446334838867,,1.397807787593209e+17,12894982767.498066,0.0036161543402882948,5
sep-ipop-l20,5,111017,7524,1451120,844.59446334838867,,1.2708435289331502e+17,31181820351.574799,0.0037001512992758624,5
sep-ipop-l20,5,111017,7590,1493360,844.59446334838867,,1.6859495898103331e+17,57017938303.731522,0.0038935510994265797,5
sep-ipop-l20,5,111017,7656,1550960,844.59446334838867,,1.0219731783292072,12.826918635736405,0.39012468038746906,6
sep-ipop-l20,5,111017,7722,1635440,844.59446334838867,,11.410990704572333,1621.9643205341044,0.28533297207326119,6
sep-ipop-l20,5,111017,7788,1719920,844.59446334838867,,220.48474850956327,6319.5949061691999,0.20537305060583888,6
sep-ipop-l20,5,111017,7854,1804400,844.59446334838867,,8197.0298150436265,84958.162563440928,0.20894197495355429,6
sep-ipop-l20,5,111017,7920,1888880,844.59446334838867,,171393.91222152705,80879.394242907918,0.076688864748527166,6
sep-ipop-l20,5,111017,7986,1973360,844.59446334838867,,1456301.9321524731,68875.491510688007,0.035826006216606809,6
sep-ipop-l20,5,111017,8052,2057840,844.59446334838867,,7768777.4402778475,13613902.147847654,0.016354194539885035,6
sep-ipop-l20,5,111017,8118,2142320,844.59446334838867,,24681184.378510784,1425103058.901624,0.015474563043515594,6
sep-ipop-l20,5,111017,8184,2226800,844.59446334838867,,108848368.00044703,7500391665.1226225,0.014990368049025772,6
sep-ipop-l20,5,111017,8250,2311280,844.59446334838867,,137893479.64747158,87199185170.396408,0.010185181679742196,6
sep-ipop-l20,5,111017,8316,2395760,844.59446334838867,,136611886.34871563,48747006035.63652,0.0067927410999531731,6
sep-ipop-l20,5,111017,8382,2480240,844.59446334838867,,158416593.70318398,64551069929.221664,0.0087440838309695672,6
sep-ipop-l20,5,111017,8448,2564720,844.59446334838867,,146346427.59618482,146717146075.15088,0.0092020301188447742,6
sep-ipop-l20,5,111017,8514,2685040,844.59446334838867,,1.3270782996043675,10.974066239938656,0.40913891568435584,7
sep-ipop-l20,5,111017,8580,2854000,844.59446334838867,,16.566008352301655,1984.8935693332069,0.30596432319723726,7
sep-ipop-l20,5,111017,8646,3022960,844.59446334838867,,491.90097797527028,11300.035449345181,0.24905401263170618,7
sep-ipop-l20,5,111017,8712,3191920,844.59446334838867,,26253.424180292361,6330.4691549313875,0.26889737800917568,7
sep-ipop-l20,5,111017,8778,3360880,844.59446334838867,,1409410.0252894238,15173.224263630313,0.24123522437067477,7
sep-ipop-l20,5,111017,8844,3529840,844.59446334838867,,105159553.64829759,4700.4995447693464,0.1376285545722313,7
sep-ipop-l20,5,111017,8910,3698800,844.59446334838867,,8951725362.8162804,1330.0227439036341,0.033946055802588332,7
sep-ipop-l20,5,111017,8976,3867760,844.59446334838867,,2897770484983.4795,950.05533275079586,0.062239500859514615,7
sep-ipop-l20,5,111017,9042,4036720,844.59446334838867,,399871124421655.19,768.89735002537384,0.036245228487452034,7
sep-ipop-l20,5,111017,9108,4205680,844.59446334838867,,21306171358220556,3207.5099632993697,0.025517641129322068,7
sep-ipop-l20,5,111017,9174,4374640,844.59446334838867,,4.480938968328761e+17,13353.983363811709,0.014727605433863301,7
sep-ipop-l20,5,111017,9240,4543600,844.59446334838867,,1.2551257711977482e+19,23234.541748853215,0.012000689222499285,7
sep-ipop-l20,5,111017,9306,4712560,844.59446334838867,,5.7252271190610949e+20,25372.070361978102,0.010736573497783999,7
sep-ipop-l20,5,111017,9372,4881520,844.59446334838867,,1.5591427726652148e+22,96050.43834374017,0.011161723856674957,7
sep-ipop-l20,5,111017,9438,5050480,844.59446334838867,,9.7713505101542279e+23,579315.74945068895,0.013932810931173762,7
sep-ipop-l20,5,111017,9504,5219440,844.59446334838867,,7.1098445830741075e+25,233285.90162612739,0.011464039961437134,7
sep-ipop-l20,5,111017,9570,5388400,844.59446334838867,,5.543620886675267e+27,127534.57119359288,0.010042152289914823,7
sep-ipop-l20,5,111017,9636,5557360,844.59446334838867,,3.9863662468280064e+29,186350.56013540894,0.010154843364889306,7
sep-ipop-l20,5,111017,9702,5726320,844.59446334838867,,4.3806753391452537e+31,170318.63471158041,0.010956314950291632,7
sep-ipop-l20,5,111017,9768,5895280,844.59446334838867,,4.9660661021194778e+33,129811.26175966773,0.010620982534293518,7
sep-ipop-l20,5,111017,9834,6064240,844.59446334838867,,7.8802246261617111e+35,112119.39677999617,0.011773247882811923,7
sep-ipop-l20,5,111017,9900,6233200,844.59446334838867,,2.2855821706836119e+38,36260.476421104184,0.016153866847803879,7
sep-ipop-l20,5,111017,9966,6402160,844.59446334838867,,6.5671351044370094e+40,9623.1723740386733,0.019689366205121465,7
sep-ipop-l20-w102,5,111017,1,20,32734.50671005249,,0.27256697522331075,1.0544180557326646,0.2677545223709718,0
sep-ipop-l20-w102,5,111017,10,200,3193.1723874409995,,0.24189838816972586,1.4480245595680115,0.25512972087041463,0
sep-ipop-l20-w102,5,111017,1320,26400,1063.0899696350098,,0.00017219585607719753,416065.91910220124,0.00032034679531946415,0
sep-ipop-l20-w102,5,111017,1980,52320,1063.0899696350098,,0.080302230794699961,14602.894007588851,0.037631312434569707,1
sep-ipop-l20-w102,5,111017,2640,78720,1063.0899696350098,,0.24490986499930043,101844.54374476877,0.01993263289830001,1
sep-ipop-l20-w102,5,111017,3168,103640,1063.0899696350098,,0.15192406077843343,168.11717036341264,0.10932439270818511,2
sep-ipop-l20-w102,5,111017,3462,127160,1042.7310536702473,,1.1798304173350711,20845.374141989854,0.12763542796258759,2
sep-ipop-l20-w102,5,111017,3779,152520,986.73381423950195,,3.4810963987199948,4908.0263317563822,0.0038044746768673737,2
sep-ipop-l20-w102,5,111017,4102,178360,985.50396474202478,,1.0998480704193563,32526977.453182817,0.0011344074991197668,2
sep-ipop-l20-w102,5,111017,4422,212440,985.49628194173181,,0.38975510626232085,6749.363275590239,0.18204355209351014,3
sep-ipop-l20-w102,5,111017,4554,233560,985.49628194173181,,4.6142402112734402,61095.141028070335,0.25317658217732625,3
sep-ipop-l20-w102,5,111017,4686,254680,985.49628194173181,,287.17808715440856,7815.1438909068165,0.26629682721981585,3
sep-ipop-l20-w102,5,111017,4884,286360,985.49628194173181,,1552.291822692142,8917368.8762370832,0.18470742636740528,3
sep-ipop-l20-w102,5,111017,5016,307480,985.49628194173181,,3135.4252664206888,4502020.7162482999,0.027365678352075366,3
sep-ipop-l20-w102,5,111017,5214,339160,985.49628194173181,,39564.783815808842,3507668375.8593302,0.024410607142883164,3
sep-ipop-l20-w102,5,111017,5346,360280,985.49628194173181,,103739.69686218927,1521814836.333039,0.0054304708144844501,3
sep-ipop-l20-w102,5,111017,5478,381400,985.49628194173181,,151814.27910869138,171797090974.77307,0.0042133743222437488,3
sep-ipop-l20-w102,5,111017,5610,418680,985.49628194173181,,6.4010465202055897,1214.4092278049511,0.21933821234576611,4
sep-ipop-l20-w102,5,111017,5676,439800,985.49628194173181,,150.70151343864768,11657.650751414059,0.24147699419642096,4
sep-ipop-l20-w102,5,111017,5732,457720,978.4791158040365,,984.80022329702274,137792.47584285648,0.25685378239723111,4
sep-ipop-l20-w102,5,111017,5811,483000,871.70346323649085,,22536.888847452163,60139.307024277994,0.054631125193091629,4
sep-ipop-l20-w102,5,111017,5893,509240,861.78570429484046,,926933.21354925749,205935.53233414658,0.044638983844757632,4
sep-ipop-l20-w102,5,111017,5970,533880,857.71797688802087,,18230583.411293998,4203946.2486153254,0.065214366570513591,4
sep-ipop-l20-w102,5,111017,6048,558840,852.12888971964514,,1512097224.1161721,903793.90362609481,0.047350612084722445,4
sep-ipop-l20-w102,5,111017,6131,585400,850.16715367635095,,10943252741.044971,9760870.9272948038,0.034022350744030566,4
sep-ipop-l20-w102,5,111017,6209,610360,849.8132108052572,,24894918256.020195,9906594861.1520309,0.051780814738721433,4
sep-ipop-l20-w102,5,111017,6336,651000,849.81209564208984,,88056364824.155731,108885913978.76614,0.016544273092989011,4
sep-ipop-l20-w102,5,111017,6402,692280,849.81209564208984,,2.7473664163222948,473.24332415796488,0.25467899577439213,5
sep-ipop-l20-w102,5,111017,6468,734520,849.81209564208984,,31.854017865951672,10676.925314069975,0.25487215076569236,5
sep-ipop-l20-w102,5,111017,6534,776760,849.81209564208984,,492.09464881430682,118054.11516993488,0.25383381411610639,5
sep-ipop-l20-w102,5,111017,6600,819000,849.81209564208984,,28293.490666003941,39230.348132825209,0.25361562565354556,5
sep-ipop-l20-w102,5,111017,6666,861240,849.81209564208984,,699502.5304133743,116730.89255026261,0.2513178869409054,5
sep-ipop-l20-w102,5,111017,6732,903480,849.81209564208984,,14555473.630255088,315597.16613514995,0.20297141300898522,5
sep-ipop-l20-w102,5,111017,6798,945720,849.81209564208984,,148201732.70817041,164450.73175884847,0.064138847607721747,5
sep-ipop-l20-w102,5,111017,6864,987960,849.81209564208984,,342993513.89892596,34396212.187350623,0.040039199417408362,5
sep-ipop-l20-w102,5,111017,6930,1030200,849.81209564208984,,1017974869.7966511,2936098622.1660237,0.047204608425012763,5
sep-ipop-l20-w102,5,111017,6996,1072440,849.81209564208984,,5186806920.3486052,13013800814.075804,0.048498500430378504,5
sep-ipop-l20-w102,5,111017,7062,1114680,849.81209564208984,,12142017691.961418,27445743770.814228,0.028648827859372658,5
sep-ipop-l20-w102,5,111017,7128,1190200,849.81209564208984,,2.5794181954997266,313.20302319364203,0.31207222878077556,6
sep-ipop-l20-w102,5,111017,7194,1274680,849.81209564208984,,33.264613175439138,2674.373291684994,0.27935928870505372,6
sep-ipop-l20-w102,5,111017,7260,1359160,849.81209564208984,,927.09605678105243,4680.8909558094847,0.24901468811508173,6
sep-ipop-l20-w102,5,111017,7326,1443640,849.81209564208984,,42978.17769933871,17882.37218054484,0.27659409027190818,6
sep-ipop-l20-w102,5,111017,7392,1528120,849.81209564208984,,1915072.8110785303,5785.9738732683963,0.14684004965053354,6
sep-ipop-l20-w102,5,111017,7458,1612600,849.81209564208984,,91321484.666260913,6243.881812592027,0.090006507729433582,6
sep-ipop-l20-w102,5,111017,7524,1697080,849.81209564208984,,10112898371.938278,5280.470967700001,0.10937313998899456,6
sep-ipop-l20-w102,5,111017,7590,1781560,849.81209564208984,,1698824991361.6919,4894.1457906217292,0.12848621965426135,6
sep-ipop-l20-w102,5,111017,7656,1866040,849.81209564208984,,105751277427291.39,8419.2611241338473,0.093167813222655937,6
sep-ipop-l20-w102,5,111017,7722,1950520,849.81209564208984,,6475800528328053,22615.501045506579,0.072616281576840441,6
sep-ipop-l20-w102,5,111017,7748,1983800,849.55680465698242,,30740111865533188,42760.911692487367,0.067935364946099988,6
sep-ipop-l20-w102,5,111017,7766,2006840,848.4745203653971,,87830296981933280,39871.999323362936,0.06000624808722313,6
sep-ipop-l20-w102,5,111017,7788,2035000,846.77601877848304,,2.1382983132724573e+17,64948.988260009282,0.049503836824075775,6
sep-ipop-l20-w102,5,111017,7806,2058040,845.82666269938147,,3.8166063793877402e+17,84068.082053690945,0.052566893820816439,6
sep-ipop-l20-w102,5,111017,7829,2087480,844.42920811971032,,6.62825078971424e+17,128266.01806462632,0.038739931797613647,6
sep-ipop-l20-w102,5,111017,7846,2109240,843.36451466878259,,1.0122017956331681e+18,111650.29674482805,0.034230356854829593,6
sep-ipop-l20-w102,5,111017,7868,2137400,842.56551106770837,,1.7651381662122365e+18,489010.59711122891,0.028842285994416034,6
sep-ipop-l20-w102,5,111017,7885,2159160,842.27687199910486,,2.6326191633515581e+18,582648.40299126669,0.018817304769000509,6
sep-ipop-l20-w102,5,111017,7906,2186040,841.92426045735681,,5.6929603311541914e+18,1268381.8852115583,0.017614046761749262,6
sep-ipop-l20-w102,5,111017,7927,2212920,841.5960909525553,,1.5946016754476063e+19,2646402.0743011418,0.016915902756009318,6
sep-ipop-l20-w102,5,111017,7945,2235960,841.36858113606775,,4.0966848174837367e+19,6793846.2262451388,0.022431869672342165,6
sep-ipop-l20-w102,5,111017,7975,2274360,841.16371281941736,,9.3216853045444428e+19,12385282.528395265,0.011801216678407061,6
sep-ipop-l20-w102,5,111017,7986,2288440,841.07991917928064,,1.1609389930386511e+20,26361748.067256853,0.011654207709096176,6
sep-ipop-l20-w102,5,111017,8013,2323000,840.92343393961585,,2.5787529934353678e+20,49879290.819792099,0.0097987241037744179,6
sep-ipop-l20-w102,5,111017,8024,2337080,840.89609909057617,,2.8262263548162641e+20,71167192.229944393,0.0094755165267554203,6
sep-ipop-l20-w102,5,111017,8048,2367800,840.85932032267249,,3.6585321457719843e+20,86155962.954497516,0.0080773484987893829,6
sep-ipop-l20-w102,5,111017,8088,2419000,840.8433621724447,,4.8474984773068089e+20,163284863.6586532,0.0071004819753475897,6
sep-ipop-l20-w102,5,111017,8104,2439480,840.83952331542969,,5.9668470886242884e+20,386363453.50004286,0.0071063232962533703,6
sep-ipop-l20-w102,5,111017,8124,2465080,840.83840179443359,,8.6928103291665344e+20,1561704806.3475952,0.0086626413003849552,6
sep-ipop-l20-w102,5,111017,8143,2489400,840.83605194091797,,1.3013116307621738e+21,4133763913.4643497,0.010707876835977018,6
sep-ipop-l20-w102,5,111017,8184,2541880,840.83602905273438,,1.9591593861399202e+21,10991230261.018785,0.0084247836906275273,6
sep-ipop-l20-w102,5,111017,8250,2626360,840.83602905273438,,2.3587084136174814e+21,15501531623.083147,0.0052242534096043191,6
sep-ipop-l20-w102,5,111017,8316,2785080,840.83602905273438,,3.0897376707661328,87.158217692252052,0.31541457618599589,7
sep-ipop-l20-w102,5,111017,8382,2954040,840.83602905273438,,42.607850560789146,24137.052435700276,0.25262382971523312,7
sep-ipop-l20-w102,5,111017,8448,3123000,840.83602905273438,,1591.0975855827985,48256.950588755011,0.25396018844034035,7
sep-ipop-l20-w102,5,111017,8514,3291960,840.83602905273438,,121617.81432299879,12545.705360259584,0.27596849532387147,7
sep-ipop-l20-w102,5,111017,8580,3460920,840.83602905273438,,7616536.2289093938,22512.596107649384,0.26386656894976973,7
sep-ipop-l20-w102,5,111017,8646,3629880,840.83602905273438,,252707136.22788,72767.698453530975,0.23426603646285107,7
sep-ipop-l20-w102,5,111017,8712,3798840,840.83602905273438,,3284798948.919261,816673.45676119719,0.25466810068171802,7
sep-ipop-l20-w102,5,111017,8778,3967800,840.83602905273438,,99183911875.535553,13837085.297217544,0.23646810973808047,7
sep-ipop-l20-w102,5,111017,8844,4136760,840.83602905273438,,3875346923525.2505,45055529.874214627,0.24025057400742772,7
sep-ipop-l20-w102,5,111017,8910,4305720,840.83602905273438,,116064616242831.58,185041400.68401891,0.23133442209532354,7
sep-ipop-l20-w102,5,111017,8976,4474680,840.83602905273438,,1114843393305446.9,3360741365.6426368,0.20652665189775238,7
sep-ipop-l20-w102,5,111017,9042,4643640,840.83602905273438,,2943040566462939,2979567816218.3838,0.19633656934403804,7
sep-ipop-l20-w102,5,111017,9108,4812600,840.83602905273438,,3129321855561955,3345984598483.2871,0.18233078585002196,7
sep-ipop-l20-w102,5,111017,9174,5066040,840.83602905273438,,1.26432637863705,17.529142944187235,0.4954502074272063,8
sep-ipop-l20-w102,5,111017,9240,5403960,840.83602905273438,,33.423515801539239,5257.3368890624288,0.27778373894754971,8
sep-ipop-l20-w102,5,111017,9306,5741880,840.83602905273438,,481.18219929440045,49424.861494098826,0.24681157292358177,8
sep-ipop-l20-w102,5,111017,9372,6079800,840.83602905273438,,20744.381878296728,60007.102019053724,0.25337497476871185,8
sep-ipop-l20-w102,5,111017,9438,6417720,840.83602905273438,,1613761.2874202377,13081.283694912141,0.27741314126524808,8
sep-ipop,5,111017,1,1024,9360.0246988932286,,0.28532694885301541,10.185485097714535,0.11092113697148871,0
sep-ipop,5,111017,5,5120,2207.3901430765786,,0.87967121860042208,50.539109691762974,0.72754288275504264,0
sep-ipop,5,111017,10,10240,1689.6602121988933,,1.4628495723162027,62.78690638465099,1.0706382190611246,0
sep-ipop,5,111017,20,20480,1689.6602121988933,,2.5755449893178697,7.6499335247821811,0.40323722705940696,0
sep-ipop,5,111017,25,25600,1649.1824900309246,,3.0960816242984905,7.6492438933435878,0.35252884221046471,0
sep-ipop,5,111017,40,40960,1550.2907981872559,,4.9444230259465538,51.529437469581787,0.26597262679609235,0
sep-ipop,5,111017,50,51200,1483.7711817423503,,7.6266247039253638,94.849635169736572,0.26207458258311395,0
sep-ipop,5,111017,75,76800,1401.2012507120769,,16.507918924261102,1042.5983628415092,0.24556508057916052,0
sep-ipop,5,111017,80,81920,1395.6474138895671,,18.492658932864956,2219.998162326367,0.23489792060586681,0
sep-ipop,5,111017,100,102400,1395.6474138895671,,28.327813012509381,11177.32310737646,0.22427529636531734,0
sep-ipop,5,111017,125,128000,1372.5575917561848,,115.14485529679199,8615.4373588784856,0.23707580493441302,0
sep-ipop,5,111017,149,152576,1359.2447827657063,,385.99159223704243,9961.1192543273446,0.25816979951909519,0
sep-ipop,5,111017,160,163840,1355.2508557637532,,607.78266222949617,14158.565491517335,0.23201960709185426,0
sep-ipop,5,111017,174,178176,1350.7896512349446,,1082.3252525119835,18562.022738425396,0.19069750127113461,0
sep-ipop,5,111017,199,203776,1344.4753087361653,,3600.433537452227,32346.394380357935,0.22333467113141617,0
sep-ipop,5,111017,224,229376,1340.671070098877,,9842.0574959349724,82333.637387499897,0.21616681177151678,0
sep-ipop,5,111017,249,254976,1340.671070098877,,30752.003138522636,157897.99027552819,0.24086175529823695,0
sep-ipop,5,111017,255,261120,1340.671070098877,,39057.983922806881,214629.37111102455,0.22459427822635286,0
sep-ipop,5,111017,273,279552,1340.1004308064778,,93572.779049451608,146343.43665187294,0.23456916848410603,0
sep-ipop,5,111017,298,305152,1339.4758377075195,,531431.25619048369,86711.735816579661,0.25375784291259562,0
sep-ipop,5,111017,323,330752,1330.4666137695312,,4869271.895669722,22513.266036172674,0.25576855925837844,0
sep-ipop,5,111017,348,356352,1327.348799387614,,7647318.1769736214,147269.18367565089,0.19327552274028237,0
sep-ipop,5,111017,373,381952,1326.8127466837566,,10467780.375756428,751789.68912502588,0.19432256163241793,0
sep-ipop,5,111017,397,406528,1325.3968035380046,,21370697.992272116,6095429.4954841612,0.21247925174506913,0
sep-ipop,5,111017,422,432128,1325.3968035380046,,36698012.589851402,33785383.076110035,0.19818158729195623,0
sep-ipop,5,111017,447,457728,1325.3968035380046,,50704088.356888086,685724907.18296981,0.17849387902528674,0
sep-ipop,5,111017,472,483328,1325.3968035380046,,64735770.869116098,3767973190.5842299,0.18510738121310716,0
sep-ipop,5,111017,497,508928,1325.3968035380046,,90756211.046172902,21420883947.258312,0.18550877198024579,0
sep-ipop,5,111017,521,533504,1325.3968035380046,,102952129.04809512,24237750193.034592,0.18090905841164082,0
sep-ipop,5,111017,546,559104,1325.3968035380046,,112649056.72223219,99830207245.885147,0.14823745016377113,0
sep-ipop,5,111017,571,584704,1325.3968035380046,,145406908.01471296,277255264421.05707,0.17869294883641867,0
sep-ipop,5,111017,596,610304,1325.3968035380046,,272790398.83155447,104432724575.98111,0.11201603958663822,0
sep-ipop,5,111017,621,635904,1325.3968035380046,,448493374.83628488,77298135684.058746,0.05313850411236995,0
sep-ipop,5,111017,645,660480,1325.3968035380046,,677692023.06262171,52883902141.551575,0.024405086077848758,0
sep-ipop,5,111017,670,686080,1324.8691469828289,,1616002010.3536794,172643674978.08676,0.045652108320953753,0
sep-ipop,5,111017,695,711680,1324.7440388997395,,2312326237.2260756,162835401777.62186,0.021469963356789253,0
sep-ipop,5,111017,720,737280,1324.7440388997395,,2348812179.002995,101866608253.18936,0.013450721538474373,0
sep-ipop,5,111017,745,762880,1324.7440388997395,,2507729163.4930878,101932622937.06485,0.011458767280623349,0
sep-ipop,5,111017,769,787456,1324.7440388997395,,2563695905.4708467,166504951382.6387,0.011231884340382959,0
sep-ipop,5,111017,794,813056,1324.7440388997395,,2564210631.2529483,553219010766.18896,0.014390041172514391,0
sep-ipop,5,111017,819,838656,1324.7440388997395,,3101016386.4970117,328039701988.57452,0.012571919399543354,0
sep-ipop,5,111017,844,864256,1324.7440388997395,,2647314621.4751267,129553855340.74426,0.0080681735074684506,0
sep-ipop,5,111017,869,889856,1324.7440388997395,,2805762374.0269871,197787529893.32205,0.0085695075256613119,0
sep-ipop,5,111017,893,914432,1324.7440388997395,,2882987157.5885787,215923295065.13501,0.0072214779703207443,0
sep-ipop,5,111017,907,941056,1324.7440388997395,,0.94076858687797649,11.286978048064674,0.76561264784978511,1
sep-ipop,5,111017,919,965632,1324.7440388997395,,1.1951502134016965,15.404727898315622,0.41029517073220262,1
sep-ipop,5,111017,932,992256,1324.7440388997395,,2.0705413286718413,58.019473333943978,0.32132903994365264,1
sep-ipop,5,111017,944,1016832,1324.7440388997395,,3.6254827954102948,174.80254145602706,0.30321356970387175,1
sep-ipop,5,111017,956,1041408,1324.7440388997395,,6.3697834424752218,329.5984427361243,0.32190771325939516,1
sep-ipop,5,111017,969,1068032,1324.7440388997395,,8.6529764694518487,698.23847484571127,0.29002290870095898,1
sep-ipop,5,111017,981,1092608,1324.7440388997395,,11.75840902008802,2134.2212578529288,0.30852656967627534,1
sep-ipop,5,111017,994,1119232,1324.7440388997395,,23.924532405081205,1348.4684739006859,0.29719667162495128,1
sep-ipop,5,111017,1006,1143808,1318.564208984375,,37.708407473614301,1570.855135532235,0.26541207733660543,1
sep-ipop,5,111017,1019,1170432,1288.0782254536946,,69.390127638484572,1237.6634917289134,0.26166408139018776,1
sep-ipop,5,111017,1031,1195008,1234.1542282104492,,124.07247742561256,1246.6717324886913,0.26047813293194533,1
sep-ipop,5,111017,1043,1219584,1199.3259251912434,,223.69385389729405,1238.1389394400892,0.26250186090824318,1
sep-ipop,5,111017,1056,1246208,1156.3328539530437,,423.8404129270308,1552.8850728628831,0.26513985520655464,1
sep-ipop,5,111017,1068,1270784,1129.615421295166,,855.98867372662096,1875.3856089612343,0.27880821872131661,1
sep-ipop,5,111017,1081,1297408,1078.0320498148601,,1528.2185273658322,1945.4900377569452,0.26132216899250416,1
sep-ipop,5,111017,1093,1321984,1032.8568420410156,,2962.0563997808767,2367.0387158197136,0.28410223183039862,1
sep-ipop,5,111017,1105,1346560,1012.2101847330729,,5003.9288513489137,2948.4407102777427,0.25185598536579745,1
sep-ipop,5,111017,1118,1373184,996.51382827758789,,10179.62142175762,6070.5955494623622,0.24824288409573825,1
sep-ipop,5,111017,1130,1397760,987.08009338378906,,22726.158386411884,12196.091971365797,0.26813896373492024,1
sep-ipop,5,111017,1143,1424384,979.2909037272135,,47655.767687336433,20460.055281964651,0.2544093565201257,1
sep-ipop,5,111017,1155,1448960,976.91581471761071,,101766.08115954052,36328.279694841367,0.25239467877167071,1
sep-ipop,5,111017,1167,1473536,972.11090977986657,,205885.44292562161,55391.76028148226,0.25051433690165187,1
sep-ipop,5,111017,1180,1500160,964.45476150512695,,454791.07030460448,72910.545458272376,0.24804347170943369,1
sep-ipop,5,111017,1192,1524736,954.15772755940759,,1148841.1993449486,60704.404536557355,0.29043894297170086,1
sep-ipop,5,111017,1205,1551360,931.65060551961267,,3850026.2994303713,23965.539638568473,0.32089419611725295,1
sep-ipop,5,111017,1217,1575936,919.15173467000329,,9219297.7827766016,16984.684583811606,0.25988959060661637,1
sep-ipop,5,111017,1229,1600512,907.71539052327478,,15687292.116446286,44560.090195918463,0.23477066719106404,1
sep-ipop,5,111017,1242,1627136,900.69530614217126,,31042757.285989795,113717.10498319661,0.24195018415375069,1
sep-ipop,5,111017,1254,1651712,897.0599695841471,,64198633.228147835,141189.80074444268,0.23932526309734845,1
sep-ipop,5,111017,1267,1678336,892.55386098225915,,143488744.87796408,54135.740818065824,0.19320833201885529,1
sep-ipop,5,111017,1279,1702912,889.24478785196936,,312047738.15956652,31943.475530903062,0.13036033806767872,1
sep-ipop,5,111017,1291,1727488,885.88885879516602,,719169679.62957346,22550.352837437124,0.093001273015655431,1
sep-ipop,5,111017,1304,1754112,882.53424835205078,,1488949516.7468555,16906.447390717694,0.063492294749079026,1
sep-ipop,5,111017,1316,1778688,880.99145634969079,,3159662018.9123993,14427.385677464286,0.053206191557582508,1
sep-ipop,5,111017,1329,1805312,879.04508463541663,,6292728224.3768396,13551.387020080461,0.047066835238247985,1
sep-ipop,5,111017,1341,1829888,878.43899154663086,,10342897408.85166,12331.029709763467,0.035454213413254165,1
sep-ipop,5,111017,1353,1854464,877.58457183837891,,15976368465.485008,11225.871884885164,0.028256310630557634,1
sep-ipop,5,111017,1366,1881088,877.22347259521484,,24328820906.349445,12651.839633157142,0.022824498997781037,1
sep-ipop,5,111017,1378,1905664,876.65498097737634,,38979686257.914635,14987.942700967573,0.025965995905810162,1
sep-ipop,5,111017,1391,1932288,876.06984202067054,,62059934746.173523,15306.353148563514,0.021138179528353448,1
sep-ipop,5,111017,1403,1956864,875.72319793701172,,108111651769.36102,19493.526962850559,0.022047832766989302,1
sep-ipop,5,111017,1415,1981440,875.26871109008789,,166749834311.71796,31178.483749324118,0.021321892628033877,1
sep-ipop,5,111017,1428,2008064,875.06584930419922,,298543536405.16559,34398.836906214128,0.01996485755208385,1
sep-ipop,5,111017,1440,2032640,874.85836156209314,,482860846623.62531,53168.078038534033,0.019426848309984927,1
sep-ipop,5,111017,1453,2059264,874.61664835611975,,893793687041.50293,189838.36488090377,0.017191925151992814,1
sep-ipop,5,111017,1465,2083840,874.41080856323242,,1527673681872.3779,582853.59199745045,0.020413378458050101,1
sep-ipop,5,111017,1477,2108416,874.12098948160804,,2778067610139.604,635575.0217143083,0.021556294711873841,1
sep-ipop,5,111017,1490,2135040,873.82288487752282,,4731918171472.3281,735825.70109895419,0.020531292286937772,1
sep-ipop,5,111017,1502,2159616,873.80686442057288,,8207325603824.166,1017807.4410830294,0.018655841355947354,1
sep-ipop,5,111017,1515,2186240,873.64292780558264,,15154577172355.807,1315185.6024380708,0.020608434953737959,1
sep-ipop,5,111017,1527,2210816,873.44592666625977,,26696124497827.031,1302464.311540467,0.02143859495268562,1
sep-ipop,5,111017,1539,2235392,873.34998067220056,,48106239361470.68,1234629.3047845413,0.019454638830691852,1
sep-ipop,5,111017,1552,2262016,873.11301676432288,,91160963319458.031,1252783.6691025784,0.019856927118631323,1
sep-ipop,5,111017,1564,2286592,873.00217946370446,,126382157212002.5,1182907.0062443751,0.016395468118580666,1
sep-ipop,5,111017,1577,2313216,872.84121068318689,,159659434221501.78,1450916.7547297608,0.012065664016811433,1
sep-ipop,5,111017,1589,2337792,872.78207270304358,,219153021362175.62,1134885.1175552486,0.010035204097472388,1
sep-ipop,5,111017,1601,2362368,872.6912841796875,,287278367019493.56,994390.58442063653,0.0089978529165480811,1
sep-ipop,5,111017,1614,2388992,872.68120956420898,,374090563353329.5,1367973.8283517747,0.0086618023748407623,1
sep-ipop,5,111017,1626,2413568,872.59651692708337,,458630735733067,1493273.524156512,0.0087054853872221474,1
sep-ipop,5,111017,1639,2440192,872.49694442749023,,616199197913602,1975087.8573532081,0.0082067917276400608,1
sep-ipop,5,111017,1651,2464768,872.49694442749023,,871356813734247.5,2896813.7601694325,0.0080881300722012543,1
sep-ipop,5,111017,1663,2489344,872.40080769856775,,1029257617493753.8,3715960.6472951542,0.0072541635205786124,1
sep-ipop,5,111017,1676,2515968,872.37353261311853,,1197338163644987.2,7895592.3269775026,0.0072453021886962083,1
sep-ipop,5,111017,1688,2540544,872.35159047444665,,1399040057936042.5,13967504.992711747,0.0063056360984649271,1
sep-ipop,5,111017,1701,2567168,872.30585988362634,,1694486695940298,28175306.274783187,0.0055798565957336718,1
sep-ipop,5,111017,1713,2591744,872.27389653523767,,2435592585055227,48035253.501013845,0.0068344954365105598,1
sep-ipop,5,111017,1725,2616320,872.24526723225915,,3038364933190292.5,62070381.370459899,0.0060353260131624006,1
sep-ipop,5,111017,1738,2642944,872.24412790934241,,3783062058976898,79597128.835010767,0.0050028030902948403,1
sep-ipop,5,111017,1750,2667520,872.23833847045898,,4488754604762480,184012311.44997957,0.0051299051499087422,1
sep-ipop,5,111017,1763,2694144,872.2283833821615,,6175830916238621,391578582.49632722,0.0061092092063678013,1
sep-ipop,5,111017,1775,2718720,872.21965154012048,,9143918571503020,456872452.08171564,0.0061938393612330726,1
sep-ipop,5,111017,1787,2743296,872.21719360351562,,12211916190572910,573736044.51707757,0.0055348998831906597,1
sep-ipop,5,111017,1800,2769920,872.21719360351562,,17869486082241348,681656955.87775028,0.0064241184488305183,1
sep-ipop,5,111017,1812,2794496,872.21705754597986,,22816408313627204,859634178.29814875,0.0060857718823469137,1
sep-ipop,5,111017,1825,2821120,872.21705754597986,,23897857338006828,822855784.99735999,0.0050966246104367499,1
sep-ipop,5,111017,1837,2845696,872.21705754597986,,22391755548561928,840950414.4538933,0.0042910654176472815,1
sep-ipop,5,111017,1849,2870272,872.21705754597986,,21930601665192520,868052285.92302573,0.0040552869279100604,1
sep-ipop,5,111017,1862,2896896,872.21705754597986,,23295685461489668,708930063.49388504,0.0042244257150914795,1
sep-ipop,5,111017,1874,2921472,872.21705754597986,,24776174479200964,661234162.02675366,0.0043294747634796665,1
sep-ipop,5,111017,1887,2948096,872.21705754597986,,25349368119262448,893781647.84988141,0.0046813313977419301,1
sep-ipop,5,111017,1899,2972672,872.21705754597986,,23777139791511800,721134382.90550303,0.0040816751006929972,1
sep-ipop,5,111017,1911,2997248,872.21705754597986,,24682212472776424,739168070.33283138,0.0039305577087573682,1
sep-ipop,5,111017,1924,3023872,872.21705754597986,,22909231885987468,1148724689.9797292,0.0041711909106491646,1
sep-ipop,5,111017,1936,3048448,872.21705754597986,,23308288975601780,882626945.3005724,0.0035496013693554103,1
sep-ipop,5,111017,1949,3075072,872.21705754597986,,25880359823134208,762358281.25946891,0.0037368779107373818,1
sep-ipop,5,111017,1961,3099648,872.21705754597986,,28040707833343972,899491812.77778745,0.0041816311401796438,1
sep-ipop,5,111017,1973,3124224,872.21705754597986,,28147787205965084,1150223274.4629679,0.0047504261629900419,1
sep-ipop,5,111017,1986,3150848,872.21705754597986,,26315239687714860,1028181685.2386831,0.003609612133392399,1
sep-ipop,5,111017,1998,3175424,872.21705754597986,,25392980759397572,947972271.49742103,0.0032105459715082397,1
sep-ipop,5,111017,2011,3202048,872.21705754597986,,27137732023329140,1378402713.0503342,0.0040764117478687993,1
sep-ipop,5,111017,2023,3226624,872.21705754597986,,55161909333950632,866576015.98540127,0.0065639322104347666,1
sep-ipop,5,111017,2035,3251200,872.21657053629554,,1.1869381706216738e+17,428283928.21952927,0.006520129682352366,1
sep-ipop,5,111017,2048,3277824,872.21657053629554,,2.0639118278655686e+17,429222154.04565066,0.0056436489865066665,1
sep-ipop,5,111017,2060,3302400,872.21657053629554,,2.156798074904528e+17,641793072.50803769,0.0052343638106985852,1
sep-ipop,5,111017,2073,3329024,872.21657053629554,,1.9705265428899814e+17,542557569.83226442,0.0039303968967199857,1
sep-ipop,5,111017,2085,3353600,872.21657053629554,,2.0287538161988464e+17,791046195.79554737,0.004318516213012439,1
sep-ipop,5,111017,2098,3380224,872.21657053629554,,2.0390877619957702e+17,686747882.99973309,0.004317184467517078,1
sep-ipop,5,111017,2110,3404800,872.21657053629554,,1.9291082451401027e+17,734807196.59249103,0.0035474074951608457,1
sep-ipop,5,111017,2122,3429376,872.21657053629554,,2.0643622253017478e+17,1076899223.7554371,0.0041335709983342846,1
sep-ipop,5,111017,2135,3456000,872.21657053629554,,2.0581993047970054e+17,1079251719.9793255,0.0041422082620525156,1
sep-ipop,5,111017,2147,3480576,872.21657053629554,,2.1491928851485312e+17,1017776149.5159377,0.0041892255946451738,1
sep-ipop,5,111017,2160,3507200,872.21657053629554,,2.1352356928523462e+17,1174779730.7362213,0.0045358628352962635,1
sep-ipop,5,111017,2172,3531776,872.21657053629554,,2.2068483691981014e+17,1181599734.2259486,0.0048558348003184329,1
sep-ipop,5,111017,2184,3556352,872.21657053629554,,2.3073685070218032e+17,1144346928.6976097,0.004854896756724375,1
sep-ipop,5,111017,2197,3582976,872.21657053629554,,2.2553354666971242e+17,908080008.45070183,0.0042516302698754511,1
sep-ipop,5,111017,2209,3607552,872.21657053629554,,2.3683933570439741e+17,814176316.09532726,0.0040900533150073472,1
sep-ipop,5,111017,2222,3634176,872.21657053629554,,2.4662559319727683e+17,625625604.44244432,0.0041457029816405729,1
sep-ipop,5,111017,2234,3658752,872.21657053629554,,2.3299726185456995e+17,974822521.55410695,0.0037709853967816498,1
sep-ipop,5,111017,2246,3683328,872.21657053629554,,2.4481430686132691e+17,1204090765.4385555,0.0039207347781968589,1
sep-ipop,5,111017,2259,3709952,872.21657053629554,,2.3979041963804893e+17,1296554830.1870434,0.0041955550306419405,1
sep-ipop,5,111017,2271,3734528,872.21657053629554,,2.3448371534306784e+17,1382747744.4616838,0.0042675142966250587,1
sep-ipop,5,111017,2284,3761152,872.21657053629554,,2.6592448302865789e+17,1765073140.1544032,0.005023238122342945,1
sep-ipop,5,111017,2296,3785728,872.21657053629554,,2.6271771160598048e+17,1533793747.4024873,0.0043423450830794331,1
sep-ipop,5,111017,2308,3810304,872.21657053629554,,2.797507777846008e+17,925474305.54635084,0.0037754308080064788,1
sep-ipop,5,111017,2321,3836928,872.21657053629554,,2.718140985805481e+17,837876638.47851408,0.0033962966289958008,1
sep-ipop,5,111017,2333,3861504,872.21657053629554,,2.8405202498114941e+17,1286147129.3016236,0.0032910642499424467,1
sep-ipop,5,111017,2346,3888128,872.21657053629554,,2.6373332770867808e+17,1013672069.5521439,0.0027965093385721317,1
sep-ipop,5,111017,2358,3912704,872.21657053629554,,2.5288688863471891e+17,828679857.17294192,0.0023866385977550602,1
sep-ipop,5,111017,2370,3937280,872.21657053629554,,2.6942642217207773e+17,907509754.21894503,0.0025906343554096488,1
sep-ipop,5,111017,2383,3963904,872.21657053629554,,2.894380214750233e+17,1191060426.228416,0.0029280937934957432,1
sep-ipop,5,111017,2395,3988480,872.21657053629554,,2.9231195023527859e+17,1117952710.760669,0.0028144632997670698,1
sep-ipop,5,111017,2408,4015104,872.21657053629554,,2.8585823585188832e+17,771722570.75974011,0.0030174537186430902,1
sep-ipop,5,111017,2420,4039680,872.21657053629554,,2.7399628179104595e+17,670416468.55126166,0.0027920477156724408,1
sep-ipop,5,111017,2432,4064256,872.21657053629554,,2.8829877178550112e+17,517101077.91967875,0.0026633165896110624,1
sep-ipop,5,111017,2445,4090880,872.21657053629554,,2.8965056590984685e+17,724024107.26468074,0.0032542829369284474,1
sep-ipop,5,111017,2457,4115456,872.21657053629554,,3.1638600233835584e+17,389733700.72126019,0.0025442681292779067,1
sep-ipop,5,111017,2470,4142080,872.21657053629554,,3.1602181478382797e+17,546318651.46639311,0.0027063623149202361,1
sep-ipop,5,111017,2482,4166656,872.21657053629554,,2.9562434381331501e+17,469194689.35666561,0.002405343076494829,1
sep-ipop,5,111017,2494,4191232,872.21657053629554,,3.0591681444711206e+17,656975031.8604157,0.0025140155608241658,1
sep-ipop,5,111017,2507,4217856,872.21657053629554,,3.0591542575950509e+17,1035069698.8449758,0.002848087599468183,1
sep-ipop,5,111017,2519,4242432,872.21657053629554,,3.1842960636676787e+17,1457697855.8065407,0.0028599706548718775,1
sep-ipop,5,111017,2532,4269056,872.21657053629554,,3.2885357781922714e+17,1985796883.0672944,0.0027116223472179474,1
sep-ipop,5,111017,2544,4293632,872.21657053629554,,3.373755249338137e+17,1249078959.4701557,0.0022722893359348679,1
sep-ipop,5,111017,2556,4318208,872.21657053629554,,3.4967035216553568e+17,1338485895.7864203,0.0024115175081966711,1
sep-ipop,5,111017,2569,4344832,872.21657053629554,,3.2732327010427354e+17,1490186720.8548346,0.0024057360165417301,1
sep-ipop,5,111017,2581,4369408,872.21657053629554,,3.2239608598093933e+17,1207902348.3482311,0.0020485584831452987,1
sep-ipop,5,111017,2594,4396032,872.21657053629554,,3.3917477915584179e+17,1209059713.388829,0.0019476718096661935,1
sep-ipop,5,111017,2606,4420608,872.21657053629554,,3.4674311705655245e+17,1285982852.5465808,0.0022666154687139579,1
sep-ipop,5,111017,2618,4445184,872.21657053629554,,3.547043318906809e+17,1557226359.6825724,0.0024668071884455666,1
sep-ipop,5,111017,2631,4471808,872.21657053629554,,3.3071058799971674e+17,2202050805.911459,0.0028675358349407134,1
sep-ipop,5,111017,2643,4496384,872.21657053629554,,3.2588415546016909e+17,2372172200.3183208,0.0029579003692382726,1
sep-ipop,5,111017,2656,4523008,872.21657053629554,,3.514085751555689e+17,2060409530.4543209,0.003132320498114453,1
sep-ipop,5,111017,2668,4547584,872.21657053629554,,3.5181853904084864e+17,2034685148.9906318,0.0029826524091225658,1
sep-ipop,5,111017,2680,4572160,872.21657053629554,,3.6102531005342387e+17,3227138802.2625599,0.0029480600370023111,1
sep-ipop,5,111017,2693,4598784,872.21657053629554,,3.7818723811645344e+17,3432151811.6867719,0.0030946326041408297,1
sep-ipop,5,111017,2705,4623360,872.21657053629554,,3.9048410841164762e+17,4280980834.0436382,0.0032696808988092268,1
sep-ipop,5,111017,2718,4649984,872.21657053629554,,3.9139669148496998e+17,4934419756.5854397,0.0029685001271866733,1
sep-ipop,5,111017,2725,4674560,872.21657053629554,,0.59220742610276234,7.9527890104129622,1.0057869810297373,2
sep-ipop,5,111017,2731,4699136,872.21657053629554,,0.70688196051121166,41.696495162632516,1.3629986718569789,2
sep-ipop,5,111017,2738,4727808,872.21657053629554,,0.8462003692747756,42.129154647920906,0.89568826759161968,2
sep-ipop,5,111017,2744,4752384,872.21657053629554,,0.99516374340567382,50.112720730292885,0.68486003219833658,2
sep-ipop,5,111017,2750,4776960,872.21657053629554,,1.1310281926043084,47.888642078258655,0.52187406362637145,2
sep-ipop,5,111017,2756,4801536,872.21657053629554,,1.4137911723324235,41.491098054352598,0.45614285663750387,2
sep-ipop,5,111017,2762,4826112,872.21657053629554,,1.7750474920418986,33.513340382019138,0.40095253306683742,2
sep-ipop,5,111017,2769,4854784,872.21657053629554,,2.2544976449531866,111.04440597935825,0.32666253104412823,2
sep-ipop,5,111017,2775,4879360,872.21657053629554,,3.0021722787246374,179.46161713902728,0.3285849403566849,2
sep-ipop,5,111017,2781,4903936,872.21657053629554,,4.0516591263428534,250.21451775586297,0.32616093705496729,2
sep-ipop,5,111017,2787,4928512,872.21657053629554,,5.24845611515003,411.73806270222417,0.32282114000190759,2
sep-ipop,5,111017,2793,4953088,872.21657053629554,,6.8592091931147277,531.17908830872432,0.32266501489294236,2
sep-ipop,5,111017,2800,4981760,872.21657053629554,,8.8967068977766104,941.50766981650395,0.31810172969504485,2
sep-ipop,5,111017,2806,5006336,872.21657053629554,,10.416095282898919,1555.3886249901821,0.30478646599295606,2
sep-ipop,5,111017,2812,5030912,872.21657053629554,,11.965593036346426,2501.5182535448566,0.31907222390719092,2
sep-ipop,5,111017,2818,5055488,872.21657053629554,,14.018437600582359,3019.6764022710108,0.30355578990959348,2
sep-ipop,5,111017,2824,5080064,872.21657053629554,,20.115928901643858,3036.2011560497663,0.31868714794083525,2
sep-ipop,5,111017,2831,5108736,872.21657053629554,,34.317082167258718,1643.4179653273029,0.32142156441398867,2
sep-ipop,5,111017,2837,5133312,872.21657053629554,,50.076160617358333,1477.029417296003,0.32338305349172281,2
sep-ipop,5,111017,2843,5157888,872.21657053629554,,66.931661487783586,1414.7230536723007,0.2894207080175939,2
sep-ipop,5,111017,2849,5182464,872.21657053629554,,79.581826528920288,1863.6514807897934,0.25105102330843321,2
sep-ipop,5,111017,2855,5207040,872.21657053629554,,103.62072105161259,3132.594255821894,0.25873072010941278,2
sep-ipop,5,111017,2862,5235712,872.21657053629554,,168.48361166159467,3593.4032203326756,0.27225782088500211,2
sep-ipop,5,111017,2868,5260288,872.21657053629554,,272.05463148938838,2393.8310417232483,0.2953734875371587,2
sep-ipop,5,111017,2874,5284864,872.21657053629554,,376.74561460741921,2120.7413252308379,0.26707314567376772,2
sep-ipop,5,111017,2880,5309440,872.21657053629554,,487.18251544779133,2373.5520348829364,0.26208833385128405,2
sep-ipop,5,111017,2886,5334016,872.21657053629554,,631.24415116381533,2828.2132237362557,0.25555619236034854,2
sep-ipop,5,111017,2893,5362688,872.21657053629554,,868.05865173676318,4312.9521627632648,0.25976802960149731,2
sep-ipop,5,111017,2899,5387264,872.21657053629554,,1172.9058226851939,4455.5278028859284,0.26373338702302379,2
sep-ipop,5,111017,2905,5411840,872.21657053629554,,1938.6272407232539,3533.2327541734508,0.2976859974643043,2
sep-ipop,5,111017,2911,5436416,872.21657053629554,,3129.282973397756,2317.9244431004367,0.30456784883811927,2
sep-ipop,5,111017,2918,5465088,872.21657053629554,,5281.814196820872,1866.9131134268421,0.30886805139363377,2
sep-ipop,5,111017,2924,5489664,872.21657053629554,,7841.8512686082895,2175.6810318934195,0.28649445126355622,2
sep-ipop,5,111017,2930,5514240,872.21657053629554,,11557.171508008629,3171.1164367286233,0.28443992084140374,2
sep-ipop,5,111017,2936,5538816,872.21657053629554,,16129.236156819634,3389.0324412898758,0.2635584867233105,2
sep-ipop,5,111017,2942,5563392,872.21657053629554,,22592.927662823076,3587.3406891707491,0.26948301006610986,2
sep-ipop,5,111017,2949,5592064,872.21657053629554,,35671.419767237276,3696.008855861875,0.28956249545446938,2
sep-ipop,5,111017,2955,5616640,872.21657053629554,,53218.896764889803,2971.9241840894674,0.27356222427036986,2
sep-ipop,5,111017,2961,5641216,872.21657053629554,,78024.968660499071,3077.0259056908299,0.26986728173948221,2
sep-ipop,5,111017,2967,5665792,872.21657053629554,,116367.55005208703,3269.1828510965001,0.27402658296836463,2
sep-ipop,5,111017,2973,5690368,872.21657053629554,,191014.87323501208,2313.5269574171803,0.29411773947930675,2
sep-ipop,5,111017,2980,5719040,872.21657053629554,,288351.15480059542,2221.8775221083993,0.26921976580926421,2
sep-ipop,5,111017,2986,5743616,872.21657053629554,,399719.5012349828,2501.1831243601287,0.25417109203982446,2
sep-ipop,5,111017,2992,5768192,872.21657053629554,,582530.49212868442,2747.4316983238232,0.25175610070721038,2
sep-ipop,5,111017,2998,5792768,872.21657053629554,,837511.34224571171,1814.6392843112319,0.22568266905946385,2
sep-ipop,5,111017,3004,5817344,872.21657053629554,,1417547.5006108154,1163.878191567539,0.21088329682795026,2
sep-ipop,5,111017,3011,5846016,872.21657053629554,,2424213.9023503866,879.51736772515915,0.20783497652171032,2
sep-ipop,5,111017,3017,5870592,872.21657053629554,,3676114.5839240951,1038.9614885636206,0.20041365705230213,2
sep-ipop,5,111017,3023,5895168,872.21657053629554,,5357832.1831367398,1524.32322295259,0.19756078282088529,2
sep-ipop,5,111017,3029,5919744,872.21657053629554,,7675467.53764256,1984.2764691967407,0.19522669050219821,2
sep-ipop,5,111017,3035,5944320,872.21657053629554,,11114680.842678929,2070.6556078731464,0.17591972340484116,2
sep-ipop,5,111017,3042,5972992,872.21657053629554,,17627340.99830734,2022.7354070439183,0.15928270879348763,2
sep-ipop,5,111017,3048,5997568,872.21657053629554,,26346449.588099211,1956.1722025671104,0.14581734868534352,2
sep-ipop,5,111017,3054,6022144,872.21657053629554,,38432470.517059885,2030.3661231117849,0.13043557416034707,2
sep-ipop,5,111017,3060,6046720,872.21657053629554,,59091871.311504833,1932.1562662380161,0.12564148155799895,2
sep-ipop,5,111017,3066,6071296,872.21657053629554,,93896153.780767545,1965.7080752300731,0.11586620646555551,2
sep-ipop,5,111017,3073,6099968,872.21657053629554,,157640303.45237094,1589.6172118620009,0.10176618105682828,2
sep-ipop,5,111017,3079,6124544,872.21657053629554,,239018901.58956498,1586.0536398474146,0.092595101255352863,2
sep-ipop,5,111017,3085,6149120,872.21657053629554,,386745066.41430265,1563.3865692208065,0.096079688561905963,2
sep-ipop,5,111017,3091,6173696,872.21657053629554,,588270837.60239434,1501.158108177046,0.088598426801993035,2
sep-ipop,5,111017,3097,6198272,872.21657053629554,,913083278.01882517,1731.0184443839364,0.087884111680378144,2
sep-ipop,5,111017,3104,6226944,872.21657053629554,,1574818038.5124657,1904.735595169208,0.07964543401389107,2
sep-ipop,5,111017,3110,6251520,872.21657053629554,,2406888811.7666469,2032.2693967083403,0.069490634097175014,2
sep-ipop,5,111017,3116,6276096,872.21657053629554,,3967463828.3773942,2435.3867410048961,0.074128626106873569,2
sep-ipop,5,111017,3122,6300672,872.21657053629554,,6418486214.8028727,1931.2533295873977,0.067961838582537737,2
sep-ipop,5,111017,3128,6325248,872.21657053629554,,9738350339.1308041,2160.2583719835843,0.061719288251677704,2
sep-ipop,5,111017,3135,6353920,872.21657053629554,,17414156878.312027,2602.0786950161214,0.062287635047460606,2
sep-ipop,5,111017,3141,6378496,872.21657053629554,,29235551780.858154,3127.5512735349198,0.063920808020672168,2
sep-ipop,5,111017,3147,6403072,872.21657053629554,,46527533783.346413,2883.7740214491923,0.061472325673381303,2
sep-ipop,5,111017,3153,6427648,872.21657053629554,,74786580757.621826,2687.8495859117702,0.057009055303215858,2
sep-ipop,5,111017,3159,6452224,872.21657053629554,,120516536082.37621,3121.2044550938376,0.059106632702984281,2
sep-ipop,5,111017,3166,6480896,872.21657053629554,,217258497658.32947,3576.3951903867601,0.057413964898404689,2
sep-ipop,5,111017,3171,6501376,872.21657053629554,,332504135850.97546,3231.2441405735881,0.057723684408990103,2
sep-ipop-w60,5,111017,1,1024,9360.0246988932286,,0.28532694885301541,10.185485097714535,0.11092113697148871,0
sep-ipop-w60,5,111017,5,5120,2207.3901430765786,,0.87967121860042208,50.539109691762974,0.72754288275504264,0
sep-ipop-w60,5,111017,10,10240,1689.6602121988933,,1.4628495723162027,62.78690638465099,1.0706382190611246,0
sep-ipop-w60,5,111017,20,20480,1689.6602121988933,,2.5755449893178697,7.6499335247821811,0.40323722705940696,0
sep-ipop-w60,5,111017,25,25600,1649.1824900309246,,3.0960816242984905,7.6492438933435878,0.35252884221046471,0
sep-ipop-w60,5,111017,40,40960,1550.2907981872559,,4.9444230259465538,51.529437469581787,0.26597262679609235,0
sep-ipop-w60,5,111017,50,51200,1483.7711817423503,,7.6266247039253638,94.849635169736572,0.26207458258311395,0
sep-ipop-w60,5,111017,75,76800,1401.2012507120769,,16.507918924261102,1042.5983628415092,0.24556508057916052,0
sep-ipop-w60,5,111017,80,81920,1395.6474138895671,,18.492658932864956,2219.998162326367,0.23489792060586681,0
sep-ipop-w60,5,111017,100,102400,1395.6474138895671,,28.327813012509381,11177.32310737646,0.22427529636531734,0
sep-ipop-w60,5,111017,125,128000,1372.5575917561848,,115.14485529679199,8615.4373588784856,0.23707580493441302,0
sep-ipop-w60,5,111017,149,152576,1359.2447827657063,,385.99159223704243,9961.1192543273446,0.25816979951909519,0
sep-ipop-w60,5,111017,160,163840,1355.2508557637532,,607.78266222949617,14158.565491517335,0.23201960709185426,0
sep-ipop-w60,5,111017,174,178176,1350.7896512349446,,1082.3252525119835,18562.022738425396,0.19069750127113461,0
sep-ipop-w60,5,111017,199,203776,1344.4753087361653,,3600.433537452227,32346.394380357935,0.22333467113141617,0
sep-ipop-w60,5,111017,224,229376,1340.671070098877,,9842.0574959349724,82333.637387499897,0.21616681177151678,0
sep-ipop-w60,5,111017,249,254976,1340.671070098877,,30752.003138522636,157897.99027552819,0.24086175529823695,0
sep-ipop-w60,5,111017,255,261120,1340.671070098877,,39057.983922806881,214629.37111102455,0.22459427822635286,0
sep-ipop-w60,5,111017,273,279552,1340.1004308064778,,93572.779049451608,146343.43665187294,0.23456916848410603,0
sep-ipop-w60,5,111017,298,305152,1339.4758377075195,,531431.25619048369,86711.735816579661,0.25375784291259562,0
sep-ipop-w60,5,111017,323,330752,1330.4666137695312,,4869271.895669722,22513.266036172674,0.25576855925837844,0
sep-ipop-w60,5,111017,348,356352,1327.348799387614,,7647318.1769736214,147269.18367565089,0.19327552274028237,0
sep-ipop-w60,5,111017,373,381952,1326.8127466837566,,10467780.375756428,751789.68912502588,0.19432256163241793,0
sep-ipop-w60,5,111017,397,406528,1325.3968035380046,,21370697.992272116,6095429.4954841612,0.21247925174506913,0
sep-ipop-w60,5,111017,422,432128,1325.3968035380046,,36698012.589851402,33785383.076110035,0.19818158729195623,0
sep-ipop-w60,5,111017,446,458752,1325.3968035380046,,0.43471868319428258,3.046545722052179,0.5495781907347701,1
sep-ipop-w60,5,111017,458,483328,1325.3968035380046,,0.83666789363758631,11.900725220309871,0.79072639158594693,1
sep-ipop-w60,5,111017,471,509952,1325.3968035380046,,1.1478563153815509,18.847246770781943,0.44735444436423821,1
sep-ipop-w60,5,111017,483,534528,1325.3968035380046,,1.9852968696809941,66.695171955470514,0.34860692523514197,1
sep-ipop-w60,5,111017,495,559104,1325.3968035380046,,3.4928971252680046,287.9842219390024,0.3242145292199769,1
sep-ipop-w60,5,111017,508,585728,1325.3968035380046,,5.7080984255648568,624.34855184052185,0.29565113668613885,1
sep-ipop-w60,5,111017,520,610304,1325.3968035380046,,7.4394281286405874,1619.7182870185102,0.30239960632085233,1
sep-ipop-w60,5,111017,533,636928,1325.3968035380046,,12.637944379758608,1970.643981907675,0.29226337972838773,1
sep-ipop-w60,5,111017,545,661504,1325.3968035380046,,22.803483896953406,1410.5669026803598,0.26942178836603897,1
sep-ipop-w60,5,111017,557,686080,1303.4417673746746,,39.084288812708543,1231.9266591032422,0.25761565805343073,1
sep-ipop-w60,5,111017,570,712704,1283.6738255818684,,68.274930472361675,2900.8047059200003,0.25190804469072231,1
sep-ipop-w60,5,111017,582,737280,1275.46470896403,,131.57338788340712,4219.2894610503299,0.25749241638200959,1
sep-ipop-w60,5,111017,595,763904,1269.157677968343,,259.31416122703268,11974.834652608166,0.25756973597246557,1
sep-ipop-w60,5,111017,607,788480,1264.402754465739,,544.01094622387154,16740.47077341118,0.25059252283085737,1
sep-ipop-w60,5,111017,619,813056,1262.4772300720215,,1180.0714602123835,27582.547547423423,0.24532278653903147,1
sep-ipop-w60,5,111017,632,839680,1258.9909604390461,,2713.7368246631763,25066.073551013764,0.2467023109103168,1
sep-ipop-w60,5,111017,644,864256,1257.3349253336589,,5591.9581404716046,40952.000584263762,0.25574912566198005,1
sep-ipop-w60,5,111017,657,890880,1255.7122942606609,,11070.994482550976,54856.309141421545,0.24972297435421692,1
sep-ipop-w60,5,111017,669,915456,1254.671459197998,,21664.973334264174,62906.040966679298,0.24622541138453546,1
sep-ipop-w60,5,111017,681,940032,1253.317211151123,,38406.687580556434,52426.418812918404,0.23260789151059641,1
sep-ipop-w60,5,111017,694,966656,1252.2879994710286,,62165.819154878554,60900.452812368065,0.22941781661773344,1
sep-ipop-w60,5,111017,706,991232,1250.1267623901367,,141430.83474901074,44288.288630456147,0.26168176660773451,1
sep-ipop-w60,5,111017,719,1017856,1245.4234670003254,,434315.29548676987,22507.500674890463,0.27043790497766151,1
sep-ipop-w60,5,111017,731,1042432,1240.7355817159016,,1228297.0795834239,14845.210657149701,0.2804952052022448,1
sep-ipop-w60,5,111017,743,1067008,1234.4361025492351,,2805245.3451693291,16230.150708512179,0.25744685236842935,1
sep-ipop-w60,5,111017,756,1093632,1228.6330324808757,,6602277.3673239257,21454.042492795383,0.26226369349345846,1
sep-ipop-w60,5,111017,768,1118208,1219.8087005615234,,13655897.309082393,21957.081675873203,0.26693156471987511,1
sep-ipop-w60,5,111017,781,1144832,1208.6103642781575,,37931811.690959804,11959.089263385518,0.27295826023095787,1
sep-ipop-w60,5,111017,793,1169408,1199.6635602315266,,97849875.328072816,7531.9127136324778,0.27596520413292647,1
sep-ipop-w60,5,111017,805,1193984,1166.1148923238118,,297689571.09422636,4800.1822644336335,0.32091758228790357,1
sep-ipop-w60,5,111017,818,1220608,1110.1253929138184,,976755866.64462411,1751.0500430175168,0.30633272177462079,1
sep-ipop-w60,5,111017,830,1245184,1078.7383639017742,,1830610290.0308573,3218.4795782592796,0.26176460028117365,1
sep-ipop-w60,5,111017,843,1271808,1058.5922088623047,,3100434405.059545,6730.2576805543422,0.23198941036415782,1
sep-ipop-w60,5,111017,855,1296384,1047.555118560791,,4652339664.808814,13812.162741055288,0.19689341926615225,1
sep-ipop-w60,5,111017,867,1320960,1042.1431020100911,,8176193003.9344044,15151.154805079885,0.20273885137334141,1
sep-ipop-w60,5,111017,880,1347584,1036.3121325174968,,17816933673.130692,13449.54074538936,0.19245737222335813,1
sep-ipop-w60,5,111017,892,1372160,1031.1890563964844,,41367442147.228554,8641.2711029923776,0.15796489372843933,1
sep-ipop-w60,5,111017,905,1398784,1025.9634857177734,,109946342928.85083,7132.0880443889509,0.14665687152338461,1
sep-ipop-w60,5,111017,917,1423360,1021.8712882995605,,271366385596.83224,5034.7425859855957,0.13504371168494836,1
sep-ipop-w60,5,111017,929,1447936,1016.5196050008138,,676955446250.60107,8284.855175967692,0.14679601376394669,1
sep-ipop-w60,5,111017,942,1474560,1009.8896751403809,,1630290108912.3003,12699.068207290413,0.14066459455620525,1
sep-ipop-w60,5,111017,954,1499136,1005.0687573750814,,3988936845608.7471,12913.14044620409,0.14011055087599264,1
sep-ipop-w60,5,111017,967,1525760,1001.6586990356445,,10301773913244.074,18341.011403076704,0.12490513490497736,1
sep-ipop-w60,5,111017,979,1550336,997.12557856241858,,23841958048641.508,19998.628314108053,0.11211921185721435,1
sep-ipop-w60,5,111017,991,1574912,991.46673456827796,,57973042250642.891,17215.14506001132,0.10602651996320815,1
sep-ipop-w60,5,111017,1004,1601536,989.34030532836914,,122225115289596.8,15397.404541833699,0.079836919249384547,1
sep-ipop-w60,5,111017,1016,1626112,987.22962061564124,,255004857844321.88,17952.560603379316,0.077565646599831423,1
sep-ipop-w60,5,111017,1029,1652736,984.22168604532874,,798202542178107.12,13234.08222272644,0.093792625484120887,1
sep-ipop-w60,5,111017,1041,1677312,981.58484522501624,,1530678244794668.2,11489.402154549716,0.06159500321133695,1
sep-ipop-w60,5,111017,1053,1701888,979.28803507486975,,2130457975206308,14264.870124733381,0.050690889797518131,1
sep-ipop-w60,5,111017,1066,1728512,978.27311960856116,,2684884397859024.5,23811.210245590009,0.046227376152073035,1
sep-ipop-w60,5,111017,1078,1753088,977.8262939453125,,2897204476353043,37915.262567547565,0.044720244350575547,1
sep-ipop-w60,5,111017,1091,1779712,977.43820063273108,,3010593453333009.5,38391.939573670665,0.03366890691559362,1
sep-ipop-w60,5,111017,1103,1804288,976.99551773071289,,3390665571369676,102856.08104719235,0.043842041254181285,1
sep-ipop-w60,5,111017,1115,1828864,976.36003494262695,,4076574988792481.5,185796.26734045724,0.044312013899760749,1
sep-ipop-w60,5,111017,1128,1855488,975.62844594319665,,4927589825262892,312082.48556902655,0.040538839533138499,1
sep-ipop-w60,5,111017,1140,1880064,975.4669291178385,,6173164179900816,673871.78222668439,0.047523688050154549,1
sep-ipop-w60,5,111017,1153,1906688,975.02108891805017,,9385258823420520,1895499.9718188869,0.057192201561420145,1
sep-ipop-w60,5,111017,1165,1931264,974.99015553792321,,13249809732427480,3834963.0078209899,0.052141640396423126,1
sep-ipop-w60,5,111017,1177,1955840,974.78901672363281,,19722344247391404,9826830.3436493725,0.053136841178626881,1
sep-ipop-w60,5,111017,1190,1982464,974.54273732503259,,28293029830718804,21740097.586462419,0.054013886360626533,1
sep-ipop-w60,5,111017,1202,2007040,974.43528238932288,,38405483918199408,24694230.507378481,0.047073917068047998,1
sep-ipop-w60,5,111017,1215,2033664,974.24390411376953,,50629249762440896,21395358.214055482,0.047141613228476202,1
sep-ipop-w60,5,111017,1227,2058240,974.20492680867517,,72481343865699808,18888855.562081691,0.050373846244435118,1
sep-ipop-w60,5,111017,1239,2082816,974.02248636881507,,91354230815498384,34294877.700818554,0.060429728284235401,1
sep-ipop-w60,5,111017,1252,2109440,973.79839960734046,,1.0981760406655176e+17,62997261.119434841,0.064230433527469447,1
sep-ipop-w60,5,111017,1264,2134016,973.61905034383142,,1.8970420268137462e+17,6015540.033465635,0.023801245980204673,1
sep-ipop-w60,5,111017,1277,2160640,973.51503880818689,,2.293882171355623e+17,2306798.7701195059,0.0095584792457915606,1
sep-ipop-w60,5,111017,1289,2185216,973.41053009033203,,3.097900485657111e+17,2090359.6780185404,0.00599770713039024,1
sep-ipop-w60,5,111017,1302,2211840,973.37315114339196,,4.1031060033488704e+17,10493729.591640551,0.0047194094858797617,1
sep-ipop-w60,5,111017,1314,2236416,973.37315114339196,,4.993603881092672e+17,26812055.730672438,0.005128184939283003,1
sep-ipop-w60,5,111017,1326,2260992,973.30703735351562,,6.5568944523844774e+17,50697665.480709419,0.0053802475894502632,1
sep-ipop-w60,5,111017,1339,2287616,973.15650177001953,,1.2961461476243953e+18,35445263.367694937,0.006817559959234133,1
sep-ipop-w60,5,111017,1351,2312192,973.15650177001953,,1.4930076785073713e+18,65710009.069250196,0.0061665124188690261,1
sep-ipop-w60,5,111017,1364,2338816,973.11302439371741,,2.4723526348175575e+18,43163393.200446844,0.0059537532317746299,1
sep-ipop-w60,5,111017,1376,2363392,973.09993489583337,,5.5155306415217439e+18,23619934.649791356,0.0058161247567242134,1
sep-ipop-w60,5,111017,1388,2387968,973.08906555175781,,8.0557127887504077e+18,27796805.547191929,0.0049733715289673923,1
sep-ipop-w60,5,111017,1401,2414592,973.07407633463538,,9.9484215757181501e+18,39121918.849557541,0.0048433464629747602,1
sep-ipop-w60,5,111017,1413,2439168,973.0682042439779,,1.1296735146189654e+19,50769378.235889174,0.0053088814330918103,1
sep-ipop-w60,5,111017,1426,2465792,973.0668055216471,,1.325791297565857e+19,70609862.770389631,0.0046485894264886186,1
sep-ipop-w60,5,111017,1438,2490368,973.06530253092444,,1.4588877954632067e+19,78420347.698002219,0.0049393126723768976,1
sep-ipop-w60,5,111017,1450,2514944,973.06489308675134,,1.4948198605681621e+19,139481706.49599275,0.0050269530465096067,1
sep-ipop-w60,5,111017,1463,2541568,973.0633875528971,,1.5638365812453919e+19,108898516.64957,0.0046305739861879905,1
sep-ipop-w60,5,111017,1475,2566144,973.06319300333655,,1.8386889618603364e+19,258139178.36077425,0.0047184896452050181,1
sep-ipop-w60,5,111017,1488,2592768,973.06319300333655,,2.7428251146819949e+19,342620282.47853088,0.0042917096813578602,1
sep-ipop-w60,5,111017,1500,2617344,973.0622227986654,,3.0219707266561667e+19,654018625.91599309,0.0047799877887798378,1
sep-ipop-w60,5,111017,1512,2641920,973.0622227986654,,4.4474381836249956e+19,826831644.4583329,0.0053560531531749332,1
sep-ipop-w60,5,111017,1525,2668544,973.06189092000329,,6.8762423216801038e+19,404048509.79413128,0.0037097719239917218,1
sep-ipop-w60,5,111017,1537,2693120,973.06189092000329,,8.1648507076196532e+19,409939037.73618227,0.0032403689284127924,1
sep-ipop-w60,5,111017,1550,2719744,973.06189092000329,,8.9478717422253539e+19,378160973.58507836,0.0026643560936742807,1
sep-ipop-w60,5,111017,1562,2744320,973.06189092000329,,9.6788452143262941e+19,537677011.45073652,0.0028154499827865651,1
sep-ipop-w60,5,111017,1574,2768896,973.06189092000329,,9.3337572220270641e+19,839471965.86673582,0.0026863372340412343,1
sep-ipop-w60,5,111017,1584,2795520,973.06189092000329,,0.5308999007790024,4.1349453860219025,0.76966428167237033,2
sep-ipop-w60,5,111017,1590,2820096,973.06189092000329,,0.78106599982296709,20.132647310725446,1.2154198285918616,2
sep-ipop-w60,5,111017,1597,2848768,973.06189092000329,,0.83343215272766413,49.900387867092924,1.308749415346312,2
sep-ipop-w60,5,111017,1603,2873344,973.06189092000329,,0.86644584376167699,41.425984149438698,0.95178407483240979,2
sep-ipop-w60,5,111017,1609,2897920,973.06189092000329,,1.0585097570019661,33.541124143346721,0.81053585997148092,2
sep-ipop-w60,5,111017,1615,2922496,973.06189092000329,,1.209088770070551,21.530545883560471,0.60772694387833615,2
sep-ipop-w60,5,111017,1621,2947072,973.06189092000329,,1.2873863807565022,19.137423771551504,0.45709013336664434,2
sep-ipop-w60,5,111017,1628,2975744,973.06189092000329,,1.6052679792138314,16.497015134312448,0.43008207961689765,2
sep-ipop-w60,5,111017,1634,3000320,973.06189092000329,,1.8337163014478737,18.13492900267131,0.40543632892827874,2
sep-ipop-w60,5,111017,1640,3024896,973.06189092000329,,2.2220998528307825,22.184529675709154,0.35678495194884374,2
sep-ipop-w60,5,111017,1646,3049472,973.06189092000329,,2.8859713149071893,37.757165106565495,0.34526292875957371,2
sep-ipop-w60,5,111017,1652,3074048,973.06189092000329,,3.9814307968663392,62.377888403417607,0.35236401686518948,2
sep-ipop-w60,5,111017,1659,3102720,973.06189092000329,,5.5062292331275895,119.18128275889308,0.3577712054374399,2
sep-ipop-w60,5,111017,1665,3127296,973.06189092000329,,7.5550571712025745,214.69992055215525,0.36097043356563457,2
sep-ipop-w60,5,111017,1671,3151872,973.06189092000329,,9.5037082707728757,374.49863008501717,0.34096444582155522,2
sep-ipop-w60,5,111017,1677,3176448,973.06189092000329,,12.219494434058809,608.51865896127401,0.3258782675335814,2
sep-ipop-w60,5,111017,1683,3201024,973.06189092000329,,15.579323376770274,830.98922338803891,0.30830706345300973,2
sep-ipop-w60,5,111017,1690,3229696,973.06189092000329,,22.792630696070034,1101.2730788658969,0.31820592658207558,2
sep-ipop-w60,5,111017,1696,3254272,973.06189092000329,,29.828428821077846,1290.2774872516629,0.31100888107331975,2
sep-ipop-w60,5,111017,1702,3278848,973.06189092000329,,40.612240416327836,1543.7167919483438,0.34789281682525741,2
sep-ipop-w60,5,111017,1708,3303424,973.06189092000329,,57.659546483891162,1081.8498678980661,0.30821190986104879,2
sep-ipop-w60,5,111017,1714,3328000,973.06189092000329,,81.838918336189209,1110.1789902889802,0.30482313583726711,2
sep-ipop-w60,5,111017,1721,3356672,973.06189092000329,,119.45586075337735,1641.0735967842861,0.30327842067361183,2
sep-ipop-w60,5,111017,1727,3381248,973.06189092000329,,166.72384946302088,1418.3702104392648,0.29806620359341768,2
sep-ipop-w60,5,111017,1733,3405824,973.06189092000329,,214.17696950990936,1487.9646674356338,0.28543214825843555,2
sep-ipop-w60,5,111017,1739,3430400,973.06189092000329,,287.04234328545499,1845.3644705518402,0.29110414777979748,2
sep-ipop-w60,5,111017,1745,3454976,973.06189092000329,,420.41062515250331,2069.2522422097254,0.29544317598313574,2
sep-ipop-w60,5,111017,1752,3483648,973.06189092000329,,575.42275840684442,2955.1747246324107,0.27650474450972484,2
sep-ipop-w60,5,111017,1758,3508224,973.06189092000329,,906.95588646977683,2821.4761060947553,0.30305787887543861,2
sep-ipop-w60,5,111017,1764,3532800,973.06189092000329,,1282.1954729577531,2917.3981677290976,0.29352142581074425,2
sep-ipop-w60,5,111017,1770,3557376,973.06189092000329,,2086.9470026209524,2969.1453942582998,0.31432037529826617,2
sep-ipop-w60,5,111017,1776,3581952,973.06189092000329,,3189.0959223562513,2412.8192711758538,0.30065450957407869,2
sep-ipop-w60,5,111017,1783,3610624,973.06189092000329,,5349.4207452251167,2792.083111692401,0.31800455574594433,2
sep-ipop-w60,5,111017,1789,3635200,973.06189092000329,,7484.0047080409113,3251.6565565291226,0.29279851390655631,2
sep-ipop-w60,5,111017,1795,3659776,973.06189092000329,,11340.558651525209,3253.3421090157635,0.30102933531437348,2
sep-ipop-w60,5,111017,1801,3684352,973.06189092000329,,17353.556447429099,3325.4620578900094,0.29057199309355713,2
sep-ipop-w60,5,111017,1807,3708928,973.06189092000329,,25218.365786059789,3661.216113563461,0.29125589535209401,2
sep-ipop-w60,5,111017,1814,3737600,973.06189092000329,,41281.489879875407,3917.4716101440763,0.30137377491084427,2
sep-ipop-w60,5,111017,1820,3762176,973.06189092000329,,60837.992219477477,3947.5585260633297,0.28527925377469709,2
sep-ipop-w60,5,111017,1826,3786752,973.06189092000329,,92509.287024389181,3869.7860399422671,0.28701774888340476,2
sep-ipop-w60,5,111017,1832,3811328,973.06189092000329,,151526.45840459564,4121.3125342295552,0.30747026207479128,2
sep-ipop-w60,5,111017,1838,3835904,973.06189092000329,,227270.08729750323,3934.669812198536,0.29293660221331774,2
sep-ipop-w60,5,111017,1845,3864576,973.06189092000329,,383207.09734767012,4103.079684785218,0.29200659208515983,2
sep-ipop-w60,5,111017,1851,3889152,973.06189092000329,,573581.63307075703,5007.7612658752814,0.2880105641771038,2
sep-ipop-w60,5,111017,1857,3913728,973.06189092000329,,877826.40062870434,5573.1108733053579,0.29384288270884029,2
sep-ipop-w60,5,111017,1863,3938304,973.06189092000329,,1278386.0410882914,6984.3291153230539,0.28103911770569484,2
sep-ipop-w60,5,111017,1869,3962880,973.06189092000329,,1802751.9347542883,9719.6054711889956,0.27501678297202259,2
sep-ipop-w60,5,111017,1876,3991552,973.06189092000329,,2827321.7372740847,12527.738550737111,0.27832336348416298,2
sep-ipop-w60,5,111017,1882,4016128,973.06189092000329,,3961309.2207928887,16961.708740419872,0.26062248571870156,2
sep-ipop-w60,5,111017,1888,4040704,973.06189092000329,,5820570.6181610664,22006.792037749899,0.26835768261697596,2
sep-ipop-w60,5,111017,1894,4065280,973.06189092000329,,8424577.7226289101,31400.424371037556,0.26625478987291362,2
sep-ipop-w60,5,111017,1900,4089856,972.52138137817383,,12241908.18225161,31966.68966299406,0.25710832326113453,2
sep-ipop-w60,5,111017,1907,4118528,966.45431391398108,,18497596.551713433,36890.139104565395,0.25557944719633002,2
sep-ipop-w60,5,111017,1913,4143104,962.37444941202796,,28109454.234514732,29647.829656615751,0.27587650433300043,2
sep-ipop-w60,5,111017,1919,4167680,960.36093648274743,,50321981.499755345,18053.728490804358,0.29695822748928496,2
sep-ipop-w60,5,111017,1925,4192256,959.69069290161133,,75727650.110722914,12380.425644152991,0.2800012181554753,2
sep-ipop-w60,5,111017,1931,4216832,956.41517766316736,,100057714.27861674,15532.773268567575,0.26245227539055077,2
sep-ipop-w60,5,111017,1938,4245504,950.89251073201501,,146195353.33277187,22147.055898121562,0.26621354006729492,2
sep-ipop-w60,5,111017,1944,4270080,950.18100992838538,,208404208.53129533,28488.459973963774,0.2618325442454707,2
sep-ipop-w60,5,111017,1950,4294656,947.68522135416663,,307059379.68017232,38057.270247766362,0.25364444743295378,2
sep-ipop-w60,5,111017,1956,4319232,944.25695927937829,,453915548.38723642,46047.722736664837,0.26339445437231773,2
sep-ipop-w60,5,111017,1962,4343808,943.26071039835608,,656711458.33331263,49493.894102329934,0.25428010229766695,2
sep-ipop-w60,5,111017,1969,4372480,934.10923258463538,,1059788170.8953834,32632.899071257078,0.22754381884316249,2
sep-ipop-w60,5,111017,1975,4397056,931.34074529012048,,1531888729.1862526,23483.614306500884,0.19396728213359046,2
sep-ipop-w60,5,111017,1981,4421632,929.89922205607093,,2251161793.133965,12948.097788281182,0.17269131722060782,2
sep-ipop-w60,5,111017,1987,4446208,929.60570017496741,,3153201301.5866818,7856.7639566136995,0.12482598804371813,2
sep-ipop-w60,5,111017,1993,4470784,927.29158147176111,,4606593344.5993481,6539.3750546071569,0.10656493047138071,2
sep-ipop-w60,5,111017,2000,4499456,925.523427327474,,6757163884.396657,5954.0330756076182,0.082251940185285907,2
sep-ipop-w60,5,111017,2006,4524032,924.31671142578125,,9219648864.6854153,5474.0324014989237,0.067636386747557689,2
sep-ipop-w60,5,111017,2012,4548608,923.38686498006189,,13061605500.519239,5502.7353122361674,0.058616056980223229,2
sep-ipop-w60,5,111017,2018,4573184,922.54632695515954,,18326656847.962082,5783.5316272225846,0.052314814493550701,2
sep-ipop-w60,5,111017,2024,4597760,922.25381469726562,,25728911974.911343,7037.7270640880906,0.049826252623817104,2
sep-ipop-w60,5,111017,2031,4626432,921.67347971598304,,40458021095.168541,5799.7263584217662,0.046830931963490537,2
sep-ipop-w60,5,111017,2037,4651008,921.30702590942383,,58517731832.404404,5354.5077879672608,0.043876206734566568,2
sep-ipop-w60,5,111017,2043,4675584,921.24763361612952,,82807135447.980774,5101.0542641106076,0.043198130169571622,2
sep-ipop-w60,5,111017,2049,4700160,920.47706985473633,,113626287341.30067,4577.7683210194591,0.03777160894924169,2
sep-ipop-w60,5,111017,2055,4724736,920.0965461730957,,161382629516.77579,5559.2716753322675,0.03728062050201681,2
sep-ipop-w60,5,111017,2062,4753408,920.0965461730957,,243452751390.2804,7798.9467795750124,0.04038249528994925,2
sep-ipop-w60,5,111017,2068,4777984,919.67118453979492,,353800928501.32538,7267.5162119260458,0.039172244686674365,2
sep-ipop-w60,5,111017,2074,4802560,919.36950302124023,,483273008466.40411,6741.8284026056508,0.035309511722072709,2
sep-ipop-w60,5,111017,2080,4827136,919.36950302124023,,644083697753.12927,6963.3942237910196,0.035279337006855274,2
sep-ipop-w60,5,111017,2086,4851712,919.06089909871423,,856510370381.20215,5956.9515609676073,0.033449357741321677,2
sep-ipop-w60,5,111017,2093,4880384,918.79389826456702,,1234114580519.0015,5482.0241030207208,0.034395456221953655,2
sep-ipop-w60,5,111017,2099,4904960,918.74166361490882,,1688080846271.5081,5319.7137613790173,0.033598411899977185,2
sep-ipop-w60,5,111017,2105,4929536,918.42840576171875,,2511196070229.0908,4140.3416667949641,0.033979947143145409,2
sep-ipop-w60,5,111017,2111,4954112,918.12963612874353,,3720325288385.9927,4737.8621738619822,0.034022184324984238,2
sep-ipop-w60,5,111017,2117,4978688,917.91621526082361,,6355523034799.1934,6303.0089875819704,0.040164752218168127,2
sep-ipop-w60,5,111017,2124,5007360,917.7718607584635,,11640146111114.623,5943.7716424052287,0.042935258745791752,2
sep-ipop-w60,5,111017,2130,5031936,917.25009918212891,,19154514659996.137,5436.4264603718084,0.044481073945259096,2
sep-ipop-w60,5,111017,2136,5056512,917.25009918212891,,30863258837873.121,5095.1502400042846,0.046884376419556582,2
sep-ipop-w60,5,111017,2142,5081088,916.61789957682288,,45982534828160.258,5583.2435625633398,0.04627801205980004,2
sep-ipop-w60,5,111017,2148,5105664,916.28378295898438,,70410309870131.531,4918.5621855665195,0.044737483672944611,2
sep-ipop-w60,5,111017,2155,5134336,915.97067133585608,,117146692255998.05,4694.0821432366156,0.041008423571198743,2
sep-ipop-w60,5,111017,2161,5158912,915.79464340209961,,174735922761954.41,4852.4383785232949,0.039999190426847166,2
sep-ipop-w60,5,111017,2167,5183488,915.20795567830407,,248666830261927.31,5203.7146201163605,0.03875873579537524,2
sep-ipop-w60,5,111017,2173,5208064,915.02936935424805,,340901262424082.38,7114.7611851335178,0.036860339647783465,2
sep-ipop-w60,5,111017,2179,5232640,914.81889851888025,,486498855205222.69,8441.4081175134888,0.035162744109808491,2
sep-ipop-w60,5,111017,2186,5261312,914.414052327474,,751955997291807.75,6441.5471735937244,0.032399245653774174,2
sep-ipop-w60,5,111017,2192,5285888,914.19454574584961,,1052392848940139.4,7101.208323147579,0.030864874082156442,2
sep-ipop-w60,5,111017,2198,5310464,913.86056137084961,,1470355168761686,8184.5294910479843,0.031232475538517261,2
sep-ipop-w60,5,111017,2204,5335040,913.85677973429358,,1936393009786202.2,8243.0007713455943,0.029802435579659625,2
sep-ipop-w60,5,111017,2210,5359616,913.49249521891272,,2515023493910389.5,8164.8485667409323,0.026913594042904661,2
sep-ipop-w60,5,111017,2217,5388288,913.36409250895179,,3288668478739825.5,9335.8249093634658,0.025030306051261615,2
sep-ipop-w60,5,111017,2223,5412864,913.20234680175781,,4303203938015815,8984.2632237326161,0.024460385187866637,2
sep-ipop-w60,5,111017,2229,5437440,913.06662623087561,,5632588430298940,11135.592857915508,0.024523721546429372,2
sep-ipop-w60,5,111017,2235,5462016,912.94063822428382,,7558059155179392,10264.803044391017,0.022860478322136661,2
sep-ipop-w60,5,111017,2241,5486592,912.63091278076172,,10538219705416676,8432.7596520010702,0.021689354406777772,2
sep-ipop-w60,5,111017,2248,5515264,912.43508148193359,,14035174199915370,10346.164029541824,0.020169025122108452,2
sep-ipop-w60,5,111017,2254,5539840,912.30350367228186,,19056989014901736,9708.769725265387,0.019926652930747881,2
sep-ipop-w60,5,111017,2260,5564416,912.16840489705407,,26997828065131564,10404.328425309188,0.020581699026278696,2
sep-ipop-w60,5,111017,2266,5588992,912.08578618367517,,36893625721815800,11771.029076008699,0.021726520299298967,2
sep-ipop-w60,5,111017,2272,5613568,911.89870707194007,,48203738556425920,11889.653989569568,0.019096683196726007,2
sep-ipop-w60,5,111017,2279,5642240,911.86350758870446,,71082344825876480,11385.425346497042,0.018285545243941183,2
sep-ipop-w60,5,111017,2285,5666816,911.73417536417639,,1.0415939394396842e+17,13776.582759082148,0.020008143566815729,2
sep-ipop-w60,5,111017,2291,5691392,911.60703277587891,,1.6172082278597485e+17,15839.665067502057,0.022241427874840406,2
sep-ipop-w60,5,111017,2297,5715968,911.55764643351233,,2.6315219532564317e+17,13349.281800438888,0.022631241529752023,2
sep-ipop-w60,5,111017,2303,5740544,911.376942952474,,4.0177048876249958e+17,12001.345268164796,0.022618892246583738,2
sep-ipop-w60,5,111017,2310,5769216,911.33779652913415,,6.7081657989148096e+17,11245.594481758537,0.022731870679065836,2
sep-ipop-w60,5,111017,2316,5793792,911.13026555379236,,1.0667691128609388e+18,12338.679509748898,0.024119958363041091,2
sep-ipop-w60,5,111017,2322,5818368,910.90452067057288,,1.9539359539670264e+18,11731.839191763293,0.027165838080995017,2
sep-ipop-w60,5,111017,2328,5842944,910.90452067057288,,3.9360529349879644e+18,11705.606245124418,0.034700562448421485,2
sep-ipop-w60,5,111017,2334,5867520,910.87197113037109,,7.9577093182780252e+18,10381.823897246966,0.042845704437789962,2
sep-ipop-w60,5,111017,2341,5896192,910.45008722941077,,1.4760112079030847e+19,8752.7588620166916,0.04514931274053488,2
sep-ipop-w60,5,111017,2347,5920768,910.26718775431311,,2.472869360785553e+19,9235.0700711192258,0.050911973001736908,2
sep-ipop-w60,5,111017,2353,5945344,910.25874710083008,,4.2241486681107112e+19,6952.8173251252801,0.051796204235462481,2
sep-ipop-w60,5,111017,2359,5969920,909.86700057983398,,6.3654895838947049e+19,5994.8789512311178,0.045065599388809344,2
sep-ipop-w60,5,111017,2365,5994496,909.42861811319983,,1.0102937274399667e+20,6174.454583343394,0.046856798927949118,2
sep-ipop-w60,5,111017,2372,6023168,908.85509618123376,,1.5188084588371991e+20,5062.0678205931608,0.039995407847518503,2
sep-ipop-w60,5,111017,2378,6047744,908.42151769002282,,2.3035637691901493e+20,7641.1357648941803,0.04543412353486289,2
sep-ipop-w60,5,111017,2384,6072320,907.94217554728186,,3.3169487160708832e+20,7918.0989308185135,0.041152691448401453,2
sep-ipop-w60,5,111017,2390,6096896,907.72980244954431,,4.5219450386785462e+20,6973.5412809227591,0.035690143783505227,2
sep-ipop-w60,5,111017,2396,6121472,907.22622807820642,,6.5371245675906295e+20,8405.5501308724197,0.035382401275063285,2
sep-ipop-w60,5,111017,2403,6150144,907.22622807820642,,9.5594284092542039e+20,9713.4425673819605,0.034915637862370306,2
sep-ipop-w60,5,111017,2409,6174720,906.74088414510095,,1.4020382311853552e+21,8074.0111252308097,0.032871736855959316,2
sep-ipop-w60,5,111017,2415,6199296,906.74088414510095,,2.1365177131844153e+21,7969.5087729622237,0.035598124786018717,2
sep-ipop-w60,5,111017,2421,6223872,906.51445770263672,,3.0776053204792582e+21,7397.8805847650765,0.031040481396419566,2
sep-ipop-w60,5,111017,2427,6248448,906.43488820393884,,4.3773169728690968e+21,6422.6942615684984,0.029042426250946048,2
sep-ipop-w60,5,111017,2434,6277120,906.27898661295569,,6.8944175404265222e+21,8293.5896495265606,0.029034604820778936,2
sep-ipop-w60,5,111017,2440,6301696,905.87208429972327,,9.9057154279020964e+21,8970.5845687876408,0.030012089490750876,2
sep-ipop-w60,5,111017,2446,6326272,905.54904556274414,,1.4148548091500357e+22,7475.969798796631,0.026242550391905792,2
sep-ipop-w60,5,111017,2452,6350848,905.54904556274414,,1.876809873860255e+22,8150.3025366098873,0.023394987256619575,2
sep-ipop-w60,5,111017,2458,6375424,905.45353825887048,,2.5043431866153327e+22,7243.8501741403543,0.021186066783412963,2
sep-ipop-w60,5,111017,2465,6404096,905.12946319580078,,3.93463623464131e+22,8887.510251534497,0.02218300855120069,2
sep-ipop-w60,5,111017,2471,6428672,905.11048126220703,,5.6709037815095905e+22,9290.0937242458076,0.022810368607001041,2
sep-ipop-w60,5,111017,2477,6453248,904.65664418538415,,8.7479468351085754e+22,10591.728393201065,0.024729269799239045,2
sep-ipop-w60,5,111017,2483,6477824,904.65664418538415,,1.3315893114953951e+23,10785.993360560229,0.02507973738463146,2
sep-ipop-w60,5,111017,2489,6502400,904.39809799194336,,2.0266934279456855e+23,11780.530666760944,0.026427437938589107,2
sep-ipop-l20,6,111018,1,20,34363.625142415367,,0.27178908526763179,1.039166863972059,0.26710494877329521,0
sep-ipop-l20,6,111018,5,100,20690.260375976562,,0.23590254279992862,1.3600654399820797,0.2542416536406088,0
sep-ipop-l20,6,111018,10,200,4497.1794013977051,,0.23366182315863293,1.4867715381142892,0.24613756374559162,0
sep-ipop-l20,6,111018,255,5100,1302.1992619832356,,0.032680209611535317,92.036182475789104,0.04871257842811353,0
sep-ipop-l20,6,111018,1320,26400,1191.8859875996907,,0.00010843588399444802,1629015.4369149979,0.00025749495537555177,0
sep-ipop-l20,6,111018,1953,50800,1092.7626953125,,0.00088912409775360006,221829.72471234502,0.00068047243256517725,1
sep-ipop-l20,6,111018,2442,78280,1092.7131589253743,,0.2029957237632242,4185.3754379214361,0.13239798422141399,2
sep-ipop-l20,6,111018,2772,104680,1092.7131589253743,,0.19443484041736039,124640.6026938971,0.025336023874555962,2
sep-ipop-l20,6,111018,3102,131080,1092.7131589253743,,0.021884096006078518,252439161.71017945,0.0010284826560806853,2
sep-ipop-l20,6,111018,3300,158200,1092.7131589253743,,0.72988608263150789,8361.1398960728602,0.17749390623592085,3
sep-ipop-l20,6,111018,3432,179320,1092.7131589253743,,12.239608500924003,8936.0461806186213,0.11608317029648928,3
sep-ipop-l20,6,111018,3630,211000,1092.7131589253743,,103.63716610543298,577622.62524861784,0.060104867931863301,3
sep-ipop-l20,6,111018,3762,232120,1092.7131589253743,,420.33215506067671,9331029.3419136368,0.040465851875086341,3
sep-ipop-l20,6,111018,3960,263800,1092.7131589253743,,434.40610934455975,28531374726.216259,0.025130673260284033,3
sep-ipop-l20,6,111018,4092,294840,1092.7131589253743,,2.2153655732680959,680.66984860004936,0.26135572463125517,4
sep-ipop-l20,6,111018,4158,315960,1092.7131589253743,,13.033401520918991,13346.51753605149,0.22825982581228585,4
sep-ipop-l20,6,111018,4203,330360,988.01158269246423,,113.95639953160477,12287.167613780388,0.21308720583194035,4
sep-ipop-l20,6,111018,4283,355960,910.4898567199707,,3621.7834451627832,23786.472158734723,0.067112495074509157,4
sep-ipop-l20,6,111018,4365,382200,890.99056625366211,,77723.047312230745,15948.971565414158,0.022490600623964827,4
sep-ipop-l20,6,111018,4443,407160,887.90235773722327,,302783.99290875986,10602.473044367822,0.0047946312378106962,4
sep-ipop-l20,6,111018,4520,431800,886.99649937947595,,4351034.0365415495,885851.53806735633,0.0074489050111029662,4
sep-ipop-l20,6,111018,4600,457400,883.9575309753418,,765146374.3487004,67252.992817123275,0.01417509429789658,4
sep-ipop-l20,6,111018,4680,483000,859.82417297363281,,52979245644.581001,11894.792195085516,0.020790001851026127,4
sep-ipop-l20,6,111018,4762,509240,855.22313690185547,,240411666738.78098,12008.019134402512,0.0055684066407308327,4
sep-ipop-l20,6,111018,4839,533880,854.40609232584632,,2999627911519.8047,911982.85715784493,0.0082696191140217059,4
sep-ipop-l20,6,111018,4918,559160,853.57613499959314,,99716075680456.078,747144.56434152555,0.0060603165609971919,4
sep-ipop-l20,6,111018,4998,584760,853.11855697631836,,1189821341404192.2,12331773.540965749,0.0050069006087865428,4
sep-ipop-l20,6,111018,5078,610360,853.00561650594079,,2748993516868651,150586295.69913694,0.003783417144550473,4
sep-ipop-l20,6,111018,5158,635960,852.92402648925781,,7092773277160211,810746103.93716824,0.0051648828220360442,4
sep-ipop-l20,6,111018,5280,676920,852.92402648925781,,0.58097258923426143,9.8794252459424019,0.90909066701567198,5
sep-ipop-l20,6,111018,5346,719160,852.92402648925781,,5.2708417949287121,1079.8853131732581,0.23315302432792387,5
sep-ipop-l20,6,111018,5412,761400,852.92402648925781,,88.088271311909565,27477.418672827054,0.23242440499042064,5
sep-ipop-l20,6,111018,5478,803640,852.92402648925781,,1382.867763904412,109092.58876010218,0.21858551362458606,5
sep-ipop-l20,6,111018,5544,845880,852.92402648925781,,45050.311863591778,35962.232225626474,0.27016733006918536,5
sep-ipop-l20,6,111018,5610,888120,852.92402648925781,,2275144.1856810441,42020.828211446293,0.25807489103163361,5
sep-ipop-l20,6,111018,5676,930360,852.92402648925781,,57843398.608411372,114310.50615640299,0.2328527562240314,5
sep-ipop-l20,6,111018,5742,972600,852.92402648925781,,1006697202.8330988,70397.320390629437,0.13811560184065147,5
sep-ipop-l20,6,111018,5808,1014840,852.92402648925781,,5919875501.170311,517119.21906580799,0.044533845230729369,5
sep-ipop-l20,6,111018,5874,1057080,852.92402648925781,,20945781403.795521,3424829.9512583488,0.019712809272845265,5
sep-ipop-l20,6,111018,5940,1099320,852.92402648925781,,332751791588.6308,68123739.120151743,0.02263648590758717,5
sep-ipop-l20,6,111018,6006,1141560,852.92402648925781,,3210473175547.4888,71719437.720701799,0.011903344474887691,5
sep-ipop-l20,6,111018,6072,1183800,852.92402648925781,,16741128163883.131,519403724.72277719,0.0098274651110194424,5
sep-ipop-l20,6,111018,6138,1226040,852.92402648925781,,61860982834849.727,246851217.9740141,0.0053984701690349074,5
sep-ipop-l20,6,111018,6204,1268280,852.92402648925781,,166710224210337.91,187341800.21030533,0.0040524399333046763,5
sep-ipop-l20,6,111018,6270,1310520,852.92402648925781,,284451674354588.19,1603708354.4062221,0.0043892696250408883,5
sep-ipop-l20,6,111018,6336,1352760,852.92402648925781,,370815470448838.81,1150390759.9980109,0.0039389015439908895,5
sep-ipop-l20,6,111018,6402,1395000,852.92402648925781,,376806847110013.75,1583269113.7084258,0.003219890093183817,5
sep-ipop-l20,6,111018,6468,1475640,852.92402648925781,,4.1530214180712157,486.81268519727257,0.31336979749289773,6
sep-ipop-l20,6,111018,6534,1560120,852.92402648925781,,57.718738565678002,2064.2934790176296,0.26690509444476118,6
sep-ipop-l20,6,111018,6600,1644600,852.92402648925781,,1611.0269423900752,3639.8632299468113,0.24813195462606022,6
sep-ipop-l20,6,111018,6666,1729080,852.92402648925781,,45170.467063937896,10196.972771395198,0.2326589410126691,6
sep-ipop-l20,6,111018,6732,1813560,852.92402648925781,,1460131.0171108043,52750.160323209602,0.079471642916712049,6
sep-ipop-l20,6,111018,6798,1898040,852.92402648925781,,39546298.372307606,131234.25076908246,0.048927818460768241,6
sep-ipop-l20,6,111018,6864,1982520,852.92402648925781,,536102180.05979246,237830.89076728935,0.035499016186160401,6
sep-ipop-l20,6,111018,6930,2067000,852.92402648925781,,4262526197.6222219,510580.92308489018,0.03432713016892662,6
sep-ipop-l20,6,111018,6996,2151480,852.92402648925781,,366361313619.67328,147014.89437870419,0.043775038551289447,6
sep-ipop-l20,6,111018,7062,2235960,852.92402648925781,,43268975695965.422,144807.32441691798,0.059988656251779696,6
sep-ipop-l20,6,111018,7128,2320440,852.92402648925781,,10379454664654178,72956.893686847441,0.089604332740035708,6
sep-ipop-l20,6,111018,7194,2404920,852.92402648925781,,1.2095945388922373e+18,117035.33393551385,0.08562072858671356,6
sep-ipop-l20,6,111018,7260,2489400,852.92402648925781,,8.9351361174595191e+19,89890.903992649372,0.062065162211548057,6
sep-ipop-l20,6,111018,7326,2573880,852.92402648925781,,4.3047958146488966e+21,103849.88895462635,0.036903685376012803,6
sep-ipop-l20,6,111018,7392,2658360,852.92402648925781,,8.8406258017982078e+22,139498.14872603153,0.025891502208932007,6
sep-ipop-l20,6,111018,7458,2742840,852.92402648925781,,3.4897426049662375e+23,150489.35858227391,0.0062540021994398221,6
sep-ipop-l20,6,111018,7524,2827320,852.92402648925781,,9.7902124362385444e+23,6558711.6435328024,0.0049302360108478089,6
sep-ipop-l20,6,111018,7590,2911800,852.92402648925781,,3.569350132441311e+24,71946962.586837456,0.0051388792933322516,6
sep-ipop-l20,6,111018,7656,2996280,852.92402648925781,,2.2689845347443924e+25,3349856161.9152427,0.0057990312812173156,6
sep-ipop-l20,6,111018,7722,3080760,852.92402648925781,,2.759946016675879e+25,7056963311.1771297,0.0038378148897958752,6
sep-ipop-l20,6,111018,7788,3165240,852.92402648925781,,5.5501350927657578e+25,3444123162.7192574,0.0027491805470208383,6
sep-ipop-l20,6,111018,7854,3249720,852.92402648925781,,5.051842307691371e+25,5629469466.3660583,0.0025985410640064696,6
sep-ipop-l20,6,111018,7920,3334200,852.92402648925781,,6.0648057334845144e+25,8358059096.6467009,0.0023944253486381643,6
sep-ipop-l20,6,111018,7986,3418680,852.92402648925781,,6.5884982482620266e+25,3621497280.2010441,0.0018891018894922921,6
sep-ipop-l20,6,111018,8052,3503160,852.92402648925781,,6.8050789776360989e+25,4972829178.9253263,0.0019846872201263357,6
sep-ipop-l20,6,111018,8118,3587640,852.92402648925781,,8.6304469352486857e+25,8598750573.3044739,0.0022808203664305892,6
sep-ipop-l20,6,111018,8184,3688760,852.92402648925781,,0.8078002748191222,43.08918818753034,1.4511976001344764,7
sep-ipop-l20,6,111018,8250,3857720,852.92402648925781,,10.164070816763347,2221.6383087074855,0.29037434623130692,7
sep-ipop-l20,6,111018,8316,4026680,852.92402648925781,,88.784496298061768,61834.738186450559,0.21808039940344331,7
sep-ipop-l20,6,111018,8382,4195640,852.92402648925781,,2300.8484989595308,72499.709858711183,0.26041009320393138,7
sep-ipop-l20,6,111018,8448,4364600,852.92402648925781,,166170.66975530545,4291.8921328778279,0.29627761015847004,7
sep-ipop-l20,6,111018,8514,4533560,852.92402648925781,,9937286.1629862785,13538.754118241657,0.2598957492380341,7
sep-ipop-l20,6,111018,8580,4702520,852.92402648925781,,724402914.14740551,22382.153173527673,0.14445552165864053,7
sep-ipop-l20,6,111018,8646,4871480,852.92402648925781,,69940368981.777161,15632.313783285199,0.056947993503166795,7
sep-ipop-l20,6,111018,8712,5040440,852.92402648925781,,3059504971824.0859,35118.141994750295,0.047060612555159108,7
sep-ipop-l20,6,111018,8778,5209400,852.92402648925781,,87687356003181.156,50309.559664677021,0.039534255976404607,7
sep-ipop-l20,6,111018,8844,5378360,852.92402648925781,,1271148981844776,143115.70468008253,0.027703411997658602,7
sep-ipop-l20,6,111018,8910,5547320,852.92402648925781,,5360833771239846,587153.86966547545,0.016412008866382902,7
sep-ipop-l20,6,111018,8976,5716280,852.92402648925781,,17167019118602534,19498186.580613934,0.010783859220910448,7
sep-ipop-l20,6,111018,9042,5885240,852.92402648925781,,1.079716047389647e+17,105288309.79764304,0.01157346501165016,7
sep-ipop-l20,6,111018,9108,6054200,852.92402648925781,,5.33797332818864e+17,1735378431.1340189,0.0078292886582349112,7
sep-ipop-l20,6,111018,9174,6223160,852.92402648925781,,2.0747296230432809e+18,2910015832.592041,0.0052971252558136625,7
sep-ipop-l20,6,111018,9240,6392120,852.92402648925781,,1.9601223926562906e+18,1818100062.539016,0.0043033329956657061,7
sep-ipop-l20-w102,6,111018,1,20,34363.625142415367,,0.27178908526763179,1.039166863972059,0.26710494877329521,0
sep-ipop-l20-w102,6,111018,5,100,20690.260375976562,,0.23590254279992862,1.3600654399820797,0.2542416536406088,0
sep-ipop-l20-w102,6,111018,10,200,4497.1794013977051,,0.23366182315863293,1.4867715381142892,0.24613756374559162,0
sep-ipop-l20-w102,6,111018,255,5100,1302.1992619832356,,0.032680209611535317,92.036182475789104,0.04871257842811353,0
sep-ipop-l20-w102,6,111018,1320,26400,1191.8859875996907,,0.00010843588399444802,1629015.4369149979,0.00025749495537555177,0
sep-ipop-l20-w102,6,111018,1949,51120,1120.2352104187012,,0.053421790106689217,15207.166240963306,0.02818377058623087,1
sep-ipop-l20-w102,6,111018,2587,76640,1113.1839853922527,,0.026019484204877048,24672793.433558211,0.0059461910837609209,1
sep-ipop-l20-w102,6,111018,3036,103960,1113.1080436706543,,0.23509709918893318,2986.7209570621626,0.10999358673995843,2
sep-ipop-l20-w102,6,111018,3366,130360,1113.1080436706543,,1.2051934211786572,53520.329407346813,0.033570721031151128,2
sep-ipop-l20-w102,6,111018,3696,156760,1113.1080436706543,,0.12648388291221288,51563055.657589473,0.0013491905044720682,2
sep-ipop-l20-w102,6,111018,3960,185160,1113.1080436706543,,0.50076094642591895,2674.9033960053694,0.21398033726375584,3
sep-ipop-l20-w102,6,111018,4073,203240,1097.2151921590169,,3.3818939632053477,16890.226880527916,0.21395071120224254,3
sep-ipop-l20-w102,6,111018,4232,228680,1032.6367746988933,,45.402038847774001,19448.047686800284,0.05882749869725501,3
sep-ipop-l20-w102,6,111018,4392,254280,1016.237974802653,,1060.7074174823654,36108.129718068602,0.02984863092676595,3
sep-ipop-l20-w102,6,111018,4552,279880,1012.9107945760092,,9792.3232482924668,248954.60070903436,0.01167256089325713,3
sep-ipop-l20-w102,6,111018,4709,305000,1012.1133740743002,,4629.1157813514128,61070574.023858041,0.004281927425176052,3
sep-ipop-l20-w102,6,111018,4884,343880,1012.1106147766113,,2.580500606743001,1136.2929236382115,0.23262482092025843,4
sep-ipop-l20-w102,6,111018,4950,365000,1012.1106147766113,,23.265582538041148,6323.3245868335343,0.16900107077843982,4
sep-ipop-l20-w102,6,111018,5000,381000,1006.4099553426107,,220.33062695991467,2043.1134229547515,0.084570674329124421,4
sep-ipop-l20-w102,6,111018,5080,406600,930.60114796956384,,16095.990795354492,741.13331034982264,0.067505875035558896,4
sep-ipop-l20-w102,6,111018,5159,431880,904.69240188598633,,283007.99209449347,1206.090652054547,0.028142780806336823,4
sep-ipop-l20-w102,6,111018,5240,457800,887.55533599853516,,7450641.729651195,4550.9889307207195,0.0096687054536129195,4
sep-ipop-l20-w102,6,111018,5319,483080,885.77915954589844,,21375825.47060854,1183892.1304256781,0.0049238958333877167,4
sep-ipop-l20-w102,6,111018,5397,508040,885.66689809163415,,50956359.60507039,50510862.779485293,0.0065030473502562013,4
sep-ipop-l20-w102,6,111018,5478,533960,885.66678365071618,,114465075.13346334,579017864.24705088,0.002834028651302653,4
sep-ipop-l20-w102,6,111018,5544,570440,885.66678365071618,,2.603505915932506,376.83396124920722,0.28556634476107118,5
sep-ipop-l20-w102,6,111018,5610,612680,885.66678365071618,,35.359880516508269,2137.2297552942437,0.26231720147380316,5
sep-ipop-l20-w102,6,111018,5676,654920,885.66678365071618,,1055.6406981035664,7315.7533964861595,0.26742065361408923,5
sep-ipop-l20-w102,6,111018,5742,697160,885.66678365071618,,16584.813920182638,26616.77912102106,0.11504960702212089,5
sep-ipop-l20-w102,6,111018,5808,739400,885.66678365071618,,342728.28759913519,106716.52827183885,0.10963706573716613,5
sep-ipop-l20-w102,6,111018,5874,781640,885.66678365071618,,7270469.5210229969,119859.2741555641,0.10107155603396194,5
sep-ipop-l20-w102,6,111018,5940,823880,885.66678365071618,,161584759.56297046,216573.62375211832,0.08273206467454533,5
sep-ipop-l20-w102,6,111018,6006,866120,885.66678365071618,,549386193.70339131,19199378.217237551,0.11305079677844912,5
sep-ipop-l20-w102,6,111018,6072,908360,885.66678365071618,,1258375522.4548535,11521006.051483419,0.0066889471387071367,5
sep-ipop-l20-w102,6,111018,6138,950600,885.66678365071618,,5649924061.5807314,52578046.854119718,0.0061922718030875809,5
sep-ipop-l20-w102,6,111018,6204,992840,885.66678365071618,,16884477954.435163,2494927214.9401574,0.0063990329436228073,5
sep-ipop-l20-w102,6,111018,6270,1035080,885.66678365071618,,37051335577.602646,2218130349.2056136,0.0045332961578024066,5
sep-ipop-l20-w102,6,111018,6336,1095240,885.66678365071618,,1.1832857653530708,13.603331506242444,0.3227683076762381,6
sep-ipop-l20-w102,6,111018,6402,1179720,885.66678365071618,,13.875377012291075,2355.6593614253957,0.25717281515273227,6
sep-ipop-l20-w102,6,111018,6468,1264200,885.66678365071618,,446.1608354166479,2442.9515172737069,0.25179443862010736,6
sep-ipop-l20-w102,6,111018,6534,1348680,885.66678365071618,,18634.378134212493,19753.802456709254,0.18446351455711221,6
sep-ipop-l20-w102,6,111018,6600,1433160,885.66678365071618,,490766.55194453185,17273.199154034741,0.056918427628353162,6
sep-ipop-l20-w102,6,111018,6666,1517640,885.66678365071618,,8610555.5992746688,298868.05232567876,0.053059660588064786,6
sep-ipop-l20-w102,6,111018,6732,1602120,885.66678365071618,,53338932.880895659,3544452.6248551556,0.046420850881385631,6
sep-ipop-l20-w102,6,111018,6798,1686600,885.66678365071618,,357652432.85225785,192994228.39598942,0.049635152289246524,6
sep-ipop-l20-w102,6,111018,6864,1771080,885.66678365071618,,10797361533.690624,64986025.34209995,0.05095373274963421,6
sep-ipop-l20-w102,6,111018,6930,1855560,885.66678365071618,,669081799919.96973,6216867.7277126983,0.048510594877501825,6
sep-ipop-l20-w102,6,111018,6996,1940040,885.66678365071618,,3075922641139.9038,1042708023.3651175,0.043911407477909538,6
sep-ipop-l20-w102,6,111018,7062,2024520,885.66678365071618,,10850988972843.906,98216206402.851669,0.050072619408095272,6
sep-ipop-l20-w102,6,111018,7128,2109000,885.66678365071618,,32854799684687.43,521980736120.25098,0.035753844836685998,6
sep-ipop-l20-w102,6,111018,7194,2205000,885.66678365071618,,0.78589778013443756,9.5104012503625324,0.7836611544212494,7
sep-ipop-l20-w102,6,111018,7260,2373960,885.66678365071618,,9.5901728133065305,672.16289033280293,0.29866592988697527,7
sep-ipop-l20-w102,6,111018,7326,2542920,885.66678365071618,,251.02227138865419,2999.840963837999,0.27065381215046447,7
sep-ipop-l20-w102,6,111018,7392,2711880,885.66678365071618,,14003.139144316459,13480.764274250349,0.26802923877257406,7
sep-ipop-l20-w102,6,111018,7458,2880840,885.66678365071618,,739658.52735786024,30162.380133246043,0.24962716427828602,7
sep-ipop-l20-w102,6,111018,7524,3049800,885.66678365071618,,44528022.475964896,45848.101048187164,0.24504628617836854,7
sep-ipop-l20-w102,6,111018,7590,3218760,885.66678365071618,,4485651577.5714998,136061.00013542653,0.25890743637106084,7
sep-ipop-l20-w102,6,111018,7656,3387720,885.66678365071618,,427923038844.66473,183979.85762394016,0.27273019012739591,7
sep-ipop-l20-w102,6,111018,7722,3556680,885.66678365071618,,22088232309023.383,400684.00638486951,0.24255196960598294,7
sep-ipop-l20-w102,6,111018,7788,3725640,885.66678365071618,,3364904079786220.5,2927.7651943856395,0.12499544913922091,7
sep-ipop-l20-w102,6,111018,7854,3894600,885.66678365071618,,1.1943304838700354e+17,2959.7482752848841,0.029691713166640182,7
sep-ipop-l20-w102,6,111018,7920,4063560,885.66678365071618,,1.8856708976564303e+18,7171.7849961582415,0.021481671174383567,7
sep-ipop-l20-w102,6,111018,7986,4232520,885.66678365071618,,6.3586126513172783e+19,15361.995813434043,0.020901206654326369,7
sep-ipop-l20-w102,6,111018,8052,4401480,885.66678365071618,,1.892789136456481e+21,22303.869878179987,0.018667251463512679,7
sep-ipop-l20-w102,6,111018,8118,4570440,885.66678365071618,,7.2552547719272934e+22,25305.886369990978,0.019350158270868341,7
sep-ipop-l20-w102,6,111018,8184,4739400,885.66678365071618,,3.3053816907852822e+24,248923.91175971611,0.020795900256587826,7
sep-ipop-l20-w102,6,111018,8250,4908360,885.66678365071618,,1.7062678728529989e+26,167129.26362317312,0.015224320290383378,7
sep-ipop-l20-w102,6,111018,8316,5077320,885.66678365071618,,1.1145474502291256e+28,180951.93404507675,0.016525197738952849,7
sep-ipop-l20-w102,6,111018,8382,5246280,885.66678365071618,,8.3707451826579186e+29,180454.58967338008,0.01605178601419107,7
sep-ipop-l20-w102,6,111018,8448,5415240,885.66678365071618,,4.8122130735598152e+31,260325.25024074546,0.017437393177825524,7
sep-ipop-l20-w102,6,111018,8514,5584200,885.66678365071618,,2.0209928722061718e+33,236103.59918166554,0.014429589897035328,7
sep-ipop-l20-w102,6,111018,8580,5753160,885.66678365071618,,3.5561953881094253e+34,602176.74476558343,0.010801084572626827,7
sep-ipop-l20-w102,6,111018,8646,5922120,885.66678365071618,,4.555484078670679e+35,2102387.6786186872,0.010795870458539882,7
sep-ipop-l20-w102,6,111018,8712,6091080,885.66678365071618,,2.4294703887369668e+36,40703709.271001182,0.0094391361315268214,7
sep-ipop-l20-w102,6,111018,8778,6260040,885.66678365071618,,1.0618839575610833e+37,657227359.19871867,0.0095482648655647647,7
sep-ipop-l20-w102,6,111018,8844,6429000,885.66678365071618,,5.9834039167059271e+37,2474610109.0766926,0.0094299511338072038,7
sep-ipop,6,111018,1,1024,22117.612787882488,,0.28973793468163472,7.7283260519003223,0.091459109497462762,0
sep-ipop,6,111018,5,5120,2922.6756299336753,,1.0981797200770738,19.408284328518903,0.45344867170243575,0
sep-ipop,6,111018,10,10240,1755.2417958577473,,2.0311825982588654,37.740806580268448,0.86423592751257439,0
sep-ipop,6,111018,20,20480,1681.5798810323079,,3.477449486474895,7.5198080470450606,0.40897528204500566,0
sep-ipop,6,111018,25,25600,1655.5034815470378,,4.2747928752315332,7.6899172282355046,0.35763768606507246,0
sep-ipop,6,111018,40,40960,1584.6895815531414,,6.1339169191090672,81.93921599066347,0.24509787641039765,0
sep-ipop,6,111018,50,51200,1535.862210591634,,9.5760320681457127,187.07406347258041,0.24411546339999801,0
sep-ipop,6,111018,75,76800,1386.1398874918621,,27.842426597688423,693.08633629241831,0.24219858610445674,0
sep-ipop,6,111018,80,81920,1369.1937942504883,,32.081044354949327,1145.8623094732329,0.23799453162648396,0
sep-ipop,6,111018,100,102400,1339.8427785237629,,56.262166616147276,7917.8688971671527,0.2332778578811224,0
sep-ipop,6,111018,125,128000,1328.5468495686848,,108.67030497182165,68123.482335896217,0.23151002985848376,0
sep-ipop,6,111018,149,152576,1312.3082936604817,,292.18487550209517,60363.719606228573,0.25010598174256032,0
sep-ipop,6,111018,160,163840,1304.9215316772461,,614.02436837372397,46075.705476878502,0.26131282847208737,0
sep-ipop,6,111018,174,178176,1298.3764216105144,,1319.2743775416702,32866.508296938591,0.24682318740689033,0
sep-ipop,6,111018,199,203776,1289.5790519714355,,3251.9159926470415,116474.2006059495,0.23123033400153245,0
sep-ipop,6,111018,224,229376,1277.672679901123,,17168.216637868456,133628.56966135086,0.25202912808174927,0
sep-ipop,6,111018,249,254976,1264.6489944458008,,74567.990266884488,32604.87939333151,0.18141809767338601,0
sep-ipop,6,111018,255,261120,1258.6795247395833,,128158.66626303671,17399.475289406862,0.17425240227686484,0
sep-ipop,6,111018,273,279552,1237.1848602294922,,501504.2436328734,11403.429745125941,0.19037690121330625,0
sep-ipop,6,111018,298,305152,1094.0874048868816,,5337960.3556356756,519.36616803046002,0.17415911135860812,0
sep-ipop,6,111018,323,330752,969.00727717081702,,19256045.018308312,8030.8786020919624,0.17646481084656285,0
sep-ipop,6,111018,348,356352,942.68372217814124,,52475582.359006859,87390.324086374225,0.21765851375258558,0
sep-ipop,6,111018,373,381952,931.85617701212561,,156403362.12342125,237296.62916127199,0.23844871063254933,0
sep-ipop,6,111018,397,406528,927.18725840250647,,703973585.78448188,289706.15370114881,0.2459005916772937,0
sep-ipop,6,111018,422,432128,922.16643269856775,,2695608435.087954,415713.90678874083,0.22617866357520203,0
sep-ipop,6,111018,447,457728,911.79762522379554,,16592060554.163736,98063.066739437694,0.19490847925212851,0
sep-ipop,6,111018,472,483328,902.62073008219397,,88716783841.156509,13152.919952902072,0.090769397287824058,0
sep-ipop,6,111018,497,508928,883.77687327067054,,679564524501.43921,11911.639712289376,0.12569813509758263,0
sep-ipop,6,111018,521,533504,867.28519948323571,,2880717269819.165,12507.383681576255,0.11122062475587909,0
sep-ipop,6,111018,546,559104,856.72714614868164,,7872171903316.9434,9363.5620111261669,0.055564765162447162,0
sep-ipop,6,111018,571,584704,853.75608571370446,,14233440548512.414,11915.906907351293,0.028444691913553959,0
sep-ipop,6,111018,596,610304,852.7386258443197,,29935196004050.969,138203.12620768699,0.021707299889166917,0
sep-ipop,6,111018,621,635904,851.82268015543616,,60974978643305.766,413752.15634494147,0.011638401961927825,0
sep-ipop,6,111018,645,660480,851.33662033081055,,124022467596152.89,2291531.8652727804,0.0078109115184181966,0
sep-ipop,6,111018,670,686080,851.1575037638346,,252297432255083.31,7044842.5301536806,0.0076138736945679727,0
sep-ipop,6,111018,695,711680,851.06289291381836,,561153730867012.44,5022165.0545285186,0.0063453312404236507,0
sep-ipop,6,111018,720,737280,850.853759765625,,2886234760203184.5,4348374.4523421247,0.0071428150116669767,0
sep-ipop,6,111018,745,762880,850.72856012980139,,14652856388350856,4854521.1163402777,0.010791949427085855,0
sep-ipop,6,111018,769,787456,850.35615285237634,,79024120765548048,2130005.3797721579,0.010897099968871239,0
sep-ipop,6,111018,794,813056,849.94391632080078,,4.5326167179018982e+17,2753323.1748984451,0.013582903652882788,0
sep-ipop,6,111018,819,838656,849.39840316772461,,3.5541216842287493e+18,1338369.8328887094,0.02254381543657313,0
sep-ipop,6,111018,844,864256,848.40597534179688,,2.5257475297481507e+19,605877.89441399265,0.025293463608376237,0
sep-ipop,6,111018,869,889856,847.18675104777014,,1.6502112174704073e+20,526669.99812983128,0.027641692533764851,0
sep-ipop,6,111018,893,914432,845.7829704284668,,7.9652693122873675e+20,697052.66349171207,0.044623403834864531,0
sep-ipop,6,111018,918,940032,794.13014475504554,,4.0983950615913634e+22,29108.806735794929,0.17042041907661809,0
sep-ipop,6,111018,943,965632,761.252431233724,,9.3250280744953456e+22,12364.833518361751,0.054081080888496301,0
sep-ipop,6,111018,968,991232,756.57738622029626,,3.4641136598426154e+23,6804.0436382004154,0.02742533050332269,0
sep-ipop,6,111018,993,1016832,754.69315592447913,,1.2984828911713582e+24,29629.674531795794,0.023371371476857951,0
sep-ipop,6,111018,1017,1041408,753.65723546346032,,3.2744036200497648e+24,146356.75097090748,0.013976506096322843,0
sep-ipop,6,111018,1042,1067008,753.04202270507812,,7.2388783017751065e+24,192177.83375793486,0.008428914756525515,0
sep-ipop,6,111018,1067,1092608,752.80036926269531,,1.1648102264179091e+25,185338.88059684078,0.0053031662258908822,0
sep-ipop,6,111018,1092,1118208,752.62483469645179,,2.112885447983732e+25,2966425.8830871349,0.0044204954440068183,0
sep-ipop,6,111018,1117,1143808,752.57521311442054,,4.2085171598981198e+25,6639967.7050672481,0.0043474818954598368,0
sep-ipop,6,111018,1142,1169408,752.53812026977539,,5.5588943124495105e+25,34953847.890518479,0.0036401854414877697,0
sep-ipop,6,111018,1166,1193984,752.52514521280921,,6.5946647420509173e+25,59779014.006671391,0.0030538900387166476,0
sep-ipop,6,111018,1191,1219584,752.5220832824707,,8.136116015821677e+25,71742468.710335016,0.0030903809874874778,0
sep-ipop,6,111018,1216,1245184,752.52201207478845,,1.2479652568705702e+26,223687951.99916038,0.0039633186329407523,0
sep-ipop,6,111018,1241,1270784,752.52201207478845,,1.3359010073082319e+26,585821321.3752929,0.0033764030075180917,0
sep-ipop,6,111018,1266,1296384,752.52201207478845,,1.2660488371907804e+26,715055896.26751947,0.003534145601722289,0
sep-ipop,6,111018,1290,1320960,752.52201207478845,,1.4080439355902358e+26,781113530.09935582,0.0034712455364316864,0
sep-ipop,6,111018,1315,1346560,752.52201207478845,,1.5044736006552638e+26,867618908.16427791,0.0034891987322005031,0
sep-ipop,6,111018,1340,1372160,752.52201207478845,,1.7221158135329802e+26,590208197.03039908,0.0025706541236707628,0
sep-ipop,6,111018,1365,1397760,752.52201207478845,,1.8427090065210153e+26,998782085.7689091,0.0028000894195748765,0
sep-ipop,6,111018,1390,1423360,752.52201207478845,,1.8385768828310298e+26,1390918611.0531456,0.0027202209398643302,0
sep-ipop,6,111018,1414,1447936,752.52201207478845,,2.0106428182085134e+26,1090288335.6078737,0.0027896320522736613,0
sep-ipop,6,111018,1439,1473536,752.52201207478845,,2.1749038737764912e+26,1090040740.2144108,0.0028802567515105897,0
sep-ipop,6,111018,1464,1499136,752.52201207478845,,2.2205210971264004e+26,1525659730.6948664,0.0030325780203159206,0
sep-ipop,6,111018,1489,1524736,752.52201207478845,,2.0648137661749825e+26,1278655304.5025399,0.0028708215223653497,0
sep-ipop,6,111018,1514,1550336,752.52201207478845,,2.2739443233259556e+26,1082938007.26003,0.0025874663511512869,0
sep-ipop,6,111018,1538,1574912,752.52201207478845,,2.4814480322587378e+26,1463359233.4499984,0.0032198170476345025,0
sep-ipop,6,111018,1563,1600512,752.52201207478845,,2.8444298728312555e+26,847599058.17759097,0.0024300910492436626,0
sep-ipop,6,111018,1588,1626112,752.52201207478845,,2.9068699992749731e+26,1010810702.2229096,0.0021943117460447264,0
sep-ipop,6,111018,1613,1651712,752.52201207478845,,3.1640287884677478e+26,1071066939.3615129,0.0026641512819098124,0
sep-ipop,6,111018,1638,1677312,752.52201207478845,,3.3701425693192052e+26,987954088.83275032,0.0031252646594320632,0
sep-ipop,6,111018,1662,1701888,752.52201207478845,,3.6318128139501613e+26,1067325744.594805,0.0038091822636685171,0
sep-ipop,6,111018,1687,1727488,752.52201207478845,,3.4517624262227323e+26,860485886.76848817,0.0031949088883312226,0
sep-ipop,6,111018,1712,1753088,752.52201207478845,,3.2950145651869432e+26,1059183601.8809363,0.0035223307806494086,0
sep-ipop,6,111018,1732,1778688,752.52201207478845,,0.57838477819598311,8.7208475036447464,1.0640141342190861,1
sep-ipop,6,111018,1745,1805312,752.52201207478845,,0.83186960192018899,16.644819561886656,0.78909832572659677,1
sep-ipop,6,111018,1757,1829888,752.52201207478845,,1.1057560777586968,19.353839415809151,0.44549313546304897,1
sep-ipop,6,111018,1769,1854464,752.52201207478845,,1.6533008492285268,34.878338749774535,0.31694121009054627,1
sep-ipop,6,111018,1782,1881088,752.52201207478845,,2.9572296875837116,144.23754654707989,0.30859342838634934,1
sep-ipop,6,111018,1794,1905664,752.52201207478845,,5.0316895834648525,309.57831154775204,0.30952495584008538,1
sep-ipop,6,111018,1807,1932288,752.52201207478845,,7.2212937719542705,768.69726193047563,0.28018913863720857,1
sep-ipop,6,111018,1819,1956864,752.52201207478845,,9.9545613727826563,1632.2633293863892,0.28842278203579669,1
sep-ipop,6,111018,1831,1981440,752.52201207478845,,19.015998439805998,1450.7045215431424,0.30679959243026123,1
sep-ipop,6,111018,1844,2008064,752.52201207478845,,32.925873798051065,1655.1739547419661,0.26571212149991774,1
sep-ipop,6,111018,1856,2032640,752.52201207478845,,58.22113206639326,2491.0224316883414,0.28318760456231773,1
sep-ipop,6,111018,1869,2059264,752.52201207478845,,109.58445948823943,3028.6942485158866,0.26925868277487697,1
sep-ipop,6,111018,1881,2083840,752.52201207478845,,233.31624868619068,2565.1235492499945,0.29404332322312465,1
sep-ipop,6,111018,1893,2108416,752.52201207478845,,519.70890382379139,3629.9569111969004,0.28829848336316299,1
sep-ipop,6,111018,1906,2135040,752.52201207478845,,1142.3663008240899,4862.7710627893266,0.27125822920162324,1
sep-ipop,6,111018,1918,2159616,752.52201207478845,,2367.2009886463475,9447.2965772538228,0.26917628156982398,1
sep-ipop,6,111018,1931,2186240,752.52201207478845,,4947.3531688056246,16626.46738644968,0.26409958591813604,1
sep-ipop,6,111018,1943,2210816,752.52201207478845,,9131.33886861465,28480.26835470886,0.25792732324600776,1
sep-ipop,6,111018,1955,2235392,752.52201207478845,,19533.205541841002,20137.760603722549,0.25904807812527025,1
sep-ipop,6,111018,1968,2262016,752.52201207478845,,46469.865642117315,12315.735554756569,0.27527924162701167,1
sep-ipop,6,111018,1980,2286592,752.52201207478845,,98808.591882397115,12208.04509904702,0.28259135636265997,1
sep-ipop,6,111018,1993,2313216,752.52201207478845,,206756.5494630952,9200.3719798719412,0.24706679501114132,1
sep-ipop,6,111018,2005,2337792,752.52201207478845,,375780.57833051798,19542.671049898916,0.25414403570179966,1
sep-ipop,6,111018,2017,2362368,752.52201207478845,,785896.51429448952,14771.060868717452,0.25449971400523713,1
sep-ipop,6,111018,2030,2388992,752.52201207478845,,2121006.2649975196,11531.258077788416,0.26386976011037472,1
sep-ipop,6,111018,2042,2413568,752.52201207478845,,4641008.9752611266,15687.586771153892,0.26436959576510111,1
sep-ipop,6,111018,2055,2440192,752.52201207478845,,15015453.449923947,12094.961595833534,0.28550705467836845,1
sep-ipop,6,111018,2067,2464768,752.52201207478845,,36669990.644752793,13101.00417812498,0.29232314583200142,1
sep-ipop,6,111018,2079,2489344,752.52201207478845,,101632104.16444616,7587.5157338691424,0.27695672563099494,1
sep-ipop,6,111018,2092,2515968,752.52201207478845,,241878364.12621102,9500.1954275152966,0.27217485887464599,1
sep-ipop,6,111018,2104,2540544,752.52201207478845,,548061372.42939579,12465.331910182531,0.26349212510325776,1
sep-ipop,6,111018,2117,2567168,752.52201207478845,,1292433320.5333357,12640.691987832288,0.24066618081297336,1
sep-ipop,6,111018,2129,2591744,752.52201207478845,,2924828768.3548656,19379.815059812045,0.26196709929768769,1
sep-ipop,6,111018,2141,2616320,752.52201207478845,,6613044461.2756653,18914.310844006468,0.24751617201616985,1
sep-ipop,6,111018,2154,2642944,752.52201207478845,,18167813127.049995,26472.985998085718,0.27930212664118886,1
sep-ipop,6,111018,2166,2667520,752.52201207478845,,47355861919.795296,24680.377357159126,0.27436520122871033,1
sep-ipop,6,111018,2179,2694144,752.52201207478845,,124333051237.55017,22495.936606955074,0.2560612811939863,1
sep-ipop,6,111018,2191,2718720,752.52201207478845,,306832272842.9906,33415.993878398753,0.2634451529282123,1
sep-ipop,6,111018,2203,2743296,752.52201207478845,,726974300295.75464,38784.691563075816,0.27644507558496229,1
sep-ipop,6,111018,2216,2769920,752.52201207478845,,2002216976795.8413,40075.564636875446,0.27463423035284057,1
sep-ipop,6,111018,2228,2794496,752.52201207478845,,5119514251157.0166,32179.303228832097,0.27094571178058541,1
sep-ipop,6,111018,2241,2821120,752.52201207478845,,14088599589252.859,32840.436873943327,0.26070611625324713,1
sep-ipop,6,111018,2253,2845696,752.52201207478845,,38577035130587.07,42924.235619194362,0.27946953917220457,1
sep-ipop,6,111018,2265,2870272,752.52201207478845,,99905601636834.312,43153.20455444551,0.27385171664314673,1
sep-ipop,6,111018,2278,2896896,752.52201207478845,,218063459190430.75,83325.567856577283,0.25059120849753991,1
sep-ipop,6,111018,2290,2921472,752.52201207478845,,454652125177769.56,105060.05286868938,0.25527887790223364,1
sep-ipop,6,111018,2303,2948096,752.52201207478845,,1085627144992052.1,138934.47822205583,0.24986055730611798,1
sep-ipop,6,111018,2315,2972672,752.52201207478845,,2404654214093844.5,205329.89853857539,0.24511638105634298,1
sep-ipop,6,111018,2327,2997248,752.52201207478845,,5060513255617915,259876.36369617662,0.2366790649586725,1
sep-ipop,6,111018,2340,3023872,752.52201207478845,,11371088901339746,297582.09677677747,0.23699777277147915,1
sep-ipop,6,111018,2352,3048448,752.52201207478845,,23314484844769812,332607.4700760431,0.23420175562976858,1
sep-ipop,6,111018,2365,3075072,752.52201207478845,,50634903094814352,164622.09927655701,0.13982453694226712,1
sep-ipop,6,111018,2377,3099648,752.52201207478845,,1.4372420550915877e+17,66173.788845236864,0.11308279726873173,1
sep-ipop,6,111018,2389,3124224,752.52201207478845,,3.4935807938692634e+17,39543.152590266393,0.088924790190115399,1
sep-ipop,6,111018,2402,3150848,752.52201207478845,,8.488103979833376e+17,42464.512570031213,0.069806860803710957,1
sep-ipop,6,111018,2414,3175424,752.52201207478845,,1.618871532808226e+18,34558.959591672407,0.049861325923026292,1
sep-ipop,6,111018,2427,3202048,752.52201207478845,,3.4765400102235991e+18,26327.063145535736,0.039532558091132874,1
sep-ipop,6,111018,2439,3226624,752.52201207478845,,5.8432144901452534e+18,28732.023818277656,0.034793307935613339,1
sep-ipop,6,111018,2451,3251200,752.52201207478845,,9.2141458564679772e+18,30796.126692061247,0.032898038603835868,1
sep-ipop,6,111018,2464,3277824,752.52201207478845,,1.4618824801717799e+19,75476.656202919083,0.028548291098707254,1
sep-ipop,6,111018,2476,3302400,752.52201207478845,,1.9973771693963551e+19,137421.32135948713,0.025049104079482201,1
sep-ipop,6,111018,2489,3329024,752.52201207478845,,2.8705732400540955e+19,257871.46163359511,0.025517495712727711,1
sep-ipop,6,111018,2501,3353600,752.52201207478845,,4.1321798367725404e+19,248990.95885181002,0.022042427642295328,1
sep-ipop,6,111018,2514,3380224,752.52201207478845,,7.0574176998449889e+19,157629.72149047974,0.020601487066112849,1
sep-ipop,6,111018,2526,3404800,752.52201207478845,,1.1672761686024071e+20,184006.73966735147,0.021375903960815838,1
sep-ipop,6,111018,2538,3429376,752.52201207478845,,2.0291047520667786e+20,201990.84634779079,0.021764244723110778,1
sep-ipop,6,111018,2551,3456000,752.52201207478845,,3.6390984580211088e+20,207075.65026716617,0.018693618378314372,1
sep-ipop,6,111018,2563,3480576,752.52201207478845,,6.8380150110609133e+20,176628.56575671484,0.018748403234748516,1
sep-ipop,6,111018,2576,3507200,752.52201207478845,,1.1976733099804973e+21,176253.32077998214,0.016547290230211592,1
sep-ipop,6,111018,2588,3531776,752.52201207478845,,2.0040307640759883e+21,183379.68145404616,0.015867200880534331,1
sep-ipop,6,111018,2600,3556352,752.52201207478845,,2.9489566830606989e+21,178648.14812989396,0.013032423242385205,1
sep-ipop,6,111018,2613,3582976,752.52201207478845,,3.7089937315249059e+21,385066.71540722577,0.01289115164423978,1
sep-ipop,6,111018,2625,3607552,752.52201207478845,,5.504566957344728e+21,784068.98174197343,0.012480868112926145,1
sep-ipop,6,111018,2638,3634176,752.52201207478845,,8.1028867865112719e+21,1165062.8581269775,0.011668435325011594,1
sep-ipop,6,111018,2650,3658752,752.52201207478845,,1.0335128500541099e+22,3038006.5872408841,0.011262476194153688,1
sep-ipop,6,111018,2662,3683328,752.52201207478845,,1.3673254498705493e+22,3101955.0176479458,0.01056009246444271,1
sep-ipop,6,111018,2675,3709952,752.52201207478845,,1.59958235638846e+22,17709137.229810484,0.011070536383158166,1
sep-ipop,6,111018,2687,3734528,752.52201207478845,,1.8346113649659928e+22,91921947.566458166,0.009744295742324929,1
sep-ipop,6,111018,2700,3761152,752.52201207478845,,2.6337914119800847e+22,43016050.874085665,0.0060423132225458191,1
sep-ipop,6,111018,2712,3785728,752.52201207478845,,2.9577798815352846e+22,52311345.624248348,0.0052030587453626856,1
sep-ipop,6,111018,2724,3810304,752.52201207478845,,3.2202619382949457e+22,81875227.538638324,0.0050160630094011442,1
sep-ipop,6,111018,2737,3836928,752.52201207478845,,3.7517724233959624e+22,139486290.61473578,0.0051045255666670661,1
sep-ipop,6,111018,2749,3861504,752.52201207478845,,4.8325562228587937e+22,336218556.94770128,0.0060713190632438714,1
sep-ipop,6,111018,2762,3888128,752.52201207478845,,6.287078456256984e+22,394723176.30962306,0.0059683484369934484,1
sep-ipop,6,111018,2774,3912704,752.52201207478845,,8.4638787483771544e+22,433580251.38231993,0.0062366413286759331,1
sep-ipop,6,111018,2786,3937280,752.52201207478845,,1.1013878089464534e+23,1915245782.2555168,0.0062955579917171912,1
sep-ipop,6,111018,2799,3963904,752.52201207478845,,1.1679208663960192e+23,4040347210.5854688,0.0045433451993828,1
sep-ipop,6,111018,2811,3988480,752.52201207478845,,1.145306637932171e+23,5747699754.8218279,0.0044297998908980982,1
sep-ipop,6,111018,2824,4015104,752.52201207478845,,1.1899846410575704e+23,5366922940.7296228,0.0041285883678370558,1
sep-ipop,6,111018,2836,4039680,752.52201207478845,,1.1481180937076226e+23,6334280732.0690546,0.0038757600868823453,1
sep-ipop,6,111018,2848,4064256,752.52201207478845,,1.1248982915768209e+23,6659498053.8707886,0.0039171074812492058,1
sep-ipop,6,111018,2861,4090880,752.52201207478845,,1.1841771269659583e+23,5699956230.5746107,0.0036192472546446902,1
sep-ipop,6,111018,2873,4115456,752.52201207478845,,1.2053317272487642e+23,8391186227.9130678,0.0045266829759081466,1
sep-ipop,6,111018,2886,4142080,752.52201207478845,,1.2117247812374906e+23,6168502240.6627092,0.003839936229993748,1
sep-ipop,6,111018,2898,4166656,752.52201207478845,,1.2317708900174454e+23,6902272222.9786415,0.00400509283305415,1
sep-ipop,6,111018,2910,4191232,752.52201207478845,,1.2026261410635576e+23,5402177969.6205082,0.0034520398248696171,1
sep-ipop,6,111018,2923,4217856,752.52201207478845,,1.1233782388482935e+23,6317771861.9352665,0.0033812412582337635,1
sep-ipop,6,111018,2935,4242432,752.52201207478845,,1.1292090628674371e+23,7788198185.4711828,0.003546255913614359,1
sep-ipop,6,111018,2948,4269056,752.52201207478845,,1.0877005191639431e+23,7680439874.0211763,0.0033313234484014212,1
sep-ipop,6,111018,2960,4293632,752.52201207478845,,1.0178124431351845e+23,7152571004.5916872,0.0030336567153863565,1
sep-ipop,6,111018,2972,4318208,752.52201207478845,,1.0019171102140398e+23,7199191709.6403027,0.0028558120343022677,1
sep-ipop,6,111018,2985,4344832,752.52201207478845,,9.7235341736188033e+22,7516818017.8144865,0.0027387115870116346,1
sep-ipop,6,111018,2997,4369408,752.52201207478845,,9.3139659875881968e+22,8727096559.8666897,0.0027965513191341622,1
sep-ipop,6,111018,3010,4396032,752.52201207478845,,8.7643465923584816e+22,11145560656.042656,0.0027040817996844308,1
sep-ipop,6,111018,3020,4420608,752.52201207478845,,0.45034549685754111,3.815959472101293,0.70933163481218986,2
sep-ipop,6,111018,3026,4445184,752.52201207478845,,0.75687510179409012,28.209593354531361,1.3883485224620704,2
sep-ipop,6,111018,3033,4473856,752.52201207478845,,0.97810115547538512,25.960579753379026,0.89357532429322417,2
sep-ipop,6,111018,3039,4498432,752.52201207478845,,1.1296825064336657,32.420645783766894,0.67204646343544183,2
sep-ipop,6,111018,3045,4523008,752.52201207478845,,1.2040370762056687,32.703287011795759,0.49292254660945978,2
sep-ipop,6,111018,3051,4547584,752.52201207478845,,1.4814031624938013,32.132775468228445,0.43539782369832802,2
sep-ipop,6,111018,3057,4572160,752.52201207478845,,1.8509042686248098,25.560017678542291,0.39056880690461809,2
sep-ipop,6,111018,3064,4600832,752.52201207478845,,2.5249445795816174,66.614750227210621,0.37299953521051044,2
sep-ipop,6,111018,3070,4625408,752.52201207478845,,3.5368415836140876,106.57024977357253,0.33856268634957593,2
sep-ipop,6,111018,3076,4649984,752.52201207478845,,4.7135438730286374,183.94078565846436,0.33255683637000083,2
sep-ipop,6,111018,3082,4674560,752.52201207478845,,6.2702963539837446,221.63861202042747,0.32225536109650615,2
sep-ipop,6,111018,3088,4699136,752.52201207478845,,7.8717350801759665,433.06060384870761,0.32665258204386016,2
sep-ipop,6,111018,3095,4727808,752.52201207478845,,9.9611958581481783,809.11683258052608,0.31185341728149557,2
sep-ipop,6,111018,3101,4752384,752.52201207478845,,12.068866967102622,1307.792825081073,0.29800736290598356,2
sep-ipop,6,111018,3107,4776960,752.52201207478845,,13.962505254859558,2193.6388859481494,0.28666303288183625,2
sep-ipop,6,111018,3113,4801536,752.52201207478845,,16.027357108268539,3068.5472548635962,0.28592221377541083,2
sep-ipop,6,111018,3119,4826112,752.52201207478845,,22.921296729900895,3032.959136894618,0.30543901832357667,2
sep-ipop,6,111018,3126,4854784,752.52201207478845,,38.343363522346827,1901.183432924435,0.3088946387622063,2
sep-ipop,6,111018,3132,4879360,752.52201207478845,,52.194360902438156,1615.56324029446,0.27976071885387344,2
sep-ipop,6,111018,3138,4903936,752.52201207478845,,70.893598949553606,1736.4883883796567,0.27809575367937994,2
sep-ipop,6,111018,3144,4928512,752.52201207478845,,108.81863528487804,1934.2353177679297,0.30354261267189403,2
sep-ipop,6,111018,3150,4953088,752.52201207478845,,170.86038934944347,1589.4351361496892,0.3079744537478189,2
sep-ipop,6,111018,3157,4981760,752.52201207478845,,263.32579464396576,1261.9893133126463,0.30063997203188864,2
sep-ipop,6,111018,3163,5006336,752.52201207478845,,373.19166201043976,1025.9063985681123,0.2930817266119537,2
sep-ipop,6,111018,3169,5030912,752.52201207478845,,486.92200232509549,1236.9127557991656,0.28025358987424548,2
sep-ipop,6,111018,3175,5055488,752.52201207478845,,647.94494497339122,1521.3135750237363,0.2712490224846601,2
sep-ipop,6,111018,3181,5080064,752.52201207478845,,887.5664571556481,2467.0874299561665,0.2736412689321156,2
sep-ipop,6,111018,3188,5108736,752.52201207478845,,1344.3628409590015,3239.0304264537849,0.27017496517536854,2
sep-ipop,6,111018,3194,5133312,752.52201207478845,,2137.3749474631263,3624.7798355455279,0.30118863495632792,2
sep-ipop,6,111018,3200,5157888,752.52201207478845,,3467.2913526510556,2585.9937156874762,0.29162097484312832,2
sep-ipop,6,111018,3206,5182464,752.52201207478845,,5148.6164079634918,2178.1956553363793,0.28010227790073888,2
sep-ipop,6,111018,3212,5207040,752.52201207478845,,7518.4956358417539,2102.2664699806346,0.27694322201203786,2
sep-ipop,6,111018,3219,5235712,752.52201207478845,,12186.269769838902,2476.5640201240844,0.29138347487696742,2
sep-ipop,6,111018,3225,5260288,752.52201207478845,,19134.771161341097,2043.4093513359255,0.3073758391857957,2
sep-ipop,6,111018,3231,5284864,752.52201207478845,,28388.303076209551,2544.2393517022329,0.29725901846274888,2
sep-ipop,6,111018,3237,5309440,752.52201207478845,,43233.207769465487,2690.7615863993374,0.29674570005923667,2
sep-ipop,6,111018,3243,5334016,752.52201207478845,,65556.08662086082,2885.6364402114855,0.28842586805525233,2
sep-ipop,6,111018,3250,5362688,752.52201207478845,,105217.95354453103,5211.2374167745111,0.2825643217872798,2
sep-ipop,6,111018,3256,5387264,752.52201207478845,,146468.71350733671,8830.406267960092,0.27039120542594708,2
sep-ipop,6,111018,3262,5411840,752.52201207478845,,214881.40444375071,14964.043532951571,0.26912290026096153,2
sep-ipop,6,111018,3268,5436416,752.52201207478845,,316781.320627262,19303.241048924108,0.27237024476823823,2
sep-ipop,6,111018,3275,5465088,752.52201207478845,,485799.46989224869,27455.371445584969,0.2563880666160977,2
sep-ipop,6,111018,3281,5489664,752.52201207478845,,712816.15179443429,41306.372579682538,0.26325928118620756,2
sep-ipop,6,111018,3287,5514240,752.52201207478845,,1017391.7703951609,44974.294779920056,0.25555937067109263,2
sep-ipop,6,111018,3293,5538816,752.52201207478845,,1557418.955798829,56858.989276469125,0.26143361769659984,2
sep-ipop,6,111018,3299,5563392,752.52201207478845,,2294877.7598805833,73495.27969883442,0.26378653505376609,2
sep-ipop,6,111018,3306,5592064,752.52201207478845,,3497278.8966720561,103330.30773270963,0.25634387045212353,2
sep-ipop,6,111018,3312,5616640,752.52201207478845,,4864278.7334359242,116928.92289247984,0.2434330916502789,2
sep-ipop,6,111018,3318,5641216,752.52201207478845,,6844312.2508539092,163909.73591100061,0.24651112132293729,2
sep-ipop,6,111018,3324,5665792,752.52201207478845,,9154542.1492248774,208254.95586758252,0.22969463564897041,2
sep-ipop,6,111018,3330,5690368,752.52201207478845,,12408061.102202054,236425.74941669925,0.23335190345278684,2
sep-ipop,6,111018,3337,5719040,752.52201207478845,,18408675.794366315,195769.38118424595,0.24380253948736541,2
sep-ipop,6,111018,3343,5743616,752.52201207478845,,29770175.911262922,171071.34384106248,0.25839378292695941,2
sep-ipop,6,111018,3349,5768192,752.52201207478845,,50544831.388260417,149290.01301963007,0.27493912871290555,2
sep-ipop,6,111018,3355,5792768,752.52201207478845,,84356123.128519326,100934.31744076624,0.2693485507233947,2
sep-ipop,6,111018,3361,5817344,752.52201207478845,,129594953.60584891,97220.488932950655,0.26161355944269193,2
sep-ipop,6,111018,3368,5846016,752.52201207478845,,222162523.58870664,117662.27071061675,0.27608910668032927,2
sep-ipop,6,111018,3374,5870592,752.52201207478845,,328723444.762559,109568.2933670268,0.25479818979281726,2
sep-ipop,6,111018,3380,5895168,752.52201207478845,,509828553.91682744,114951.81583802711,0.25963779015205612,2
sep-ipop,6,111018,3386,5919744,752.52201207478845,,763667576.02632439,161728.93139956822,0.2703720047068835,2
sep-ipop,6,111018,3392,5944320,752.52201207478845,,1126950003.9669015,179852.66909068052,0.25229598487051119,2
sep-ipop,6,111018,3399,5972992,752.52201207478845,,1741886840.5619996,241837.85499582367,0.25784836305064773,2
sep-ipop,6,111018,3405,5997568,752.52201207478845,,2497649459.5399485,287386.60841574409,0.24420021732250902,2
sep-ipop,6,111018,3411,6022144,752.52201207478845,,3415296704.1231556,367507.705994319,0.23835601358930059,2
sep-ipop,6,111018,3417,6046720,752.52201207478845,,4972903213.8680935,383343.59144529834,0.24397301669755869,2
sep-ipop,6,111018,3423,6071296,752.52201207478845,,6606466819.0955391,401726.5010770706,0.22786467882532868,2
sep-ipop,6,111018,3430,6099968,752.52201207478845,,9066621951.2776928,626058.95717751654,0.22480466309732713,2
sep-ipop,6,111018,3436,6124544,752.52201207478845,,11784176846.492498,768387.19654047128,0.23391623856792948,2
sep-ipop,6,111018,3442,6149120,752.52201207478845,,15377986756.899836,568476.04701696034,0.21397380963458976,2
sep-ipop,6,111018,3448,6173696,752.52201207478845,,18984667675.481644,673977.34457083431,0.21397527735557453,2
sep-ipop,6,111018,3454,6198272,752.52201207478845,,24887527698.948872,725626.86309026962,0.22186958569022114,2
sep-ipop,6,111018,3461,6226944,752.52201207478845,,34498259882.722069,742771.64745237364,0.21770306506221018,2
sep-ipop,6,111018,3467,6251520,752.52201207478845,,44988767545.07357,578865.02026172774,0.21644164644168473,2
sep-ipop,6,111018,3473,6276096,752.52201207478845,,59792834295.945114,583798.69151727948,0.22029440803830186,2
sep-ipop,6,111018,3479,6300672,752.52201207478845,,82154547069.547958,595826.69416411011,0.21262217677794626,2
sep-ipop,6,111018,3485,6325248,752.52201207478845,,114123719624.55055,470478.73591431376,0.20143481850111533,2
sep-ipop,6,111018,3492,6353920,752.52201207478845,,184982863974.95352,386416.96685672685,0.22116683878591953,2
sep-ipop,6,111018,3498,6378496,752.52201207478845,,303071576107.27832,384979.48641172191,0.23050505348852904,2
sep-ipop,6,111018,3504,6403072,752.52201207478845,,476184070143.07422,269490.86974457448,0.22235563157562216,2
sep-ipop,6,111018,3510,6427648,752.52201207478845,,775650498215.8407,225016.80600431896,0.21729465419982757,2
sep-ipop,6,111018,3516,6452224,752.52201207478845,,1281709377531.7385,191108.74121463363,0.21465225718294512,2
sep-ipop,6,111018,3523,6480896,752.52201207478845,,2603969401786.6392,188798.47957721399,0.25263394156646374,2
sep-ipop,6,111018,3528,6501376,752.52201207478845,,4158765014516.9165,167084.03176544679,0.25062741388708687,2
sep-ipop-w60,6,111018,1,1024,22117.612787882488,,0.28973793468163472,7.7283260519003223,0.091459109497462762,0
sep-ipop-w60,6,111018,5,5120,2922.6756299336753,,1.0981797200770738,19.408284328518903,0.45344867170243575,0
sep-ipop-w60,6,111018,10,10240,1755.2417958577473,,2.0311825982588654,37.740806580268448,0.86423592751257439,0
sep-ipop-w60,6,111018,20,20480,1681.5798810323079,,3.477449486474895,7.5198080470450606,0.40897528204500566,0
sep-ipop-w60,6,111018,25,25600,1655.5034815470378,,4.2747928752315332,7.6899172282355046,0.35763768606507246,0
sep-ipop-w60,6,111018,40,40960,1584.6895815531414,,6.1339169191090672,81.93921599066347,0.24509787641039765,0
sep-ipop-w60,6,111018,50,51200,1535.862210591634,,9.5760320681457127,187.07406347258041,0.24411546339999801,0
sep-ipop-w60,6,111018,75,76800,1386.1398874918621,,27.842426597688423,693.08633629241831,0.24219858610445674,0
sep-ipop-w60,6,111018,80,81920,1369.1937942504883,,32.081044354949327,1145.8623094732329,0.23799453162648396,0
sep-ipop-w60,6,111018,100,102400,1339.8427785237629,,56.262166616147276,7917.8688971671527,0.2332778578811224,0
sep-ipop-w60,6,111018,125,128000,1328.5468495686848,,108.67030497182165,68123.482335896217,0.23151002985848376,0
sep-ipop-w60,6,111018,149,152576,1312.3082936604817,,292.18487550209517,60363.719606228573,0.25010598174256032,0
sep-ipop-w60,6,111018,160,163840,1304.9215316772461,,614.02436837372397,46075.705476878502,0.26131282847208737,0
sep-ipop-w60,6,111018,174,178176,1298.3764216105144,,1319.2743775416702,32866.508296938591,0.24682318740689033,0
sep-ipop-w60,6,111018,199,203776,1289.5790519714355,,3251.9159926470415,116474.2006059495,0.23123033400153245,0
sep-ipop-w60,6,111018,224,229376,1277.672679901123,,17168.216637868456,133628.56966135086,0.25202912808174927,0
sep-ipop-w60,6,111018,249,254976,1264.6489944458008,,74567.990266884488,32604.87939333151,0.18141809767338601,0
sep-ipop-w60,6,111018,255,261120,1258.6795247395833,,128158.66626303671,17399.475289406862,0.17425240227686484,0
sep-ipop-w60,6,111018,273,279552,1237.1848602294922,,501504.2436328734,11403.429745125941,0.19037690121330625,0
sep-ipop-w60,6,111018,298,305152,1094.0874048868816,,5337960.3556356756,519.36616803046002,0.17415911135860812,0
sep-ipop-w60,6,111018,323,330752,969.00727717081702,,19256045.018308312,8030.8786020919624,0.17646481084656285,0
sep-ipop-w60,6,111018,348,356352,942.68372217814124,,52475582.359006859,87390.324086374225,0.21765851375258558,0
sep-ipop-w60,6,111018,373,381952,931.85617701212561,,156403362.12342125,237296.62916127199,0.23844871063254933,0
sep-ipop-w60,6,111018,397,406528,927.18725840250647,,703973585.78448188,289706.15370114881,0.2459005916772937,0
sep-ipop-w60,6,111018,422,432128,922.16643269856775,,2695608435.087954,415713.90678874083,0.22617866357520203,0
sep-ipop-w60,6,111018,447,457728,911.79762522379554,,16592060554.163736,98063.066739437694,0.19490847925212851,0
sep-ipop-w60,6,111018,472,483328,902.62073008219397,,88716783841.156509,13152.919952902072,0.090769397287824058,0
sep-ipop-w60,6,111018,497,508928,883.77687327067054,,679564524501.43921,11911.639712289376,0.12569813509758263,0
sep-ipop-w60,6,111018,521,533504,867.28519948323571,,2880717269819.165,12507.383681576255,0.11122062475587909,0
sep-ipop-w60,6,111018,546,559104,856.72714614868164,,7872171903316.9434,9363.5620111261669,0.055564765162447162,0
sep-ipop-w60,6,111018,571,584704,853.75608571370446,,14233440548512.414,11915.906907351293,0.028444691913553959,0
sep-ipop-w60,6,111018,596,610304,852.7386258443197,,29935196004050.969,138203.12620768699,0.021707299889166917,0
sep-ipop-w60,6,111018,621,635904,851.82268015543616,,60974978643305.766,413752.15634494147,0.011638401961927825,0
sep-ipop-w60,6,111018,645,660480,851.33662033081055,,124022467596152.89,2291531.8652727804,0.0078109115184181966,0
sep-ipop-w60,6,111018,670,686080,851.1575037638346,,252297432255083.31,7044842.5301536806,0.0076138736945679727,0
sep-ipop-w60,6,111018,695,711680,851.06289291381836,,561153730867012.44,5022165.0545285186,0.0063453312404236507,0
sep-ipop-w60,6,111018,720,737280,850.853759765625,,2886234760203184.5,4348374.4523421247,0.0071428150116669767,0
sep-ipop-w60,6,111018,745,762880,850.72856012980139,,14652856388350856,4854521.1163402777,0.010791949427085855,0
sep-ipop-w60,6,111018,769,787456,850.35615285237634,,79024120765548048,2130005.3797721579,0.010897099968871239,0
sep-ipop-w60,6,111018,794,813056,849.94391632080078,,4.5326167179018982e+17,2753323.1748984451,0.013582903652882788,0
sep-ipop-w60,6,111018,819,838656,849.39840316772461,,3.5541216842287493e+18,1338369.8328887094,0.02254381543657313,0
sep-ipop-w60,6,111018,844,864256,848.40597534179688,,2.5257475297481507e+19,605877.89441399265,0.025293463608376237,0
sep-ipop-w60,6,111018,869,889856,847.18675104777014,,1.6502112174704073e+20,526669.99812983128,0.027641692533764851,0
sep-ipop-w60,6,111018,893,914432,845.7829704284668,,7.9652693122873675e+20,697052.66349171207,0.044623403834864531,0
sep-ipop-w60,6,111018,918,940032,794.13014475504554,,4.0983950615913634e+22,29108.806735794929,0.17042041907661809,0
sep-ipop-w60,6,111018,943,965632,761.252431233724,,9.3250280744953456e+22,12364.833518361751,0.054081080888496301,0
sep-ipop-w60,6,111018,968,991232,756.57738622029626,,3.4641136598426154e+23,6804.0436382004154,0.02742533050332269,0
sep-ipop-w60,6,111018,993,1016832,754.69315592447913,,1.2984828911713582e+24,29629.674531795794,0.023371371476857951,0
sep-ipop-w60,6,111018,1017,1041408,753.65723546346032,,3.2744036200497648e+24,146356.75097090748,0.013976506096322843,0
sep-ipop-w60,6,111018,1042,1067008,753.04202270507812,,7.2388783017751065e+24,192177.83375793486,0.008428914756525515,0
sep-ipop-w60,6,111018,1067,1092608,752.80036926269531,,1.1648102264179091e+25,185338.88059684078,0.0053031662258908822,0
sep-ipop-w60,6,111018,1092,1118208,752.62483469645179,,2.112885447983732e+25,2966425.8830871349,0.0044204954440068183,0
sep-ipop-w60,6,111018,1117,1143808,752.57521311442054,,4.2085171598981198e+25,6639967.7050672481,0.0043474818954598368,0
sep-ipop-w60,6,111018,1142,1169408,752.53812026977539,,5.5588943124495105e+25,34953847.890518479,0.0036401854414877697,0
sep-ipop-w60,6,111018,1166,1193984,752.52514521280921,,6.5946647420509173e+25,59779014.006671391,0.0030538900387166476,0
sep-ipop-w60,6,111018,1191,1219584,752.5220832824707,,8.136116015821677e+25,71742468.710335016,0.0030903809874874778,0
sep-ipop-w60,6,111018,1216,1245184,752.52201207478845,,1.2479652568705702e+26,223687951.99916038,0.0039633186329407523,0
sep-ipop-w60,6,111018,1241,1270784,752.52201207478845,,1.3359010073082319e+26,585821321.3752929,0.0033764030075180917,0
sep-ipop-w60,6,111018,1261,1296384,752.52201207478845,,0.611499639787355,9.2589777124509229,0.99431209350343319,1
sep-ipop-w60,6,111018,1273,1320960,752.52201207478845,,1.002204695073154,12.092588391491994,0.51937503584998046,1
sep-ipop-w60,6,111018,1286,1347584,752.52201207478845,,1.5104725476641838,24.656418662067622,0.31500659332714182,1
sep-ipop-w60,6,111018,1298,1372160,752.52201207478845,,2.645275275168582,152.32500919477664,0.29799945783135601,1
sep-ipop-w60,6,111018,1311,1398784,752.52201207478845,,5.3626096715353606,269.29047369497442,0.29227798617257811,1
sep-ipop-w60,6,111018,1323,1423360,752.52201207478845,,7.607453181038589,644.70821327407293,0.28706239634019898,1
sep-ipop-w60,6,111018,1335,1447936,752.52201207478845,,10.264184960490727,1623.9252603691493,0.28184645509727252,1
sep-ipop-w60,6,111018,1348,1474560,752.52201207478845,,17.651818136708719,1579.1508000669414,0.25121479876095326,1
sep-ipop-w60,6,111018,1360,1499136,752.52201207478845,,32.168715088710591,1351.1367176757078,0.27550747750252758,1
sep-ipop-w60,6,111018,1373,1525760,752.52201207478845,,53.823665721698219,1856.0719402486782,0.26158584825023468,1
sep-ipop-w60,6,111018,1385,1550336,752.52201207478845,,90.359273707089784,2024.5517692945407,0.26247025200188917,1
sep-ipop-w60,6,111018,1397,1574912,752.52201207478845,,162.70757357077639,1918.2013690379956,0.2487858913615309,1
sep-ipop-w60,6,111018,1410,1601536,752.52201207478845,,369.57807703805776,2438.2651442514029,0.27730026460674329,1
sep-ipop-w60,6,111018,1422,1626112,752.52201207478845,,761.31419982611396,2854.8942786437319,0.27269484518775966,1
sep-ipop-w60,6,111018,1435,1652736,752.52201207478845,,1610.0675577699528,3523.9285778392991,0.25838780271137779,1
sep-ipop-w60,6,111018,1447,1677312,752.52201207478845,,3209.2556257927013,10141.397419022245,0.26570105870887178,1
sep-ipop-w60,6,111018,1459,1701888,752.52201207478845,,6439.4881504981904,14402.561241729356,0.25390893847194385,1
sep-ipop-w60,6,111018,1472,1728512,752.52201207478845,,14524.278397222432,18056.237812940697,0.25523556788343943,1
sep-ipop-w60,6,111018,1484,1753088,752.52201207478845,,28782.382648262013,27354.261145465556,0.26236398291283941,1
sep-ipop-w60,6,111018,1497,1779712,752.52201207478845,,50632.885327552722,63565.137687302951,0.23447917692862014,1
sep-ipop-w60,6,111018,1509,1804288,752.52201207478845,,77971.846551898052,147208.52104995656,0.24020257430651792,1
sep-ipop-w60,6,111018,1521,1828864,752.52201207478845,,139158.27365204546,197391.75046194694,0.22926144934887385,1
sep-ipop-w60,6,111018,1534,1855488,752.52201207478845,,295753.67022073531,281002.03421307186,0.23534690883910495,1
sep-ipop-w60,6,111018,1546,1880064,752.52201207478845,,594125.2162787586,300262.91015197395,0.21945225197959847,1
sep-ipop-w60,6,111018,1559,1906688,752.52201207478845,,1623861.3379342465,59447.025016548258,0.15473129793306614,1
sep-ipop-w60,6,111018,1571,1931264,752.52201207478845,,3516087.6671503354,17599.072586827537,0.087516796737106883,1
sep-ipop-w60,6,111018,1583,1955840,752.52201207478845,,8083338.447418618,17390.213177071651,0.084072525149482907,1
sep-ipop-w60,6,111018,1596,1982464,752.52201207478845,,20819192.364285734,13591.784299443363,0.078472375736560199,1
sep-ipop-w60,6,111018,1608,2007040,752.52201207478845,,41320841.495530844,14903.586920655427,0.065993733315343597,1
sep-ipop-w60,6,111018,1621,2033664,752.52201207478845,,92918576.857865795,11619.498867448623,0.053238097025254852,1
sep-ipop-w60,6,111018,1633,2058240,752.52201207478845,,228671936.90509427,10502.140954421813,0.058079838948206342,1
sep-ipop-w60,6,111018,1645,2082816,752.52201207478845,,613724685.95005894,8827.935941007554,0.063664946172506759,1
sep-ipop-w60,6,111018,1658,2109440,752.52201207478845,,1761248514.4350948,8440.3735626374364,0.063670657722009527,1
sep-ipop-w60,6,111018,1670,2134016,752.52201207478845,,4890166607.3205433,7580.2656224465682,0.063574942651595329,1
sep-ipop-w60,6,111018,1683,2160640,752.52201207478845,,24040059376.345821,7688.2727278760676,0.11347566919385363,1
sep-ipop-w60,6,111018,1695,2185216,752.52201207478845,,61746764285.015167,6079.981668397746,0.10514327675773778,1
sep-ipop-w60,6,111018,1708,2211840,752.52201207478845,,176164560992.65247,5806.570203258987,0.090144681861177425,1
sep-ipop-w60,6,111018,1720,2236416,752.52201207478845,,460370803414.88159,4471.5063359924161,0.090401699946964634,1
sep-ipop-w60,6,111018,1732,2260992,752.52201207478845,,1205462457324.7065,4817.4472550149903,0.091624216570722949,1
sep-ipop-w60,6,111018,1745,2287616,752.52201207478845,,3355812809246.5381,3852.2708265272968,0.088074885776402684,1
sep-ipop-w60,6,111018,1757,2312192,752.52201207478845,,8521578369955.0605,4064.7447381467905,0.08209101884858068,1
sep-ipop-w60,6,111018,1770,2338816,752.52201207478845,,22990060437237.898,3527.7075053411945,0.07369184181350405,1
sep-ipop-w60,6,111018,1782,2363392,752.52201207478845,,55196084692219.734,4097.1116172219745,0.07400140563020062,1
sep-ipop-w60,6,111018,1794,2387968,752.52201207478845,,143743549686760.97,4525.2665481519525,0.074973082574032665,1
sep-ipop-w60,6,111018,1807,2414592,752.52201207478845,,359929207122562.25,4901.2071946256447,0.062552282188485381,1
sep-ipop-w60,6,111018,1819,2439168,752.52201207478845,,808199375043714,4477.0699042319238,0.057722616267499166,1
sep-ipop-w60,6,111018,1832,2465792,752.52201207478845,,2126983504869055,5306.1356065732361,0.057198850833195911,1
sep-ipop-w60,6,111018,1844,2490368,752.52201207478845,,4540953798970227,9724.484211150444,0.055018231803584748,1
sep-ipop-w60,6,111018,1856,2514944,752.52201207478845,,9211563878676070,9071.2339099429701,0.042303706363902009,1
sep-ipop-w60,6,111018,1869,2541568,752.52201207478845,,15985974742726070,11071.212460806599,0.031306552362161691,1
sep-ipop-w60,6,111018,1881,2566144,752.52201207478845,,29406802949766168,12394.487268749193,0.029969597615629166,1
sep-ipop-w60,6,111018,1894,2592768,752.52201207478845,,53060696944088504,14916.124840973844,0.025193872599016665,1
sep-ipop-w60,6,111018,1906,2617344,752.52201207478845,,86548537016084000,24052.605561648899,0.024772370711778693,1
sep-ipop-w60,6,111018,1918,2641920,752.52201207478845,,1.4502359147118909e+17,23341.321856705243,0.020381942373393473,1
sep-ipop-w60,6,111018,1931,2668544,752.52201207478845,,2.3101157944381309e+17,30223.979556886192,0.019564123393973693,1
sep-ipop-w60,6,111018,1943,2693120,752.52201207478845,,3.2694795152155526e+17,33449.388156866284,0.017162134421588371,1
sep-ipop-w60,6,111018,1956,2719744,752.52201207478845,,4.9431833144378739e+17,26505.751435716676,0.015322657719797066,1
sep-ipop-w60,6,111018,1968,2744320,752.52201207478845,,8.1487988255883994e+17,36772.413669390175,0.015773070803806844,1
sep-ipop-w60,6,111018,1980,2768896,752.52201207478845,,1.1076655321052218e+18,49484.961394308419,0.013760276921267056,1
sep-ipop-w60,6,111018,1993,2795520,752.52201207478845,,1.5577792624999508e+18,81297.202423539333,0.013528387357492504,1
sep-ipop-w60,6,111018,2005,2820096,752.52201207478845,,2.3128064983747169e+18,135430.90945916291,0.013860073513775238,1
sep-ipop-w60,6,111018,2018,2846720,752.52201207478845,,3.3402443930330153e+18,214986.78852541259,0.012658220669701455,1
sep-ipop-w60,6,111018,2030,2871296,752.52201207478845,,4.9309774012819681e+18,463695.06427266303,0.013980203091513335,1
sep-ipop-w60,6,111018,2042,2895872,752.52201207478845,,8.122427672927872e+18,814945.74896833696,0.015590521486131768,1
sep-ipop-w60,6,111018,2055,2922496,752.52201207478845,,1.7700235567811797e+19,603070.21694911201,0.014524171857046915,1
sep-ipop-w60,6,111018,2067,2947072,752.52201207478845,,3.524083467182449e+19,648239.53023046395,0.014818918467885814,1
sep-ipop-w60,6,111018,2080,2973696,752.52201207478845,,8.0389572982838444e+19,757777.72087837872,0.01578605637468496,1
sep-ipop-w60,6,111018,2092,2998272,752.52201207478845,,1.8838548042977555e+20,937138.7413351608,0.018242768721292983,1
sep-ipop-w60,6,111018,2104,3022848,752.52201207478845,,3.9704573845552995e+20,1035597.7375217829,0.017935975671187619,1
sep-ipop-w60,6,111018,2117,3049472,752.52201207478845,,8.6508160342119927e+20,910149.08292256831,0.018234567728502661,1
sep-ipop-w60,6,111018,2129,3074048,752.52201207478845,,1.9583001340930928e+21,1092467.3820360522,0.019701827583073053,1
sep-ipop-w60,6,111018,2142,3100672,752.52201207478845,,4.8255346388152384e+21,882033.23934906209,0.019563670315447194,1
sep-ipop-w60,6,111018,2154,3125248,752.52201207478845,,1.0097487310002202e+22,1041997.2873039013,0.019460413397198815,1
sep-ipop-w60,6,111018,2166,3149824,752.52201207478845,,2.3383796693785127e+22,1087925.0583798662,0.02025586035498704,1
sep-ipop-w60,6,111018,2179,3176448,752.52201207478845,,5.4169532618428218e+22,1171433.7599680903,0.019693466242861408,1
sep-ipop-w60,6,111018,2191,3201024,752.52201207478845,,1.2235389807484292e+23,787527.58768214763,0.018863577197770143,1
sep-ipop-w60,6,111018,2204,3227648,752.52201207478845,,2.9191276559788603e+23,900611.45441628841,0.019884103762862492,1
sep-ipop-w60,6,111018,2216,3252224,752.52201207478845,,6.8158757379990581e+23,665897.90079746302,0.018886566697493817,1
sep-ipop-w60,6,111018,2228,3276800,752.52201207478845,,1.4815993636576957e+24,704622.72954964358,0.018300194425337798,1
sep-ipop-w60,6,111018,2241,3303424,752.52201207478845,,3.5960040879855955e+24,677331.0791114188,0.019527866821526775,1
sep-ipop-w60,6,111018,2253,3328000,752.52201207478845,,9.5741000139776555e+24,473318.99100037193,0.019889657615379371,1
sep-ipop-w60,6,111018,2266,3354624,752.52201207478845,,2.5974476541191606e+25,423074.18428876862,0.022191413072263001,1
sep-ipop-w60,6,111018,2278,3379200,752.52201207478845,,5.9760117834874673e+25,419982.35979794321,0.019711744079846417,1
sep-ipop-w60,6,111018,2290,3403776,752.52201207478845,,1.4573852800894323e+26,334696.51457940514,0.019868307808002368,1
sep-ipop-w60,6,111018,2303,3430400,752.52201207478845,,4.0555757828406994e+26,378576.20349550468,0.024287881847776225,1
sep-ipop-w60,6,111018,2315,3454976,752.52201207478845,,9.8592528979621373e+26,256630.66114954645,0.023517311323009871,1
sep-ipop-w60,6,111018,2328,3481600,752.52201207478845,,2.4089729175868404e+27,239730.66609663863,0.025255576449271677,1
sep-ipop-w60,6,111018,2340,3506176,752.52201207478845,,8.0085412016351972e+27,142430.90952137887,0.029455537326660206,1
sep-ipop-w60,6,111018,2352,3530752,752.52201207478845,,2.6684453120044103e+28,33009.859451980628,0.034760563987560153,1
sep-ipop-w60,6,111018,2365,3557376,752.52201207478845,,7.7088259282475203e+28,25146.083492846457,0.030930940581880614,1
sep-ipop-w60,6,111018,2377,3581952,752.52201207478845,,1.8600344065759e+29,37672.640651440393,0.031005006927714573,1
sep-ipop-w60,6,111018,2390,3608576,752.52201207478845,,4.7739344590036756e+29,38767.836543746496,0.030291093009173695,1
sep-ipop-w60,6,111018,2402,3633152,752.52201207478845,,1.1768379668178516e+30,41252.021691062764,0.0298738520031765,1
sep-ipop-w60,6,111018,2414,3657728,752.52201207478845,,3.1981754415132526e+30,34624.20902653502,0.032747306773198141,1
sep-ipop-w60,6,111018,2427,3684352,752.52201207478845,,9.9680251020346883e+30,31763.579623243837,0.036257474186845405,1
sep-ipop-w60,6,111018,2439,3708928,752.52201207478845,,2.8358408766371868e+31,30801.319425593148,0.040431546370468363,1
sep-ipop-w60,6,111018,2452,3735552,752.52201207478845,,7.300219657507101e+31,25349.396686177588,0.037167481490757492,1
sep-ipop-w60,6,111018,2464,3760128,752.52201207478845,,2.0399638514685998e+32,28740.501173945519,0.040381521731177678,1
sep-ipop-w60,6,111018,2476,3784704,752.52201207478845,,4.835654408792515e+32,25533.845528168458,0.034784830087363598,1
sep-ipop-w60,6,111018,2489,3811328,752.52201207478845,,1.395977111734349e+33,33618.034123026853,0.038456836467759936,1
sep-ipop-w60,6,111018,2501,3835904,752.52201207478845,,3.1500053052748015e+33,30261.263597537363,0.032337066419586537,1
sep-ipop-w60,6,111018,2514,3862528,752.52201207478845,,8.8027216404219036e+33,38691.455673339442,0.035047215591320006,1
sep-ipop-w60,6,111018,2526,3887104,752.52201207478845,,2.063928936727188e+34,42274.713828091932,0.035199846493258503,1
sep-ipop-w60,6,111018,2538,3911680,752.52201207478845,,5.1906509931142878e+34,41948.734884817612,0.035532129658926492,1
sep-ipop-w60,6,111018,2551,3938304,752.52201207478845,,1.2784930100767911e+35,38530.809287581513,0.032866295273024322,1
sep-ipop-w60,6,111018,2563,3962880,752.52201207478845,,2.7264091407381725e+35,38234.398304391303,0.03132110949928122,1
sep-ipop-w60,6,111018,2576,3989504,752.52201207478845,,7.4250603939988309e+35,32200.22828803059,0.033217129021450978,1
sep-ipop-w60,6,111018,2588,4014080,752.52201207478845,,1.5625274631313739e+36,45388.746421502328,0.032630619436838926,1
sep-ipop-w60,6,111018,2600,4038656,752.52201207478845,,3.3296566312576773e+36,45986.564182586713,0.03156545862486617,1
sep-ipop-w60,6,111018,2613,4065280,752.52201207478845,,7.7236846524029028e+36,42836.325900502859,0.028982685427940098,1
sep-ipop-w60,6,111018,2625,4089856,752.52201207478845,,1.8208588499735463e+37,37001.797570675146,0.028350563366327557,1
sep-ipop-w60,6,111018,2638,4116480,752.52201207478845,,4.4730837064643906e+37,40470.432801630224,0.028611215374822675,1
sep-ipop-w60,6,111018,2650,4141056,752.52201207478845,,1.0564043868441903e+38,49190.411904862674,0.031768855361297733,1
sep-ipop-w60,6,111018,2662,4165632,752.52201207478845,,2.371898664059734e+38,43033.422889350222,0.029684303797771528,1
sep-ipop-w60,6,111018,2675,4192256,752.52201207478845,,5.6307084536483829e+38,42419.344628355888,0.028930562118893863,1
sep-ipop-w60,6,111018,2687,4216832,752.52201207478845,,1.249117795779875e+39,36722.783618671252,0.028508189976491859,1
sep-ipop-w60,6,111018,2700,4243456,752.52201207478845,,2.8306325198249646e+39,48650.276316769246,0.027742463882702489,1
sep-ipop-w60,6,111018,2712,4268032,752.52201207478845,,5.7514315954835691e+39,43147.501069562655,0.024588540100903993,1
sep-ipop-w60,6,111018,2724,4292608,752.52201207478845,,1.3112546816849601e+40,53643.651327160245,0.0275182392221574,1
sep-ipop-w60,6,111018,2737,4319232,752.52201207478845,,4.9968741898942321e+40,43076.069666481475,0.037841129403823018,1
sep-ipop-w60,6,111018,2749,4343808,752.52201207478845,,2.1440897918674333e+41,29568.474239961262,0.051087887083893786,1
sep-ipop-w60,6,111018,2762,4370432,752.52201207478845,,9.5628698031053316e+41,17723.189212690675,0.073080911575219412,1
sep-ipop-w60,6,111018,2774,4395008,752.52201207478845,,2.2812032914044909e+42,24693.166807644015,0.069205175232693872,1
sep-ipop-w60,6,111018,2787,4421632,752.52201207478845,,5.8507992835212895e+42,23743.137605203388,0.056903041012446171,1
sep-ipop-w60,6,111018,2799,4446208,752.52201207478845,,1.4580357038032805e+43,22744.679900464111,0.051384391684601384,1
sep-ipop-w60,6,111018,2811,4470784,752.52201207478845,,3.7510563850401326e+43,21149.851565663019,0.04762608865338732,1
sep-ipop-w60,6,111018,2824,4497408,752.52201207478845,,1.090937348309494e+44,18214.266164767199,0.049636664304702122,1
sep-ipop-w60,6,111018,2836,4521984,752.52201207478845,,2.6686498224782951e+44,22462.064592257713,0.048914925875930777,1
sep-ipop-w60,6,111018,2849,4548608,752.52201207478845,,7.2597348033766173e+44,35722.139969259959,0.050526934936369512,1
sep-ipop-w60,6,111018,2861,4573184,752.52201207478845,,1.7878580411582309e+45,28374.807728669024,0.046366994459214973,1
sep-ipop-w60,6,111018,2873,4597760,752.52201207478845,,4.6519888078729349e+45,28406.206516912189,0.047856447509353993,1
sep-ipop-w60,6,111018,2886,4624384,752.52201207478845,,1.3561837095175819e+46,32465.903853973512,0.050228615276500785,1
sep-ipop-w60,6,111018,2898,4648960,752.52201207478845,,3.4712335783481982e+46,27298.659213089079,0.051800326436888186,1
sep-ipop-w60,6,111018,2911,4675584,752.52201207478845,,1.1519101915829633e+47,23982.549898622354,0.063365595188011825,1
sep-ipop-w60,6,111018,2923,4700160,752.52201207478845,,3.2417330449983904e+47,23213.782236350533,0.067697526785690298,1
sep-ipop-w60,6,111018,2935,4724736,752.52201207478845,,7.3471509584921643e+47,18445.657597107212,0.056713344086890279,1
sep-ipop-w60,6,111018,2948,4751360,752.52201207478845,,2.0035017796422076e+48,21478.765033545795,0.059096907975713903,1
sep-ipop-w60,6,111018,2960,4775936,752.52201207478845,,6.0712812912977144e+48,20071.45832857307,0.063154595833362692,1
sep-ipop-w60,6,111018,2973,4802560,752.52201207478845,,1.8158692118976174e+49,16737.111788440707,0.058566555327190274,1
sep-ipop-w60,6,111018,2985,4827136,752.52201207478845,,6.4559434156566389e+49,18847.488233893757,0.086128716525476559,1
sep-ipop-w60,6,111018,2997,4851712,752.52201207478845,,1.5148321922424285e+50,17014.501658370016,0.073043980711958348,1
sep-ipop-w60,6,111018,3010,4878336,752.52201207478845,,2.7943247650257379e+50,17851.792685811306,0.044284181030843778,1
sep-ipop-w60,6,111018,3022,4902912,752.52201207478845,,4.0717517408507506e+50,29842.526553416483,0.030393674079880344,1
sep-ipop-w60,6,111018,3035,4929536,752.52201207478845,,5.8925417283756235e+50,40977.298911894315,0.02470930436059034,1
sep-ipop-w60,6,111018,3047,4954112,752.52201207478845,,7.8501090965451414e+50,54747.808236821074,0.020156040855729383,1
sep-ipop-w60,6,111018,3059,4978688,752.52201207478845,,1.4854387424214666e+51,60514.790278985551,0.025920614810261575,1
sep-ipop-w60,6,111018,3072,5005312,752.52201207478845,,2.6689055766490835e+51,64522.328694618554,0.022739846275210449,1
sep-ipop-w60,6,111018,3084,5029888,752.52201207478845,,5.7519343701458036e+51,60054.539654988926,0.023808411398031606,1
sep-ipop-w60,6,111018,3097,5056512,752.52201207478845,,1.2075011410133054e+52,52983.81915859432,0.022750495178186531,1
sep-ipop-w60,6,111018,3109,5081088,752.52201207478845,,2.1982889104413327e+52,81312.765379431075,0.022474561495073243,1
sep-ipop-w60,6,111018,3121,5105664,752.52201207478845,,4.0528968694014287e+52,63867.405282058979,0.021538854062700289,1
sep-ipop-w60,6,111018,3134,5132288,752.52201207478845,,6.7030053961532492e+52,107283.2066029003,0.021159019022528577,1
sep-ipop-w60,6,111018,3146,5156864,752.52201207478845,,1.0060274377279684e+53,148631.89278638308,0.019772380678379105,1
sep-ipop-w60,6,111018,3159,5183488,752.52201207478845,,1.5290938352859901e+53,105808.52799720321,0.015763555929609513,1
sep-ipop-w60,6,111018,3171,5208064,752.52201207478845,,2.0499542714665606e+53,93649.725338118762,0.014908457043743037,1
sep-ipop-w60,6,111018,3183,5232640,752.52201207478845,,2.5614056704852245e+53,257600.72841543044,0.015160094548049802,1
sep-ipop-w60,6,111018,3196,5259264,752.52201207478845,,3.2672025431028215e+53,451207.26829707826,0.015177971631222252,1
sep-ipop-w60,6,111018,3208,5283840,752.52201207478845,,4.0294767265517215e+53,1310154.0431860902,0.012340602122384237,1
sep-ipop-w60,6,111018,3221,5310464,752.52201207478845,,5.6217154765156656e+53,7508404.5687442021,0.014830694591611293,1
sep-ipop-w60,6,111018,3233,5335040,752.52201207478845,,8.2609498134025537e+53,18889509.142543722,0.016343257033774972,1
sep-ipop-w60,6,111018,3245,5359616,752.52201207478845,,1.2027651394515142e+54,36984816.393126316,0.015970057329112261,1
sep-ipop-w60,6,111018,3258,5386240,752.52201207478845,,1.7185138177187135e+54,49865664.559944741,0.016107694760997274,1
sep-ipop-w60,6,111018,3270,5410816,752.52201207478845,,2.2193198078840646e+54,119457474.29993539,0.015514062274609724,1
sep-ipop-w60,6,111018,3283,5437440,752.52201207478845,,2.6875619015401718e+54,135524798.18723074,0.010107736086240519,1
sep-ipop-w60,6,111018,3295,5462016,752.52201207478845,,3.2646935315999544e+54,217764784.2343249,0.010958312545509224,1
sep-ipop-w60,6,111018,3307,5486592,752.52201207478845,,3.7135442027222264e+54,194396174.17382801,0.010241664018758107,1
sep-ipop-w60,6,111018,3320,5513216,752.52201207478845,,4.474686123439262e+54,113103259.64858229,0.0081997591117201722,1
sep-ipop-w60,6,111018,3332,5537792,752.52201207478845,,5.6294529156049303e+54,122894665.39939229,0.0079477265980538309,1
sep-ipop-w60,6,111018,3345,5564416,752.52201207478845,,6.74309625097072e+54,119892205.85107124,0.0075782383866442897,1
sep-ipop-w60,6,111018,3357,5588992,752.52201207478845,,8.1577374257985829e+54,132556357.20946552,0.0065414921031055825,1
sep-ipop-w60,6,111018,3369,5613568,752.52201207478845,,1.1022190631681161e+55,171352247.9624376,0.0070797198068226269,1
sep-ipop-w60,6,111018,3382,5640192,752.52201207478845,,1.957951619698778e+55,185644049.0960432,0.0083791539823386326,1
sep-ipop-w60,6,111018,3394,5664768,752.52201207478845,,2.6405091104652744e+55,111182784.36900976,0.0066568694384068145,1
sep-ipop-w60,6,111018,3407,5691392,752.52201207478845,,3.8289540231258185e+55,175917463.90812594,0.0064348829597882674,1
sep-ipop-w60,6,111018,3419,5715968,752.52201207478845,,5.5391091732429564e+55,241484317.75961828,0.0068142780312405978,1
sep-ipop-w60,6,111018,3431,5740544,752.52201207478845,,7.3221553282755211e+55,682868577.0496062,0.0076429559445847801,1
sep-ipop-w60,6,111018,3444,5767168,752.52201207478845,,8.4472124235028608e+55,4874769477.6037893,0.0064929242741674515,1
sep-ipop-w60,6,111018,3456,5791744,752.52201207478845,,8.4047407047915583e+55,5900423258.0482588,0.0050554214083089986,1
sep-ipop-w60,6,111018,3469,5818368,752.52201207478845,,8.1610982157951127e+55,4031056878.6801739,0.0039940473268107648,1
sep-ipop-w60,6,111018,3479,5842944,752.52201207478845,,0.40340553261961637,3.8968373805486491,0.53632081708270207,2
sep-ipop-w60,6,111018,3485,5867520,752.52201207478845,,0.7071994938879459,21.710351216943383,1.142180547864849,2
sep-ipop-w60,6,111018,3492,5896192,752.52201207478845,,0.86434860561168647,13.733886734897451,0.65345962439025551,2
sep-ipop-w60,6,111018,3498,5920768,752.52201207478845,,1.0161194705787522,11.479801351629947,0.47939504805929756,2
sep-ipop-w60,6,111018,3504,5945344,752.52201207478845,,1.2326076283218148,11.000319079690701,0.4070439531750239,2
sep-ipop-w60,6,111018,3510,5969920,752.52201207478845,,1.508383788428546,13.992418721779988,0.35786215412649686,2
sep-ipop-w60,6,111018,3516,5994496,752.52201207478845,,1.9771172866382736,41.418947671995319,0.32210670456837998,2
sep-ipop-w60,6,111018,3523,6023168,752.52201207478845,,2.7170509384497135,98.178884218626095,0.3141163298939183,2
sep-ipop-w60,6,111018,3529,6047744,752.52201207478845,,3.7083751765737358,172.0085470972023,0.31041795719607163,2
sep-ipop-w60,6,111018,3535,6072320,752.52201207478845,,5.2594262162122805,196.16160238237919,0.31761218448777123,2
sep-ipop-w60,6,111018,3541,6096896,752.52201207478845,,7.2074431120393374,232.96497513416438,0.31185407071111404,2
sep-ipop-w60,6,111018,3547,6121472,752.52201207478845,,8.6879947646932898,334.25511235666528,0.28891355361231652,2
sep-ipop-w60,6,111018,3554,6150144,752.52201207478845,,10.761685218271905,853.48137870020321,0.28631728176285232,2
sep-ipop-w60,6,111018,3560,6174720,752.52201207478845,,12.484706697518156,1454.8033692442132,0.2997702861112827,2
sep-ipop-w60,6,111018,3566,6199296,752.52201207478845,,15.73366884039384,1886.4691785502725,0.29975228208560767,2
sep-ipop-w60,6,111018,3572,6223872,752.52201207478845,,21.207785514883671,2374.1409820434956,0.31199172525859481,2
sep-ipop-w60,6,111018,3578,6248448,752.52201207478845,,29.855493682727538,2129.5106192530811,0.30539114421960589,2
sep-ipop-w60,6,111018,3585,6277120,752.52201207478845,,40.398120819503816,2317.9606811472959,0.2792809157661208,2
sep-ipop-w60,6,111018,3591,6301696,752.52201207478845,,56.390884611260532,2806.8767126536968,0.28460805247772381,2
sep-ipop-w60,6,111018,3597,6326272,752.52201207478845,,75.400486751377471,2833.400018244502,0.26010319511281849,2
sep-ipop-w60,6,111018,3603,6350848,752.52201207478845,,107.30432854200396,3641.5198415856148,0.2740917984409974,2
sep-ipop-w60,6,111018,3609,6375424,752.52201207478845,,147.91320167297948,3518.1489306990588,0.26762065091633669,2
sep-ipop-w60,6,111018,3616,6404096,752.52201207478845,,200.55561214504499,3679.1468148298045,0.26477375384586238,2
sep-ipop-w60,6,111018,3622,6428672,752.52201207478845,,291.06236966469828,3058.3503586353013,0.28400358144452575,2
sep-ipop-w60,6,111018,3628,6453248,752.52201207478845,,424.73517418927725,2893.7586106334284,0.28551265460512548,2
sep-ipop-w60,6,111018,3634,6477824,752.52201207478845,,632.3709017141698,2548.9074786042256,0.2767471099540208,2
sep-ipop-w60,6,111018,3640,6502400,752.52201207478845,,877.10608688668833,3012.6704102975891,0.27311770441516764,2
sep-ipop-l20,7,111019,1,20,27612.805508931477,,0.27209235566349244,1.0385219985703202,0.26757293690746531,0
sep-ipop-l20,7,111019,10,200,8284.2292900085449,,0.21997590372691486,1.6177517137691968,0.23703415120990592,0
sep-ipop-l20,7,111019,40,800,1970.6409492492676,,0.1581683464419292,3.0346161423696878,0.1714387915652954,0
sep-ipop-l20,7,111019,1275,25500,1054.7938486735027,,0.00011481767110015756,322712.56524345069,0.00012406040759837026,0
sep-ipop-l20,7,111019,2178,52120,1054.7902577718098,,0.093214564733791444,12048.063337309257,0.11757360884407711,1
sep-ipop-l20,7,111019,2798,76920,1036.1712646484375,,0.0016459741070177769,5838364.3057409516,0.0010812639744426172,1
sep-ipop-l20,7,111019,3234,103880,1036.1709671020508,,0.23233385856553002,1035.058514723306,0.07768991240590066,2
sep-ipop-l20,7,111019,3523,127000,866.56810887654626,,3.8738240757603459,15382.834691528156,0.094573258624473272,2
sep-ipop-l20,7,111019,3852,153320,826.20635223388672,,1.357439691110053,1017941.9676024704,0.001944488211931791,2
sep-ipop-l20,7,111019,4158,179240,826.1140467325846,,0.56379148257634537,10.258652636028954,0.63437920730755026,3
sep-ipop-l20,7,111019,4356,210920,826.1140467325846,,4.6912966184918394,24266.126130158049,0.23351734715555497,3
sep-ipop-l20,7,111019,4488,232040,826.1140467325846,,54.157462818577329,59901.822822576352,0.11597046332618986,3
sep-ipop-l20,7,111019,4686,263720,826.1140467325846,,522.74979878212298,727237.47249784227,0.032052529666691761,3
sep-ipop-l20,7,111019,4818,284840,826.1140467325846,,692.12634745045284,290447902.10793036,0.036988451715977755,3
sep-ipop-l20,7,111019,4950,309000,826.1140467325846,,0.848668336940825,14.149873251834931,0.51484303439819123,4
sep-ipop-l20,7,111019,5082,351240,826.1140467325846,,67.849410317003631,14976.496495530897,0.25772178838244569,4
sep-ipop-l20,7,111019,5148,372360,826.1140467325846,,1018.4697504413913,27401.083620482848,0.24150541678984133,4
sep-ipop-l20,7,111019,5214,393480,826.1140467325846,,19181.283126091766,32659.157156540048,0.26476864394151034,4
sep-ipop-l20,7,111019,5280,414600,826.1140467325846,,212381.6342686103,8417.1909599798983,0.040560633281865585,4
sep-ipop-l20,7,111019,5346,435720,826.1140467325846,,978171.28050321585,11514.075920342906,0.022192215354464688,4
sep-ipop-l20,7,111019,5478,477960,826.1140467325846,,224810256.23918602,27623.482274673417,0.015005684634835665,4
sep-ipop-l20,7,111019,5544,499080,826.1140467325846,,718451036.95231533,16540588.156999826,0.011585134466408104,4
sep-ipop-l20,7,111019,5610,520200,826.1140467325846,,2742991882.3455153,236960276.48672634,0.0099679304110747748,4
sep-ipop-l20,7,111019,5676,541320,826.1140467325846,,5489720306.6576519,501805446.6530565,0.0066695692407272708,4
sep-ipop-l20,7,111019,5742,565320,826.1140467325846,,0.6150457629189503,21.659505587913532,0.94335163015228163,5
sep-ipop-l20,7,111019,5808,607560,826.1140467325846,,3.9742750714672175,1020.9800628130597,0.22110525628452934,5
sep-ipop-l20,7,111019,5874,649800,826.1140467325846,,71.664075958449303,5902.4852928193659,0.26521340007085931,5
sep-ipop-l20,7,111019,5940,692040,826.1140467325846,,2747.9705270917575,723.46330088458114,0.10925481459211149,5
sep-ipop-l20,7,111019,6006,734280,826.1140467325846,,67432.854358899131,2621.8805802307206,0.056644119233042814,5
sep-ipop-l20,7,111019,6072,776520,826.1140467325846,,1172982.5447354284,4440.4517830105606,0.018166749370233531,5
sep-ipop-l20,7,111019,6138,818760,826.1140467325846,,3611805.8545809519,70836.661954373849,0.010724390913907724,5
sep-ipop-l20,7,111019,6204,861000,826.1140467325846,,14371732.752066741,15513623.965645134,0.0081922174916290239,5
sep-ipop-l20,7,111019,6270,903240,826.1140467325846,,771866585.25128865,4548471.1076483978,0.011782246951097234,5
sep-ipop-l20,7,111019,6336,945480,826.1140467325846,,2314198108.9434943,320112768.60317886,0.0060540955996659755,5
sep-ipop-l20,7,111019,6402,987720,826.1140467325846,,3451516171.9863133,171356370.97758374,0.0045561489695561301,5
sep-ipop-l20,7,111019,6468,1029960,826.1140467325846,,6977274451.8726387,1334121617.4820504,0.0040928344436865103,5
sep-ipop-l20,7,111019,6534,1086920,826.1140467325846,,0.96866549093206467,27.194040674931724,0.36058726197006996,6
sep-ipop-l20,7,111019,6600,1171400,826.1140467325846,,11.309433835110475,2429.0891438432618,0.24602093344904563,6
sep-ipop-l20,7,111019,6666,1255880,826.1140467325846,,303.81204137510053,3289.6766867944862,0.28466192034764182,6
sep-ipop-l20,7,111019,6732,1340360,826.1140467325846,,15014.800984576726,24561.444799242494,0.24953398067782623,6
sep-ipop-l20,7,111019,6798,1424840,826.1140467325846,,413569.4770738873,48811.092848410102,0.21691829020712131,6
sep-ipop-l20,7,111019,6864,1509320,826.1140467325846,,43663886.783430018,79270.55424358591,0.25663810781389984,6
sep-ipop-l20,7,111019,6930,1593800,826.1140467325846,,1489079517.4744697,339396.83539300883,0.22756301208508417,6
sep-ipop-l20,7,111019,6996,1678280,826.1140467325846,,6570993937.1745033,6424131.6735059647,0.10540860999680526,6
sep-ipop-l20,7,111019,7062,1762760,826.1140467325846,,2655646071127.8442,3266.6926309592386,0.05260304340896238,6
sep-ipop-l20,7,111019,7128,1847240,826.1140467325846,,109682158082595.11,4672.4983668795176,0.023995757173104988,6
sep-ipop-l20,7,111019,7194,1931720,826.1140467325846,,1729844234954399.8,33507.260729849426,0.015236045795802278,6
sep-ipop-l20,7,111019,7260,2016200,826.1140467325846,,67423529051578536,58508.701553826693,0.0171774027095207,6
sep-ipop-l20,7,111019,7326,2100680,826.1140467325846,,3.7687977611144435e+17,140701.94715491767,0.0097189708844263173,6
sep-ipop-l20,7,111019,7392,2185160,826.1140467325846,,1.1059803335324458e+18,16001016.095598957,0.0076403269121693169,6
sep-ipop-l20,7,111019,7458,2269640,826.1140467325846,,3.3446554673289856e+18,86720175.126857087,0.0044304185950751838,6
sep-ipop-l20,7,111019,7524,2354120,826.1140467325846,,1.3716856416940542e+19,1054092799.9516866,0.0058816138132695272,6
sep-ipop-l20,7,111019,7590,2438600,826.1140467325846,,5.4967911557952881e+19,8128321658.9009218,0.0066664321475721697,6
sep-ipop-l20,7,111019,7656,2523080,826.1140467325846,,9.2075548769202176e+19,8579052491.0505209,0.0055385956703724835,6
sep-ipop-l20,7,111019,7722,2607560,826.1140467325846,,1.140121846598644e+20,5166491295.0414972,0.0028911576112208674,6
sep-ipop-l20,7,111019,7788,2692040,826.1140467325846,,1.3224700897410972e+20,11969016821.98653,0.0037145892081051897,6
sep-ipop-l20,7,111019,7854,2776520,826.1140467325846,,1.2069775835376193e+20,16448524529.792168,0.0027261848342128186,6
sep-ipop-l20,7,111019,7920,2861000,826.1140467325846,,1.2998610700909414e+20,26020774509.75008,0.0029864704381595175,6
sep-ipop-l20,7,111019,7986,3009480,826.1140467325846,,4.0303368429858084,166.52305831491276,0.31628499812260247,7
sep-ipop-l20,7,111019,8052,3178440,826.1140467325846,,52.175434884452898,3262.8928881042816,0.22575148495951422,7
sep-ipop-l20,7,111019,8118,3347400,826.1140467325846,,3662.3327227471682,26431.27819375274,0.26061666493459501,7
sep-ipop-l20,7,111019,8184,3516360,826.1140467325846,,201808.74045727277,64877.636788180236,0.23685221340659138,7
sep-ipop-l20,7,111019,8250,3685320,826.1140467325846,,2807352.6533410586,69242.725662598605,0.25967277939813332,7
sep-ipop-l20,7,111019,8316,3854280,826.1140467325846,,167563227.26836291,33672.997327124838,0.15642460246144596,7
sep-ipop-l20,7,111019,8382,4023240,826.1140467325846,,47272806089.046051,3204.2086937093586,0.24528468994780001,7
sep-ipop-l20,7,111019,8448,4192200,826.1140467325846,,7011118280482.7627,7058.1602733974423,0.24375836023070796,7
sep-ipop-l20,7,111019,8514,4361160,826.1140467325846,,402782863271245,71370.271510372972,0.2433244616226358,7
sep-ipop-l20,7,111019,8580,4530120,826.1140467325846,,30317201401713760,34892.147401086382,0.13656690933176674,7
sep-ipop-l20,7,111019,8646,4699080,826.1140467325846,,1.1917366927424023e+18,42936.685537657031,0.049808431053230087,7
sep-ipop-l20,7,111019,8712,4868040,826.1140467325846,,9.4326042929918833e+18,166150.55891059808,0.032816325513611286,7
sep-ipop-l20,7,111019,8778,5037000,826.1140467325846,,9.9357480482062975e+19,620778.26643400663,0.0095703749132827216,7
sep-ipop-l20,7,111019,8844,5205960,826.1140467325846,,2.785183466903322e+21,1071782.8049200322,0.0101146392005517,7
sep-ipop-l20,7,111019,8910,5374920,826.1140467325846,,5.1362555847419158e+22,1191583.8291794285,0.0086348759504599696,7
sep-ipop-l20,7,111019,8976,5543880,826.1140467325846,,3.386152266636713e+23,8209039.1797492029,0.0067207177278818114,7
sep-ipop-l20,7,111019,9042,5712840,826.1140467325846,,9.7093167909765753e+23,123547071.13907112,0.0050688918155253936,7
sep-ipop-l20,7,111019,9108,5881800,826.1140467325846,,5.5280355780241529e+24,256275437.43478543,0.0055793608729385671,7
sep-ipop-l20,7,111019,9174,6050760,826.1140467325846,,6.4143986461922123e+24,6144666322.568162,0.0046918253634066626,7
sep-ipop-l20,7,111019,9240,6219720,826.1140467325846,,6.6678313880122882e+24,4500796028.4310265,0.0036931769942371811,7
sep-ipop-l20,7,111019,9306,6388680,826.1140467325846,,5.5210163884389825e+24,3444727468.9240756,0.0024979647823009329,7
sep-ipop-l20-w102,7,111019,1,20,27612.805508931477,,0.27209235566349244,1.0385219985703202,0.26757293690746531,0
sep-ipop-l20-w102,7,111019,10,200,8284.2292900085449,,0.21997590372691486,1.6177517137691968,0.23703415120990592,0
sep-ipop-l20-w102,7,111019,40,800,1970.6409492492676,,0.1581683464419292,3.0346161423696878,0.1714387915652954,0
sep-ipop-l20-w102,7,111019,1275,25500,1054.7938486735027,,0.00011481767110015756,322712.56524345069,0.00012406040759837026,0
sep-ipop-l20-w102,7,111019,2027,50840,883.04979197184241,,0.038691971650734021,2526.8236334067556,0.017636914377261947,1
sep-ipop-l20-w102,7,111019,2640,79720,878.61946614583337,,0.15332180363131367,537.18809260896398,0.15354897345659199,2
sep-ipop-l20-w102,7,111019,2970,106120,878.61946614583337,,1.2138946045531549,5754.9752723431784,0.042525842366016954,2
sep-ipop-l20-w102,7,111019,3234,127240,878.61946614583337,,2.8191908883727459,7413.7830233143468,0.014013042724293153,2
sep-ipop-l20-w102,7,111019,3564,153640,878.61946614583337,,47.933114103779843,8411.5735976735486,0.0068074538637175868,2
sep-ipop-l20-w102,7,111019,3894,180040,878.61946614583337,,5.0878735562979651,22956461.619316522,0.00044306412068945654,2
sep-ipop-l20-w102,7,111019,4092,209000,878.61946614583337,,1.1657599759772228,91285.147483855384,0.29057806843730544,3
sep-ipop-l20-w102,7,111019,4224,230120,878.61946614583337,,21.746897686984834,38310.914116600223,0.28717622363426759,3
sep-ipop-l20-w102,7,111019,4422,261800,878.61946614583337,,977.81698142975677,28107.369729532107,0.036642646497998671,3
sep-ipop-l20-w102,7,111019,4554,282920,878.61946614583337,,4169.6298497099542,13451.874145940808,0.014254889280538106,3
sep-ipop-l20-w102,7,111019,4752,314600,878.61946614583337,,6705.2412986714589,1097974.5075123489,0.0016062542996752715,3
sep-ipop-l20-w102,7,111019,4884,335720,878.61946614583337,,11197.567558249362,67245277.071059063,0.0018856681326088513,3
sep-ipop-l20-w102,7,111019,5016,362760,878.61946614583337,,0.90873471788266547,256.33882155715895,0.26556653477555286,4
sep-ipop-l20-w102,7,111019,5082,383880,878.61946614583337,,7.9222117511232382,4525.1014917514267,0.25891334708711822,4
sep-ipop-l20-w102,7,111019,5214,426120,878.61946614583337,,2262.1770398351523,13758.185694687396,0.15766041807089776,4
sep-ipop-l20-w102,7,111019,5260,440840,876.24160512288415,,13493.984338331495,55975.12617278628,0.10757974662006684,4
sep-ipop-l20-w102,7,111019,5312,457480,853.01397959391272,,175064.76185583527,34217.734384586242,0.043638403838061612,4
sep-ipop-l20-w102,7,111019,5394,483720,846.17839813232422,,913379.35800645151,346295.59715219087,0.017231256448849295,4
sep-ipop-l20-w102,7,111019,5473,509000,844.01820882161462,,3780074.6052953703,2764597.5461545787,0.0070884734293907656,4
sep-ipop-l20-w102,7,111019,5552,534280,843.59127807617188,,12251186.547990989,2517104.0365252555,0.0036897621038252813,4
sep-ipop-l20-w102,7,111019,5632,559880,843.5151697794596,,23309164.718402609,104036961.97703683,0.002886778855454145,4
sep-ipop-l20-w102,7,111019,5742,595080,843.45991516113281,,67728696.296706602,763288676.28728294,0.001271110459379923,4
sep-ipop-l20-w102,7,111019,5808,627080,843.45991516113281,,1.2544184266108467,76.0138050419,0.29397260066917674,5
sep-ipop-l20-w102,7,111019,5874,669320,843.45991516113281,,9.2901146878765886,4451.0415806884812,0.24979630325813976,5
sep-ipop-l20-w102,7,111019,5940,711560,843.45991516113281,,234.6147107738332,12141.261315368989,0.2755908507876651,5
sep-ipop-l20-w102,7,111019,6006,753800,843.45991516113281,,2618.343636455762,133872.35663970426,0.26334685686997672,5
sep-ipop-l20-w102,7,111019,6072,796040,843.45991516113281,,126512.5866998042,2285.2699756157726,0.059424888982267776,5
sep-ipop-l20-w102,7,111019,6138,838280,843.45991516113281,,2187443.3174729659,3030.046326189256,0.024749965531879387,5
sep-ipop-l20-w102,7,111019,6204,880520,843.45991516113281,,39393840.507160507,7964.25015081529,0.020996027182585596,5
sep-ipop-l20-w102,7,111019,6270,922760,843.45991516113281,,202502469.31673205,46347.425682239329,0.01236435534655175,5
sep-ipop-l20-w102,7,111019,6336,965000,843.45991516113281,,6199919174.5834818,113886.76560165797,0.013228894853453669,5
sep-ipop-l20-w102,7,111019,6402,1007240,843.45991516113281,,358487720263.98602,44752.211260211719,0.021802144059103842,5
sep-ipop-l20-w102,7,111019,6468,1049480,843.45991516113281,,4409099656040.6211,167008.87431741398,0.010033743382335482,5
sep-ipop-l20-w102,7,111019,6534,1091720,843.45991516113281,,15443730375515.367,4167961.9361332939,0.0071343802734988842,5
sep-ipop-l20-w102,7,111019,6600,1133960,843.45991516113281,,19885216589202.715,55849670.140414082,0.0063567132023055655,5
sep-ipop-l20-w102,7,111019,6666,1176200,843.45991516113281,,115463333380121.84,1538740894.2655287,0.0066684118527966015,5
sep-ipop-l20-w102,7,111019,6732,1218440,843.45991516113281,,306438201521726.81,13779986644.117922,0.0041339013102553264,5
sep-ipop-l20-w102,7,111019,6798,1267720,843.45991516113281,,0.87391294356549942,8.3666383881149535,0.71743242944970742,6
sep-ipop-l20-w102,7,111019,6864,1352200,843.45991516113281,,9.2422934974803983,712.52935066454506,0.28641539966401131,6
sep-ipop-l20-w102,7,111019,6930,1436680,843.45991516113281,,342.42660337495352,2672.3770781461267,0.29215927440311779,6
sep-ipop-l20-w102,7,111019,6996,1521160,843.45991516113281,,10211.02557451595,45292.422506136936,0.24382338492002306,6
sep-ipop-l20-w102,7,111019,7062,1605640,843.45991516113281,,941822.38609357248,85353.393274820628,0.25355964314210838,6
sep-ipop-l20-w102,7,111019,7128,1690120,843.45991516113281,,36801873.344512023,171903.46297462576,0.26131083090036356,6
sep-ipop-l20-w102,7,111019,7194,1774600,843.45991516113281,,1489533808.1942275,57135.055040341307,0.2016361893338747,6
sep-ipop-l20-w102,7,111019,7260,1859080,843.45991516113281,,80722016261.849518,11353.058645744508,0.085170494072922695,6
sep-ipop-l20-w102,7,111019,7279,1883400,841.07304763793945,,165555220175.07404,12274.237231869678,0.061587124356741081,6
sep-ipop-l20-w102,7,111019,7302,1912840,837.36100387573242,,309556867295.42401,20375.888503802438,0.028579511232007936,6
sep-ipop-l20-w102,7,111019,7321,1937160,836.19799041748047,,446261621701.42047,39003.821547082152,0.019138615534603217,6
sep-ipop-l20-w102,7,111019,7338,1958920,835.58394241333008,,671511925259.12329,98985.973182227157,0.019431781314069092,6
sep-ipop-l20-w102,7,111019,7360,1987080,834.88026809692383,,1325353245143.1072,228865.548827694,0.020066968151883555,6
sep-ipop-l20-w102,7,111019,7379,2011400,834.5200309753418,,1811643939065.4329,338054.87889452191,0.013871372725552692,6
sep-ipop-l20-w102,7,111019,7410,2051080,834.28264490763343,,3319283567449.4395,2166342.5260024332,0.01408788876132025,6
sep-ipop-l20-w102,7,111019,7419,2062600,834.20858637491858,,4451995697965.7666,2751323.8287124294,0.014995874370572738,6
sep-ipop-l20-w102,7,111019,7439,2088200,833.97567621866858,,7731351931517.7168,6559559.6648922646,0.014231317575463035,6
sep-ipop-l20-w102,7,111019,7458,2112520,833.85227966308594,,10269914692179.59,45342248.430331171,0.0090953323630405848,6
sep-ipop-l20-w102,7,111019,7477,2136840,833.79577891031897,,14862208718986.041,243150770.6641115,0.0073771939898576505,6
sep-ipop-l20-w102,7,111019,7495,2159880,833.73320388793945,,20847680303699.531,265807686.41132045,0.0062878516437292857,6
sep-ipop-l20-w102,7,111019,7517,2188040,833.66378148396814,,46200721304583.289,177286225.25579223,0.006725551799135962,6
sep-ipop-l20-w102,7,111019,7536,2212360,833.64341608683264,,91662869548603.422,334414412.66023648,0.007022366693370247,6
sep-ipop-l20-w102,7,111019,7556,2237960,833.63874053955078,,152153548194613.53,152320694.26227647,0.0035186316626349512,6
sep-ipop-l20-w102,7,111019,7575,2262280,833.636464436849,,275808117042796.19,260982918.65967888,0.0035356107114312748,6
sep-ipop-l20-w102,7,111019,7597,2290440,833.63616434733069,,560911595083464.81,523040630.73126429,0.0034108967618460017,6
sep-ipop-l20-w102,7,111019,7656,2365960,833.63616434733069,,559777850575961.38,519766749.3148793,0.0013705088980857825,6
sep-ipop-l20-w102,7,111019,7722,2479880,833.63616434733069,,1.0715257317040834,27.164475897007328,0.51520263008063583,7
sep-ipop-l20-w102,7,111019,7788,2648840,833.63616434733069,,15.928580201185889,1207.3242505360236,0.32663241444649144,7
sep-ipop-l20-w102,7,111019,7854,2817800,833.63616434733069,,381.13941143645354,2553.0026835993135,0.28630211334691064,7
sep-ipop-l20-w102,7,111019,7920,2986760,833.63616434733069,,14803.578071454922,57653.347203756835,0.25744277785305514,7
sep-ipop-l20-w102,7,111019,7986,3155720,833.63616434733069,,1063344.7091106656,229114.65332208094,0.2467537332388994,7
sep-ipop-l20-w102,7,111019,8052,3324680,833.63616434733069,,56456481.952622704,17040.391298623712,0.039688417195267729,7
sep-ipop-l20-w102,7,111019,8118,3493640,833.63616434733069,,2081357738.7592373,28678.443539832173,0.02610624337414371,7
sep-ipop-l20-w102,7,111019,8184,3662600,833.63616434733069,,12560878392.931738,568870.1514587428,0.013322000466191697,7
sep-ipop-l20-w102,7,111019,8250,3831560,833.63616434733069,,53591524868.6605,24361827.278262585,0.0083340891441036711,7
sep-ipop-l20-w102,7,111019,8316,4000520,833.63616434733069,,1218852264829.5046,104323253.0646677,0.011125114037817994,7
sep-ipop-l20-w102,7,111019,8382,4169480,833.63616434733069,,29814725460457.09,332156291.12232322,0.010031541657161108,7
sep-ipop-l20-w102,7,111019,8448,4338440,833.63616434733069,,1265193841863761.5,155855738.23228216,0.0095098043700372874,7
sep-ipop-l20-w102,7,111019,8514,4507400,833.63616434733069,,21367901827795592,296765678.43194282,0.010139393456142353,7
sep-ipop-l20-w102,7,111019,8580,4676360,833.63616434733069,,2.9575202390047923e+17,452414424.80727142,0.0071532352664831706,7
sep-ipop-l20-w102,7,111019,8646,4845320,833.63616434733069,,1.0909090736492805e+18,619788352.0376941,0.0062078760102980647,7
sep-ipop-l20-w102,7,111019,8712,5014280,833.63616434733069,,7.5821206044711465e+18,7995317352.8145056,0.0064427807229661049,7
sep-ipop-l20-w102,7,111019,8778,5183240,833.63616434733069,,7.892099615152468e+18,11166015407.326942,0.0054880063019626113,7
sep-ipop-l20-w102,7,111019,8844,5521160,833.63616434733069,,4.416575824938664,119.53300705399833,0.32625901260068485,8
sep-ipop-l20-w102,7,111019,8910,5859080,833.63616434733069,,92.86763901284408,1864.7284953721116,0.29425001535191686,8
sep-ipop-l20-w102,7,111019,8976,6197000,833.63616434733069,,4033.9158447079803,3855.2366126255042,0.27161220447692958,8
sep-ipop,7,111019,1,1024,8911.8611653645839,,0.28450537747012089,8.4032649880915944,0.12113853546238529,0
sep-ipop,7,111019,5,5120,1944.3751678466797,,0.80900380808086769,42.518243401004455,0.70835991541896404,0
sep-ipop,7,111019,10,10240,1705.5315386454265,,1.4037370151382473,21.319273686417105,0.69633158223588987,0
sep-ipop,7,111019,20,20480,1643.2237141927083,,2.5336051861435638,5.0475512058264957,0.34790451652471283,0
sep-ipop,7,111019,25,25600,1610.8721008300781,,2.7677468807892889,5.6854804154464329,0.2725827089086047,0
sep-ipop,7,111019,40,40960,1462.2235984802246,,5.1722887493410745,43.683328837265663,0.27934470031611974,0
sep-ipop,7,111019,50,51200,1411.7028986612956,,7.18020531426186,149.74197447359649,0.22838474092437086,0
sep-ipop,7,111019,75,76800,1360.3397013346355,,14.09194271437493,2430.3454081024911,0.22343491971481322,0
sep-ipop,7,111019,80,81920,1360.3397013346355,,15.079506985455332,5594.8657896416516,0.22638615024370864,0
sep-ipop,7,111019,100,102400,1356.6970558166504,,20.625104166198152,17425.389245518247,0.2212160685159458,0
sep-ipop,7,111019,125,128000,1349.9577789306641,,42.11830499766878,19906.645790173239,0.21640708640617276,0
sep-ipop,7,111019,149,152576,1338.0250193277996,,140.07646337964493,14492.532250777096,0.24628667399532475,0
sep-ipop,7,111019,160,163840,1324.8783175150554,,246.67758712560465,12706.27259250701,0.24631188612482463,0
sep-ipop,7,111019,174,178176,1301.7207578023274,,503.79164140549557,6875.9882113022522,0.25762434951429036,0
sep-ipop,7,111019,199,203776,1222.2884127298992,,2123.9798970628649,1179.4546096335832,0.16932270307191263,0
sep-ipop,7,111019,224,229376,1144.2871208190918,,8012.5551728788969,734.36146343332211,0.11477561797668794,0
sep-ipop,7,111019,249,254976,1095.8852132161458,,22771.442762413943,6775.6775057002742,0.12350438658594388,0
sep-ipop,7,111019,255,261120,1095.3956553141277,,28721.871233524624,13621.231296219006,0.1236466100789981,0
sep-ipop,7,111019,273,279552,1086.8404426574707,,74994.170621405123,96288.748066376706,0.22383116434804212,0
sep-ipop,7,111019,298,305152,1078.4337183634441,,312298.9178697337,126963.11033909248,0.24969019672288281,0
sep-ipop,7,111019,323,330752,1070.7087809244792,,1147221.0666175412,227778.04890257734,0.24754991761311249,0
sep-ipop,7,111019,348,356352,1062.7290369669597,,3788924.9780252981,270812.19657971297,0.25294488833079176,0
sep-ipop,7,111019,373,381952,1052.3807017008464,,11308972.190895256,276368.28091774689,0.2165324973063924,0
sep-ipop,7,111019,397,406528,1040.9307250976562,,33936371.464328393,209569.07250509859,0.17256890198444286,0
sep-ipop,7,111019,422,432128,1018.4378089904785,,217366868.56857234,17038.058489371466,0.10041557994446597,0
sep-ipop,7,111019,447,457728,1006.9908180236816,,990425030.60925722,16817.429548852273,0.08594538370326911,0
sep-ipop,7,111019,472,483328,994.75350443522132,,8036436570.8833895,9849.5690586560322,0.12798142701378767,0
sep-ipop,7,111019,497,508928,971.0072352091471,,36308933220.073135,11909.526596059726,0.10726778745033841,0
sep-ipop,7,111019,521,533504,961.30071640014648,,106437972266.85951,30365.641950141537,0.066334145844321304,0
sep-ipop,7,111019,546,559104,957.43384043375647,,579750885433.83765,23610.286455809604,0.063881087458463243,0
sep-ipop,7,111019,571,584704,952.46630350748694,,2596907581823.9961,32909.35460107962,0.06148006719668736,0
sep-ipop,7,111019,596,610304,949.14668909708655,,6574160244644.2256,32163.955141319035,0.043472696312084086,0
sep-ipop,7,111019,621,635904,947.40477116902673,,9427682016721.1953,82413.959219681798,0.023614113984969889,0
sep-ipop,7,111019,645,660480,946.80804443359375,,16620324977694.002,148341.73304165338,0.017615622524119984,0
sep-ipop,7,111019,670,686080,946.22960917154944,,24587752308793.105,61046.974388144678,0.0062762082179716235,0
sep-ipop,7,111019,695,711680,946.00166702270508,,39571836176774.742,294117.77178623102,0.0054446374318009739,0
sep-ipop,7,111019,720,737280,945.80227533976233,,60983410199896.648,4180037.2272911873,0.0059690889514064163,0
sep-ipop,7,111019,745,762880,945.71215438842773,,102442193856188.58,7020852.6968308166,0.0052032788229903447,0
sep-ipop,7,111019,769,787456,945.66308848063147,,177125928611345.16,60567047.471385583,0.0066319805876569465,0
sep-ipop,7,111019,794,813056,945.65048344930017,,314158434204409.31,135560282.87574401,0.0044080433561442109,0
sep-ipop,7,111019,819,838656,945.64031855265296,,620287976111705.25,360806224.06476557,0.0034830791853970602,0
sep-ipop,7,111019,844,864256,945.63757705688477,,941569352303623.75,327705969.24571204,0.0036013427918686171,0
sep-ipop,7,111019,869,889856,945.63711547851562,,1960527357612178.8,616441300.27190757,0.0036849725260988653,0
sep-ipop,7,111019,893,914432,945.63711547851562,,1844236084271010,1964206192.8740213,0.0030081461529223551,0
sep-ipop,7,111019,918,940032,945.63711547851562,,1947602587588283.5,2590251176.8222103,0.0031554153427211309,0
sep-ipop,7,111019,943,965632,945.63711547851562,,2097276289312470.5,2911851582.0821977,0.0033904002148623432,0
sep-ipop,7,111019,968,991232,945.63711547851562,,2237481706657985.5,1138184901.0502784,0.0027279843325649644,0
sep-ipop,7,111019,993,1016832,945.63711547851562,,2341257292160565,1745650841.1965442,0.0027044402255254271,0
sep-ipop,7,111019,1017,1041408,945.63711547851562,,2614762760369219,1396841265.9331646,0.0023282243087658482,0
sep-ipop,7,111019,1042,1067008,945.63711547851562,,2673891431939248.5,3015622281.0445433,0.0027411050046434269,0
sep-ipop,7,111019,1067,1092608,945.63711547851562,,2818272589784789.5,5136604388.2313623,0.0027439940758936109,0
sep-ipop,7,111019,1092,1118208,945.63711547851562,,3244771448735535.5,5140766398.8173685,0.0030615406155230919,0
sep-ipop,7,111019,1117,1143808,945.63711547851562,,3376030613155988,7003019526.4075241,0.0034135399279311062,0
sep-ipop,7,111019,1142,1169408,945.63711547851562,,3716653784848628.5,9742229820.2168274,0.0031832880208266254,0
sep-ipop,7,111019,1166,1193984,945.63711547851562,,3284228864734754.5,10635710603.505718,0.0030341032510233785,0
sep-ipop,7,111019,1191,1219584,945.63711547851562,,3476699630977303.5,7015614402.9935493,0.0027540604633357986,0
sep-ipop,7,111019,1216,1245184,945.63711547851562,,3394698248081747.5,8799519064.5471134,0.002507434657622491,0
sep-ipop,7,111019,1231,1271808,945.63711547851562,,0.80801502014404203,14.207866186513533,0.89567052531769176,1
sep-ipop,7,111019,1243,1296384,945.63711547851562,,1.1190093325969983,15.57310650872413,0.45128504139944053,1
sep-ipop,7,111019,1255,1320960,945.63711547851562,,1.5284546770274701,19.513591987702377,0.32070210517153025,1
sep-ipop,7,111019,1268,1347584,945.63711547851562,,2.8329251616640176,153.75681667252596,0.32028651429632077,1
sep-ipop,7,111019,1280,1372160,945.63711547851562,,5.2610223654176655,244.63728463260495,0.30900714129590312,1
sep-ipop,7,111019,1293,1398784,945.63711547851562,,7.5195070564044615,585.28689587985468,0.2794880360478379,1
sep-ipop,7,111019,1305,1423360,945.63711547851562,,10.156704684736635,2155.7362839611519,0.27436236009442816,1
sep-ipop,7,111019,1317,1447936,945.63711547851562,,16.302227063614193,3119.8195921717779,0.32088402519176029,1
sep-ipop,7,111019,1330,1474560,945.63711547851562,,27.919447470844382,2202.8108882616543,0.2635215171400529,1
sep-ipop,7,111019,1342,1499136,945.63711547851562,,52.676603220125799,2166.5911563363729,0.26701848843177489,1
sep-ipop,7,111019,1355,1525760,945.63711547851562,,100.8756058756435,2247.6285551729002,0.27449235101489328,1
sep-ipop,7,111019,1367,1550336,945.63711547851562,,199.28910405617421,2521.5845145689218,0.27368765864944389,1
sep-ipop,7,111019,1379,1574912,945.63711547851562,,401.91286175716135,2481.4811628394323,0.27399728419748515,1
sep-ipop,7,111019,1392,1601536,945.63711547851562,,835.36968528326042,2143.610777105232,0.28835871573632832,1
sep-ipop,7,111019,1404,1626112,945.63711547851562,,1715.4588163054395,2636.851141419218,0.27670680689326371,1
sep-ipop,7,111019,1417,1652736,945.63711547851562,,3233.9011394941299,3767.735971804374,0.24540469975299767,1
sep-ipop,7,111019,1429,1677312,945.63711547851562,,6143.409315128024,4730.4852021119732,0.25016634660310932,1
sep-ipop,7,111019,1441,1701888,945.63711547851562,,11861.262263033725,7806.8763380537448,0.24806711102591672,1
sep-ipop,7,111019,1454,1728512,945.63711547851562,,25190.726949152227,13071.312329922879,0.2599913948988018,1
sep-ipop,7,111019,1466,1753088,945.63711547851562,,49092.578262618073,17963.906629770103,0.23864766876083962,1
sep-ipop,7,111019,1479,1779712,945.63711547851562,,100701.95366920563,32538.74257322936,0.24553513185088047,1
sep-ipop,7,111019,1491,1804288,945.63711547851562,,199124.95999236286,68255.114885125702,0.24805746831465764,1
sep-ipop,7,111019,1503,1828864,945.63711547851562,,427083.74137397716,98235.522117326793,0.25454230709477188,1
sep-ipop,7,111019,1516,1855488,945.63711547851562,,973865.9579053846,156207.54635653112,0.24799320713654063,1
sep-ipop,7,111019,1528,1880064,945.63711547851562,,2114091.9697121577,190694.96945510851,0.24572916191728075,1
sep-ipop,7,111019,1541,1906688,945.63711547851562,,4865262.9835106619,266407.18222347728,0.24468624117996032,1
sep-ipop,7,111019,1553,1931264,945.63711547851562,,10935836.396448726,280694.56555809843,0.24156931518793395,1
sep-ipop,7,111019,1565,1955840,945.63711547851562,,31196896.167707484,251693.18530109181,0.25927610875976742,1
sep-ipop,7,111019,1578,1982464,945.63711547851562,,113838975.63866529,152343.01201991434,0.28077729809921298,1
sep-ipop,7,111019,1590,2007040,940.37265396118164,,215374924.65340742,217723.74895793543,0.24105633956282149,1
sep-ipop,7,111019,1603,2033664,936.48024749755859,,381050892.13370168,445181.17980158335,0.22674143351428941,1
sep-ipop,7,111019,1615,2058240,933.797119140625,,494042203.41101295,1265708.0000859401,0.21096407761700409,1
sep-ipop,7,111019,1627,2082816,931.88745498657227,,739136978.83701575,1304407.9169948855,0.20681959183710666,1
sep-ipop,7,111019,1640,2109440,923.23629633585608,,2713232617.9139271,222691.3320207783,0.16897131958223036,1
sep-ipop,7,111019,1652,2134016,919.08181126912439,,6677265115.7869692,44532.954339605167,0.086690905699467594,1
sep-ipop,7,111019,1665,2160640,915.021250406901,,12786191849.35078,46754.449312505574,0.061254255702382125,1
sep-ipop,7,111019,1677,2185216,912.38117599487305,,28876019446.449081,39252.940285449469,0.053507212470027453,1
sep-ipop,7,111019,1690,2211840,910.78516133626306,,57942967817.58802,42164.52202935941,0.039883138555516097,1
sep-ipop,7,111019,1702,2236416,909.55745569864905,,97733702596.15799,62090.726938469576,0.03222823379347136,1
sep-ipop,7,111019,1714,2260992,908.45243835449219,,155624268967.45969,51076.959612843188,0.027808393536307548,1
sep-ipop,7,111019,1727,2287616,907.75906753540039,,262062209136.17133,26993.720977698071,0.022147741569878823,1
sep-ipop,7,111019,1739,2312192,907.23072560628259,,481637872765.14648,28980.3115513105,0.024723715359027537,1
sep-ipop,7,111019,1752,2338816,906.46851348876953,,847640052422.95386,38609.516076563013,0.022706866188931644,1
sep-ipop,7,111019,1764,2363392,905.81946690877282,,1441007770727.74,36044.883139573074,0.021128186104538066,1
sep-ipop,7,111019,1776,2387968,905.55796432495117,,3072439478663.6704,30258.822776985697,0.020648391726666399,1
sep-ipop,7,111019,1789,2414592,904.85034561157227,,6246806580742.8574,35246.017699625721,0.022204022250482684,1
sep-ipop,7,111019,1801,2439168,904.14970779418945,,11448849248629.664,34644.851288850143,0.023082008614333425,1
sep-ipop,7,111019,1814,2465792,904.05937957763672,,22847232205139.93,35126.318536030645,0.020859880402078031,1
sep-ipop,7,111019,1826,2490368,903.46833928426111,,39491865925750.008,31099.827054033471,0.018609945518275148,1
sep-ipop,7,111019,1838,2514944,903.31399408976233,,58809805638727.43,23175.163776327874,0.014867762282824229,1
sep-ipop,7,111019,1851,2541568,903.04966354370117,,75465800373676.812,26689.544755015791,0.010048796701203871,1
sep-ipop,7,111019,1863,2566144,902.96808497110999,,98116549353776.281,28749.690984861383,0.0090138853331395638,1
sep-ipop,7,111019,1876,2592768,902.50231170654297,,147994290543975.38,52286.550430658754,0.0098701541529645012,1
sep-ipop,7,111019,1888,2617344,902.36874898274743,,323931411256713.25,114608.02064107872,0.01346056561466713,1
sep-ipop,7,111019,1900,2641920,902.06304931640625,,713228939740423.5,120958.22470993397,0.013608732794652663,1
sep-ipop,7,111019,1913,2668544,901.8810818990072,,1930724257837276.2,151342.39428969406,0.018390307879909199,1
sep-ipop,7,111019,1925,2693120,901.41051610310876,,5843643721213177,111314.01430549908,0.02411593814882439,1
sep-ipop,7,111019,1938,2719744,901.15639623006189,,20467399880475504,78773.956413739492,0.031146285620269651,1
sep-ipop,7,111019,1950,2744320,900.2776997884115,,55001728054508200,45392.46175252126,0.028082658816120463,1
sep-ipop,7,111019,1962,2768896,899.92727533976233,,1.1976632108001603e+17,50533.694056482571,0.026445449658319967,1
sep-ipop,7,111019,1975,2795520,899.25940831502282,,3.5597858077506829e+17,33363.998209231759,0.027611854337222488,1
sep-ipop,7,111019,1987,2820096,898.57460912068689,,8.6020207237686451e+17,25662.967661952312,0.027744797172574137,1
sep-ipop,7,111019,2000,2846720,898.22568257649743,,3.7857504528358589e+18,24445.933534046198,0.041390528361907875,1
sep-ipop,7,111019,2012,2871296,897.48163731892907,,1.2295585375037737e+19,25393.485484620789,0.04578055916632999,1
sep-ipop,7,111019,2024,2895872,896.12211736043298,,2.6766967546885988e+19,27616.327890576758,0.039682028295639007,1
sep-ipop,7,111019,2037,2922496,894.80266316731775,,4.8802523249713873e+19,30548.197604793004,0.028760650369960325,1
sep-ipop,7,111019,2049,2947072,893.87676366170251,,7.3488394945756185e+19,33522.433774869642,0.022092187552933875,1
sep-ipop,7,111019,2062,2973696,893.29972076416016,,1.0388876933511787e+20,49035.250732908185,0.021383612842748909,1
sep-ipop,7,111019,2074,2998272,892.97451019287109,,1.3569234136779389e+20,65558.178225392112,0.021225903581254594,1
sep-ipop,7,111019,2086,3022848,892.45385106404626,,2.0246991120488025e+20,87174.533166831927,0.021681350009089616,1
sep-ipop,7,111019,2099,3049472,892.29276529947913,,2.538828442008173e+20,152357.88011247016,0.021279462275458464,1
sep-ipop,7,111019,2111,3074048,892.07353210449219,,3.265398596731652e+20,441020.74456168956,0.021950833727763224,1
sep-ipop,7,111019,2124,3100672,891.88514963785804,,3.6475640863067026e+20,442817.81066725845,0.015337956243178831,1
sep-ipop,7,111019,2136,3125248,891.71268208821618,,4.710688216991107e+20,224249.13324186738,0.0079271819172118119,1
sep-ipop,7,111019,2148,3149824,891.66495386759436,,5.586426010717029e+20,829755.54952951579,0.0086316892701446945,1
sep-ipop,7,111019,2161,3176448,891.53486760457361,,7.8632243628749672e+20,2610321.3964816858,0.0081770928766671733,1
sep-ipop,7,111019,2173,3201024,891.5003445943197,,9.4482800853367613e+20,3093772.9811789747,0.0066104122990164075,1
sep-ipop,7,111019,2186,3227648,891.5003445943197,,1.217076426534438e+21,3876756.9403341361,0.0035338821788269263,1
sep-ipop,7,111019,2198,3252224,891.48435974121094,,1.683808532112413e+21,20840295.196265224,0.0038135452864165123,1
sep-ipop,7,111019,2210,3276800,891.35053507486975,,2.5842776188706085e+21,52032524.481754951,0.0051976849980252858,1
sep-ipop,7,111019,2223,3303424,891.35053507486975,,4.0250890107363713e+21,57467534.984215051,0.0051526676602233496,1
sep-ipop,7,111019,2235,3328000,891.35053507486975,,5.0603402958495264e+21,74783916.942048669,0.0053354399667290319,1
sep-ipop,7,111019,2248,3354624,891.35016377766931,,1.1121112062355288e+22,49851365.054897659,0.0056908509469162588,1
sep-ipop,7,111019,2260,3379200,891.33127212524414,,1.4044532405417315e+22,46969061.823566616,0.0047352322690999479,1
sep-ipop,7,111019,2272,3403776,891.32929611206055,,2.1165763169611246e+22,50687150.657155491,0.004541088770828889,1
sep-ipop,7,111019,2285,3430400,891.32618967692054,,3.1369900995772101e+22,36789401.888174839,0.0040877053138291489,1
sep-ipop,7,111019,2297,3454976,891.32177480061853,,4.0344590449831934e+22,117845229.60574047,0.0040714313786717185,1
sep-ipop,7,111019,2310,3481600,891.32177480061853,,5.506002027428424e+22,114530154.46005991,0.0041885834491934941,1
sep-ipop,7,111019,2322,3506176,891.32177480061853,,6.6495612714434899e+22,174025489.57770911,0.0048415406780988133,1
sep-ipop,7,111019,2334,3530752,891.31823476155603,,8.5548228622979185e+22,128456212.88310698,0.0042782968531326383,1
sep-ipop,7,111019,2347,3557376,891.31823476155603,,1.1587691937538936e+23,133073548.34403187,0.0039979925785953423,1
sep-ipop,7,111019,2359,3581952,891.2981287638346,,1.260456677724403e+23,1283909318.1185498,0.003653640096563823,1
sep-ipop,7,111019,2372,3608576,891.2981287638346,,1.3449566040010518e+23,4714353398.1328325,0.0033575492777870764,1
sep-ipop,7,111019,2384,3633152,891.2981287638346,,1.4675790347009652e+23,9084261179.8201332,0.0037291140107643082,1
sep-ipop,7,111019,2396,3657728,891.2981287638346,,1.4292722192335975e+23,10585955492.8459,0.0032962706555356284,1
sep-ipop,7,111019,2409,3684352,891.2981287638346,,1.4506438514466725e+23,8810646519.6977444,0.0029403808368265085,1
sep-ipop,7,111019,2421,3708928,891.2981287638346,,1.4325861286834552e+23,10829817891.79093,0.00299229874027112,1
sep-ipop,7,111019,2434,3735552,891.2981287638346,,1.4184498439845927e+23,15887350392.64155,0.0030204816400677837,1
sep-ipop,7,111019,2446,3760128,891.2981287638346,,1.3701742080536959e+23,21942852309.491436,0.0027588190889553926,1
sep-ipop,7,111019,2458,3784704,891.2981287638346,,1.375100391459594e+23,15877587257.262686,0.0023679151324539449,1
sep-ipop,7,111019,2471,3811328,891.2981287638346,,1.3077290656705327e+23,15226157623.102076,0.002213051180648678,1
sep-ipop,7,111019,2483,3835904,891.2981287638346,,1.4102789444250724e+23,8643448049.6936493,0.0020361071399122698,1
sep-ipop,7,111019,2496,3862528,891.2981287638346,,1.3963368621696836e+23,6932046631.7151947,0.0018640493719419818,1
sep-ipop,7,111019,2508,3887104,891.2981287638346,,1.2525295049783831e+23,7110511686.4231663,0.0015494541077143724,1
sep-ipop,7,111019,2520,3911680,891.2981287638346,,1.1944380537527034e+23,9173538770.342514,0.0018342456425947324,1
sep-ipop,7,111019,2528,3938304,891.2981287638346,,0.69886563991349948,5.5240665275150311,0.82743864555081703,2
sep-ipop,7,111019,2534,3962880,891.2981287638346,,0.96421685387436662,13.548462550001238,0.89114346362485031,2
sep-ipop,7,111019,2541,3991552,891.2981287638346,,1.2269698550515611,18.938291944410903,0.67333053030177936,2
sep-ipop,7,111019,2547,4016128,891.2981287638346,,1.2945030296589253,21.069870912947749,0.4598799044129806,2
sep-ipop,7,111019,2553,4040704,891.2981287638346,,1.5759628142261903,21.455425306167047,0.40999272938793052,2
sep-ipop,7,111019,2559,4065280,891.2981287638346,,2.0004282567473348,23.87450063342267,0.377328274305963,2
sep-ipop,7,111019,2565,4089856,891.2981287638346,,2.9291490279538266,68.451999916689658,0.37013797075506111,2
sep-ipop,7,111019,2572,4118528,891.2981287638346,,4.2077154868676114,128.19363868364889,0.33945945318480314,2
sep-ipop,7,111019,2578,4143104,891.2981287638346,,5.7718415868467412,231.68272365578969,0.3306827685695119,2
sep-ipop,7,111019,2584,4167680,891.2981287638346,,7.7632883845464153,280.82057276197037,0.32910780592102712,2
sep-ipop,7,111019,2590,4192256,891.2981287638346,,9.764922846012599,399.49150776595917,0.31335194123711152,2
sep-ipop,7,111019,2596,4216832,891.2981287638346,,11.301832516845392,648.66182787032074,0.30689682892293269,2
sep-ipop,7,111019,2603,4245504,891.2981287638346,,13.111904340304427,1185.3105924947261,0.29437010773264011,2
sep-ipop,7,111019,2609,4270080,891.2981287638346,,14.257231013218775,2126.3059000995031,0.29872294954692985,2
sep-ipop,7,111019,2615,4294656,891.2981287638346,,19.489363458265789,2444.8233885825653,0.33620588532940721,2
sep-ipop,7,111019,2621,4319232,891.2981287638346,,31.000270849644764,1395.8456772177515,0.3240281889368557,2
sep-ipop,7,111019,2627,4343808,891.2981287638346,,44.259724972715929,1176.3354096450485,0.30994871275828956,2
sep-ipop,7,111019,2634,4372480,891.2981287638346,,62.134246194205453,1352.19697605188,0.27641121737736024,2
sep-ipop,7,111019,2640,4397056,891.2981287638346,,77.067720186801125,1570.3067378981359,0.25202370754010517,2
sep-ipop,7,111019,2646,4421632,891.2981287638346,,100.10188305844939,2158.9465950476006,0.26151540868572953,2
sep-ipop,7,111019,2652,4446208,891.2981287638346,,131.8869026991535,2607.789410173174,0.26320475858376235,2
sep-ipop,7,111019,2658,4470784,891.2981287638346,,177.88522772496324,2964.6117583090531,0.28391348750024464,2
sep-ipop,7,111019,2665,4499456,891.2981287638346,,264.23300559226476,2028.6337012927202,0.27915947121730544,2
sep-ipop,7,111019,2671,4524032,891.2981287638346,,369.85372491688787,2690.1716448842312,0.28919805563374801,2
sep-ipop,7,111019,2677,4548608,891.2981287638346,,498.77719153215281,3306.8851515238998,0.26759729688189277,2
sep-ipop,7,111019,2683,4573184,891.2981287638346,,746.73214510705441,3844.1817828212425,0.27989882904197944,2
sep-ipop,7,111019,2689,4597760,891.2981287638346,,1108.2793625847785,4187.2346542139576,0.29361244125900932,2
sep-ipop,7,111019,2696,4626432,891.2981287638346,,1747.2222764002991,3484.9854394273457,0.29241597840537387,2
sep-ipop,7,111019,2702,4651008,891.2981287638346,,2604.8916065023982,3282.5941336371525,0.30230518901111036,2
sep-ipop,7,111019,2708,4675584,891.2981287638346,,3918.1797022575674,3173.8034139330152,0.28927037842051639,2
sep-ipop,7,111019,2714,4700160,891.2981287638346,,6104.3678661708882,3348.6155605752501,0.28707564333021668,2
sep-ipop,7,111019,2720,4724736,891.2981287638346,,9558.472544857379,3811.196422276465,0.29761137867378562,2
sep-ipop,7,111019,2727,4753408,891.2981287638346,,15695.550020376553,3765.4467943587129,0.29450330367510857,2
sep-ipop,7,111019,2733,4777984,891.2981287638346,,24634.465158946179,3632.8441850420932,0.29245191706844209,2
sep-ipop,7,111019,2739,4802560,891.2981287638346,,37817.881166048726,3513.8684040870553,0.29379075711422065,2
sep-ipop,7,111019,2745,4827136,891.2981287638346,,60119.164267579989,3545.8608591964844,0.30225395089471468,2
sep-ipop,7,111019,2751,4851712,891.2981287638346,,94699.905173948238,3577.6916422766399,0.30225182463163414,2
sep-ipop,7,111019,2758,4880384,891.2981287638346,,160379.01957136783,3314.3179787218583,0.30417821976935783,2
sep-ipop,7,111019,2764,4904960,891.2981287638346,,215583.02184282069,3908.1693048297861,0.27545644405055825,2
sep-ipop,7,111019,2770,4929536,891.2981287638346,,318773.15313008509,3752.1714495784468,0.27514920843967411,2
sep-ipop,7,111019,2776,4954112,891.2981287638346,,488836.92593113997,3528.1691832529496,0.28082532701203428,2
sep-ipop,7,111019,2782,4978688,891.2981287638346,,753028.56845057174,3839.0042243287662,0.28452067143628906,2
sep-ipop,7,111019,2789,5007360,891.2981287638346,,1217258.2454506257,4240.2459665286569,0.28593630859632752,2
sep-ipop,7,111019,2795,5031936,891.2981287638346,,1942768.5925632606,4283.1344585450361,0.28644835859249124,2
sep-ipop,7,111019,2801,5056512,891.2981287638346,,2826144.7547188615,5498.2687228331142,0.27274117692299465,2
sep-ipop,7,111019,2807,5081088,891.2981287638346,,4242430.4254848119,6162.2917691525963,0.26554165854892381,2
sep-ipop,7,111019,2813,5105664,891.2981287638346,,6079898.1947395364,9006.4775761433157,0.2629868341367832,2
sep-ipop,7,111019,2820,5134336,891.2981287638346,,9646316.3851029463,11939.69888798437,0.26815148010908757,2
sep-ipop,7,111019,2826,5158912,891.2981287638346,,14162715.269536616,13847.581715741584,0.29557661783993466,2
sep-ipop,7,111019,2832,5183488,891.2981287638346,,21078774.889776867,10100.90564450879,0.28293268567310287,2
sep-ipop,7,111019,2838,5208064,891.2981287638346,,29356629.139234398,10938.077072319678,0.26829924540712424,2
sep-ipop,7,111019,2844,5232640,891.2981287638346,,41008720.355066836,15022.346078689481,0.26350677272244238,2
sep-ipop,7,111019,2851,5261312,891.2981287638346,,56945130.745431818,25763.447073604424,0.24464298505702928,2
sep-ipop,7,111019,2857,5285888,891.2981287638346,,73725085.864758983,36040.37320766809,0.23920537241421941,2
sep-ipop,7,111019,2863,5310464,891.2981287638346,,102047599.67577811,49340.037313618996,0.23861164096675713,2
sep-ipop,7,111019,2869,5335040,891.2981287638346,,132434389.0533268,77034.589425788974,0.23077005152874008,2
sep-ipop,7,111019,2875,5359616,891.2981287638346,,179154488.8533724,94521.400565372867,0.24448934147759371,2
sep-ipop,7,111019,2882,5388288,891.2981287638346,,275167928.74646562,127538.22278079415,0.24081639467653343,2
sep-ipop,7,111019,2888,5412864,891.2981287638346,,348006426.34696746,151587.55603699494,0.22370280162517547,2
sep-ipop,7,111019,2894,5437440,891.2981287638346,,450358897.42174709,227806.89843114879,0.2209844144208907,2
sep-ipop,7,111019,2900,5462016,891.2981287638346,,573944037.04722536,662030.85333011323,0.20708351423590873,2
sep-ipop,7,111019,2906,5486592,891.2981287638346,,748287938.03965116,1177884.0180247165,0.22138071277125118,2
sep-ipop,7,111019,2913,5515264,891.2981287638346,,1349031773.3603792,1060879.6613108718,0.25699249693250537,2
sep-ipop,7,111019,2919,5539840,891.2981287638346,,2983364511.7128558,417298.26850402437,0.30028525680787471,2
sep-ipop,7,111019,2925,5564416,891.2981287638346,,6738639323.0671768,92275.12841484198,0.32892890470268077,2
sep-ipop,7,111019,2931,5588992,891.2981287638346,,14772517412.336315,25927.069187720477,0.32412643447733486,2
sep-ipop,7,111019,2937,5613568,891.2981287638346,,25182023986.626846,9992.933056885422,0.29349378745085519,2
sep-ipop,7,111019,2944,5642240,891.2981287638346,,38801774746.175728,8163.7882180202887,0.26697946682678775,2
sep-ipop,7,111019,2950,5666816,891.2981287638346,,54950963817.110085,8577.3233017549555,0.2522231891877153,2
sep-ipop,7,111019,2956,5691392,891.2981287638346,,79166468242.879837,18393.98430297073,0.25644075770909142,2
sep-ipop,7,111019,2962,5715968,891.2981287638346,,132614489488.70758,27244.918990878978,0.26286160303330741,2
sep-ipop,7,111019,2968,5740544,891.2981287638346,,173491887016.67676,78034.65281284471,0.25368054388122047,2
sep-ipop,7,111019,2975,5769216,891.2981287638346,,250109247349.38803,115874.91420079899,0.24887337843683688,2
sep-ipop,7,111019,2981,5793792,891.2981287638346,,333568878375.46423,176922.56890088576,0.23956213724102438,2
sep-ipop,7,111019,2987,5818368,891.2981287638346,,460387525209.51166,251463.04835448813,0.24458825141986137,2
sep-ipop,7,111019,2993,5842944,891.2981287638346,,562955947025.82129,345219.7306788924,0.22475911725543091,2
sep-ipop,7,111019,2999,5867520,891.2981287638346,,728790655009.16736,556118.11474995257,0.23111058859244132,2
sep-ipop,7,111019,3006,5896192,891.2981287638346,,966193410199.74744,1298227.6798380958,0.21211259796627563,2
sep-ipop,7,111019,3012,5920768,891.2981287638346,,1141223141367.9385,2781517.5776588842,0.20841051363005011,2
sep-ipop,7,111019,3018,5945344,891.2981287638346,,1400491160416.2305,3828296.899053188,0.20882052611994406,2
sep-ipop,7,111019,3024,5969920,891.2981287638346,,1644197322084.6736,4194597.4184640693,0.18683122221593984,2
sep-ipop,7,111019,3030,5994496,891.2981287638346,,2108901973759.3792,6200707.0961262463,0.19154176013662252,2
sep-ipop,7,111019,3037,6023168,891.2981287638346,,2556776427333.9326,6999257.6221253751,0.15311718618532558,2
sep-ipop,7,111019,3043,6047744,891.2981287638346,,3166515878425.8154,9252376.1859677117,0.14792802423747367,2
sep-ipop,7,111019,3049,6072320,891.2981287638346,,3710560032373.9009,9401809.2883844059,0.13759287070626716,2
sep-ipop,7,111019,3055,6096896,891.2981287638346,,4709147721364.7744,11326218.991573833,0.13201694627170144,2
sep-ipop,7,111019,3061,6121472,891.2981287638346,,6379748789324.5977,13220070.617485113,0.12659246797521048,2
sep-ipop,7,111019,3068,6150144,891.2981287638346,,8829210964497.3184,18879774.080476318,0.12895265320144397,2
sep-ipop,7,111019,3074,6174720,891.2981287638346,,11034655054933.533,28077949.527149249,0.11616269496217589,2
sep-ipop,7,111019,3080,6199296,891.2981287638346,,13709578441606.238,39043061.233905777,0.11517945013437825,2
sep-ipop,7,111019,3086,6223872,891.2981287638346,,17140396281695.1,40358259.794280373,0.10928382144804946,2
sep-ipop,7,111019,3092,6248448,891.2981287638346,,21356598920173.125,56657032.533848099,0.11040835269078099,2
sep-ipop,7,111019,3099,6277120,891.2981287638346,,27296972389855.52,85588966.256304353,0.11242359359961071,2
sep-ipop,7,111019,3105,6301696,891.2981287638346,,36079313895144.742,115684885.46736415,0.11047552742888742,2
sep-ipop,7,111019,3111,6326272,891.2981287638346,,46874323525825.055,161152359.92686865,0.11059867762800979,2
sep-ipop,7,111019,3117,6350848,891.2981287638346,,66016825176882.773,169201593.45887837,0.11517408445379555,2
sep-ipop,7,111019,3123,6375424,891.2981287638346,,88073912974272.641,200639472.59697965,0.11806135547944779,2
sep-ipop,7,111019,3130,6404096,891.2981287638346,,117239270229070.72,230983771.84155762,0.11216024073584339,2
sep-ipop,7,111019,3136,6428672,891.2981287638346,,160307999445773.88,207299838.81052405,0.10964465825433843,2
sep-ipop,7,111019,3142,6453248,891.2981287638346,,201152000012470.53,264445026.23937958,0.10125657419123889,2
sep-ipop,7,111019,3148,6477824,891.2981287638346,,254442885566177.25,396276369.45689672,0.1100598143825699,2
sep-ipop,7,111019,3154,6502400,891.2981287638346,,348528874923016.12,523784987.61108935,0.11790497427353616,2
sep-ipop-w60,7,111019,1,1024,8911.8611653645839,,0.28450537747012089,8.4032649880915944,0.12113853546238529,0
sep-ipop-w60,7,111019,5,5120,1944.3751678466797,,0.80900380808086769,42.518243401004455,0.70835991541896404,0
sep-ipop-w60,7,111019,10,10240,1705.5315386454265,,1.4037370151382473,21.319273686417105,0.69633158223588987,0
sep-ipop-w60,7,111019,20,20480,1643.2237141927083,,2.5336051861435638,5.0475512058264957,0.34790451652471283,0
sep-ipop-w60,7,111019,25,25600,1610.8721008300781,,2.7677468807892889,5.6854804154464329,0.2725827089086047,0
sep-ipop-w60,7,111019,40,40960,1462.2235984802246,,5.1722887493410745,43.683328837265663,0.27934470031611974,0
sep-ipop-w60,7,111019,50,51200,1411.7028986612956,,7.18020531426186,149.74197447359649,0.22838474092437086,0
sep-ipop-w60,7,111019,75,76800,1360.3397013346355,,14.09194271437493,2430.3454081024911,0.22343491971481322,0
sep-ipop-w60,7,111019,80,81920,1360.3397013346355,,15.079506985455332,5594.8657896416516,0.22638615024370864,0
sep-ipop-w60,7,111019,100,102400,1356.6970558166504,,20.625104166198152,17425.389245518247,0.2212160685159458,0
sep-ipop-w60,7,111019,125,128000,1349.9577789306641,,42.11830499766878,19906.645790173239,0.21640708640617276,0
sep-ipop-w60,7,111019,149,152576,1338.0250193277996,,140.07646337964493,14492.532250777096,0.24628667399532475,0
sep-ipop-w60,7,111019,160,163840,1324.8783175150554,,246.67758712560465,12706.27259250701,0.24631188612482463,0
sep-ipop-w60,7,111019,174,178176,1301.7207578023274,,503.79164140549557,6875.9882113022522,0.25762434951429036,0
sep-ipop-w60,7,111019,199,203776,1222.2884127298992,,2123.9798970628649,1179.4546096335832,0.16932270307191263,0
sep-ipop-w60,7,111019,224,229376,1144.2871208190918,,8012.5551728788969,734.36146343332211,0.11477561797668794,0
sep-ipop-w60,7,111019,249,254976,1095.8852132161458,,22771.442762413943,6775.6775057002742,0.12350438658594388,0
sep-ipop-w60,7,111019,255,261120,1095.3956553141277,,28721.871233524624,13621.231296219006,0.1236466100789981,0
sep-ipop-w60,7,111019,273,279552,1086.8404426574707,,74994.170621405123,96288.748066376706,0.22383116434804212,0
sep-ipop-w60,7,111019,298,305152,1078.4337183634441,,312298.9178697337,126963.11033909248,0.24969019672288281,0
sep-ipop-w60,7,111019,323,330752,1070.7087809244792,,1147221.0666175412,227778.04890257734,0.24754991761311249,0
sep-ipop-w60,7,111019,348,356352,1062.7290369669597,,3788924.9780252981,270812.19657971297,0.25294488833079176,0
sep-ipop-w60,7,111019,373,381952,1052.3807017008464,,11308972.190895256,276368.28091774689,0.2165324973063924,0
sep-ipop-w60,7,111019,397,406528,1040.9307250976562,,33936371.464328393,209569.07250509859,0.17256890198444286,0
sep-ipop-w60,7,111019,422,432128,1018.4378089904785,,217366868.56857234,17038.058489371466,0.10041557994446597,0
sep-ipop-w60,7,111019,447,457728,1006.9908180236816,,990425030.60925722,16817.429548852273,0.08594538370326911,0
sep-ipop-w60,7,111019,472,483328,994.75350443522132,,8036436570.8833895,9849.5690586560322,0.12798142701378767,0
sep-ipop-w60,7,111019,497,508928,971.0072352091471,,36308933220.073135,11909.526596059726,0.10726778745033841,0
sep-ipop-w60,7,111019,521,533504,961.30071640014648,,106437972266.85951,30365.641950141537,0.066334145844321304,0
sep-ipop-w60,7,111019,546,559104,957.43384043375647,,579750885433.83765,23610.286455809604,0.063881087458463243,0
sep-ipop-w60,7,111019,571,584704,952.46630350748694,,2596907581823.9961,32909.35460107962,0.06148006719668736,0
sep-ipop-w60,7,111019,596,610304,949.14668909708655,,6574160244644.2256,32163.955141319035,0.043472696312084086,0
sep-ipop-w60,7,111019,621,635904,947.40477116902673,,9427682016721.1953,82413.959219681798,0.023614113984969889,0
sep-ipop-w60,7,111019,645,660480,946.80804443359375,,16620324977694.002,148341.73304165338,0.017615622524119984,0
sep-ipop-w60,7,111019,670,686080,946.22960917154944,,24587752308793.105,61046.974388144678,0.0062762082179716235,0
sep-ipop-w60,7,111019,695,711680,946.00166702270508,,39571836176774.742,294117.77178623102,0.0054446374318009739,0
sep-ipop-w60,7,111019,720,737280,945.80227533976233,,60983410199896.648,4180037.2272911873,0.0059690889514064163,0
sep-ipop-w60,7,111019,745,762880,945.71215438842773,,102442193856188.58,7020852.6968308166,0.0052032788229903447,0
sep-ipop-w60,7,111019,769,787456,945.66308848063147,,177125928611345.16,60567047.471385583,0.0066319805876569465,0
sep-ipop-w60,7,111019,794,813056,945.65048344930017,,314158434204409.31,135560282.87574401,0.0044080433561442109,0
sep-ipop-w60,7,111019,819,838656,945.64031855265296,,620287976111705.25,360806224.06476557,0.0034830791853970602,0
sep-ipop-w60,7,111019,844,864256,945.63757705688477,,941569352303623.75,327705969.24571204,0.0036013427918686171,0
sep-ipop-w60,7,111019,869,889856,945.63711547851562,,1960527357612178.8,616441300.27190757,0.0036849725260988653,0
sep-ipop-w60,7,111019,893,914432,945.63711547851562,,1844236084271010,1964206192.8740213,0.0030081461529223551,0
sep-ipop-w60,7,111019,912,940032,945.63711547851562,,0.58753852282769869,14.212824679747907,1.0234514721487891,1
sep-ipop-w60,7,111019,925,966656,945.63711547851562,,0.94523299762916924,21.182644783641209,0.67904112459124699,1
sep-ipop-w60,7,111019,937,991232,945.63711547851562,,1.3215361298474133,21.12070183642345,0.41928004696934545,1
sep-ipop-w60,7,111019,950,1017856,945.63711547851562,,2.1945492113345821,61.861002054991836,0.32070911115969902,1
sep-ipop-w60,7,111019,962,1042432,945.63711547851562,,4.0220531666602888,150.33539376349984,0.31548957581753334,1
sep-ipop-w60,7,111019,974,1067008,945.63711547851562,,5.7487606160823796,456.00712294472157,0.30088516791346237,1
sep-ipop-w60,7,111019,987,1093632,945.63711547851562,,7.1389785575695681,1295.8560068854013,0.26334187715772889,1
sep-ipop-w60,7,111019,999,1118208,945.63711547851562,,14.030005335395236,1668.3551484685215,0.31982647591771496,1
sep-ipop-w60,7,111019,1012,1144832,945.63711547851562,,24.291007936640522,1799.9921652312078,0.27778630474552973,1
sep-ipop-w60,7,111019,1024,1169408,945.63711547851562,,37.507500770870578,2078.655454651785,0.27133473702693578,1
sep-ipop-w60,7,111019,1036,1193984,945.63711547851562,,70.065926416644018,2669.1318658510263,0.30350116137314537,1
sep-ipop-w60,7,111019,1049,1220608,945.63711547851562,,120.94070412742944,3237.2429397418346,0.26136340393332913,1
sep-ipop-w60,7,111019,1061,1245184,945.63711547851562,,210.8040311215797,4610.7388824664567,0.26888426020768608,1
sep-ipop-w60,7,111019,1074,1271808,945.63711547851562,,383.25437228225366,5992.1201650679077,0.26089832354910447,1
sep-ipop-w60,7,111019,1086,1296384,945.63711547851562,,715.23198418065397,5882.9954270882145,0.27829239513597614,1
sep-ipop-w60,7,111019,1098,1320960,945.63711547851562,,1734.3718389527846,3987.8116216820126,0.30513844098159065,1
sep-ipop-w60,7,111019,1111,1347584,945.63711547851562,,4217.6028269573762,3607.3598038105692,0.28262717962633016,1
sep-ipop-w60,7,111019,1123,1372160,945.63711547851562,,8639.3526009391753,5584.9796506119883,0.28605449687280488,1
sep-ipop-w60,7,111019,1136,1398784,945.63711547851562,,18944.795872399063,7626.3490822486083,0.27584041015665273,1
sep-ipop-w60,7,111019,1148,1423360,945.63711547851562,,40176.353088867174,11972.028589467733,0.27707770252589736,1
sep-ipop-w60,7,111019,1160,1447936,945.63711547851562,,73805.141582388256,20123.618483143058,0.25169626029238495,1
sep-ipop-w60,7,111019,1173,1474560,945.63711547851562,,159625.87372391368,26666.706177022461,0.25733312938196806,1
sep-ipop-w60,7,111019,1185,1499136,945.63711547851562,,404428.86764542316,16442.188882878236,0.28062279164841364,1
sep-ipop-w60,7,111019,1198,1525760,945.63711547851562,,805562.00217193819,17597.711458187576,0.2429547600675516,1
sep-ipop-w60,7,111019,1210,1550336,945.63711547851562,,1370678.8929116614,24825.768224218555,0.24879687663587297,1
sep-ipop-w60,7,111019,1222,1574912,945.63711547851562,,2715691.7920937589,24002.045332626745,0.26338778710540733,1
sep-ipop-w60,7,111019,1235,1601536,945.63711547851562,,6536132.2025759891,23882.304950403053,0.26566947906491872,1
sep-ipop-w60,7,111019,1247,1626112,945.63711547851562,,13550653.427305942,25163.549495874075,0.25479806160344937,1
sep-ipop-w60,7,111019,1260,1652736,945.63711547851562,,28150254.746969942,32365.614688573954,0.26142033566815359,1
sep-ipop-w60,7,111019,1272,1677312,945.63711547851562,,57971107.278975457,22652.930320707619,0.24299647251462,1
sep-ipop-w60,7,111019,1284,1701888,945.63711547851562,,102766591.57401679,39713.275735083058,0.24353117497445104,1
sep-ipop-w60,7,111019,1297,1728512,945.63711547851562,,223785067.87922809,55691.020111623948,0.25410814248043279,1
sep-ipop-w60,7,111019,1309,1753088,945.63711547851562,,499425561.06530833,50073.291990292346,0.2347392376608346,1
sep-ipop-w60,7,111019,1322,1779712,945.63711547851562,,1186195659.4113915,61611.057853968407,0.24572046037748371,1
sep-ipop-w60,7,111019,1334,1804288,945.63711547851562,,2702306410.1085143,66369.88432934841,0.2526642711047779,1
sep-ipop-w60,7,111019,1346,1828864,945.63711547851562,,7750461359.1478577,10647.388075523548,0.16347027586433507,1
sep-ipop-w60,7,111019,1359,1855488,945.63711547851562,,15661051239.529469,2576.0946798703699,0.073388220355692702,1
sep-ipop-w60,7,111019,1371,1880064,945.63711547851562,,25667862663.053677,1642.4041404004927,0.039218164072831761,1
sep-ipop-w60,7,111019,1384,1906688,945.63711547851562,,51615697447.74012,2321.6381332355422,0.035853538542032007,1
sep-ipop-w60,7,111019,1396,1931264,945.63711547851562,,120374732315.91966,2514.6534574970669,0.038541474935522999,1
sep-ipop-w60,7,111019,1408,1955840,945.63711547851562,,300957168860.47906,2655.882839877027,0.044231465086646153,1
sep-ipop-w60,7,111019,1421,1982464,945.63711547851562,,775042155897.98425,1950.3063617017694,0.038619920793756347,1
sep-ipop-w60,7,111019,1433,2007040,945.63711547851562,,1738379168543.2942,2199.3446034447306,0.033360832135827377,1
sep-ipop-w60,7,111019,1446,2033664,945.63711547851562,,4197215314619.1001,3329.7515194011821,0.033879577730384858,1
sep-ipop-w60,7,111019,1458,2058240,945.63711547851562,,8456512443926.7764,3136.2648619779702,0.028883094609978156,1
sep-ipop-w60,7,111019,1470,2082816,945.63711547851562,,19665249737339.223,3733.4160628848185,0.029347925429370696,1
sep-ipop-w60,7,111019,1483,2109440,945.63711547851562,,46257381587198.938,4414.0355009646537,0.025496061199931017,1
sep-ipop-w60,7,111019,1495,2134016,945.63711547851562,,99392024418517.703,5202.5356841247485,0.025535347271914161,1
sep-ipop-w60,7,111019,1508,2160640,945.63711547851562,,213135123297184.78,4886.5739005325195,0.021978288445753471,1
sep-ipop-w60,7,111019,1520,2185216,945.63711547851562,,451368588450583.25,7477.2858332291335,0.025088332991601299,1
sep-ipop-w60,7,111019,1533,2211840,945.63711547851562,,959652004851333.88,7403.9074562810383,0.022767560629962456,1
sep-ipop-w60,7,111019,1545,2236416,945.63711547851562,,1826693711894324,5438.5203242382177,0.021722361194892462,1
sep-ipop-w60,7,111019,1557,2260992,945.63711547851562,,3572455483456170.5,7217.6290350978888,0.021242721762725715,1
sep-ipop-w60,7,111019,1570,2287616,945.63711547851562,,6612295788444914,7583.5566711250776,0.019303488403819586,1
sep-ipop-w60,7,111019,1582,2312192,945.63711547851562,,12862817223960006,7317.3336199337355,0.019128634379417194,1
sep-ipop-w60,7,111019,1595,2338816,945.63711547851562,,23912444447961296,9013.8628188222428,0.01865814611035797,1
sep-ipop-w60,7,111019,1607,2363392,945.63711547851562,,47126880585426856,10061.530681403747,0.018181685149594871,1
sep-ipop-w60,7,111019,1619,2387968,945.63711547851562,,85937431727707936,27843.011226183931,0.019407436058489835,1
sep-ipop-w60,7,111019,1632,2414592,945.63711547851562,,1.8416351736797488e+17,69245.661740670344,0.019825452870693632,1
sep-ipop-w60,7,111019,1644,2439168,945.63711547851562,,3.6654177619046342e+17,137431.29104689587,0.02080299871573137,1
sep-ipop-w60,7,111019,1657,2465792,945.63711547851562,,7.8205110833209946e+17,124415.65504788954,0.020372492265580685,1
sep-ipop-w60,7,111019,1669,2490368,945.63711547851562,,1.5144408839061606e+18,156563.74549207714,0.02006439039899488,1
sep-ipop-w60,7,111019,1681,2514944,945.63711547851562,,3.125607915069783e+18,136126.15800255956,0.019959667515172315,1
sep-ipop-w60,7,111019,1694,2541568,945.63711547851562,,7.5407449882149212e+18,152207.22340938807,0.021492527252770264,1
sep-ipop-w60,7,111019,1706,2566144,945.63711547851562,,1.7928884607850232e+19,112538.08293045824,0.023017997178931642,1
sep-ipop-w60,7,111019,1719,2592768,945.63711547851562,,5.2795063267997721e+19,85224.849778134609,0.023006863380847738,1
sep-ipop-w60,7,111019,1731,2617344,945.63711547851562,,1.5884259057576575e+20,49330.463001766388,0.027121304421397319,1
sep-ipop-w60,7,111019,1743,2641920,945.63711547851562,,5.571564877084866e+20,21809.893551577461,0.036415287812447419,1
sep-ipop-w60,7,111019,1756,2668544,944.78231302897132,,3.8711150128078693e+21,4137.7937489272908,0.073623357881035967,1
sep-ipop-w60,7,111019,1768,2693120,933.12609354654944,,1.1629882459756169e+22,1697.751328354399,0.082633310265021728,1
sep-ipop-w60,7,111019,1781,2719744,926.08667627970374,,2.3998869126097316e+22,2307.1752868256403,0.054157641412024483,1
sep-ipop-w60,7,111019,1793,2744320,919.98491923014319,,4.4397522803760409e+22,3284.6469241980012,0.046193546631522454,1
sep-ipop-w60,7,111019,1805,2768896,917.20050557454431,,6.8169228917695121e+22,3971.880949101735,0.031598630886223542,1
sep-ipop-w60,7,111019,1818,2795520,915.31569798787439,,1.22908949046821e+23,4187.1975605149055,0.024949177360410933,1
sep-ipop-w60,7,111019,1830,2820096,914.63486735026038,,2.4757817187899185e+23,6281.3375179766699,0.025148413100995064,1
sep-ipop-w60,7,111019,1843,2846720,914.04404195149743,,4.6792355602844653e+23,17414.469095734341,0.023496223188451494,1
sep-ipop-w60,7,111019,1855,2871296,913.56701532999671,,7.890573345191972e+23,67753.373410708809,0.021657555126510582,1
sep-ipop-w60,7,111019,1867,2895872,913.25967534383142,,1.1331146884151946e+24,98590.365602955455,0.018786675957291433,1
sep-ipop-w60,7,111019,1880,2922496,912.84472910563147,,1.8395477894495923e+24,93073.294104365239,0.016339023882620832,1
sep-ipop-w60,7,111019,1892,2947072,912.76902008056641,,2.3490875194621395e+24,145108.98872100707,0.015048025211714715,1
sep-ipop-w60,7,111019,1905,2973696,912.57795079549157,,2.8002029908686088e+24,199569.50409464643,0.011368237681550755,1
sep-ipop-w60,7,111019,1917,2998272,912.35660171508789,,3.5062913613928475e+24,220273.36005704952,0.010865673375099557,1
sep-ipop-w60,7,111019,1929,3022848,912.28045908610022,,4.0548388318504865e+24,630799.02730844624,0.0094720651598579481,1
sep-ipop-w60,7,111019,1942,3049472,912.17866770426429,,4.9530971167776409e+24,1307127.7543370638,0.0085336771085594166,1
sep-ipop-w60,7,111019,1954,3074048,912.12971496582031,,6.451867460018184e+24,3797790.9094633791,0.0099938847437372764,1
sep-ipop-w60,7,111019,1967,3100672,912.10282770792639,,9.1623601794078291e+24,9903878.3077503145,0.010667616177243957,1
sep-ipop-w60,7,111019,1979,3125248,912.07830301920569,,1.2623425288441514e+25,22176857.597509138,0.011253735525314333,1
sep-ipop-w60,7,111019,1991,3149824,912.06373723347986,,1.6601877896687996e+25,47167716.224213913,0.011083679086249963,1
sep-ipop-w60,7,111019,2004,3176448,912.06276830037439,,2.0297252833040816e+25,106379871.98671493,0.010236293271533786,1
sep-ipop-w60,7,111019,2016,3201024,912.05434544881189,,2.5195836592917268e+25,152599141.7144818,0.010498081024478965,1
sep-ipop-w60,7,111019,2029,3227648,912.04872639973962,,3.2486663262908609e+25,133014618.48614776,0.010505506980273728,1
sep-ipop-w60,7,111019,2041,3252224,912.04292933146155,,4.3769684971734594e+25,148492693.09521002,0.01114231366188434,1
sep-ipop-w60,7,111019,2053,3276800,912.03991572062171,,5.0577521428252495e+25,261930865.13319889,0.0098274857504068395,1
sep-ipop-w60,7,111019,2066,3303424,912.03376642862952,,6.6281450580051306e+25,831473200.87971282,0.010339059718609383,1
sep-ipop-w60,7,111019,2078,3328000,912.03020731608069,,1.0056391705973775e+26,2637188555.2167277,0.01072467524346099,1
sep-ipop-w60,7,111019,2091,3354624,912.01910654703772,,1.5748761745907082e+26,9578871715.0029602,0.011153024454281084,1
sep-ipop-w60,7,111019,2103,3379200,912.01070276896155,,2.1879453711106458e+26,24506380278.381603,0.01068276037959995,1
sep-ipop-w60,7,111019,2115,3403776,911.99752298990882,,3.1036795244331765e+26,34527498712.726501,0.011205742972907117,1
sep-ipop-w60,7,111019,2128,3430400,911.99752298990882,,4.1227864354976421e+26,40885102727.969543,0.010502141151100196,1
sep-ipop-w60,7,111019,2140,3454976,911.99431482950843,,5.0690855844864373e+26,78326932339.524612,0.01158739138492542,1
sep-ipop-w60,7,111019,2153,3481600,911.98955535888672,,5.9056427013693138e+26,79928971510.257599,0.0097894269666519845,1
sep-ipop-w60,7,111019,2165,3506176,911.98955535888672,,5.936914121791651e+26,89379301623.407806,0.0090814733496417683,1
sep-ipop-w60,7,111019,2177,3530752,911.98955535888672,,5.6975730120272568e+26,67445935169.074738,0.0071926428607702927,1
sep-ipop-w60,7,111019,2190,3557376,911.98955535888672,,6.4055318060296207e+26,73120054554.188248,0.0077761444600810293,1
sep-ipop-w60,7,111019,2202,3581952,911.98955535888672,,6.8515625727938739e+26,133057154907.27101,0.0094317603780357303,1
sep-ipop-w60,7,111019,2211,3608576,911.98955535888672,,0.70232177048023148,2.8990432085746969,0.79479287410244559,2
sep-ipop-w60,7,111019,2217,3633152,911.98955535888672,,0.96126762506518881,12.149680665475445,0.92371665716621643,2
sep-ipop-w60,7,111019,2223,3657728,911.98955535888672,,1.202348858162551,12.475638726582245,0.75715620952906404,2
sep-ipop-w60,7,111019,2230,3686400,911.98955535888672,,1.3865939137127377,13.624211570896726,0.52256513611218891,2
sep-ipop-w60,7,111019,2236,3710976,911.98955535888672,,1.5672491648926037,12.974292101417921,0.42012547568945052,2
sep-ipop-w60,7,111019,2242,3735552,911.98955535888672,,1.8936541227131594,15.734175436618919,0.38162592874944989,2
sep-ipop-w60,7,111019,2248,3760128,911.98955535888672,,2.5041557381147572,40.51530583027531,0.35622838015133129,2
sep-ipop-w60,7,111019,2254,3784704,911.98955535888672,,3.7364160426873836,110.82195821795347,0.3600554076792456,2
sep-ipop-w60,7,111019,2261,3813376,911.98955535888672,,5.7189306829808864,276.50875358180235,0.32074012897748411,2
sep-ipop-w60,7,111019,2267,3837952,911.98955535888672,,8.4798438826928635,431.0316321018899,0.33127244957358087,2
sep-ipop-w60,7,111019,2273,3862528,911.98955535888672,,11.677304418891936,560.93528548765778,0.34101619475363271,2
sep-ipop-w60,7,111019,2279,3887104,911.98955535888672,,16.242643301612432,604.38910311782161,0.33468399682040945,2
sep-ipop-w60,7,111019,2285,3911680,911.98955535888672,,21.649602556956431,746.11679113831678,0.32910564803513087,2
sep-ipop-w60,7,111019,2292,3940352,911.98955535888672,,29.623294082476065,900.86483723268452,0.31173049376789647,2
sep-ipop-w60,7,111019,2298,3964928,911.98955535888672,,34.864801658874114,1229.0777389438449,0.29917833294942686,2
sep-ipop-w60,7,111019,2304,3989504,911.98955535888672,,39.465714508108903,1651.1812684755332,0.28374463624244034,2
sep-ipop-w60,7,111019,2310,4014080,911.98955535888672,,43.912988136355885,2549.3312717681433,0.29447049851056184,2
sep-ipop-w60,7,111019,2316,4038656,911.98955535888672,,60.216156862291783,2771.0074720454541,0.3216074109322915,2
sep-ipop-w60,7,111019,2323,4067328,911.98955535888672,,105.56400180853484,1528.770863883394,0.33867280455623777,2
sep-ipop-w60,7,111019,2329,4091904,911.98955535888672,,148.22751186595281,1155.0497958053177,0.30693304423806944,2
sep-ipop-w60,7,111019,2335,4116480,911.98955535888672,,208.4437487369801,1141.5881275678805,0.29572678819553722,2
sep-ipop-w60,7,111019,2341,4141056,911.98955535888672,,279.25498922455495,1475.0312862820404,0.28107705252489984,2
sep-ipop-w60,7,111019,2347,4165632,911.98955535888672,,385.58910245432094,1646.6078515633242,0.28070842657585787,2
sep-ipop-w60,7,111019,2354,4194304,911.98955535888672,,585.19194019464874,1774.2378805831943,0.28814613477490769,2
sep-ipop-w60,7,111019,2360,4218880,911.98955535888672,,831.1340174649755,2116.8463676099304,0.30040145747412045,2
sep-ipop-w60,7,111019,2366,4243456,911.98955535888672,,1148.3346488659777,2582.4220719835862,0.28386110088198102,2
sep-ipop-w60,7,111019,2372,4268032,911.98955535888672,,1461.6313258320854,3562.289355951325,0.25827431559169395,2
sep-ipop-w60,7,111019,2378,4292608,911.98955535888672,,1888.3838267424314,5253.0704158419458,0.25608739653280799,2
sep-ipop-w60,7,111019,2385,4321280,911.98955535888672,,2730.0667646323504,6888.958555387494,0.26041429872146638,2
sep-ipop-w60,7,111019,2391,4345856,911.98955535888672,,3859.2444532786208,5975.9462474244201,0.26717545826027417,2
sep-ipop-w60,7,111019,2397,4370432,911.98955535888672,,5375.5483993951066,5160.6486583799142,0.27421166834943672,2
sep-ipop-w60,7,111019,2403,4395008,911.98955535888672,,7848.2109079605334,3726.96272316158,0.28007164647285215,2
sep-ipop-w60,7,111019,2410,4423680,911.98955535888672,,13775.95449926,3441.5609269127194,0.31162602898568259,2
sep-ipop-w60,7,111019,2416,4448256,911.98955535888672,,21267.179037964936,3235.6566241577839,0.31249069913235383,2
sep-ipop-w60,7,111019,2422,4472832,911.98955535888672,,32765.067808024571,3421.541629123717,0.29609622394146928,2
sep-ipop-w60,7,111019,2428,4497408,911.98955535888672,,51009.272687490622,3897.3794399876133,0.29679095713007364,2
sep-ipop-w60,7,111019,2434,4521984,911.98955535888672,,76160.438028929784,5276.5751857144833,0.30274425157809381,2
sep-ipop-w60,7,111019,2441,4550656,911.98955535888672,,119297.95757915663,5526.873265155451,0.28457971507780266,2
sep-ipop-w60,7,111019,2447,4575232,911.98955535888672,,171362.7217072355,7351.2465199065764,0.27588412767047299,2
sep-ipop-w60,7,111019,2453,4599808,911.98955535888672,,240841.08661766467,8166.0758058474057,0.26385800619875471,2
sep-ipop-w60,7,111019,2459,4624384,911.98955535888672,,329935.38958692685,13308.442578501063,0.26542343290756026,2
sep-ipop-w60,7,111019,2465,4648960,911.98955535888672,,465395.05178423971,18108.926177351947,0.26795062595803526,2
sep-ipop-w60,7,111019,2472,4677632,911.98955535888672,,685634.63327165029,20013.952964971424,0.25511406237971507,2
sep-ipop-w60,7,111019,2478,4702208,911.98955535888672,,857867.53735804488,21492.629837323959,0.23876158947544698,2
sep-ipop-w60,7,111019,2484,4726784,911.98955535888672,,1159010.3362908668,26458.911875060428,0.26437474094880892,2
sep-ipop-w60,7,111019,2490,4751360,911.98955535888672,,1710600.5686864944,24637.286593075332,0.26142506691459505,2
sep-ipop-w60,7,111019,2496,4775936,911.98955535888672,,2429972.8272327734,31812.239884405739,0.25746107074996288,2
sep-ipop-w60,7,111019,2503,4804608,911.98955535888672,,3342281.1768451007,48019.427888399528,0.24078758534716846,2
sep-ipop-w60,7,111019,2509,4829184,911.98955535888672,,4611095.2992989924,59481.435299392317,0.24639016623152007,2
sep-ipop-w60,7,111019,2515,4853760,911.98955535888672,,6644224.6325627705,71664.530366762803,0.26209404639986128,2
sep-ipop-w60,7,111019,2521,4878336,911.98955535888672,,9753225.9635746721,64991.529945824856,0.26254812270223621,2
sep-ipop-w60,7,111019,2527,4902912,911.98955535888672,,14749402.480191955,60717.111550013986,0.27305951730504652,2
sep-ipop-w60,7,111019,2534,4931584,911.98955535888672,,22933657.475974333,47137.418088317099,0.25792126784803338,2
sep-ipop-w60,7,111019,2540,4956160,911.98955535888672,,31672583.683912028,50224.761520186854,0.25083062116541632,2
sep-ipop-w60,7,111019,2546,4980736,911.98955535888672,,48579920.512242742,46506.725809639764,0.26669098488775117,2
sep-ipop-w60,7,111019,2552,5005312,911.98955535888672,,78056574.017889321,38195.550875849141,0.2565926805494308,2
sep-ipop-w60,7,111019,2558,5029888,911.98955535888672,,112011209.96251287,50027.030037632256,0.26542669980065775,2
sep-ipop-w60,7,111019,2565,5058560,911.98955535888672,,177608940.60048711,58475.27265008993,0.26039716678998492,2
sep-ipop-w60,7,111019,2571,5083136,911.98955535888672,,261001275.9914746,65275.82789191162,0.2521166739364431,2
sep-ipop-w60,7,111019,2577,5107712,911.98955535888672,,399336676.22318214,65972.335774820342,0.25099086166491141,2
sep-ipop-w60,7,111019,2583,5132288,911.98955535888672,,648235472.13089299,64092.642760149945,0.25717384559702772,2
sep-ipop-w60,7,111019,2589,5156864,911.98955535888672,,971879971.27888095,52929.850459364337,0.25102946996988229,2
sep-ipop-w60,7,111019,2596,5185536,911.98955535888672,,1634119725.1392782,34959.358046208596,0.23699328927174146,2
sep-ipop-w60,7,111019,2602,5210112,911.98955535888672,,2425699068.5727868,22752.268957272034,0.20654572268091853,2
sep-ipop-w60,7,111019,2608,5234688,911.98955535888672,,4047509851.4443569,15940.741075705488,0.19593343572380603,2
sep-ipop-w60,7,111019,2614,5259264,911.98955535888672,,7311708919.2792816,12172.217086179462,0.19368319485656268,2
sep-ipop-w60,7,111019,2620,5283840,911.98955535888672,,14557683726.052492,6517.5419843829523,0.19552707184157639,2
sep-ipop-w60,7,111019,2627,5312512,911.98955535888672,,27547987784.851044,4914.8761138210375,0.1787777175635451,2
sep-ipop-w60,7,111019,2633,5337088,911.98955535888672,,44949815097.909477,4656.9886112541981,0.17841626356481544,2
sep-ipop-w60,7,111019,2639,5361664,911.98955535888672,,69911655403.357056,3840.9493779501686,0.16347052861949646,2
sep-ipop-w60,7,111019,2645,5386240,911.98955535888672,,124309171908.5807,4163.9463843313188,0.18286673043070684,2
sep-ipop-w60,7,111019,2651,5410816,911.98955535888672,,210615044654.69006,2836.183157879957,0.17583544853022101,2
sep-ipop-w60,7,111019,2658,5439488,911.98955535888672,,378612772437.10016,2649.978362352862,0.17175589062507654,2
sep-ipop-w60,7,111019,2664,5464064,911.98955535888672,,553478392860.3999,2726.8949224977541,0.14898151600102499,2
sep-ipop-w60,7,111019,2670,5488640,911.98955535888672,,756750280454.79041,3395.9794760611767,0.12110751933378779,2
sep-ipop-w60,7,111019,2676,5513216,911.98955535888672,,1157993892243.011,3371.3262505112784,0.11329153623909242,2
sep-ipop-w60,7,111019,2682,5537792,911.98955535888672,,1637429267773.3318,3914.575221712897,0.10388082316855533,2
sep-ipop-w60,7,111019,2689,5566464,911.98955535888672,,2371537741509.458,4745.2580022373259,0.092121598444494024,2
sep-ipop-w60,7,111019,2695,5591040,911.98955535888672,,3301656910125.4082,5013.1868180440206,0.077024434594188965,2
sep-ipop-w60,7,111019,2701,5615616,911.98955535888672,,4736386677386.3789,5148.9164328240004,0.0671732304351325,2
sep-ipop-w60,7,111019,2707,5640192,911.98955535888672,,7309249600553.3662,6954.7618061750381,0.071624621516330297,2
sep-ipop-w60,7,111019,2713,5664768,911.98955535888672,,11747476340623.248,6788.4416681608309,0.070310685983339088,2
sep-ipop-w60,7,111019,2720,5693440,911.98955535888672,,17849702385839.816,8113.3164750115093,0.063578416585978695,2
sep-ipop-w60,7,111019,2726,5718016,911.98955535888672,,27344246488518.195,8898.352078360509,0.062036759952000448,2
sep-ipop-w60,7,111019,2732,5742592,911.98955535888672,,40247980407148.68,8091.9572091935624,0.055153184244313036,2
sep-ipop-w60,7,111019,2738,5767168,911.98955535888672,,59214294593663,8144.3727630359572,0.050950753520925887,2
sep-ipop-w60,7,111019,2744,5791744,911.98955535888672,,83070271774211.891,9434.6677758827773,0.049268655202190946,2
sep-ipop-w60,7,111019,2751,5820416,911.6685574849447,,112359856277963.64,8460.4664721383779,0.04026510918209579,2
sep-ipop-w60,7,111019,2757,5844992,911.21095403035486,,143526967580307.09,10867.216858400912,0.036424018625548032,2
sep-ipop-w60,7,111019,2763,5869568,911.21095403035486,,195441164015928.09,10823.384715688664,0.03829001462445273,2
sep-ipop-w60,7,111019,2769,5894144,910.57880401611328,,246407906906598.66,10012.946236281034,0.0346550349868434,2
sep-ipop-w60,7,111019,2775,5918720,910.57880401611328,,288807165104686.75,8620.3214381939288,0.029462998650700914,2
sep-ipop-w60,7,111019,2782,5947392,910.27599207560218,,348775666695015.31,10044.902926008008,0.027355248848964505,2
sep-ipop-w60,7,111019,2788,5971968,910.12283452351892,,422555532704234.12,9423.6874016450784,0.026405306883765526,2
sep-ipop-w60,7,111019,2794,5996544,910.0268669128418,,490037962984585.06,9425.4394239314406,0.023971128297463524,2
sep-ipop-w60,7,111019,2800,6021120,909.83262379964196,,572825703644452.62,9561.4496899601418,0.023620776674995767,2
sep-ipop-w60,7,111019,2806,6045696,909.54751714070642,,675302243069395.12,7165.1395403604793,0.021143015293439583,2
sep-ipop-w60,7,111019,2813,6074368,909.44879531860352,,909576530095877.5,7690.8777962358981,0.021878952412615619,2
sep-ipop-w60,7,111019,2819,6098944,909.29684956868493,,1212900615436872.8,7590.0007421183764,0.022465889429044632,2
sep-ipop-w60,7,111019,2825,6123520,909.29684956868493,,1513895599124353.2,9818.8304343872114,0.022106061201913246,2
sep-ipop-w60,7,111019,2831,6148096,908.83289972941077,,2000257451901906,8893.2799775380845,0.021693989690102711,2
sep-ipop-w60,7,111019,2837,6172672,908.716796875,,2548416959290369.5,9534.5292573211427,0.021218405915676718,2
sep-ipop-w60,7,111019,2844,6201344,908.58471171061194,,3320079702671310,13373.558692287743,0.021490551366679152,2
sep-ipop-w60,7,111019,2850,6225920,908.51835886637366,,4586935885191852,16220.519058874763,0.021320185617901312,2
sep-ipop-w60,7,111019,2856,6250496,908.51683044433594,,6106960825969353,22541.202287854558,0.020813168103609562,2
sep-ipop-w60,7,111019,2862,6275072,908.3388557434082,,7303449805625178,20359.808013550239,0.017653318626027904,2
sep-ipop-w60,7,111019,2868,6299648,908.06008529663086,,9624715465593192,20979.435445228417,0.0163821927239821,2
sep-ipop-w60,7,111019,2875,6328320,908.06008529663086,,12425953177022636,18655.274923056226,0.014236271063149602,2
sep-ipop-w60,7,111019,2881,6352896,907.76471964518225,,15621571763445752,18783.769713002031,0.013511413606330661,2
sep-ipop-w60,7,111019,2887,6377472,907.76471964518225,,19416704322627792,19436.052778231038,0.012984847109034749,2
sep-ipop-w60,7,111019,2893,6402048,907.76471964518225,,23747237905430732,15748.083158316129,0.012493074304621699,2
sep-ipop-w60,7,111019,2899,6426624,907.76471964518225,,31589515680835924,18227.615578710254,0.013499923313655911,2
sep-ipop-w60,7,111019,2906,6455296,907.68599573771155,,40915935391293752,16873.51090119861,0.011958515110119564,2
sep-ipop-w60,7,111019,2912,6479872,907.66807174682617,,53321648805250920,20840.068700956679,0.012593668271508266,2
sep-ipop-w60,7,111019,2918,6502400,907.59158452351892,,68567425000699088,23819.432372788553,0.012484364244286218,2
sep-ipop-l20,8,111020,1,20,33693.860674540199,,0.27175920977988954,1.0499935751046257,0.26713211662208625,0
sep-ipop-l20,8,111020,20,400,1952.1791547139485,,0.1776108355138675,2.1764875384821911,0.20272989818028922,0
sep-ipop-l20,8,111020,80,1600,1490.1167742411296,,0.085790321386081045,3.8501125418645636,0.099674745486592081,0
sep-ipop-l20,8,111020,1320,26400,928.99072265625,,1.1696961690590532e-05,289822.8025109591,3.15913516562619e-05,0
sep-ipop-l20,8,111020,1980,51260,928.99072265625,,0.056935246970558552,38015.33887969418,0.061533839261944431,1
sep-ipop-l20,8,111020,2640,77660,928.99072265625,,0.00053276842291174391,50887994.758748427,0.00037603946683353791,1
sep-ipop-l20,8,111020,3102,105180,928.99072265625,,0.19078900139532509,1363.1289269984513,0.058878214754507427,2
sep-ipop-l20,8,111020,3432,131580,928.99072265625,,0.086818767567587982,5191.3305757121316,0.0029451768434239889,2
sep-ipop-l20,8,111020,3696,152700,928.99072265625,,0.024268064176195023,23620069.342078403,0.00083067848834305063,2
sep-ipop-l20,8,111020,3960,187580,928.99072265625,,1.9248635378220671,16334.785803082768,0.19214597205179393,3
sep-ipop-l20,8,111020,4092,208700,928.99072265625,,32.18192274478816,2267.6842384254883,0.092895345586316541,3
sep-ipop-l20,8,111020,4224,229820,928.99072265625,,163.97358194394923,42411.91545105548,0.027582689230582477,3
sep-ipop-l20,8,111020,4422,261500,928.99072265625,,154.33829056148889,467212021.35525084,0.012275622243898842,3
sep-ipop-l20,8,111020,4554,285340,928.99072265625,,0.71279354292627295,15.535409094492231,0.44369343620944374,4
sep-ipop-l20,8,111020,4620,306460,928.99072265625,,4.8481184907092212,1712.0621798873749,0.26348988779563021,4
sep-ipop-l20,8,111020,4752,348700,928.99072265625,,673.86480800847039,47134.406759889513,0.26234340526725503,4
sep-ipop-l20,8,111020,4818,369820,928.99072265625,,22183.651671591881,153768.86597512953,0.25270868641435351,4
sep-ipop-l20,8,111020,4853,381020,907.66110992431641,,136863.6708751276,11483.218367947351,0.079690153326205312,4
sep-ipop-l20,8,111020,4933,406620,880.91942977905273,,1577681.5063358101,11974.044569234904,0.011202276170118585,4
sep-ipop-l20,8,111020,5014,432540,879.0995203653971,,6457504.2784715723,2827042.5069128945,0.0053125070815493421,4
sep-ipop-l20,8,111020,5096,458780,878.67645772298181,,79347481.00531739,9202151.931273073,0.0039117731750710908,4
sep-ipop-l20,8,111020,5173,483420,878.52381006876624,,1363175559.1251771,59304082.248440444,0.0048582041558894468,4
sep-ipop-l20,8,111020,5261,511580,878.46064249674475,,8081434463.9392176,88218906.818883136,0.0024012147508705507,4
sep-ipop-l20,8,111020,5346,538780,878.45919164021814,,11168200066.919544,533902594.43145776,0.0011535339032967735,4
sep-ipop-l20,8,111020,5412,559900,878.45919164021814,,14489667015.678932,870317846.19921136,0.0013123625462232262,4
sep-ipop-l20,8,111020,5544,613020,878.45919164021814,,1.1479600114970228,131.7629716412961,0.31511449979883088,5
sep-ipop-l20,8,111020,5610,655260,878.45919164021814,,13.629145703564964,2591.5601005184053,0.26271619209488473,5
sep-ipop-l20,8,111020,5676,697500,878.45919164021814,,163.64443824825392,2654.0596461869718,0.21738802003100291,5
sep-ipop-l20,8,111020,5742,739740,878.45919164021814,,3052.9706787624432,65119.026396258458,0.076264041516534403,5
sep-ipop-l20,8,111020,5808,781980,878.45919164021814,,90304.356954176459,92154.844776763872,0.045594427808946979,5
sep-ipop-l20,8,111020,5874,824220,878.45919164021814,,1751437.8201648092,76468.116021080568,0.029740866955398647,5
sep-ipop-l20,8,111020,5940,866460,878.45919164021814,,7988648.0952013256,74733.83063579911,0.011074484005809713,5
sep-ipop-l20,8,111020,6006,908700,878.45919164021814,,33692018.406421527,86301873.70995006,0.012464241292334123,5
sep-ipop-l20,8,111020,6072,950940,878.45919164021814,,1015643987.0710222,211652814.32201344,0.009962509690020202,5
sep-ipop-l20,8,111020,6138,993180,878.45919164021814,,6881233957.2254438,368404107.35061884,0.0043700486767412894,5
sep-ipop-l20,8,111020,6204,1035420,878.45919164021814,,17231402561.497543,475885066.0750578,0.0040340483065391649,5
sep-ipop-l20,8,111020,6270,1077660,878.45919164021814,,31769690577.1507,632389294.63385129,0.0035128923055783717,5
sep-ipop-l20,8,111020,6336,1137820,878.45919164021814,,1.2636896940480182,27.943349081316221,0.42484275727791398,6
sep-ipop-l20,8,111020,6402,1222300,878.45919164021814,,10.307434798849524,2113.0965166557103,0.2882020030934756,6
sep-ipop-l20,8,111020,6468,1306780,878.45919164021814,,330.92910767864095,2105.2382261769712,0.26334875130553437,6
sep-ipop-l20,8,111020,6534,1391260,878.45919164021814,,4623.2880348186973,16726.179464166369,0.21591206564186041,6
sep-ipop-l20,8,111020,6600,1475740,878.45919164021814,,193260.89831804016,652881.06155560736,0.23902228327600297,6
sep-ipop-l20,8,111020,6666,1560220,878.45919164021814,,1278206.9518546402,1223405.4171656785,0.055536071257637695,6
sep-ipop-l20,8,111020,6732,1644700,878.45919164021814,,16525823.253351169,6629891.3690140657,0.049189076096263495,6
sep-ipop-l20,8,111020,6798,1729180,878.45919164021814,,1078965879.8360591,3824079.6670040111,0.058960860835785715,6
sep-ipop-l20,8,111020,6864,1813660,878.45919164021814,,61334393696.577026,3047340.6502055791,0.052922843734160688,6
sep-ipop-l20,8,111020,6930,1898140,878.45919164021814,,1917101372644.8596,5102879.9333043229,0.05861859934770635,6
sep-ipop-l20,8,111020,6996,1982620,878.45919164021814,,12712926483333.141,49404065.897108071,0.043654354990096948,6
sep-ipop-l20,8,111020,7062,2067100,878.45919164021814,,40283534193268.867,98571655.162081376,0.036313316126479631,6
sep-ipop-l20,8,111020,7128,2151580,878.45919164021814,,119437993818742.17,30839753658.321114,0.047678765127463954,6
sep-ipop-l20,8,111020,7194,2236060,878.45919164021814,,1054114279539401,232472662137.26453,0.04901693650313968,6
sep-ipop-l20,8,111020,7260,2320540,878.45919164021814,,1501843728825700.5,266629400117.07425,0.030213073047808559,6
sep-ipop-l20,8,111020,7326,2405020,878.45919164021814,,1498900364258532.5,520455066761.20288,0.025959488264680277,6
sep-ipop-l20,8,111020,7392,2489500,878.45919164021814,,1775391657874050.8,521551821452.4411,0.027235016648647026,6
sep-ipop-l20,8,111020,7458,2573980,878.45919164021814,,2199822144968000.2,880357120555.29163,0.025343296287245298,6
sep-ipop-l20,8,111020,7524,2658460,878.45919164021814,,1916038733411867.2,4871332791537.9746,0.028323923321932541,6
sep-ipop-l20,8,111020,7590,2818460,878.45919164021814,,5.2880247381302894,149.76528965876142,0.30834983704182267,7
sep-ipop-l20,8,111020,7656,2987420,878.45919164021814,,71.586740701310674,1415.3588552391477,0.25156952799887899,7
sep-ipop-l20,8,111020,7722,3156380,878.45919164021814,,2743.6081338504691,3073.0215917164674,0.2730092270455321,7
sep-ipop-l20,8,111020,7788,3325340,878.45919164021814,,133224.2021138148,12169.053627175166,0.27887477806323357,7
sep-ipop-l20,8,111020,7854,3494300,878.45919164021814,,5856027.694448635,153879.30831247766,0.23688083987310274,7
sep-ipop-l20,8,111020,7920,3663260,878.45919164021814,,553851046.61105239,7101.3162420305516,0.056818143399318101,7
sep-ipop-l20,8,111020,7986,3832220,878.45919164021814,,22040765069.974247,63049.661658962505,0.054451743255070614,7
sep-ipop-l20,8,111020,8052,4001180,878.45919164021814,,2002470225447.9951,110436.16152442226,0.061521185685678631,7
sep-ipop-l20,8,111020,8118,4170140,878.45919164021814,,191289956587657.84,137205.12605534765,0.064994711531027774,7
sep-ipop-l20,8,111020,8184,4339100,878.45919164021814,,24263477875494360,122303.68214708513,0.063190834033428095,7
sep-ipop-l20,8,111020,8250,4508060,878.45919164021814,,3.9395315279085665e+18,66106.589179057759,0.058021243129085159,7
sep-ipop-l20,8,111020,8316,4677020,878.45919164021814,,3.7019784105441467e+20,129932.18805381226,0.063424416118450483,7
sep-ipop-l20,8,111020,8382,4845980,878.45919164021814,,3.6183569035398161e+22,134833.05323442238,0.059475160319176518,7
sep-ipop-l20,8,111020,8448,5014940,878.45919164021814,,4.7908156102454346e+24,74802.096468227362,0.058961775823264964,7
sep-ipop-l20,8,111020,8514,5183900,878.45919164021814,,8.4009592284175828e+26,21775.014262497301,0.063508796540019827,7
sep-ipop-l20,8,111020,8580,5352860,878.45919164021814,,1.2303664253944314e+29,8669.0258173025522,0.057757607266576402,7
sep-ipop-l20,8,111020,8646,5521820,878.45919164021814,,1.5394383731489629e+31,10647.335533166332,0.061581433933302884,7
sep-ipop-l20,8,111020,8712,5690780,878.45919164021814,,6.3984929684722023e+32,51269.228940202076,0.062563550765822679,7
sep-ipop-l20,8,111020,8778,5859740,878.45919164021814,,1.2918024148667721e+34,600158.28598734143,0.049969880475640924,7
sep-ipop-l20,8,111020,8844,6028700,878.45919164021814,,7.0685868818299404e+34,1512511.8193040867,0.045518972651574577,7
sep-ipop-l20,8,111020,8910,6197660,878.45919164021814,,2.4455685106115353e+35,16594650.369184216,0.042401022040584796,7
sep-ipop-l20,8,111020,8976,6366620,878.45919164021814,,1.8270735350516136e+36,742356070.43745124,0.046327329315716412,7
sep-ipop-l20-w102,8,111020,1,20,33693.860674540199,,0.27175920977988954,1.0499935751046257,0.26713211662208625,0
sep-ipop-l20-w102,8,111020,20,400,1952.1791547139485,,0.1776108355138675,2.1764875384821911,0.20272989818028922,0
sep-ipop-l20-w102,8,111020,80,1600,1490.1167742411296,,0.085790321386081045,3.8501125418645636,0.099674745486592081,0
sep-ipop-l20-w102,8,111020,1320,27820,928.99072265625,,0.12791883445021124,9.8279513209479852,0.15985201430355442,1
sep-ipop-l20-w102,8,111020,1914,51580,928.99072265625,,0.020469131155783603,3717.1790555568396,0.0063109396400574235,1
sep-ipop-l20-w102,8,111020,2574,77980,928.99072265625,,0.00080231181543436705,7052570.2793736458,0.00020313091707253105,1
sep-ipop-l20-w102,8,111020,2970,103700,928.99072265625,,0.067932570258009167,44389.383122961801,0.082271282115782315,2
sep-ipop-l20-w102,8,111020,3300,130100,928.99072265625,,0.024091934963154579,155696751.92029664,0.0060908874355842654,2
sep-ipop-l20-w102,8,111020,3630,162020,928.99072265625,,0.37069383927735361,475.51701527052177,0.22667978461746807,3
sep-ipop-l20-w102,8,111020,3762,183140,928.99072265625,,3.4409116611722288,11749.325877867101,0.26139454755424962,3
sep-ipop-l20-w102,8,111020,3894,204260,928.99072265625,,40.367414404492891,7918.7922007736915,0.07439596164995689,3
sep-ipop-l20-w102,8,111020,4092,235940,928.99072265625,,1999.3361293947771,69717.069753756514,0.059322103268183192,3
sep-ipop-l20-w102,8,111020,4224,257060,928.99072265625,,18144.075825599659,918617.57905106619,0.04675414129288559,3
sep-ipop-l20-w102,8,111020,4422,299140,928.99072265625,,2.3716200975103812,1518.5245348079361,0.2368995503485595,4
sep-ipop-l20-w102,8,111020,4488,320260,928.99072265625,,27.88469137795699,5625.1145600725813,0.24291275606215268,4
sep-ipop-l20-w102,8,111020,4554,341380,928.99072265625,,347.86503093816225,75825.664520617604,0.24003195320854331,4
sep-ipop-l20-w102,8,111020,4620,362500,928.99072265625,,6866.5525416365199,263283.36249634961,0.18737252010259198,4
sep-ipop-l20-w102,8,111020,4679,381380,902.50313313802087,,135782.65483826559,10141.762131697353,0.091214614817056838,4
sep-ipop-l20-w102,8,111020,4763,408260,887.39917882283532,,5537388.7147059338,24826.779253089768,0.072239642962109163,4
sep-ipop-l20-w102,8,111020,4837,431940,870.15214284261071,,74118732.713744387,18995.776508126699,0.018441793112108598,4
sep-ipop-l20-w102,8,111020,4916,457220,867.12205251057946,,305310796.10615689,139589.25452623557,0.0076553192111008311,4
sep-ipop-l20-w102,8,111020,4997,483140,866.57301839192712,,2307556162.28198,32808961.437887929,0.0077195604927150496,4
sep-ipop-l20-w102,8,111020,5075,508100,865.85981114705407,,95605725126.419617,64342120.73572699,0.0067554635696366076,4
sep-ipop-l20-w102,8,111020,5156,534020,865.66535441080725,,370007975854.64685,68579529.477341235,0.0039065242781158461,4
sep-ipop-l20-w102,8,111020,5280,573700,865.63594055175781,,1037482646869.5006,1010610171.5547338,0.0033560565690990292,4
sep-ipop-l20-w102,8,111020,5346,602180,865.63594055175781,,0.82676887864636606,17.265617245488432,0.51846299519212113,5
sep-ipop-l20-w102,8,111020,5412,644420,865.63594055175781,,7.5544008505438685,1344.8170438591928,0.25172523468963676,5
sep-ipop-l20-w102,8,111020,5478,686660,865.63594055175781,,116.24383429475998,13518.59855492001,0.25742927386914821,5
sep-ipop-l20-w102,8,111020,5544,728900,865.63594055175781,,3037.7900029005559,50299.856465645054,0.22379949258842707,5
sep-ipop-l20-w102,8,111020,5610,771140,865.63594055175781,,46608.905299530059,126322.28526513099,0.23252401538254402,5
sep-ipop-l20-w102,8,111020,5676,813380,865.63594055175781,,6796336.1522279633,7798.0831605904668,0.26112220675154385,5
sep-ipop-l20-w102,8,111020,5742,855620,865.63594055175781,,159893557.34252942,1790.648064866785,0.056614887346430463,5
sep-ipop-l20-w102,8,111020,5808,897860,865.63594055175781,,3455487689.6066699,1960.9491874137877,0.019485002336398494,5
sep-ipop-l20-w102,8,111020,5874,940100,865.63594055175781,,17861146557.20583,8674.4895202090283,0.01520304018056578,5
sep-ipop-l20-w102,8,111020,5940,982340,865.63594055175781,,105398641083.57683,31501.077989148496,0.0075883904633841214,5
sep-ipop-l20-w102,8,111020,6006,1024580,865.63594055175781,,1791722858339.5093,56393.710386672654,0.0067838647198592327,5
sep-ipop-l20-w102,8,111020,6072,1066820,865.63594055175781,,6474573435538.0908,5383575.8362607853,0.005239963079238988,5
sep-ipop-l20-w102,8,111020,6138,1109060,865.63594055175781,,23897034629658.352,87546788.807920709,0.0052587049054471065,5
sep-ipop-l20-w102,8,111020,6204,1151300,865.63594055175781,,37873728190136.242,255941468.87056851,0.0036458112588041484,5
sep-ipop-l20-w102,8,111020,6270,1193540,865.63594055175781,,138914689081783.44,2483822074.6383281,0.0049569874796370058,5
sep-ipop-l20-w102,8,111020,6336,1235780,865.63594055175781,,398594841746453.5,1117185747.4407287,0.0023483694753442782,5
sep-ipop-l20-w102,8,111020,6402,1286340,865.63594055175781,,0.90222664963068,10.930914813377678,0.68768168822720088,6
sep-ipop-l20-w102,8,111020,6468,1370820,865.63594055175781,,7.1737727424847133,1260.4597191778939,0.2628393509803546,6
sep-ipop-l20-w102,8,111020,6534,1455300,865.63594055175781,,137.14879787831174,2890.5255335738443,0.23935626210737701,6
sep-ipop-l20-w102,8,111020,6600,1539780,865.63594055175781,,5000.129179064942,16595.582515497528,0.24571628206799909,6
sep-ipop-l20-w102,8,111020,6666,1624260,865.63594055175781,,204468.54260452543,38754.093147482286,0.24623921423010162,6
sep-ipop-l20-w102,8,111020,6732,1708740,865.63594055175781,,21273232.206521593,19910.433580204222,0.26937912014916365,6
sep-ipop-l20-w102,8,111020,6798,1793220,865.63594055175781,,1093221927.5342765,109063.59212765051,0.23565468782091231,6
sep-ipop-l20-w102,8,111020,6864,1877700,865.63594055175781,,104252264915.29118,1912.8491246405276,0.096238954447551803,6
sep-ipop-l20-w102,8,111020,6930,1962180,865.63594055175781,,5683094664607.0449,5984.9224015737382,0.065913042776948622,6
sep-ipop-l20-w102,8,111020,6996,2046660,865.63594055175781,,293456539578920.31,48745.315272648593,0.059826456561344062,6
sep-ipop-l20-w102,8,111020,7062,2131140,865.63594055175781,,9579192877849008,158309.93823939885,0.03472972208431057,6
sep-ipop-l20-w102,8,111020,7128,2215620,865.63594055175781,,43706799976836512,390623.96521442814,0.013493206690966602,6
sep-ipop-l20-w102,8,111020,7194,2300100,865.63594055175781,,1.3295885445537917e+17,8614410.4923367295,0.0072012215923033052,6
sep-ipop-l20-w102,8,111020,7260,2384580,865.63594055175781,,3.0519040484722822e+17,2658952368.4573784,0.0075938772349595264,6
sep-ipop-l20-w102,8,111020,7326,2469060,865.63594055175781,,1.4362346287822354e+18,15474348130.761148,0.006788558857105078,6
sep-ipop-l20-w102,8,111020,7392,2553540,865.63594055175781,,1.6276498019390602e+18,21257596052.286888,0.0043536984992653726,6
sep-ipop-l20-w102,8,111020,7458,2705860,865.63594055175781,,2.7289863604410849,106.67821545780006,0.31854407483746888,7
sep-ipop-l20-w102,8,111020,7524,2874820,865.63594055175781,,31.500051847759526,34292.716189368191,0.21330076263225289,7
sep-ipop-l20-w102,8,111020,7590,3043780,865.63594055175781,,947.63813333164774,18973.012581983076,0.29577796513702609,7
sep-ipop-l20-w102,8,111020,7656,3212740,865.63594055175781,,53708.945861532266,6081.890143610769,0.28155124843892559,7
sep-ipop-l20-w102,8,111020,7722,3381700,865.63594055175781,,2280580.3505125088,46620.592435943407,0.25273423731418593,7
sep-ipop-l20-w102,8,111020,7788,3550660,865.63594055175781,,131417067.66051871,12454.978667116537,0.092320239229421452,7
sep-ipop-l20-w102,8,111020,7854,3719620,865.63594055175781,,6964591034.7648621,7699.2889998216806,0.045444052642745071,7
sep-ipop-l20-w102,8,111020,7920,3888580,865.63594055175781,,188682589730.57553,11002.478554196832,0.036415021153300323,7
sep-ipop-l20-w102,8,111020,7986,4057540,865.63594055175781,,10072004759604.432,6480.6481941853363,0.035028721925879011,7
sep-ipop-l20-w102,8,111020,8052,4226500,865.63594055175781,,74447959090431.953,55442.872799079596,0.019387234846435734,7
sep-ipop-l20-w102,8,111020,8118,4395460,865.63594055175781,,402959056061436.12,66326.798012174375,0.0060006997605827148,7
sep-ipop-l20-w102,8,111020,8184,4564420,865.63594055175781,,1552971829069500.8,9331698.0333278812,0.0042459461194142177,7
sep-ipop-l20-w102,8,111020,8250,4733380,865.63594055175781,,11463279040123746,81993433.084988832,0.0041194160272353493,7
sep-ipop-l20-w102,8,111020,8316,4902340,865.63594055175781,,55515135204077032,582256583.93502891,0.0034071955434600894,7
sep-ipop-l20-w102,8,111020,8382,5071300,865.63594055175781,,3.2924942563434112e+17,974700349.39621937,0.0036193235893005322,7
sep-ipop-l20-w102,8,111020,8448,5240260,865.63594055175781,,6.9358267961602637e+17,2106477281.3871624,0.0017870327831802364,7
sep-ipop-l20-w102,8,111020,8514,5409220,865.63594055175781,,7.163894393489993e+17,2873525058.7498369,0.001646626829640848,7
sep-ipop-l20-w102,8,111020,8580,5747140,865.63594055175781,,7.3660499905659655,305.8262496990119,0.34248585310784241,8
sep-ipop-l20-w102,8,111020,8646,6085060,865.63594055175781,,205.01994093784816,2519.7931558504051,0.2985213605198066,8
sep-ipop-l20-w102,8,111020,8712,6422980,865.63594055175781,,7485.7302941314965,4415.1534961068728,0.25032349503318829,8
sep-ipop,8,111020,1,1024,5265.2792867024737,,0.28909356942069642,9.4720961693021284,0.11213283377392884,0
sep-ipop,8,111020,5,5120,1838.2589950561523,,1.0606449136878948,46.73130710802571,0.83362991873778247,0
sep-ipop,8,111020,10,10240,1796.8822034200032,,1.8841867236807763,30.149590002482991,0.71297519970205203,0
sep-ipop,8,111020,20,20480,1682.4114163716633,,3.2892581109205117,6.2269735170409515,0.34206291860591492,0
sep-ipop,8,111020,25,25600,1598.2070439656575,,3.2769682829902456,6.3246070625102702,0.26595774270527628,0
sep-ipop,8,111020,40,40960,1550.192721048991,,5.2046282692036314,91.021664530796983,0.23263008132954258,0
sep-ipop,8,111020,50,51200,1494.235632578532,,7.7139295519246129,262.76028694742115,0.24456836449648581,0
sep-ipop,8,111020,75,76800,1380.4815381368001,,18.621752667449666,410.91882492098449,0.2320694416984504,0
sep-ipop,8,111020,80,81920,1364.9722417195637,,22.42258833895545,562.72242801417053,0.24632848331643384,0
sep-ipop,8,111020,100,102400,1287.5624046325684,,49.279826232249114,1237.7976471705138,0.22504788811211235,0
sep-ipop,8,111020,125,128000,1180.1785697937012,,161.61694305588799,3356.0524574258607,0.24183143194882639,0
sep-ipop,8,111020,149,152576,1049.435526529948,,519.11694550743232,1478.1859697989364,0.1358459963306255,0
sep-ipop,8,111020,160,163840,1020.2004152933756,,828.13270660865999,3411.8578794488726,0.16403269017472014,0
sep-ipop,8,111020,174,178176,1001.8676236470541,,1660.0117347186938,12831.73089870838,0.2415397323483138,0
sep-ipop,8,111020,199,203776,978.54555130004883,,6642.024799190649,33115.744302756888,0.24362255478056799,0
sep-ipop,8,111020,224,229376,964.86559295654297,,25221.199902082575,53565.792423154504,0.24002599444174863,0
sep-ipop,8,111020,249,254976,954.58744557698571,,83732.243151512099,85565.65258463689,0.25104356201449379,0
sep-ipop,8,111020,255,261120,953.18989817301429,,105704.02838717616,132775.25206881049,0.23105122949910153,0
sep-ipop,8,111020,273,279552,948.82295227050781,,285821.0665832503,588547.39914112224,0.24897658044208471,0
sep-ipop,8,111020,298,305152,933.2872314453125,,4384522.5553648444,58092.914573546273,0.26054882584488054,0
sep-ipop,8,111020,323,330752,910.65007019042969,,15002780.193472596,297918.29854132887,0.2518748752868798,0
sep-ipop,8,111020,348,356352,904.69709650675452,,35843789.893229268,1477200.6879557145,0.19758905793996343,0
sep-ipop,8,111020,373,381952,892.94118881225586,,128014088.75116065,269252.31827632012,0.1315315544120203,0
sep-ipop,8,111020,397,406528,877.84890874226892,,852112207.65325296,13886.054280726434,0.062014113238225782,0
sep-ipop,8,111020,422,432128,865.09078343709314,,3642695508.0528307,6518.7030894753398,0.029793681983445664,0
sep-ipop,8,111020,447,457728,859.29604339599609,,11634991639.545454,5183.7935620903991,0.018312771723041021,0
sep-ipop,8,111020,472,483328,857.31658554077148,,20107447399.200695,16996.339172052871,0.013974887196047128,0
sep-ipop,8,111020,497,508928,856.06013615926111,,34186208999.319115,13944.008913626587,0.0079574946966946176,0
sep-ipop,8,111020,521,533504,855.12580362955725,,54946658891.394585,237563.98135659879,0.0089465224828948944,0
sep-ipop,8,111020,546,559104,854.813975016276,,109345347176.9588,771297.14096711297,0.0083283359991806454,0
sep-ipop,8,111020,571,584704,854.6006978352865,,148263339180.63458,1575667.6323175139,0.0071351096224735724,0
sep-ipop,8,111020,596,610304,854.48771031697595,,263627034645.66019,6124295.2990627903,0.0069167156196747979,0
sep-ipop,8,111020,621,635904,854.433339436849,,368194756752.25793,80627854.943226635,0.00556068400592341,0
sep-ipop,8,111020,645,660480,854.41122690836585,,587583340889.34473,166438585.67350888,0.0066743602414127698,0
sep-ipop,8,111020,670,686080,854.40448633829749,,735036963239.17285,210909905.51472661,0.0052188508766548795,0
sep-ipop,8,111020,695,711680,854.40448633829749,,952184802186.06763,852356620.913257,0.0048333989543314741,0
sep-ipop,8,111020,720,737280,854.40448633829749,,799769146391.0376,4089023328.2530594,0.003778421645273066,0
sep-ipop,8,111020,745,762880,854.40448633829749,,796477972281.27258,6555735234.7173576,0.0033080367404376976,0
sep-ipop,8,111020,769,787456,854.40448633829749,,802637351519.9032,4979153535.0884933,0.0033750739431388532,0
sep-ipop,8,111020,794,813056,854.40448633829749,,825927335656.56128,6704095548.8046865,0.0032450542657416525,0
sep-ipop,8,111020,819,838656,854.40448633829749,,826080476192.2179,19433583727.497128,0.0042958660051335765,0
sep-ipop,8,111020,844,864256,854.40448633829749,,823408965325.79004,18317208285.919304,0.0034376297305536746,0
sep-ipop,8,111020,869,889856,854.40448633829749,,852431163330.1521,7423673384.973877,0.0031922436297835968,0
sep-ipop,8,111020,893,914432,854.40448633829749,,930162451869.19238,6443585145.3182325,0.0028338311025330686,0
sep-ipop,8,111020,918,940032,854.40448633829749,,1110167739900.6787,8347572399.855772,0.0041044236472884375,0
sep-ipop,8,111020,943,965632,854.40448633829749,,1120469008372.085,7523670301.7623758,0.0033081694882514676,0
sep-ipop,8,111020,968,991232,854.40448633829749,,1159569525671.4915,23027133425.773083,0.0042871916542899886,0
sep-ipop,8,111020,993,1016832,854.40448633829749,,980513910064.61218,31952157832.165215,0.0039387932817086272,0
sep-ipop,8,111020,1005,1041408,854.40448633829749,,0.71265199224987141,30.260815337340574,1.1141503935025081,1
sep-ipop,8,111020,1018,1068032,854.40448633829749,,0.9935512698517035,23.588677879821631,0.47149989701833267,1
sep-ipop,8,111020,1030,1092608,854.40448633829749,,1.370180076273174,20.10083908083725,0.35833049528956734,1
sep-ipop,8,111020,1043,1119232,854.40448633829749,,2.7817466081642288,228.29473068812399,0.32396187953270583,1
sep-ipop,8,111020,1055,1143808,854.40448633829749,,6.1881015438782727,372.50824359553513,0.32301510863921717,1
sep-ipop,8,111020,1068,1170432,854.40448633829749,,10.9940632441043,618.59690588668457,0.2995618492044454,1
sep-ipop,8,111020,1080,1195008,854.40448633829749,,13.932562611922183,1610.3057213403263,0.26565726702877013,1
sep-ipop,8,111020,1092,1219584,854.40448633829749,,23.636358873854562,1980.6375751708661,0.28521077321627908,1
sep-ipop,8,111020,1105,1246208,854.40448633829749,,43.331437998758211,1274.9697977300459,0.27983576841984814,1
sep-ipop,8,111020,1117,1270784,854.40448633829749,,68.7424602727082,2348.6795588839914,0.28494593699768866,1
sep-ipop,8,111020,1130,1297408,854.40448633829749,,124.29129808562284,3662.8114861648983,0.27818074237692753,1
sep-ipop,8,111020,1142,1321984,854.40448633829749,,265.53133265982746,2504.6038368239474,0.28235154426765391,1
sep-ipop,8,111020,1154,1346560,854.40448633829749,,573.29296727210613,3508.4559362335285,0.28122085635893163,1
sep-ipop,8,111020,1167,1373184,854.40448633829749,,1192.7056172710861,6200.6846761049364,0.26059972410951854,1
sep-ipop,8,111020,1179,1397760,854.40448633829749,,2579.1880954297712,7648.2405186274582,0.2759194853607479,1
sep-ipop,8,111020,1192,1424384,854.40448633829749,,4947.1124851046534,12447.45055234955,0.27013299327161305,1
sep-ipop,8,111020,1204,1448960,854.40448633829749,,7721.7990863529249,18905.55993208395,0.24386437889759663,1
sep-ipop,8,111020,1216,1473536,854.40448633829749,,13646.529094022724,24711.583557428898,0.25361436343648597,1
sep-ipop,8,111020,1229,1500160,854.40448633829749,,27918.924574101966,24874.780995555262,0.26783174882888339,1
sep-ipop,8,111020,1241,1524736,854.40448633829749,,71191.060644874931,18965.095779639942,0.28306971831541017,1
sep-ipop,8,111020,1254,1551360,854.40448633829749,,138720.79194368431,22784.046859325037,0.25298151397009938,1
sep-ipop,8,111020,1266,1575936,854.40448633829749,,295223.69096807734,29919.403761542933,0.24402655013155836,1
sep-ipop,8,111020,1278,1600512,854.40448633829749,,675089.68963633082,49972.932622106644,0.26110113922364753,1
sep-ipop,8,111020,1291,1627136,854.40448633829749,,1696735.0778460824,62642.911807764591,0.26062994390270167,1
sep-ipop,8,111020,1303,1651712,854.40448633829749,,4056140.9275930622,56954.384898311248,0.25597552804879165,1
sep-ipop,8,111020,1316,1678336,854.40448633829749,,10302185.893531989,73807.320426487669,0.26494660548101312,1
sep-ipop,8,111020,1328,1702912,854.40448633829749,,23192448.687433109,84071.26677469218,0.25533696842098003,1
sep-ipop,8,111020,1340,1727488,854.40448633829749,,61041192.86271669,90708.783714125515,0.26757327645695311,1
sep-ipop,8,111020,1353,1754112,854.40448633829749,,182488608.80932793,78863.598589330053,0.26639725793399732,1
sep-ipop,8,111020,1365,1778688,854.40448633829749,,458210200.24688405,68643.791327088838,0.27380744708788557,1
sep-ipop,8,111020,1378,1805312,854.40448633829749,,1145774523.0349627,52547.745997147387,0.25251757354335225,1
sep-ipop,8,111020,1390,1829888,854.40448633829749,,2777895736.306458,71867.816824542519,0.25566615069584347,1
sep-ipop,8,111020,1402,1854464,854.40448633829749,,5924486334.2045135,74548.212353209223,0.2442184595047375,1
sep-ipop,8,111020,1415,1881088,854.40448633829749,,12322055338.583059,112773.72860230415,0.24149320277075362,1
sep-ipop,8,111020,1427,1905664,854.40448633829749,,17784527487.121796,191489.97835849461,0.21271243385538269,1
sep-ipop,8,111020,1440,1932288,854.40448633829749,,23638171740.023293,412388.20773218671,0.20792608819170377,1
sep-ipop,8,111020,1452,1956864,854.40448633829749,,31425935611.800323,597065.91261832777,0.20662220262421357,1
sep-ipop,8,111020,1464,1981440,854.40448633829749,,85817818977.991333,308028.10649992555,0.24816309476327211,1
sep-ipop,8,111020,1477,2008064,854.40448633829749,,380607914688.23145,13852.18587341037,0.18574763818214043,1
sep-ipop,8,111020,1489,2032640,854.40448633829749,,1419861214080.8037,2634.8523830044719,0.13388499180879812,1
sep-ipop,8,111020,1502,2059264,854.40448633829749,,2162703223490.1746,1779.1414334469748,0.061275375389280982,1
sep-ipop,8,111020,1514,2083840,854.40448633829749,,3209093759307.3125,2559.4529219538663,0.03659861990546643,1
sep-ipop,8,111020,1526,2108416,854.40448633829749,,4542203406302.9736,3347.3583504025505,0.023066270805338074,1
sep-ipop,8,111020,1539,2135040,854.40448633829749,,6634611458991.9287,3151.4564283640848,0.018343637969958776,1
sep-ipop,8,111020,1551,2159616,854.40448633829749,,8796640200151.5859,3415.9968539116576,0.017421485708250202,1
sep-ipop,8,111020,1564,2186240,854.40448633829749,,10213598527347.072,4246.1934359514516,0.014986165210690214,1
sep-ipop,8,111020,1576,2210816,854.40448633829749,,15597625087092.668,6190.656665974212,0.017726178525006301,1
sep-ipop,8,111020,1588,2235392,854.40448633829749,,28031985312574.043,8812.6906759084159,0.017531095683372407,1
sep-ipop,8,111020,1601,2262016,854.40448633829749,,50282025090734.125,10932.695277163977,0.016337036224097587,1
sep-ipop,8,111020,1613,2286592,854.40448633829749,,79698717359775.984,8215.9571971663554,0.0122854658245913,1
sep-ipop,8,111020,1626,2313216,854.40448633829749,,140170996841497.55,9986.7648647629921,0.012752630665918075,1
sep-ipop,8,111020,1638,2337792,854.40448633829749,,244454664314791.91,13439.924376162589,0.012673912877019376,1
sep-ipop,8,111020,1650,2362368,854.40448633829749,,387193630530803.75,18437.753017162857,0.012191907019502289,1
sep-ipop,8,111020,1663,2388992,854.40448633829749,,634990351766905.75,18841.153366856634,0.011723687512067541,1
sep-ipop,8,111020,1675,2413568,854.40448633829749,,977721384297276,24229.314582228133,0.010483137072376688,1
sep-ipop,8,111020,1688,2440192,854.40448633829749,,1663485199270508.5,29774.495064100327,0.010088374659549097,1
sep-ipop,8,111020,1700,2464768,854.40448633829749,,2889244818640598,34194.185238609411,0.010459326698718449,1
sep-ipop,8,111020,1712,2489344,854.40448633829749,,5395468177391913,33427.185025535087,0.011570759413251938,1
sep-ipop,8,111020,1725,2515968,854.40448633829749,,9720387307275806,33587.162373069601,0.01147924337554047,1
sep-ipop,8,111020,1737,2540544,854.40448633829749,,16556939107324362,30977.329252785763,0.010988065238038896,1
sep-ipop,8,111020,1750,2567168,854.40448633829749,,31086340135038024,31845.851535014317,0.011545097028341614,1
sep-ipop,8,111020,1762,2591744,854.40448633829749,,57807862553877496,31953.534002213819,0.011674766253753835,1
sep-ipop,8,111020,1774,2616320,854.40448633829749,,1.0727406462456864e+17,44859.200576191542,0.012406209240212433,1
sep-ipop,8,111020,1787,2642944,854.40448633829749,,1.9570583597148278e+17,33777.133930321928,0.011112454579749548,1
sep-ipop,8,111020,1799,2667520,854.40448633829749,,2.9320111262162534e+17,44937.059474299262,0.010218876150283083,1
sep-ipop,8,111020,1812,2694144,854.40448633829749,,5.1848314576581862e+17,100546.84860737289,0.010421562850370323,1
sep-ipop,8,111020,1824,2718720,854.40448633829749,,8.0798025276902784e+17,275094.4647897543,0.010316127651419319,1
sep-ipop,8,111020,1836,2743296,854.40448633829749,,1.3597875889429903e+18,361932.20971923415,0.010216648217376353,1
sep-ipop,8,111020,1849,2769920,854.40448633829749,,2.244759018203468e+18,628491.21133044176,0.010652544988982616,1
sep-ipop,8,111020,1861,2794496,854.40448633829749,,3.2906806180923694e+18,1065253.3822663792,0.010205660421233236,1
sep-ipop,8,111020,1874,2821120,854.40448633829749,,4.75163755620834e+18,1354899.2975825095,0.0097979573506862608,1
sep-ipop,8,111020,1886,2845696,854.40448633829749,,6.5166047453459517e+18,2392831.7361098044,0.0095913584723657432,1
sep-ipop,8,111020,1898,2870272,854.40448633829749,,8.0860912507955354e+18,7291141.0572285773,0.008986886227035612,1
sep-ipop,8,111020,1911,2896896,854.40448633829749,,1.0697048867069123e+19,20783948.691542212,0.0098985958828791357,1
sep-ipop,8,111020,1923,2921472,854.40448633829749,,1.3507126058217593e+19,56026922.528746918,0.010183632543084098,1
sep-ipop,8,111020,1936,2948096,854.40448633829749,,1.6995528550320525e+19,83637782.311812729,0.0089860371896540482,1
sep-ipop,8,111020,1948,2972672,854.40448633829749,,2.282123373622134e+19,147535723.65463027,0.010999372169904518,1
sep-ipop,8,111020,1960,2997248,854.40448633829749,,3.0061245952861749e+19,135414889.40655467,0.0094049904239308056,1
sep-ipop,8,111020,1973,3023872,854.40448633829749,,4.1054296668086968e+19,166659905.87916067,0.00981382565554304,1
sep-ipop,8,111020,1985,3048448,854.40448633829749,,5.4909954642578162e+19,244419060.94461492,0.009987871419666644,1
sep-ipop,8,111020,1998,3075072,854.40448633829749,,7.7652797441395327e+19,335996182.26923311,0.0088824555268303042,1
sep-ipop,8,111020,2010,3099648,854.40448633829749,,1.0956458307404207e+20,693166900.14857686,0.010338883495247635,1
sep-ipop,8,111020,2022,3124224,854.40448633829749,,1.8811450423095126e+20,453399643.40469658,0.0097051404325350105,1
sep-ipop,8,111020,2035,3150848,854.40448633829749,,2.881164236452208e+20,973603913.23034847,0.010376834189354532,1
sep-ipop,8,111020,2047,3175424,854.40448633829749,,4.8340199249195624e+20,1022600991.5731211,0.010084256524964474,1
sep-ipop,8,111020,2060,3202048,854.40448633829749,,6.9760821216344238e+20,1693396827.0544362,0.011138039368705433,1
sep-ipop,8,111020,2072,3226624,854.40448633829749,,8.5210259871125353e+20,3561578915.4975586,0.010166469277197896,1
sep-ipop,8,111020,2084,3251200,854.40448633829749,,1.2055597146840496e+21,875392239.6120007,0.0037303731148166674,1
sep-ipop,8,111020,2097,3277824,854.40448633829749,,1.3491037602480136e+21,1638001912.6910653,0.0033606461835042349,1
sep-ipop,8,111020,2109,3302400,854.40448633829749,,1.490713405222161e+21,1545422351.1007118,0.0026973342410198031,1
sep-ipop,8,111020,2122,3329024,854.40448633829749,,1.4639214925522262e+21,1475041719.6169856,0.0022240558403722414,1
sep-ipop,8,111020,2134,3353600,854.40448633829749,,1.4671944602566365e+21,1624608645.9520082,0.0023953305579421003,1
sep-ipop,8,111020,2147,3380224,854.40448633829749,,1.3169374850709528e+21,2173511140.504353,0.0025901517596931211,1
sep-ipop,8,111020,2159,3404800,854.40448633829749,,1.3248394344175887e+21,3265134643.7209721,0.0029020004907386716,1
sep-ipop,8,111020,2171,3429376,854.40448633829749,,1.3058340875427753e+21,5224881845.8321133,0.0030700147861008032,1
sep-ipop,8,111020,2184,3456000,854.40448633829749,,1.3454455723336113e+21,5120852345.8377657,0.0028506495964593904,1
sep-ipop,8,111020,2196,3480576,854.40448633829749,,1.2629913456549615e+21,6337930982.1343355,0.0028247103365044821,1
sep-ipop,8,111020,2209,3507200,854.40448633829749,,1.2161546877273212e+21,6151032495.5560265,0.0024976773327432564,1
sep-ipop,8,111020,2221,3531776,854.40448633829749,,1.1690566495158906e+21,8530514580.7437372,0.0030105318122519353,1
sep-ipop,8,111020,2233,3556352,854.40448633829749,,1.1342992493073912e+21,9819846553.3056698,0.0031796690951318043,1
sep-ipop,8,111020,2246,3582976,854.40448633829749,,1.1284174912386253e+21,8685282615.1793537,0.0028577310564969634,1
sep-ipop,8,111020,2258,3607552,854.40448633829749,,1.1418680316579132e+21,6107373100.2711391,0.0024287026998142322,1
sep-ipop,8,111020,2271,3634176,854.40448633829749,,1.1155319710790788e+21,5654543931.5146894,0.0021255203338577558,1
sep-ipop,8,111020,2283,3658752,854.40448633829749,,1.1271200520666544e+21,5062615169.5954504,0.0019634983787773391,1
sep-ipop,8,111020,2295,3683328,854.40448633829749,,1.212099147786151e+21,10312642627.313398,0.0023691822514667082,1
sep-ipop,8,111020,2308,3709952,854.40448633829749,,1.1779465701732115e+21,10852755081.434078,0.0022207040444901008,1
sep-ipop,8,111020,2320,3734528,854.40448633829749,,1.1345176084152957e+21,8574715494.0547781,0.0019365919794723928,1
sep-ipop,8,111020,2333,3761152,854.40448633829749,,1.0807823380010043e+21,7586972740.8337765,0.0019170987760412236,1
sep-ipop,8,111020,2345,3785728,854.40448633829749,,1.1322367173180353e+21,13472482339.765491,0.0024542285499735668,1
sep-ipop,8,111020,2357,3810304,854.40448633829749,,1.1238168020140003e+21,11346448096.703621,0.0020916245772646222,1
sep-ipop,8,111020,2370,3836928,854.40448633829749,,1.1289891685540796e+21,11411989784.403194,0.0022529447506342924,1
sep-ipop,8,111020,2382,3861504,854.40448633829749,,1.1688302891711407e+21,14043797387.974276,0.0024003886641696592,1
sep-ipop,8,111020,2395,3888128,854.40448633829749,,1.1790201307226683e+21,12890328213.285473,0.0020709355809016066,1
sep-ipop,8,111020,2407,3914752,854.40448633829749,,0.37757713738697712,1.6543727862202542,0.43021908329767372,2
sep-ipop,8,111020,2413,3939328,854.40448633829749,,0.76395559652013967,15.084998199342996,1.225196795076301,2
sep-ipop,8,111020,2419,3963904,854.40448633829749,,0.94060797533628693,16.649925608337199,0.93203556634853824,2
sep-ipop,8,111020,2425,3988480,854.40448633829749,,1.1566098384916539,15.85062089204734,0.77350468416084706,2
sep-ipop,8,111020,2432,4017152,854.40448633829749,,1.3635335378870397,15.658660127754544,0.54475722899539725,2
sep-ipop,8,111020,2438,4041728,854.40448633829749,,1.4879372700282021,13.30838497666022,0.42659044881734415,2
sep-ipop,8,111020,2444,4066304,854.40448633829749,,1.8011184507276936,16.742685343351909,0.39412341991584365,2
sep-ipop,8,111020,2450,4090880,854.40448633829749,,2.2897462531461676,23.286470873396151,0.35402480860568225,2
sep-ipop,8,111020,2456,4115456,854.40448633829749,,3.0148959655962173,51.243794160453348,0.32411233840573045,2
sep-ipop,8,111020,2463,4144128,854.40448633829749,,4.3359775767024455,124.2264475565476,0.3265126842295123,2
sep-ipop,8,111020,2469,4168704,854.40448633829749,,6.0351459661005347,167.84796477536477,0.32555291926103219,2
sep-ipop,8,111020,2475,4193280,854.40448633829749,,8.0755073588988839,233.91710071153895,0.32222924837110073,2
sep-ipop,8,111020,2481,4217856,854.40448633829749,,9.9752128123096924,385.23037386297523,0.31201827436344254,2
sep-ipop,8,111020,2487,4242432,854.40448633829749,,11.700965847665577,836.13383625028507,0.30109496166948424,2
sep-ipop,8,111020,2494,4271104,854.40448633829749,,13.985857654822489,1495.6099087693131,0.28608650082854076,2
sep-ipop,8,111020,2500,4295680,854.40448633829749,,17.801888838070809,1974.8629546236807,0.29814808278529364,2
sep-ipop,8,111020,2506,4320256,854.40448633829749,,26.59813055206137,2045.0100152738241,0.32928255610528634,2
sep-ipop,8,111020,2512,4344832,854.40448633829749,,36.067873434198219,2192.4537059933805,0.31984927566494126,2
sep-ipop,8,111020,2518,4369408,854.40448633829749,,43.928353236261081,2500.6679460290798,0.29434080084595837,2
sep-ipop,8,111020,2525,4398080,854.40448633829749,,60.693481439394738,2548.5261988477109,0.28522346960395933,2
sep-ipop,8,111020,2531,4422656,854.40448633829749,,80.809225119124051,2283.9371483910045,0.27223716123180425,2
sep-ipop,8,111020,2537,4447232,854.40448633829749,,112.98696043531309,2125.5566671309562,0.27626015783993785,2
sep-ipop,8,111020,2543,4471808,854.40448633829749,,156.807408330854,2080.9087179211679,0.28352895639549458,2
sep-ipop,8,111020,2549,4496384,854.40448633829749,,217.4012032131341,1967.5554664077972,0.29000753973357407,2
sep-ipop,8,111020,2556,4525056,854.40448633829749,,312.7816755771438,1952.7674191643534,0.28057641058707927,2
sep-ipop,8,111020,2562,4549632,854.40448633829749,,440.51960299611187,2666.6893274854724,0.2914448246383407,2
sep-ipop,8,111020,2568,4574208,854.40448633829749,,600.31590110021614,2767.7014944165985,0.27563676331949238,2
sep-ipop,8,111020,2574,4598784,854.40448633829749,,842.15018442776363,3617.4188327808624,0.28400330534234874,2
sep-ipop,8,111020,2580,4623360,854.40448633829749,,1225.2649981081918,3747.5591237816179,0.284473582002915,2
sep-ipop,8,111020,2587,4652032,854.40448633829749,,1824.4373567433863,4457.7838881334219,0.27579482666059185,2
sep-ipop,8,111020,2593,4676608,854.40448633829749,,2654.5063760288181,4813.1617406184268,0.28238898176861044,2
sep-ipop,8,111020,2599,4701184,854.40448633829749,,4208.7357892820628,3055.7929710826697,0.28462459599016166,2
sep-ipop,8,111020,2605,4725760,854.40448633829749,,6254.2063808649291,2454.0645074372778,0.29242972908512072,2
sep-ipop,8,111020,2611,4750336,854.40448633829749,,8935.2465760972482,1981.9239015881517,0.28745000459411862,2
sep-ipop,8,111020,2618,4779008,854.40448633829749,,14448.497683277195,2321.6171196049163,0.31215594592625484,2
sep-ipop,8,111020,2624,4803584,854.40448633829749,,21298.196371009108,2427.8877971512106,0.29715104027736011,2
sep-ipop,8,111020,2630,4828160,854.40448633829749,,29843.232473849021,2585.2676373260879,0.28030195828893556,2
sep-ipop,8,111020,2636,4852736,854.40448633829749,,40811.845447373002,3527.8110952908787,0.28943599253633201,2
sep-ipop,8,111020,2642,4877312,854.40448633829749,,54273.985875283332,3749.5998484269735,0.26838373630267914,2
sep-ipop,8,111020,2649,4905984,854.40448633829749,,81444.84797430152,4718.1601842781674,0.27627163103060171,2
sep-ipop,8,111020,2655,4930560,854.40448633829749,,109269.66317091962,5605.6109769317964,0.25624584286053426,2
sep-ipop,8,111020,2661,4955136,854.40448633829749,,156032.41765473026,7146.092022185152,0.26100108724895749,2
sep-ipop,8,111020,2667,4979712,854.40448633829749,,229949.42800245769,8824.1226509216631,0.26819597385844429,2
sep-ipop,8,111020,2673,5004288,854.40448633829749,,343829.8293220108,11522.606568826452,0.27721757941280156,2
sep-ipop,8,111020,2680,5032960,854.40448633829749,,529948.50602466578,12994.79671789056,0.26189384754823858,2
sep-ipop,8,111020,2686,5057536,854.40448633829749,,770313.89913609636,16905.254917562175,0.25869234210894065,2
sep-ipop,8,111020,2692,5082112,854.40448633829749,,1117135.7436829524,22734.787747419283,0.25823424439758003,2
sep-ipop,8,111020,2698,5106688,854.40448633829749,,1667158.7712452253,20609.123147806713,0.25650124087803872,2
sep-ipop,8,111020,2704,5131264,854.40448633829749,,2463566.6760331499,28487.63880115169,0.25168625475736128,2
sep-ipop,8,111020,2711,5159936,854.40448633829749,,3960968.702206844,29462.185326731862,0.25295677541046435,2
sep-ipop,8,111020,2717,5184512,854.40448633829749,,6235952.8812343916,33040.728267458115,0.25705041881830432,2
sep-ipop,8,111020,2723,5209088,854.40448633829749,,9686105.07625168,38253.751779010207,0.26984700450778409,2
sep-ipop,8,111020,2729,5233664,854.40448633829749,,14912895.380021241,34251.145855464172,0.26168295946902637,2
sep-ipop,8,111020,2735,5258240,854.40448633829749,,23305649.702172611,40685.9419242515,0.26665137868310201,2
sep-ipop,8,111020,2742,5286912,854.40448633829749,,36163679.827317588,60105.728883403382,0.24887552753457828,2
sep-ipop,8,111020,2748,5311488,854.40448633829749,,53521109.963013649,68653.799870747956,0.25684800523877455,2
sep-ipop,8,111020,2754,5336064,854.40448633829749,,77871891.570158154,75505.21598083651,0.24711502457846748,2
sep-ipop,8,111020,2760,5360640,854.40448633829749,,109933204.3652823,125520.25445659285,0.24979325265767049,2
sep-ipop,8,111020,2766,5385216,854.40448633829749,,161331651.96542388,169383.74253156484,0.24404179030058512,2
sep-ipop,8,111020,2773,5413888,854.40448633829749,,235103021.06559372,173130.17877110303,0.23621226428038164,2
sep-ipop,8,111020,2779,5438464,854.40448633829749,,320034307.34255511,258702.60666273997,0.24654092255709709,2
sep-ipop,8,111020,2785,5463040,854.40448633829749,,456592852.08956856,230649.76694180939,0.23967957396022857,2
sep-ipop,8,111020,2791,5487616,854.40448633829749,,617578992.52747643,328936.84539091995,0.24210871892893629,2
sep-ipop,8,111020,2797,5512192,854.40448633829749,,992075322.11109352,306050.48734911473,0.26130533949091583,2
sep-ipop,8,111020,2804,5540864,854.40448633829749,,2054467138.6355524,129190.29637231519,0.25899106346439105,2
sep-ipop,8,111020,2810,5565440,854.40448633829749,,3814972595.754931,51441.656545250029,0.21697966249126549,2
sep-ipop,8,111020,2816,5590016,854.40448633829749,,6944002623.2086792,16185.048561589498,0.15773885101829044,2
sep-ipop,8,111020,2822,5614592,854.40448633829749,,11653103682.93379,9174.8657555294012,0.14152304242596062,2
sep-ipop,8,111020,2828,5639168,854.40448633829749,,17312313752.420986,10138.030003648619,0.13822187423757701,2
sep-ipop,8,111020,2835,5667840,854.40448633829749,,28451744769.016235,10114.691689650415,0.12983839076265852,2
sep-ipop,8,111020,2841,5692416,854.40448633829749,,43386536300.075775,9333.0228542069362,0.11919076253647741,2
sep-ipop,8,111020,2847,5716992,854.40448633829749,,65957070972.503662,11987.542886438341,0.1207199751010281,2
sep-ipop,8,111020,2853,5741568,854.40448633829749,,99008277322.332748,13548.791897348981,0.10615869826963924,2
sep-ipop,8,111020,2859,5766144,854.40448633829749,,139841350324.88751,13134.380407444911,0.090841453397041874,2
sep-ipop,8,111020,2866,5794816,854.40448633829749,,215823928576.68854,13133.661641038687,0.077151604992552608,2
sep-ipop,8,111020,2872,5819392,854.40448633829749,,304352051118.22906,19300.26903911159,0.071278534814611549,2
sep-ipop,8,111020,2878,5843968,854.40448633829749,,444301130968.44562,23893.521181438671,0.070641401251592115,2
sep-ipop,8,111020,2884,5868544,854.40448633829749,,673318319387.05237,27401.337971841182,0.066948535650553087,2
sep-ipop,8,111020,2890,5893120,854.40448633829749,,948781938353.38025,30578.555902351734,0.059883620935592317,2
sep-ipop,8,111020,2897,5921792,854.40448633829749,,1581121386817.1572,27714.014283806882,0.058557126922513553,2
sep-ipop,8,111020,2903,5946368,854.40448633829749,,2347086307899.7339,31400.404015848966,0.053973993130430609,2
sep-ipop,8,111020,2909,5970944,854.40448633829749,,3430540019176.541,39097.177380559457,0.048938358102387704,2
sep-ipop,8,111020,2915,5995520,854.40448633829749,,4611183831326.2207,48593.504454273563,0.043483199658635806,2
sep-ipop,8,111020,2921,6020096,854.40448633829749,,6423503200526.1055,39503.479223962531,0.039038847507810795,2
sep-ipop,8,111020,2928,6048768,854.40448633829749,,9501239541775.0469,45830.51220068027,0.034565002343475121,2
sep-ipop,8,111020,2934,6073344,854.40448633829749,,13625317303000.912,51315.770223724307,0.036986229602242252,2
sep-ipop,8,111020,2940,6097920,854.40448633829749,,18695617227118.773,57927.314704180746,0.0369361222168453,2
sep-ipop,8,111020,2946,6122496,854.40448633829749,,24157553354133.164,42136.251341585754,0.028983847431154869,2
sep-ipop,8,111020,2952,6147072,854.40448633829749,,31668671500486.133,44126.315313568208,0.026737739989613662,2
sep-ipop,8,111020,2959,6175744,854.40448633829749,,44099691178324.797,46080.824519729809,0.025881590278509808,2
sep-ipop,8,111020,2965,6200320,854.40448633829749,,56319129279424.57,42764.012409584524,0.023696448218215403,2
sep-ipop,8,111020,2971,6224896,854.40448633829749,,68768655374388.773,40437.384653996742,0.02100157036550699,2
sep-ipop,8,111020,2977,6249472,854.40448633829749,,87457291335526.078,38182.992096701666,0.019697645274251691,2
sep-ipop,8,111020,2983,6274048,854.40448633829749,,117368255057552.2,38250.966266976684,0.019251906118371798,2
sep-ipop,8,111020,2990,6302720,854.40448633829749,,165732098542624.06,39945.008736304655,0.018880648501286883,2
sep-ipop,8,111020,2996,6327296,854.40448633829749,,207929774507083.41,34921.022617453746,0.017417587161299129,2
sep-ipop,8,111020,3002,6351872,854.40448633829749,,246985281287614.47,46101.995167136069,0.016867259823465128,2
sep-ipop,8,111020,3008,6376448,854.40448633829749,,288890980303736.12,48749.813899383757,0.015165162406106814,2
sep-ipop,8,111020,3014,6401024,854.40448633829749,,356067151955520.31,47648.447593784804,0.014681993313922436,2
sep-ipop,8,111020,3021,6429696,854.40448633829749,,456039124859849.56,41544.485318192186,0.013452306304258206,2
sep-ipop,8,111020,3027,6454272,854.40448633829749,,568292514869010.88,51430.47609777809,0.014580563862830763,2
sep-ipop,8,111020,3033,6478848,854.40448633829749,,650351965462633,56427.592532652285,0.013450038637423986,2
sep-ipop,8,111020,3039,6502400,854.40448633829749,,791952508971280.12,53580.103336052249,0.011276567802106972,2
sep-ipop-w60,8,111020,1,1024,5265.2792867024737,,0.28909356942069642,9.4720961693021284,0.11213283377392884,0
sep-ipop-w60,8,111020,5,5120,1838.2589950561523,,1.0606449136878948,46.73130710802571,0.83362991873778247,0
sep-ipop-w60,8,111020,10,10240,1796.8822034200032,,1.8841867236807763,30.149590002482991,0.71297519970205203,0
sep-ipop-w60,8,111020,20,20480,1682.4114163716633,,3.2892581109205117,6.2269735170409515,0.34206291860591492,0
sep-ipop-w60,8,111020,25,25600,1598.2070439656575,,3.2769682829902456,6.3246070625102702,0.26595774270527628,0
sep-ipop-w60,8,111020,40,40960,1550.192721048991,,5.2046282692036314,91.021664530796983,0.23263008132954258,0
sep-ipop-w60,8,111020,50,51200,1494.235632578532,,7.7139295519246129,262.76028694742115,0.24456836449648581,0
sep-ipop-w60,8,111020,75,76800,1380.4815381368001,,18.621752667449666,410.91882492098449,0.2320694416984504,0
sep-ipop-w60,8,111020,80,81920,1364.9722417195637,,22.42258833895545,562.72242801417053,0.24632848331643384,0
sep-ipop-w60,8,111020,100,102400,1287.5624046325684,,49.279826232249114,1237.7976471705138,0.22504788811211235,0
sep-ipop-w60,8,111020,125,128000,1180.1785697937012,,161.61694305588799,3356.0524574258607,0.24183143194882639,0
sep-ipop-w60,8,111020,149,152576,1049.435526529948,,519.11694550743232,1478.1859697989364,0.1358459963306255,0
sep-ipop-w60,8,111020,160,163840,1020.2004152933756,,828.13270660865999,3411.8578794488726,0.16403269017472014,0
sep-ipop-w60,8,111020,174,178176,1001.8676236470541,,1660.0117347186938,12831.73089870838,0.2415397323483138,0
sep-ipop-w60,8,111020,199,203776,978.54555130004883,,6642.024799190649,33115.744302756888,0.24362255478056799,0
sep-ipop-w60,8,111020,224,229376,964.86559295654297,,25221.199902082575,53565.792423154504,0.24002599444174863,0
sep-ipop-w60,8,111020,249,254976,954.58744557698571,,83732.243151512099,85565.65258463689,0.25104356201449379,0
sep-ipop-w60,8,111020,255,261120,953.18989817301429,,105704.02838717616,132775.25206881049,0.23105122949910153,0
sep-ipop-w60,8,111020,273,279552,948.82295227050781,,285821.0665832503,588547.39914112224,0.24897658044208471,0
sep-ipop-w60,8,111020,298,305152,933.2872314453125,,4384522.5553648444,58092.914573546273,0.26054882584488054,0
sep-ipop-w60,8,111020,323,330752,910.65007019042969,,15002780.193472596,297918.29854132887,0.2518748752868798,0
sep-ipop-w60,8,111020,348,356352,904.69709650675452,,35843789.893229268,1477200.6879557145,0.19758905793996343,0
sep-ipop-w60,8,111020,373,381952,892.94118881225586,,128014088.75116065,269252.31827632012,0.1315315544120203,0
sep-ipop-w60,8,111020,397,406528,877.84890874226892,,852112207.65325296,13886.054280726434,0.062014113238225782,0
sep-ipop-w60,8,111020,422,432128,865.09078343709314,,3642695508.0528307,6518.7030894753398,0.029793681983445664,0
sep-ipop-w60,8,111020,447,457728,859.29604339599609,,11634991639.545454,5183.7935620903991,0.018312771723041021,0
sep-ipop-w60,8,111020,472,483328,857.31658554077148,,20107447399.200695,16996.339172052871,0.013974887196047128,0
sep-ipop-w60,8,111020,497,508928,856.06013615926111,,34186208999.319115,13944.008913626587,0.0079574946966946176,0
sep-ipop-w60,8,111020,521,533504,855.12580362955725,,54946658891.394585,237563.98135659879,0.0089465224828948944,0
sep-ipop-w60,8,111020,546,559104,854.813975016276,,109345347176.9588,771297.14096711297,0.0083283359991806454,0
sep-ipop-w60,8,111020,571,584704,854.6006978352865,,148263339180.63458,1575667.6323175139,0.0071351096224735724,0
sep-ipop-w60,8,111020,596,610304,854.48771031697595,,263627034645.66019,6124295.2990627903,0.0069167156196747979,0
sep-ipop-w60,8,111020,621,635904,854.433339436849,,368194756752.25793,80627854.943226635,0.00556068400592341,0
sep-ipop-w60,8,111020,645,660480,854.41122690836585,,587583340889.34473,166438585.67350888,0.0066743602414127698,0
sep-ipop-w60,8,111020,670,686080,854.40448633829749,,735036963239.17285,210909905.51472661,0.0052188508766548795,0
sep-ipop-w60,8,111020,695,711680,854.40448633829749,,952184802186.06763,852356620.913257,0.0048333989543314741,0
sep-ipop-w60,8,111020,720,737280,854.40448633829749,,799769146391.0376,4089023328.2530594,0.003778421645273066,0
sep-ipop-w60,8,111020,737,762880,854.40448633829749,,0.61502047528631221,13.215459222976829,1.1212852966189502,1
sep-ipop-w60,8,111020,749,787456,854.40448633829749,,0.71393238671025727,23.728427019531576,0.79478506256249593,1
sep-ipop-w60,8,111020,762,814080,854.40448633829749,,1.0526171780397962,20.667586537747916,0.47157481157409181,1
sep-ipop-w60,8,111020,774,838656,854.40448633829749,,1.5747303987397703,31.245843865950818,0.36401488410744093,1
sep-ipop-w60,8,111020,787,865280,854.40448633829749,,2.9058999511527013,153.64005984526881,0.32797804445771384,1
sep-ipop-w60,8,111020,799,889856,854.40448633829749,,5.2326056855053267,339.38393561702526,0.32449782210431005,1
sep-ipop-w60,8,111020,811,914432,854.40448633829749,,7.4818733094678418,935.65336508292978,0.30545738216866614,1
sep-ipop-w60,8,111020,824,941056,854.40448633829749,,11.827206874030949,1949.8247159274827,0.31978491206877291,1
sep-ipop-w60,8,111020,836,965632,854.40448633829749,,22.13891546900842,1751.9448369106199,0.30968973047055703,1
sep-ipop-w60,8,111020,849,992256,854.40448633829749,,36.532486179654164,1734.4981099868851,0.25839402172815534,1
sep-ipop-w60,8,111020,861,1016832,854.40448633829749,,58.307469178648219,2557.6170011602289,0.25761264416515517,1
sep-ipop-w60,8,111020,873,1041408,854.40448633829749,,100.08466327657813,3368.9918510848893,0.26533449922182323,1
sep-ipop-w60,8,111020,886,1068032,854.40448633829749,,222.1977380736021,4376.627251796026,0.28605048779741504,1
sep-ipop-w60,8,111020,898,1092608,854.40448633829749,,422.38906467182352,5289.6382928959329,0.28794423188516827,1
sep-ipop-w60,8,111020,911,1119232,854.40448633829749,,923.94638830131589,3661.8524916302081,0.28667276593585728,1
sep-ipop-w60,8,111020,923,1143808,854.40448633829749,,1763.1663183290232,6523.9795300195383,0.27664875295820068,1
sep-ipop-w60,8,111020,936,1170432,854.40448633829749,,3254.0019095669436,25892.657235796072,0.27139342790604759,1
sep-ipop-w60,8,111020,948,1195008,854.40448633829749,,6218.2918523695225,45443.677201981147,0.26733580531881801,1
sep-ipop-w60,8,111020,960,1219584,854.40448633829749,,15432.59990484915,25173.870589496761,0.30723343713607287,1
sep-ipop-w60,8,111020,973,1246208,854.40448633829749,,35736.907618857644,14165.490445907792,0.28503843663907602,1
sep-ipop-w60,8,111020,985,1270784,854.40448633829749,,65505.740336753697,25907.407011546969,0.26878734945608335,1
sep-ipop-w60,8,111020,998,1297408,854.40448633829749,,121009.78033073743,70553.314307748486,0.26297917711631164,1
sep-ipop-w60,8,111020,1010,1321984,854.40448633829749,,214739.54466774515,143796.2469973657,0.25505957072784613,1
sep-ipop-w60,8,111020,1022,1346560,854.40448633829749,,352914.39642303687,289984.07960801444,0.24448133492392896,1
sep-ipop-w60,8,111020,1035,1373184,854.40448633829749,,844849.23291319667,224093.1025164751,0.27817699069672458,1
sep-ipop-w60,8,111020,1047,1397760,854.40448633829749,,2174105.2899136283,144461.85033712792,0.27174163663349665,1
sep-ipop-w60,8,111020,1060,1424384,854.40448633829749,,5781699.8886312498,168922.47786143157,0.27867620327155346,1
sep-ipop-w60,8,111020,1072,1448960,854.40448633829749,,12579253.57154078,165935.61425139615,0.26218764283910756,1
sep-ipop-w60,8,111020,1084,1473536,854.40448633829749,,28958692.677150421,257973.22766742535,0.25710427161141375,1
sep-ipop-w60,8,111020,1097,1500160,854.40448633829749,,71975582.830378473,271829.70544563711,0.25681450811648798,1
sep-ipop-w60,8,111020,1109,1524736,854.40448633829749,,162353713.73897177,505353.08206281852,0.26400161160425495,1
sep-ipop-w60,8,111020,1122,1551360,854.40448633829749,,455430059.3810451,521419.49061495782,0.27568904885731355,1
sep-ipop-w60,8,111020,1134,1575936,854.40448633829749,,1522714125.1912093,278976.23220317543,0.29224413284976519,1
sep-ipop-w60,8,111020,1146,1600512,854.40448633829749,,3440257297.5629835,244022.25393069425,0.25208084546689685,1
sep-ipop-w60,8,111020,1159,1627136,854.40448633829749,,6465238115.1174726,563314.90682437946,0.23596243689865998,1
sep-ipop-w60,8,111020,1171,1651712,854.40448633829749,,11549607041.549049,1216047.9772170978,0.22887729592115144,1
sep-ipop-w60,8,111020,1184,1678336,854.40448633829749,,22402639190.653694,1902293.2314449409,0.21445885005590967,1
sep-ipop-w60,8,111020,1196,1702912,854.40448633829749,,52419821622.121597,662937.85464921466,0.17171670198581152,1
sep-ipop-w60,8,111020,1208,1727488,854.40448633829749,,140799260596.23993,143130.50850095961,0.14436464022309123,1
sep-ipop-w60,8,111020,1221,1754112,854.40448633829749,,258209745125.5289,80818.646650550741,0.076257481449642936,1
sep-ipop-w60,8,111020,1233,1778688,854.40448633829749,,655749690002.61304,102451.42418392329,0.095483463418068529,1
sep-ipop-w60,8,111020,1246,1805312,854.40448633829749,,1532641823338.9307,54997.62598972967,0.066971228428099022,1
sep-ipop-w60,8,111020,1258,1829888,854.40448633829749,,3370303179492.1455,60243.572406016821,0.05455123247591169,1
sep-ipop-w60,8,111020,1270,1854464,854.40448633829749,,6927098662596.416,61524.106041775485,0.04587520792660222,1
sep-ipop-w60,8,111020,1283,1881088,854.40448633829749,,14535998837245.867,91340.901527394133,0.04078748984418866,1
sep-ipop-w60,8,111020,1295,1905664,854.40448633829749,,31061745697196.262,91138.399189462041,0.038828022608346439,1
sep-ipop-w60,8,111020,1308,1932288,854.40448633829749,,69310109851896.25,120747.11477191078,0.039852322368831128,1
sep-ipop-w60,8,111020,1320,1956864,854.40448633829749,,120275632595184.45,98458.395983379916,0.031620669735819659,1
sep-ipop-w60,8,111020,1332,1981440,854.40448633829749,,226288131657462.19,144026.05970415237,0.034813712235368666,1
sep-ipop-w60,8,111020,1345,2008064,854.40448633829749,,410684161915132.06,146021.64714194057,0.032211761763207017,1
sep-ipop-w60,8,111020,1357,2032640,854.40448633829749,,701799789151846,138297.0981587625,0.028519235054705404,1
sep-ipop-w60,8,111020,1370,2059264,854.40448633829749,,1167749167009936.2,135960.19376119605,0.025353171725099148,1
sep-ipop-w60,8,111020,1382,2083840,854.40448633829749,,1833404947036759.8,172527.91891037126,0.024750388817878506,1
sep-ipop-w60,8,111020,1394,2108416,854.40448633829749,,2888798062307351.5,212277.53172758347,0.024078549763284374,1
sep-ipop-w60,8,111020,1407,2135040,854.40448633829749,,4683218852567655,203732.79141263867,0.020954559800433821,1
sep-ipop-w60,8,111020,1419,2159616,854.40448633829749,,6942474725884873,120735.63234784741,0.015174994871781184,1
sep-ipop-w60,8,111020,1432,2186240,854.40448633829749,,10214626098540202,182840.49642988393,0.016582485030532529,1
sep-ipop-w60,8,111020,1444,2210816,854.40448633829749,,14917600070896876,201303.60382132832,0.015952344587516709,1
sep-ipop-w60,8,111020,1456,2235392,854.40448633829749,,20091209689242060,337478.76819303603,0.014796077723360701,1
sep-ipop-w60,8,111020,1469,2262016,854.40448633829749,,29179620649996136,531745.5810925978,0.014420181351778529,1
sep-ipop-w60,8,111020,1481,2286592,854.40448633829749,,39085588998925688,2910620.0664185626,0.015339647795045763,1
sep-ipop-w60,8,111020,1494,2313216,854.40448633829749,,77361559515449696,8164577.4134344738,0.019701809859151188,1
sep-ipop-w60,8,111020,1506,2337792,854.40448633829749,,1.3712432404217339e+17,12587955.893841811,0.022391045049084651,1
sep-ipop-w60,8,111020,1518,2362368,854.40448633829749,,2.5339226114902573e+17,15130114.499468263,0.020255711878653885,1
sep-ipop-w60,8,111020,1531,2388992,854.40448633829749,,4.782234004549719e+17,17396430.696859188,0.019827456067817509,1
sep-ipop-w60,8,111020,1543,2413568,854.40448633829749,,9.5827854887719104e+17,24315946.31481503,0.024847332442435924,1
sep-ipop-w60,8,111020,1556,2440192,854.40448633829749,,1.6752882811069491e+18,17924172.648247261,0.020613619171762028,1
sep-ipop-w60,8,111020,1568,2464768,854.40448633829749,,2.2893103646356017e+18,29240081.643829163,0.022405816637691457,1
sep-ipop-w60,8,111020,1580,2489344,854.40448633829749,,2.5259212117996979e+18,42807528.994951956,0.021799053913402918,1
sep-ipop-w60,8,111020,1593,2515968,854.40448633829749,,2.9494316575390561e+18,37540210.583302654,0.020895071766118975,1
sep-ipop-w60,8,111020,1605,2540544,854.40448633829749,,3.7524397433753964e+18,28944036.882986613,0.01655857701797072,1
sep-ipop-w60,8,111020,1618,2567168,854.40448633829749,,4.5788748000487378e+18,5185055.9301162846,0.0062074250263729827,1
sep-ipop-w60,8,111020,1630,2591744,854.40448633829749,,5.2204902952704584e+18,6653161.8946252493,0.0062316690316873476,1
sep-ipop-w60,8,111020,1642,2616320,854.40448633829749,,6.1794576446112696e+18,19592747.869445033,0.0059277459172939282,1
sep-ipop-w60,8,111020,1655,2642944,854.40448633829749,,9.4765136243442217e+18,117213084.77526744,0.0068351245827667243,1
sep-ipop-w60,8,111020,1667,2667520,854.40448633829749,,1.1654487823608906e+19,215524264.3891305,0.0061022210680918686,1
sep-ipop-w60,8,111020,1680,2694144,854.40448633829749,,1.3910493404125401e+19,338439957.77512014,0.0059002867024713686,1
sep-ipop-w60,8,111020,1692,2718720,854.40448633829749,,1.6698642139667632e+19,433043160.49632221,0.0055868304196830176,1
sep-ipop-w60,8,111020,1704,2743296,854.40448633829749,,2.1624312378343555e+19,636926035.5206089,0.0054461918642867372,1
sep-ipop-w60,8,111020,1717,2769920,854.40448633829749,,2.5359888914009051e+19,1063229241.6915073,0.0056316676276455466,1
sep-ipop-w60,8,111020,1729,2794496,854.40448633829749,,2.4363841376292577e+19,1981876890.1946766,0.0042327339130891995,1
sep-ipop-w60,8,111020,1736,2821120,854.40448633829749,,0.73406551242249352,12.091371945366205,1.1824820122664093,2
sep-ipop-w60,8,111020,1742,2845696,854.40448633829749,,0.87419696670955804,30.024675166643625,1.0539879398705321,2
sep-ipop-w60,8,111020,1748,2870272,854.40448633829749,,1.0059008243234677,37.203192659285271,0.73322900021259108,2
sep-ipop-w60,8,111020,1755,2898944,854.40448633829749,,1.1319815370110278,40.04434208319789,0.5030677278060367,2
sep-ipop-w60,8,111020,1761,2923520,854.40448633829749,,1.4134884393869469,33.228745820270781,0.44645929133373974,2
sep-ipop-w60,8,111020,1767,2948096,854.40448633829749,,1.7489219803540605,29.727989634644487,0.40751401413055899,2
sep-ipop-w60,8,111020,1773,2972672,854.40448633829749,,2.1789775387932355,66.607289578611983,0.35819070256119767,2
sep-ipop-w60,8,111020,1779,2997248,854.40448633829749,,2.9075063719086414,139.43368802957005,0.3401495819443025,2
sep-ipop-w60,8,111020,1786,3025920,854.40448633829749,,4.0938477071070061,238.91360814667254,0.33866712741974453,2
sep-ipop-w60,8,111020,1792,3050496,854.40448633829749,,5.4712536006710097,387.52685562500392,0.34154260525955116,2
sep-ipop-w60,8,111020,1798,3075072,854.40448633829749,,7.1902100305478847,546.22207753004523,0.33269218696718206,2
sep-ipop-w60,8,111020,1804,3099648,854.40448633829749,,8.4605051541905425,974.21745905690057,0.32757358118822183,2
sep-ipop-w60,8,111020,1810,3124224,854.40448633829749,,9.3965334365499285,1811.6471861569373,0.31264325246037988,2
sep-ipop-w60,8,111020,1817,3152896,854.40448633829749,,10.706291661453651,2954.6228882157916,0.31106473421511183,2
sep-ipop-w60,8,111020,1823,3177472,854.40448633829749,,12.552929982008806,3010.9774914608365,0.29227277926148465,2
sep-ipop-w60,8,111020,1829,3202048,854.40448633829749,,16.779043756733376,3391.9352571271083,0.32064989093697033,2
sep-ipop-w60,8,111020,1835,3226624,854.40448633829749,,25.127479165819253,2406.5752333795035,0.31519353178313914,2
sep-ipop-w60,8,111020,1841,3251200,854.40448633829749,,36.893949319863196,1811.0745211932333,0.30913638903599344,2
sep-ipop-w60,8,111020,1848,3279872,854.40448633829749,,56.897729388298501,1589.9022649121107,0.30594355918785898,2
sep-ipop-w60,8,111020,1854,3304448,854.40448633829749,,75.472451743748749,1719.6678372467888,0.28080733959906745,2
sep-ipop-w60,8,111020,1860,3329024,854.40448633829749,,98.85188339548138,2502.385830975928,0.27048910458214437,2
sep-ipop-w60,8,111020,1866,3353600,854.40448633829749,,146.42020135222876,2960.6480640335085,0.27938560614543623,2
sep-ipop-w60,8,111020,1873,3382272,854.40448633829749,,255.60888966239605,2693.4006328050345,0.30080226982208669,2
sep-ipop-w60,8,111020,1879,3406848,854.40448633829749,,359.81703886128327,2092.1557602445587,0.28158857420567007,2
sep-ipop-w60,8,111020,1885,3431424,854.40448633829749,,509.38315721918053,2129.6215740173297,0.28160893563562384,2
sep-ipop-w60,8,111020,1891,3456000,854.40448633829749,,686.72629126088145,3076.6470056132025,0.27587237241027424,2
sep-ipop-w60,8,111020,1897,3480576,854.40448633829749,,900.71206079365356,4024.312540545649,0.26079863389773256,2
sep-ipop-w60,8,111020,1904,3509248,854.40448633829749,,1294.3316914879674,4321.5096801019345,0.24547558031240144,2
sep-ipop-w60,8,111020,1910,3533824,854.40448633829749,,1949.3952348466003,4048.5723422659203,0.26350017565208045,2
sep-ipop-w60,8,111020,1916,3558400,854.40448633829749,,2925.6727016001519,4150.4980725798623,0.2837653960120699,2
sep-ipop-w60,8,111020,1922,3582976,854.40448633829749,,4448.3230483052257,2930.095305143901,0.29384395636025323,2
sep-ipop-w60,8,111020,1928,3607552,854.40448633829749,,7603.0019014280806,2199.7186371204325,0.31830590969258232,2
sep-ipop-w60,8,111020,1935,3636224,854.40448633829749,,12228.091900712692,1977.0439888624364,0.30169836697613706,2
sep-ipop-w60,8,111020,1941,3660800,854.40448633829749,,18725.481914629068,2059.5427217642573,0.28874766530896562,2
sep-ipop-w60,8,111020,1947,3685376,854.40448633829749,,28751.989170689365,2744.2846437061521,0.28976004059365346,2
sep-ipop-w60,8,111020,1953,3709952,854.40448633829749,,43611.250619053506,2463.9813882880599,0.28647262162708126,2
sep-ipop-w60,8,111020,1959,3734528,854.40448633829749,,65154.835642995102,2208.5016759727778,0.28161183922409799,2
sep-ipop-w60,8,111020,1966,3763200,854.40448633829749,,108185.20469041915,2228.414804811523,0.27487799223327164,2
sep-ipop-w60,8,111020,1972,3787776,854.40448633829749,,170337.64975899539,1725.7202599448544,0.24451069405568623,2
sep-ipop-w60,8,111020,1978,3812352,854.40448633829749,,264266.57973591081,1437.2371341747548,0.21241765258256734,2
sep-ipop-w60,8,111020,1984,3836928,854.40448633829749,,416636.38477049093,1419.7257855240334,0.19458356166809376,2
sep-ipop-w60,8,111020,1990,3861504,854.40448633829749,,639405.18139722547,1383.8037425095163,0.17423270814254707,2
sep-ipop-w60,8,111020,1997,3890176,854.40448633829749,,1051438.0475846515,1402.8752500551459,0.16864278551833642,2
sep-ipop-w60,8,111020,2003,3914752,854.40448633829749,,1645357.2799292665,1695.8383628570332,0.18079780284372265,2
sep-ipop-w60,8,111020,2009,3939328,854.40448633829749,,2401479.8351503755,2221.8758192420109,0.18374387771005671,2
sep-ipop-w60,8,111020,2015,3963904,854.40448633829749,,3478687.7606890374,2152.7827780739271,0.16679161342236201,2
sep-ipop-w60,8,111020,2021,3988480,854.40448633829749,,5062163.5924300058,2470.1387941490461,0.1700862401356428,2
sep-ipop-w60,8,111020,2028,4017152,854.40448633829749,,7710362.9816137515,3608.1309678842485,0.15699822329426558,2
sep-ipop-w60,8,111020,2034,4041728,854.40448633829749,,11643585.458349811,3567.8008811315467,0.14791868712428075,2
sep-ipop-w60,8,111020,2040,4066304,854.40448633829749,,17367763.395188157,3858.6382652308662,0.13782718865273919,2
sep-ipop-w60,8,111020,2046,4090880,854.40448633829749,,26622665.446879201,3846.5652317109507,0.12840698680594101,2
sep-ipop-w60,8,111020,2052,4115456,854.40448633829749,,40450613.744843163,3822.2829775811101,0.11979526800346067,2
sep-ipop-w60,8,111020,2059,4144128,854.40448633829749,,67171180.924470752,3454.1697655259604,0.10511818178496003,2
sep-ipop-w60,8,111020,2065,4168704,854.40448633829749,,102981118.41847269,3783.9906290928675,0.099299698692764338,2
sep-ipop-w60,8,111020,2071,4193280,853.74557876586914,,158556474.39497146,2981.2196800853771,0.08504004910235935,2
sep-ipop-w60,8,111020,2077,4217856,850.72299321492517,,237892377.06667939,3422.9660171554556,0.082242551067527689,2
sep-ipop-w60,8,111020,2083,4242432,848.49737421671546,,365180172.72997516,3879.3195532798804,0.076261459583489344,2
sep-ipop-w60,8,111020,2090,4271104,846.76447296142578,,599221561.81711555,3704.9155449809541,0.074233941016327645,2
sep-ipop-w60,8,111020,2096,4295680,845.1762911478678,,875369326.39935935,3050.2020997807954,0.064542452164690373,2
sep-ipop-w60,8,111020,2102,4320256,843.36807123819983,,1314039840.6076984,2775.0254033110973,0.062493857923093012,2
sep-ipop-w60,8,111020,2108,4344832,841.79962031046546,,1991475558.2835894,3495.3903503631341,0.061536648612424617,2
sep-ipop-w60,8,111020,2114,4369408,840.81771087646484,,3046700837.9869194,3177.9509780953617,0.06148627232599712,2
sep-ipop-w60,8,111020,2121,4398080,839.52102661132812,,5473863249.1607304,2558.7363719732316,0.058375287798489404,2
sep-ipop-w60,8,111020,2127,4422656,838.48627853393555,,9516034429.1646614,2212.4850265269752,0.061330149790623595,2
sep-ipop-w60,8,111020,2133,4447232,837.20098876953125,,15525334239.509871,2207.1921204882956,0.059962292512608109,2
sep-ipop-w60,8,111020,2139,4471808,836.15036392211914,,24697632055.133072,2421.4135494335337,0.05450603731471812,2
sep-ipop-w60,8,111020,2145,4496384,835.0731201171875,,40352424959.798134,2456.4379196440318,0.052602776224436348,2
sep-ipop-w60,8,111020,2152,4525056,832.8549690246582,,65609601742.794342,2272.9925881912659,0.048039131344297673,2
sep-ipop-w60,8,111020,2158,4549632,832.84403228759766,,110536382559.01277,2570.4347969137807,0.050940233701403478,2
sep-ipop-w60,8,111020,2164,4574208,831.97283935546875,,207386751445.75726,2175.3101083430129,0.051714762712302291,2
sep-ipop-w60,8,111020,2170,4598784,830.82707850138343,,364799529279.05194,2064.2950426211337,0.052548405518788997,2
sep-ipop-w60,8,111020,2176,4623360,830.14685185750329,,580015024073.55957,2476.7851234463001,0.051722728444458507,2
sep-ipop-w60,8,111020,2183,4652032,828.0138155619303,,952890249933.07446,2617.6124567949068,0.044045718196447342,2
sep-ipop-w60,8,111020,2189,4676608,827.89495213826501,,1582777814386.5247,2053.5827179192961,0.045505432510695762,2
sep-ipop-w60,8,111020,2195,4701184,826.83017349243164,,2655924407479.3511,2025.1212054526268,0.044731832673178984,2
sep-ipop-w60,8,111020,2201,4725760,825.84095891316736,,4204850929094.8691,2170.4329422584542,0.042315492353568122,2
sep-ipop-w60,8,111020,2207,4750336,825.55030059814453,,6865997294742.5283,2251.4550930978871,0.041851333849253068,2
sep-ipop-w60,8,111020,2214,4779008,824.65376536051429,,11930765265886.594,2737.9248945168861,0.041237887386874089,2
sep-ipop-w60,8,111020,2220,4803584,824.27360153198242,,18525823734778.715,3405.0312000142744,0.038843373016915178,2
sep-ipop-w60,8,111020,2226,4828160,823.4326286315918,,29350475857889.438,4074.2375680091618,0.03759087321149427,2
sep-ipop-w60,8,111020,2232,4852736,823.07815933227539,,45712051708367.273,3698.9605717706536,0.033941066215791758,2
sep-ipop-w60,8,111020,2238,4877312,822.3512077331543,,67302651598214.602,4370.9041239311537,0.032919587122705478,2
sep-ipop-w60,8,111020,2245,4905984,822.09310531616211,,107892636800627.16,6118.6082501749443,0.031937055204743013,2
sep-ipop-w60,8,111020,2251,4930560,821.63200251261389,,165954895326595.62,9111.8732018608698,0.031441100027209831,2
sep-ipop-w60,8,111020,2257,4955136,821.2030245463053,,224893772201739.81,18808.06021958925,0.028997174675397138,2
sep-ipop-w60,8,111020,2263,4979712,821.11553319295251,,323100095810059.56,31961.906308971178,0.029589782073744453,2
sep-ipop-w60,8,111020,2269,5004288,820.62903213500977,,434885797678407.25,38610.436728600413,0.026971753872076995,2
sep-ipop-w60,8,111020,2276,5032960,820.27434158325195,,686152426615720.62,37937.45339761833,0.026472299138633117,2
sep-ipop-w60,8,111020,2282,5057536,820.178965250651,,1049563036080417.8,42458.667958573918,0.026653153341700604,2
sep-ipop-w60,8,111020,2288,5082112,820.00426610310876,,1491956824407353.5,36836.235100573045,0.025506320291150551,2
sep-ipop-w60,8,111020,2294,5106688,819.7480799357096,,2134436130817691,45069.905115434369,0.025472498106465784,2
sep-ipop-w60,8,111020,2300,5131264,819.56498463948571,,2763486713146358.5,51772.01655062291,0.023120862905978659,2
sep-ipop-w60,8,111020,2307,5159936,819.32505671183264,,4128913143362465.5,72752.716570744684,0.024744188665959978,2
sep-ipop-w60,8,111020,2313,5184512,819.20006434122718,,6183038376790303,79844.123966765241,0.024406249634368785,2
sep-ipop-w60,8,111020,2319,5209088,818.93260320027673,,9002559851817198,78420.851799684591,0.023747888043524339,2
sep-ipop-w60,8,111020,2325,5233664,818.87988917032874,,12972414013005176,84983.921857744659,0.023546479531915229,2
sep-ipop-w60,8,111020,2331,5258240,818.63006464640296,,17538908608745850,89414.329617819734,0.0217640200974769,2
sep-ipop-w60,8,111020,2338,5286912,818.41177368164062,,24020920278366728,99032.871367409651,0.021073087188947241,2
sep-ipop-w60,8,111020,2344,5311488,818.35511016845703,,29361852572711488,112360.411042596,0.019593113765618977,2
sep-ipop-w60,8,111020,2350,5336064,818.14572525024414,,33544973307805520,137403.3000501885,0.017156334730992547,2
sep-ipop-w60,8,111020,2356,5360640,818.04222234090173,,36983125738775200,134421.85441685552,0.014615779602659489,2
sep-ipop-w60,8,111020,2362,5385216,817.98327128092444,,44378562174860824,188023.81328057384,0.014054790900640851,2
sep-ipop-w60,8,111020,2369,5413888,817.93250020345056,,51135715341038504,341831.525144713,0.012866143624845101,2
sep-ipop-w60,8,111020,2375,5438464,817.84607442220056,,56529623014001216,564956.63730791828,0.011648516637738032,2
sep-ipop-w60,8,111020,2381,5463040,817.78678003946936,,61040834026297952,936711.91607457469,0.01029704571723074,2
sep-ipop-w60,8,111020,2387,5487616,817.71015675862634,,66226174260520088,2005991.5512963459,0.0092201368816139471,2
sep-ipop-w60,8,111020,2393,5512192,817.65048090616858,,72796272538930144,3040718.5365135311,0.0094714849539622881,2
sep-ipop-w60,8,111020,2400,5540864,817.64921442667639,,81542308239374688,4390932.6733824695,0.0092768045117982978,2
sep-ipop-w60,8,111020,2406,5565440,817.60783259073889,,93708990815952672,5121578.2127066981,0.0086438761533988093,2
sep-ipop-w60,8,111020,2412,5590016,817.60141626993811,,1.033245954424817e+17,9131496.43555771,0.0089388959101349419,2
sep-ipop-w60,8,111020,2418,5614592,817.58297220865882,,1.110027520425736e+17,16933004.901226733,0.0086252532094650038,2
sep-ipop-w60,8,111020,2424,5639168,817.56177012125647,,1.184214129966489e+17,32769917.954811286,0.0083687735438286032,2
sep-ipop-w60,8,111020,2431,5667840,817.56177012125647,,1.3143805604981051e+17,52612205.075211301,0.0079997070496499439,2
sep-ipop-w60,8,111020,2437,5692416,817.55592346191406,,1.4268924726993544e+17,59694087.824048303,0.0079357883605097115,2
sep-ipop-w60,8,111020,2443,5716992,817.55592346191406,,1.5239349345471616e+17,81313857.539652929,0.0079399733180325043,2
sep-ipop-w60,8,111020,2449,5741568,817.55592346191406,,1.6202260073493696e+17,85561417.801976517,0.0080621692863775459,2
sep-ipop-w60,8,111020,2455,5766144,817.55408350626624,,1.7774817118645008e+17,85770848.443856418,0.0080847478107389133,2
sep-ipop-w60,8,111020,2462,5794816,817.54374440511071,,1.8162570018541248e+17,89717745.671512634,0.0079730111010556867,2
sep-ipop-w60,8,111020,2468,5819392,817.54374440511071,,2.0314146331421075e+17,90255420.35737212,0.0083103952154488722,2
sep-ipop-w60,8,111020,2474,5843968,817.53948847452796,,2.4342097144652499e+17,91893417.71977894,0.0093030706328105384,2
sep-ipop-w60,8,111020,2480,5868544,817.52119954427087,,2.9173042543803635e+17,78705012.406043485,0.0088872042107938521,2
sep-ipop-w60,8,111020,2486,5893120,817.52119954427087,,3.5378218331063283e+17,84997634.377925709,0.0086727833394265857,2
sep-ipop-w60,8,111020,2493,5921792,817.52119954427087,,4.34839193190432e+17,94120133.163102567,0.0089917388090774483,2
sep-ipop-w60,8,111020,2499,5946368,817.50845972696936,,5.1919064147962611e+17,103388004.85489173,0.009711952809810416,2
sep-ipop-w60,8,111020,2505,5970944,817.49363581339514,,6.8798462613733171e+17,104697007.0441068,0.010419986662075784,2
sep-ipop-w60,8,111020,2511,5995520,817.49239349365234,,8.0313793627075955e+17,103001637.89954112,0.0094830244997486865,2
sep-ipop-w60,8,111020,2517,6020096,817.49239349365234,,9.591264682009728e+17,97878924.092291877,0.0091072327091138855,2
sep-ipop-w60,8,111020,2524,6048768,817.49239349365234,,1.2409346541205107e+18,108121556.68538213,0.0094596288268400733,2
sep-ipop-w60,8,111020,2530,6073344,817.46757507324219,,1.507757008198508e+18,122948702.8325436,0.0099412212273700343,2
sep-ipop-w60,8,111020,2536,6097920,817.46757507324219,,1.7797313525231355e+18,100822677.767491,0.0091470957476658833,2
sep-ipop-w60,8,111020,2542,6122496,817.44107182820642,,2.6816377403449462e+18,89198057.250584081,0.010792843295419383,2
sep-ipop-w60,8,111020,2548,6147072,817.4348475138346,,4.1000976896224143e+18,82701845.318753481,0.011690638227050923,2
sep-ipop-w60,8,111020,2555,6175744,817.43261337280273,,6.0660073908366305e+18,59916528.677714601,0.010287973013819044,2
sep-ipop-w60,8,111020,2561,6200320,817.43261337280273,,7.2804463836861317e+18,78807433.458228499,0.0094157648720906203,2
sep-ipop-w60,8,111020,2567,6224896,817.43261337280273,,8.3876193446021417e+18,79241571.951942176,0.0085842416503011665,2
sep-ipop-w60,8,111020,2573,6249472,817.40695571899414,,1.1306920322687336e+19,113754554.38739972,0.0089881802906855157,2
sep-ipop-w60,8,111020,2579,6274048,817.40695571899414,,1.5001456990731713e+19,106195081.04665564,0.0085946501064524446,2
sep-ipop-w60,8,111020,2586,6302720,817.40695571899414,,1.9306952259060249e+19,124918890.28442909,0.0087632378506382284,2
sep-ipop-w60,8,111020,2592,6327296,817.40695571899414,,2.2949086563924652e+19,190414522.60558131,0.0086520989405823642,2
sep-ipop-w60,8,111020,2598,6351872,817.40680185953772,,2.8042386962826203e+19,298547310.37480283,0.0089739201967608245,2
sep-ipop-w60,8,111020,2604,6376448,817.40559641520179,,3.3285067982029431e+19,488988990.11370409,0.0083674435367730084,2
sep-ipop-w60,8,111020,2610,6401024,817.39932886759436,,3.5445164377417724e+19,1504313022.0110009,0.0072765407125610646,2
sep-ipop-w60,8,111020,2617,6429696,817.39932886759436,,3.507176672736109e+19,3026595503.6481233,0.0066549831966818728,2
sep-ipop-w60,8,111020,2623,6454272,817.39932886759436,,3.4360663276853813e+19,3788427605.8633842,0.0064762210261230637,2
sep-ipop-w60,8,111020,2629,6478848,817.39932886759436,,3.2634667276326965e+19,3760060361.1139469,0.0058421969961484467,2
sep-ipop-w60,8,111020,2635,6502400,817.39932886759436,,3.1803284101309526e+19,3929048044.2861671,0.0056505148033073067,2
sep-ipop-l20,9,111021,1,20,34265.283271789551,,0.27250251176279966,1.042409343249509,0.26810167842194549,0
sep-ipop-l20,9,111021,160,3200,1363.6633173624675,,0.039735456271603957,25.754229379717493,0.044639922422256222,0
sep-ipop-l20,9,111021,1275,25500,1227.7815195719402,,0.00012265586789882773,298376.30004427675,0.00023694686909228515,0
sep-ipop-l20,9,111021,2164,50940,1190.4561703999836,,0.013881638775345151,21755.169009046662,0.017777431543547505,1
sep-ipop-l20,9,111021,2809,76740,1187.0292879740398,,0.0099562271812402101,93642755.488365963,0.015690523857212438,1
sep-ipop-l20,9,111021,3366,103780,1187.0077387491863,,0.1450513985281047,269.69895155496909,0.1121408449585648,2
sep-ipop-l20,9,111021,3659,127220,942.04642232259118,,0.85254822518368734,112927.03872641565,0.10227892109074357,2
sep-ipop-l20,9,111021,3981,152980,926.57420603434241,,0.33842345016262904,110529.01962007313,0.0011516774806630023,2
sep-ipop-l20,9,111021,4356,188100,926.5014432271322,,0.45640545518143738,411.92536995868943,0.24872001281855374,3
sep-ipop-l20,9,111021,4488,209220,926.5014432271322,,2.3768155893488738,11351.990502167635,0.22118618480973251,3
sep-ipop-l20,9,111021,4620,230340,926.5014432271322,,28.057415185329482,60089.672045630403,0.19498446490018553,3
sep-ipop-l20,9,111021,4768,254020,902.41701507568359,,922.39697873467412,8259.1499578791208,0.039527192218155163,3
sep-ipop-l20,9,111021,4928,279620,895.59789403279626,,469.40603392460162,4285598.4727742011,0.0079800832000115358,3
sep-ipop-l20,9,111021,5091,305700,895.41272099812829,,394.12834495043069,24993422.302938815,0.0015231390899376096,3
sep-ipop-l20,9,111021,5280,348100,895.41250737508142,,3.3282872825233789,659.10813199530935,0.25926700337150588,4
sep-ipop-l20,9,111021,5346,369220,895.41250737508142,,62.496620234758154,4296.767169990746,0.22263165066243995,4
sep-ipop-l20,9,111021,5394,384580,895.15539169311523,,306.24677418700969,15806.250023304245,0.25005263908488756,4
sep-ipop-l20,9,111021,5465,407300,861.81145985921228,,7133.6008415439692,848435.89808974334,0.22111453651623525,4
sep-ipop-l20,9,111021,5544,432580,826.22145589192712,,168641.0136971449,34158.057647338792,0.020806750415114355,4
sep-ipop-l20,9,111021,5623,457860,823.53797785441077,,1026367.7644783328,132913.69079922294,0.0088691962804884981,4
sep-ipop-l20,9,111021,5706,484420,822.80002466837561,,4593494.3382492457,29576428.423442367,0.0062951704173788989,4
sep-ipop-l20,9,111021,5780,508100,822.32743581136071,,120439930.93173435,27060611.101174135,0.0046017088042112318,4
sep-ipop-l20,9,111021,5863,534660,822.14072799682617,,847298538.85079134,9689144.0998356547,0.0017614776821039692,4
sep-ipop-l20,9,111021,5940,559300,822.13646570841468,,954555376.14965594,215245048.59578654,0.00182652104445168,4
sep-ipop-l20,9,111021,6072,601540,822.13646570841468,,2656181840.0768013,349705863.97168595,0.0011606413975551585,4
sep-ipop-l20,9,111021,6138,629060,822.13646570841468,,0.84531031604558804,11.534297292923815,0.4169732047360995,5
sep-ipop-l20,9,111021,6204,671300,822.13646570841468,,3.7063138144694339,9907.0549810071316,0.19394070646481598,5
sep-ipop-l20,9,111021,6270,713540,822.13646570841468,,51.231864458107225,100733.05012889736,0.26094766186230733,5
sep-ipop-l20,9,111021,6336,755780,822.13646570841468,,1272.6728559735354,47294.232446185881,0.25567677855187065,5
sep-ipop-l20,9,111021,6402,798020,822.13646570841468,,65800.200265680338,22182.578666465761,0.25927361511217423,5
sep-ipop-l20,9,111021,6468,840260,822.13646570841468,,1393450.5772187947,10967.766017801245,0.11044696216970083,5
sep-ipop-l20,9,111021,6534,882500,822.13646570841468,,100939415.33982219,5881.5937968597163,0.10240172648509541,5
sep-ipop-l20,9,111021,6600,924740,822.13646570841468,,7515467943.0118351,1228.9908180029784,0.091291087178218613,5
sep-ipop-l20,9,111021,6666,966980,822.13646570841468,,153799153093.03287,877.99525122943419,0.038913814470898783,5
sep-ipop-l20,9,111021,6732,1009220,822.13646570841468,,6237632201877.5938,925.26712234596835,0.036203576769578187,5
sep-ipop-l20,9,111021,6798,1051460,822.13646570841468,,231454172370722.25,2431.3920614397966,0.034300948344854948,5
sep-ipop-l20,9,111021,6864,1093700,822.13646570841468,,15164817070672296,2197.582179456474,0.042713989764527331,5
sep-ipop-l20,9,111021,6930,1135940,822.13646570841468,,5.0636446018955002e+17,5275.5578158742901,0.027524961196703536,5
sep-ipop-l20,9,111021,6996,1178180,822.13646570841468,,2.1688471444784095e+18,18863.292261535193,0.019890249727135191,5
sep-ipop-l20,9,111021,7062,1220420,822.13646570841468,,2.0668658352033141e+19,2594909.2802998819,0.0067677484253555673,5
sep-ipop-l20,9,111021,7128,1262660,822.13646570841468,,3.9058030048211776e+20,33002887.350012679,0.0057400285275315179,5
sep-ipop-l20,9,111021,7194,1304900,822.13646570841468,,7.9759314688215024e+20,89476148.267594859,0.0051625127238113808,5
sep-ipop-l20,9,111021,7260,1347140,822.13646570841468,,1.2016258715618986e+21,2805917513.694932,0.0051689184445054487,5
sep-ipop-l20,9,111021,7326,1389380,822.13646570841468,,2.6367407521902284e+21,1526401431.7594326,0.0029313555545733383,5
sep-ipop-l20,9,111021,7392,1431620,822.13646570841468,,4.1063994564945164e+21,2363410717.6808019,0.0024396931168081501,5
sep-ipop-l20,9,111021,7458,1473860,822.13646570841468,,4.6092313256197924e+21,1387896819.6422987,0.0023285854918124785,5
sep-ipop-l20,9,111021,7524,1551300,822.13646570841468,,3.6738911484060903,245.512075757769,0.30596651999733848,6
sep-ipop-l20,9,111021,7590,1635780,822.13646570841468,,49.509406336947464,3026.0859828947659,0.27218479797476269,6
sep-ipop-l20,9,111021,7656,1720260,822.13646570841468,,1398.8099524769164,3429.317815498523,0.26418397376595859,6
sep-ipop-l20,9,111021,7722,1804740,822.13646570841468,,29592.677790068014,4791.5922798121692,0.054589042190445053,6
sep-ipop-l20,9,111021,7788,1889220,822.13646570841468,,1190820.2547773845,5750.2148372234951,0.027492105384191171,6
sep-ipop-l20,9,111021,7854,1973700,822.13646570841468,,9518020.2230154797,25288.547106342474,0.015731695488260342,6
sep-ipop-l20,9,111021,7920,2058180,822.13646570841468,,60950831.979254782,19039.041414958538,0.008938597872814277,6
sep-ipop-l20,9,111021,7986,2142660,822.13646570841468,,1305017016.0325739,229337.49455829451,0.0087988873245929047,6
sep-ipop-l20,9,111021,8052,2227140,822.13646570841468,,7752345480.1592121,409600.11560038652,0.0061816506888082764,6
sep-ipop-l20,9,111021,8118,2311620,822.13646570841468,,36250579832.755371,1161097.3159884596,0.0051680925559184016,6
sep-ipop-l20,9,111021,8184,2396100,822.13646570841468,,128601298802.5735,42608472.331477508,0.0052017685864048343,6
sep-ipop-l20,9,111021,8250,2480580,822.13646570841468,,376286542100.94983,6501963990.0614042,0.0054360847028454302,6
sep-ipop-l20,9,111021,8316,2565060,822.13646570841468,,1261521880170.9656,21248867771.252312,0.0052635241160096597,6
sep-ipop-l20,9,111021,8382,2649540,822.13646570841468,,1286130509179.8513,156113857685.64673,0.003860846059994177,6
sep-ipop-l20,9,111021,8448,2734020,822.13646570841468,,1281900454395.1748,77079401956.093353,0.0021317260689760627,6
sep-ipop-l20,9,111021,8514,2849220,822.13646570841468,,1.169311695074791,12.242807970276905,0.42149517823368676,7
sep-ipop-l20,9,111021,8580,3018180,822.13646570841468,,16.010466085035205,1423.6855069726787,0.22841823034579722,7
sep-ipop-l20,9,111021,8646,3187140,822.13646570841468,,449.01318838104379,3518.4934154065936,0.29197244552754231,7
sep-ipop-l20,9,111021,8712,3356100,822.13646570841468,,46660.139670685254,6609.5170565606204,0.25963214742247032,7
sep-ipop-l20,9,111021,8778,3525060,822.13646570841468,,997342.36301964999,19690.689325276428,0.24110200418082092,7
sep-ipop-l20,9,111021,8844,3694020,822.13646570841468,,43028150.7644912,129395.83596372721,0.25373616807200566,7
sep-ipop-l20,9,111021,8910,3862980,822.13646570841468,,5057594599.8606205,91034.213826302323,0.24795623088997726,7
sep-ipop-l20,9,111021,8976,4031940,822.13646570841468,,1476778120794.1167,9640.3977577135192,0.27074355360465135,7
sep-ipop-l20,9,111021,9042,4200900,822.13646570841468,,122286251129928.8,46433.280642682483,0.24929998174439555,7
sep-ipop-l20,9,111021,9108,4369860,822.13646570841468,,13875653608728448,64051.097370557218,0.26948374544139209,7
sep-ipop-l20,9,111021,9174,4538820,822.13646570841468,,1.2285123636157335e+18,138109.91783503053,0.25009911679468022,7
sep-ipop-l20,9,111021,9240,4707780,822.13646570841468,,4.96689758494797e+19,108459.8159902051,0.20548772994744896,7
sep-ipop-l20,9,111021,9306,4876740,822.13646570841468,,4.1139267477399824e+21,11383.149020220331,0.065552246518919652,7
sep-ipop-l20,9,111021,9372,5045700,822.13646570841468,,8.2435808793958885e+22,21806.343398836216,0.053836198596292684,7
sep-ipop-l20,9,111021,9438,5214660,822.13646570841468,,1.6848433995867664e+24,97692.606149594372,0.033540902422888735,7
sep-ipop-l20,9,111021,9504,5383620,822.13646570841468,,2.9772955577935829e+25,936757.4909144321,0.025569947829355486,7
sep-ipop-l20,9,111021,9570,5552580,822.13646570841468,,8.303197322128161e+25,40428371.767056949,0.010244569331440457,7
sep-ipop-l20,9,111021,9636,5721540,822.13646570841468,,2.5970542756789032e+26,85612480.74305962,0.0063605556367487669,7
sep-ipop-l20,9,111021,9702,5890500,822.13646570841468,,1.8082918092068336e+27,133861632.66042885,0.0064412833784174076,7
sep-ipop-l20,9,111021,9768,6059460,822.13646570841468,,2.152018223322533e+28,121459935.63771087,0.0069599200921279898,7
sep-ipop-l20,9,111021,9834,6228420,822.13646570841468,,9.6754578778122194e+28,2039682962.3674786,0.0065354469213354006,7
sep-ipop-l20,9,111021,9900,6397380,822.13646570841468,,1.0421702427458629e+29,5867597562.1536188,0.0047995822354258101,7
sep-ipop-l20-w102,9,111021,1,20,34265.283271789551,,0.27250251176279966,1.042409343249509,0.26810167842194549,0
sep-ipop-l20-w102,9,111021,160,3200,1363.6633173624675,,0.039735456271603957,25.754229379717493,0.044639922422256222,0
sep-ipop-l20-w102,9,111021,1275,25500,1227.7815195719402,,0.00012265586789882773,298376.30004427675,0.00023694686909228515,0
sep-ipop-l20-w102,9,111021,1980,50840,1227.7712465922039,,0.011573766289225879,28526.100597179389,0.015892223017014744,1
sep-ipop-l20-w102,9,111021,2614,76200,1227.1619084676106,,0.0062965516488793071,2519488.1304577198,0.0018131711088146582,1
sep-ipop-l20-w102,9,111021,3088,101840,1153.4192301432292,,0.17093076674956065,492.56036412575764,0.10658320507360959,2
sep-ipop-l20-w102,9,111021,3404,127120,938.33459218343103,,2.1201844656510298,6451.0342552136808,0.041589265669273547,2
sep-ipop-l20-w102,9,111021,3721,152480,895.19501113891602,,7.2924035029559393,12719.028021943115,0.0036314312874754129,2
sep-ipop-l20-w102,9,111021,4092,186640,894.3492215474447,,0.44242813284589544,357.76630619240382,0.22826378935881619,3
sep-ipop-l20-w102,9,111021,4224,207760,894.3492215474447,,2.1956231885887729,66725.173402307337,0.23023081987707339,3
sep-ipop-l20-w102,9,111021,4356,228880,894.3492215474447,,46.247845697890668,442663.83582124615,0.25035340560349362,3
sep-ipop-l20-w102,9,111021,4541,258480,893.08879470825195,,12795.277062063957,2017.4066829394151,0.083900361649032432,3
sep-ipop-l20-w102,9,111021,4676,280080,851.62805302937829,,62899.021431879439,15683.280580505325,0.012582915519637663,3
sep-ipop-l20-w102,9,111021,4832,305040,849.29634857177734,,38262.398302084912,10772554.45187531,0.0015864492969759692,3
sep-ipop-l20-w102,9,111021,5016,339600,849.26892852783203,,0.9071909101663902,98.790165186836461,0.29021979022298156,4
sep-ipop-l20-w102,9,111021,5082,360720,849.26892852783203,,12.028814161514346,1085.5587620871665,0.25980926553139028,4
sep-ipop-l20-w102,9,111021,5148,381840,849.26892852783203,,133.80498182167477,9553.7075579621251,0.21159072387828914,4
sep-ipop-l20-w102,9,111021,5280,424080,849.26892852783203,,18004.659443858964,35984.071030264888,0.019987216338722236,4
sep-ipop-l20-w102,9,111021,5346,445200,849.26892852783203,,55303.081149977283,54490.939653206267,0.0096411591165043442,4
sep-ipop-l20-w102,9,111021,5412,466320,849.26892852783203,,132513.08940324184,16350518.795119381,0.0055728898427505023,4
sep-ipop-l20-w102,9,111021,5478,487440,849.26892852783203,,496960.1610190979,210428007.3477475,0.0026404043128425278,4
sep-ipop-l20-w102,9,111021,5544,508560,849.26892852783203,,1138298.9987219041,252243786.01259243,0.0021158514691827159,4
sep-ipop-l20-w102,9,111021,5676,567120,849.26892852783203,,2.310147657405242,311.70735392590399,0.33156971601953239,5
sep-ipop-l20-w102,9,111021,5742,609360,849.26892852783203,,22.8930928863386,14604.152249909546,0.25964989666067756,5
sep-ipop-l20-w102,9,111021,5808,651600,849.26892852783203,,546.8998594017728,12301.394702441303,0.25586234072293934,5
sep-ipop-l20-w102,9,111021,5874,693840,849.26892852783203,,10722.36543973892,39631.432572328391,0.24054347994310576,5
sep-ipop-l20-w102,9,111021,5940,736080,849.26892852783203,,286819.85710893833,2016.3690433423023,0.0705106165191626,5
sep-ipop-l20-w102,9,111021,6006,778320,849.26892852783203,,8780996.3469294906,20492.672379969492,0.041257483040803226,5
sep-ipop-l20-w102,9,111021,6072,820560,849.26892852783203,,323021518.98274755,42891.670025482774,0.038113997536551543,5
sep-ipop-l20-w102,9,111021,6138,862800,849.26892852783203,,20955532188.258644,16401.068818958716,0.044884830437804744,5
sep-ipop-l20-w102,9,111021,6204,905040,849.26892852783203,,973614677157.17249,12265.547446930394,0.042450722874426756,5
sep-ipop-l20-w102,9,111021,6270,947280,849.26892852783203,,4595016444800.5254,19564.343019185973,0.0090738154715308012,5
sep-ipop-l20-w102,9,111021,6336,989520,849.26892852783203,,13473546741946.926,996527.50937492552,0.0060188456426931098,5
sep-ipop-l20-w102,9,111021,6402,1031760,849.26892852783203,,77112108465841.469,37422043.186716802,0.0079097722777082182,5
sep-ipop-l20-w102,9,111021,6468,1074000,849.26892852783203,,455839893634735.94,560130749.47696757,0.0065657475202664127,5
sep-ipop-l20-w102,9,111021,6534,1116240,849.26892852783203,,1941954327563902.8,1614604277.8521824,0.0090449846312377399,5
sep-ipop-l20-w102,9,111021,6600,1158480,849.26892852783203,,3899408534732013,27810443129.035175,0.0050933494903276583,5
sep-ipop-l20-w102,9,111021,6666,1224400,849.26892852783203,,1.5462033641670769,58.443702306581585,0.31926038674316426,6
sep-ipop-l20-w102,9,111021,6732,1308880,849.26892852783203,,18.176989921510291,1828.0486050675931,0.2651590287096724,6
sep-ipop-l20-w102,9,111021,6798,1393360,849.26892852783203,,364.7966149184482,3428.9860070797918,0.27080659462887313,6
sep-ipop-l20-w102,9,111021,6864,1477840,849.26892852783203,,12497.483353793221,3729.4168607355186,0.2308564220304222,6
sep-ipop-l20-w102,9,111021,6930,1562320,849.26892852783203,,311212.08030609909,3470.9124139919268,0.079106726595545782,6
sep-ipop-l20-w102,9,111021,6996,1646800,849.26892852783203,,11461427.402464828,15340.327668603923,0.038166777341916064,6
sep-ipop-l20-w102,9,111021,7062,1731280,849.26892852783203,,296711993.96465254,35683.577694888612,0.025486017304873428,6
sep-ipop-l20-w102,9,111021,7128,1815760,849.26892852783203,,2204911778.3130503,32233.732339870858,0.013347019862309092,6
sep-ipop-l20-w102,9,111021,7194,1900240,849.26892852783203,,17914436663.981575,136471.43671892374,0.0059275105669516371,6
sep-ipop-l20-w102,9,111021,7260,1984720,849.26892852783203,,101186274958.0957,2009384.700895831,0.0045188972716780386,6
sep-ipop-l20-w102,9,111021,7326,2069200,849.26892852783203,,748269141857.02051,17977074.766424563,0.004914508665666441,6
sep-ipop-l20-w102,9,111021,7392,2153680,849.26892852783203,,12220797391011.709,14891469.764386507,0.0046190003459711353,6
sep-ipop-l20-w102,9,111021,7458,2238160,849.26892852783203,,37094575788292.68,900480378.82369864,0.0041658356690884735,6
sep-ipop-l20-w102,9,111021,7524,2322640,849.26892852783203,,65693943188861.773,1241009727.8963168,0.0032177514776693603,6
sep-ipop-l20-w102,9,111021,7590,2473680,849.26892852783203,,2.9782190931994394,124.59465667122259,0.29558302809295817,7
sep-ipop-l20-w102,9,111021,7656,2642640,849.26892852783203,,58.75383940899453,1665.8098293052606,0.27019967093711761,7
sep-ipop-l20-w102,9,111021,7722,2811600,849.26892852783203,,2177.4677158834329,4527.6742729515681,0.2773642116387815,7
sep-ipop-l20-w102,9,111021,7788,2980560,849.26892852783203,,137460.94150750464,15428.622981022203,0.26415219419341746,7
sep-ipop-l20-w102,9,111021,7854,3149520,849.26892852783203,,6433633.5025952067,111564.72118202728,0.25692685512411073,7
sep-ipop-l20-w102,9,111021,7920,3318480,849.26892852783203,,348674302.92697948,53329.286496266497,0.1598119479786099,7
sep-ipop-l20-w102,9,111021,7986,3487440,849.26892852783203,,14348552938.295284,16039.795541625821,0.031470487225314696,7
sep-ipop-l20-w102,9,111021,8052,3656400,849.26892852783203,,499714849848.92877,17685.572916335906,0.034566401023172329,7
sep-ipop-l20-w102,9,111021,8118,3825360,849.26892852783203,,3973016140798.0029,138294.8258248936,0.019116231082182213,7
sep-ipop-l20-w102,9,111021,8184,3994320,849.26892852783203,,13430015008971.945,11808178.548881965,0.0098136533966584408,7
sep-ipop-l20-w102,9,111021,8250,4163280,849.26892852783203,,57792716066331.062,477087056.96953547,0.0081558263180504641,7
sep-ipop-l20-w102,9,111021,8316,4332240,849.26892852783203,,182841896014210.28,1132469529.1954286,0.008381162458194721,7
sep-ipop-l20-w102,9,111021,8382,4501200,849.26892852783203,,1402043831503546.2,3463635074.8878193,0.0093941316900592164,7
sep-ipop-l20-w102,9,111021,8448,4670160,849.26892852783203,,1321781625958276,6983442424.5720558,0.0062351795426245585,7
sep-ipop-l20-w102,9,111021,8514,4974800,849.26892852783203,,4.6621194811046909,187.78987969884085,0.3117827633380657,8
sep-ipop-l20-w102,9,111021,8580,5312720,849.26892852783203,,133.25298712430424,1379.0076408769346,0.26628348752465969,8
sep-ipop-l20-w102,9,111021,8646,5650640,849.26892852783203,,4474.2321298815332,2944.6360408288228,0.26867807175252856,8
sep-ipop-l20-w102,9,111021,8712,5988560,849.26892852783203,,560167.40293617651,4587.1133483187341,0.26551263256104213,8
sep-ipop-l20-w102,9,111021,8778,6326480,849.26892852783203,,57953040.115736634,5834.158931350461,0.26878416210797251,8
sep-ipop,9,111021,1,1024,17954.476863861084,,0.29148359925413164,8.9780292786452929,0.11881986583128101,0
sep-ipop,9,111021,5,5120,1990.9580993652344,,0.88581277907454936,38.780732241995082,0.74553912427081137,0
sep-ipop,9,111021,10,10240,1807.8289337158203,,1.4399884961677729,31.623926584343486,0.81162480781906987,0
sep-ipop,9,111021,20,20480,1660.8418019612629,,2.6441807063620613,5.9291477138112105,0.3365729744912424,0
sep-ipop,9,111021,25,25600,1631.8299140930176,,2.9271368882295925,6.1077952606380173,0.27343064029848213,0
sep-ipop,9,111021,40,40960,1577.2829602559407,,4.2837155892165404,55.936451657032841,0.22636611845100232,0
sep-ipop,9,111021,50,51200,1512.9261423746746,,8.4465421323646126,170.327163930967,0.28750409282327699,0
sep-ipop,9,111021,75,76800,1434.057352701823,,26.768957422168477,982.10529595809714,0.23878739619417089,0
sep-ipop,9,111021,80,81920,1434.057352701823,,28.707704726191736,1664.4587941347318,0.22722363377886506,0
sep-ipop,9,111021,100,102400,1405.8863665262859,,56.071955008077119,3484.6923008567023,0.2542585846398121,0
sep-ipop,9,111021,125,128000,1332.6202456156414,,190.9357713102012,3150.1255775305222,0.26058973140630842,0
sep-ipop,9,111021,149,152576,1245.1535415649414,,633.32454881863964,2776.2758198906413,0.25219820639563484,0
sep-ipop,9,111021,160,163840,1221.8838157653809,,1041.4620533755742,3846.2929689134567,0.24372790715557108,0
sep-ipop,9,111021,174,178176,1201.7306836446126,,2020.9178584817687,5712.3722781281685,0.25016573304609147,0
sep-ipop,9,111021,199,203776,1189.5249404907227,,6558.2223513009658,36842.981628764217,0.24488778209169548,0
sep-ipop,9,111021,224,229376,1180.3137601216633,,27734.079257053007,94711.947623987231,0.24731491726980165,0
sep-ipop,9,111021,249,254976,1172.8051287333171,,99772.565817297189,62111.869549454903,0.26488046098331319,0
sep-ipop,9,111021,255,261120,1171.4459648132324,,153863.00723056783,52474.409709366402,0.25534391888333668,0
sep-ipop,9,111021,273,279552,1165.7391929626465,,510128.55907411274,38076.869983039018,0.26320487329463049,0
sep-ipop,9,111021,298,305152,1156.5986773173015,,2462260.808378296,20669.865316739058,0.24184659800268418,0
sep-ipop,9,111021,323,330752,1148.3644383748372,,13207841.049476977,13435.984597757659,0.25569968856623843,0
sep-ipop,9,111021,348,356352,1138.1234970092773,,65589381.666855454,19006.078194279326,0.28000810256270631,0
sep-ipop,9,111021,373,381952,1129.4123293558757,,294939361.01840013,16835.578287425677,0.24701573273573224,0
sep-ipop,9,111021,397,406528,1112.2812067667644,,1895911914.9824736,9457.0261600506128,0.26017084802116913,0
sep-ipop,9,111021,422,432128,1091.6585744222004,,10353088313.624722,8917.6021120968308,0.26180689759335846,0
sep-ipop,9,111021,447,457728,1055.8258450826008,,59978794837.071449,5490.0149728061742,0.25304360668754539,0
sep-ipop,9,111021,472,483328,1034.2318115234375,,243587673190.82993,16432.98430300345,0.2790537943727941,0
sep-ipop,9,111021,497,508928,991.86647288004554,,2086839204503.4194,4666.6762674071633,0.25631205614506164,0
sep-ipop,9,111021,521,533504,964.27983601888025,,7474498070481.959,10534.991241665226,0.21080403177905011,0
sep-ipop,9,111021,546,559104,954.18433252970374,,21987072563208.836,17739.319874169229,0.1821662885864605,0
sep-ipop,9,111021,571,584704,948.39120864868164,,49881568838353.039,47604.959634440813,0.14744605491437876,0
sep-ipop,9,111021,596,610304,946.25659561157227,,126005103673365.62,71867.210824892056,0.10200524737017151,0
sep-ipop,9,111021,621,635904,943.64250946044922,,283785866960602.56,1224966.3720910072,0.10949097402071437,0
sep-ipop,9,111021,645,660480,942.5130500793457,,458221391842735.25,2691187.2808118039,0.075706296199834072,0
sep-ipop,9,111021,670,686080,941.8575770060221,,741714399944425.25,1351318.226245956,0.035484971398786286,0
sep-ipop,9,111021,695,711680,941.28867848714196,,1167465411386718.5,8236699.0343740378,0.035492948927139695,0
sep-ipop,9,111021,720,737280,941.0097325642904,,2371180253561940,56385662.193748079,0.03179716362365493,0
sep-ipop,9,111021,745,762880,940.72662099202478,,5154305296563012,52481502.510213308,0.020231775980384146,0
sep-ipop,9,111021,769,787456,940.63859049479163,,8025871167294853,30219762.640579391,0.0099036828226208885,0
sep-ipop,9,111021,794,813056,940.59991327921546,,11732751871458306,8224034.2991173528,0.0047707390959307282,0
sep-ipop,9,111021,819,838656,940.55059687296546,,13706747841406940,13348718.918901797,0.0042607130168451808,0
sep-ipop,9,111021,844,864256,940.40334447224939,,25774699417839700,23861370.2109381,0.0050765439982168974,0
sep-ipop,9,111021,869,889856,940.37430572509766,,33596609108188228,56556340.049746901,0.0044211965360731846,0
sep-ipop,9,111021,893,914432,940.37430572509766,,51628630653607264,71781978.293786585,0.00563898405915519,0
sep-ipop,9,111021,918,940032,940.11357879638672,,2.9799953103723859e+17,18101518.017191686,0.010138553194042759,0
sep-ipop,9,111021,943,965632,940.0791905721029,,5.5022572593469069e+17,78693155.956963599,0.0073810277563954325,0
sep-ipop,9,111021,968,991232,940.06851704915368,,1.1776579124307295e+18,63488766.784541108,0.0054290169175445534,0
sep-ipop,9,111021,993,1016832,940.04930241902673,,3.0007939609310618e+18,50213551.10282407,0.0052939577095687087,0
sep-ipop,9,111021,1017,1041408,940.02300643920898,,9.1705405415710577e+18,25569501.246298149,0.0046564534324018561,0
sep-ipop,9,111021,1042,1067008,939.99408086140954,,3.5872504719357911e+19,15964070.312056087,0.0038444399423284369,0
sep-ipop,9,111021,1067,1092608,939.96714274088538,,1.4319571830931158e+20,7411137.746699539,0.0031562424805134438,0
sep-ipop,9,111021,1092,1118208,939.92857360839844,,4.0009160973230486e+20,7974970.8434066512,0.0035109263882981954,0
sep-ipop,9,111021,1117,1143808,939.90442657470703,,1.4971369992135311e+21,4130636.0563600678,0.0034040805472696574,0
sep-ipop,9,111021,1142,1169408,939.85405858357751,,6.5313269525254578e+21,4933970.641325091,0.0036685245214128788,0
sep-ipop,9,111021,1166,1193984,939.7411994934082,,4.3800634537898349e+22,5781252.725241594,0.0061571781355455749,0
sep-ipop,9,111021,1191,1219584,939.59387334187829,,1.2043812338420929e+23,4149371.3249896374,0.0041676143491379174,0
sep-ipop,9,111021,1216,1245184,939.57841364542639,,1.6322335251273915e+23,14903544.703041537,0.0026836474931075361,0
sep-ipop,9,111021,1241,1270784,939.57505416870117,,1.9711497607233519e+23,37382498.268748261,0.0025642189255845335,0
sep-ipop,9,111021,1266,1296384,939.57271321614587,,2.9685971051971057e+23,709812469.79635942,0.0031171524432014866,0
sep-ipop,9,111021,1290,1320960,939.57119623819983,,4.7346361519070198e+23,4400829300.5002594,0.0028845476204887406,0
sep-ipop,9,111021,1315,1346560,939.57033284505212,,8.4850933527258648e+23,6524482655.8844366,0.0026749303036774932,0
sep-ipop,9,111021,1340,1372160,939.57033157348633,,1.6161224967369652e+24,6840156851.446394,0.0027078510768477615,0
sep-ipop,9,111021,1365,1397760,939.57033157348633,,1.3375881712141232e+24,4059819516.1552253,0.001506992363814601,0
sep-ipop,9,111021,1384,1423360,939.57033157348633,,0.64107713143712564,9.8442098791757253,1.1574190596926253,1
sep-ipop,9,111021,1396,1447936,939.57033157348633,,0.89664137037873082,15.428552157904472,0.72231482227846433,1
sep-ipop,9,111021,1409,1474560,939.57033157348633,,1.2890021170841186,30.624766055319128,0.4026198614521409,1
sep-ipop,9,111021,1421,1499136,939.57033157348633,,1.8187523330547182,90.780808665550779,0.31631867833824939,1
sep-ipop,9,111021,1434,1525760,939.57033157348633,,2.9611316396094192,197.94056015891621,0.28302719185898978,1
sep-ipop,9,111021,1446,1550336,939.57033157348633,,4.8711793722466661,424.62932531791625,0.28057971020602801,1
sep-ipop,9,111021,1458,1574912,939.57033157348633,,7.5111451912924379,995.06280273451546,0.27662895203749771,1
sep-ipop,9,111021,1471,1601536,939.57033157348633,,11.3259540988825,1574.0872955881543,0.28136413613579009,1
sep-ipop,9,111021,1483,1626112,939.57033157348633,,20.108237190743775,2108.1053750795504,0.28738311368160158,1
sep-ipop,9,111021,1496,1652736,939.57033157348633,,35.617146895058177,1661.3035118126681,0.26949056755258621,1
sep-ipop,9,111021,1508,1677312,939.57033157348633,,65.831969833923907,1668.2244710942646,0.27896422558486872,1
sep-ipop,9,111021,1520,1701888,939.57033157348633,,128.42453935482112,2018.6374499322028,0.28077772644882798,1
sep-ipop,9,111021,1533,1728512,939.57033157348633,,277.88983984596319,2560.313965146488,0.28601279208774338,1
sep-ipop,9,111021,1545,1753088,939.57033157348633,,635.41920416600396,2655.0368110104887,0.28785239320658274,1
sep-ipop,9,111021,1558,1779712,939.57033157348633,,1405.4413421295235,3656.9588064410564,0.28283051285014271,1
sep-ipop,9,111021,1570,1804288,939.57033157348633,,3174.6543587956917,4646.8808649592947,0.28201871047645533,1
sep-ipop,9,111021,1582,1828864,939.57033157348633,,6331.8296683605176,7263.6215081527471,0.27289982215009656,1
sep-ipop,9,111021,1595,1855488,939.57033157348633,,12648.522910353116,12620.92690074955,0.25632864012994638,1
sep-ipop,9,111021,1607,1880064,939.57033157348633,,23690.546782454388,18684.506400675349,0.25945786219875455,1
sep-ipop,9,111021,1620,1906688,939.57033157348633,,47737.496606337649,20335.905618709272,0.25079264740951357,1
sep-ipop,9,111021,1632,1931264,939.57033157348633,,95213.21847493347,26399.307742344754,0.25910468324660718,1
sep-ipop,9,111021,1644,1955840,939.57033157348633,,203935.46798471693,38317.520297772971,0.26240676320161976,1
sep-ipop,9,111021,1657,1982464,939.57033157348633,,392214.82289856824,42197.461019475129,0.23598063462930083,1
sep-ipop,9,111021,1669,2007040,939.57033157348633,,917918.14763833466,43449.883800455937,0.27355451453606089,1
sep-ipop,9,111021,1682,2033664,939.57033157348633,,2133635.6868751883,29322.19535500124,0.25734684872421043,1
sep-ipop,9,111021,1694,2058240,939.57033157348633,,4634055.675045942,27975.561114476081,0.24572444781686181,1
sep-ipop,9,111021,1706,2082816,939.57033157348633,,8584967.372355666,48403.855317591435,0.24393890053179845,1
sep-ipop,9,111021,1719,2109440,939.57033157348633,,16058729.644142253,76509.91316377552,0.24040993724155543,1
sep-ipop,9,111021,1731,2134016,939.57033157348633,,31226680.60902717,63680.698602793032,0.2312458970317301,1
sep-ipop,9,111021,1744,2160640,939.57033157348633,,104633005.69281285,12611.900966591154,0.18578636629800596,1
sep-ipop,9,111021,1756,2185216,939.57033157348633,,301405479.01876938,1534.0315171972418,0.12459296078851151,1
sep-ipop,9,111021,1769,2211840,939.57033157348633,,685870577.1588645,1158.0452811577529,0.094498573836620747,1
sep-ipop,9,111021,1781,2236416,939.57033157348633,,1564648916.8131812,1032.3725226382219,0.084914855575128539,1
sep-ipop,9,111021,1793,2260992,935.72746531168616,,3213463644.5617447,1220.6482624062899,0.068035565608958237,1
sep-ipop,9,111021,1806,2287616,930.97126007080078,,6742101116.623848,1662.8861251872224,0.05741923454141775,1
sep-ipop,9,111021,1818,2312192,928.0488497416178,,15641221882.919867,1948.5215131966788,0.058727368873107123,1
sep-ipop,9,111021,1831,2338816,925.03783289591468,,38658887149.498734,2784.5933419556491,0.055029188782590679,1
sep-ipop,9,111021,1843,2363392,922.20165379842126,,77247923767.043701,2621.3930886095509,0.049806066591938224,1
sep-ipop,9,111021,1855,2387968,919.81484222412109,,188399001528.06006,2897.870858932773,0.053645059156702951,1
sep-ipop,9,111021,1868,2414592,918.01157251993811,,454998926436.76117,2347.9773687174911,0.046143379879086011,1
sep-ipop,9,111021,1880,2439168,916.05597941080725,,1028822948629.9344,2331.7960163733524,0.044035158403224355,1
sep-ipop,9,111021,1893,2465792,914.02098719278968,,3057376895829.6807,1800.6074297160055,0.049104445350227531,1
sep-ipop,9,111021,1905,2490368,912.2630831400553,,6439786450780.585,1530.5521670197832,0.041636450104916949,1
sep-ipop,9,111021,1917,2514944,910.41315205891931,,14163768582313.203,1439.2490126393627,0.037862059225042974,1
sep-ipop,9,111021,1930,2541568,908.42930475870764,,34459938095560.809,2052.7239427709155,0.036331078465080817,1
sep-ipop,9,111021,1942,2566144,907.23770141601562,,76807146688630.328,1876.2428292671973,0.035086660910301798,1
sep-ipop,9,111021,1955,2592768,906.22705841064453,,169307048935721.16,1701.5895741978293,0.030978002512603655,1
sep-ipop,9,111021,1967,2617344,905.07517751057946,,395735655576549.06,1936.7953726510752,0.03364295039198225,1
sep-ipop,9,111021,1979,2641920,903.82188288370764,,802523770879816.5,2136.6417455581459,0.031589866046750924,1
sep-ipop,9,111021,1992,2668544,903.35238520304358,,1737701088005017.5,1871.6578639293218,0.02980957871466075,1
sep-ipop,9,111021,2004,2693120,902.35436503092444,,3541506078565830.5,1771.8114695890206,0.02778134866171016,1
sep-ipop,9,111021,2017,2719744,901.56243133544922,,7548229649913811,2027.0307720209566,0.025117695411156844,1
sep-ipop,9,111021,2029,2744320,900.51641972859704,,15873926065979040,2733.3124961536678,0.026593889551118875,1
sep-ipop,9,111021,2041,2768896,899.9662971496582,,26802213103207472,2829.6835642810488,0.021779729608007534,1
sep-ipop,9,111021,2054,2795520,899.80204010009766,,49153983776802832,5890.373410770776,0.023683923052185484,1
sep-ipop,9,111021,2066,2820096,899.11964797973633,,76844099594188800,6377.9478623186897,0.02006039265797498,1
sep-ipop,9,111021,2079,2846720,898.75985336303711,,1.223061523842264e+17,9488.3087698008421,0.016949847538800304,1
sep-ipop,9,111021,2091,2871296,898.51826349894202,,1.8731841516243696e+17,9594.9540853917151,0.017024193501477828,1
sep-ipop,9,111021,2103,2895872,898.14520772298181,,2.6321787153963341e+17,13041.364748285383,0.016422637958752376,1
sep-ipop,9,111021,2116,2922496,897.78475952148438,,3.7867134187448186e+17,31463.422057883883,0.017291751579382487,1
sep-ipop,9,111021,2128,2947072,897.19208017985022,,5.1455442500485536e+17,113886.81072662199,0.017920797482352601,1
sep-ipop,9,111021,2141,2973696,896.68366241455078,,7.3696068555547085e+17,280399.63390253531,0.016108678006277133,1
sep-ipop,9,111021,2153,2998272,896.22790908813477,,9.5000999517272627e+17,318313.72682228487,0.01159555785769564,1
sep-ipop,9,111021,2165,3022848,896.22790908813477,,1.2795558135359703e+18,276314.91813552164,0.007919668131366223,1
sep-ipop,9,111021,2178,3049472,896.03843816121423,,1.5057018442469002e+18,910965.04341773002,0.0068778832061460295,1
sep-ipop,9,111021,2190,3074048,895.978525797526,,1.6923160004331694e+18,2198419.325912144,0.0072651619779635539,1
sep-ipop,9,111021,2203,3100672,895.89416122436523,,2.3920544555974113e+18,2486818.139440868,0.0069840536529024019,1
sep-ipop,9,111021,2215,3125248,895.85554250081384,,3.0849651827387464e+18,11624795.443462944,0.0070208754413422546,1
sep-ipop,9,111021,2227,3149824,895.79602305094397,,4.3832781636760735e+18,40280538.83738295,0.0083824788741347269,1
sep-ipop,9,111021,2240,3176448,895.76010894775391,,6.3900875218256609e+18,38926543.090432003,0.0076224442397404106,1
sep-ipop,9,111021,2252,3201024,895.72476577758789,,8.9100555951711171e+18,29412086.176769,0.0068821917834001644,1
sep-ipop,9,111021,2265,3227648,895.66315333048499,,1.2722531446909239e+19,30120533.474937707,0.0064857897435156749,1
sep-ipop,9,111021,2277,3252224,895.65558115641272,,1.7856880784844472e+19,23353986.99254141,0.0060454024295878168,1
sep-ipop,9,111021,2289,3276800,895.59985605875647,,2.8244891012493115e+19,36941911.152057029,0.0074320118920550831,1
sep-ipop,9,111021,2302,3303424,895.56704584757483,,4.3826450649115025e+19,85274397.547114387,0.010451730943411118,1
sep-ipop,9,111021,2314,3328000,895.53165690104163,,7.4009218698161324e+19,44306537.147549234,0.0083114629993478358,1
sep-ipop,9,111021,2327,3354624,895.4957389831543,,1.5614249590920394e+20,14657767.262931237,0.0060888461441659259,1
sep-ipop,9,111021,2339,3379200,895.46130243937171,,2.661254642651541e+20,14868785.720032103,0.0047522363128780941,1
sep-ipop,9,111021,2351,3403776,895.43695958455407,,3.8652512892621475e+20,19800562.360698164,0.0043843194937411038,1
sep-ipop,9,111021,2364,3430400,895.39698918660486,,5.8060846902729022e+20,15511968.792965846,0.0041676376021479835,1
sep-ipop,9,111021,2376,3454976,895.37751770019531,,6.9103554636232629e+20,13136583.219974482,0.003915251207785366,1
sep-ipop,9,111021,2389,3481600,895.36213048299157,,7.6072139485606707e+20,19057244.470072549,0.0035925548065974628,1
sep-ipop,9,111021,2401,3506176,895.35051981608069,,9.3357053640308097e+20,104590305.05789383,0.0039933911870789962,1
sep-ipop,9,111021,2413,3530752,895.33575057983398,,1.1998926975783791e+21,243861092.10681987,0.0043314279959279769,1
sep-ipop,9,111021,2426,3557376,895.32772318522132,,1.4838987822649778e+21,292457513.93039066,0.0041875649266453503,1
sep-ipop,9,111021,2438,3581952,895.32399241129554,,1.6445954530580142e+21,425236531.13570392,0.0040388609303754234,1
sep-ipop,9,111021,2451,3608576,895.31381479899085,,1.9889298126333904e+21,600474176.62080586,0.0044128588557518864,1
sep-ipop,9,111021,2463,3633152,895.30837758382165,,2.6872841135697848e+21,447280092.63313234,0.004394070001129389,1
sep-ipop,9,111021,2475,3657728,895.28259913126624,,4.3679123903432538e+21,743500429.42362499,0.0050868838953414984,1
sep-ipop,9,111021,2488,3684352,895.25323486328125,,7.9097648106488998e+21,759727931.13610995,0.0056719749366007134,1
sep-ipop,9,111021,2500,3708928,895.25323486328125,,9.120583183134607e+21,1112796389.632808,0.0047267223548906152,1
sep-ipop,9,111021,2513,3735552,895.25323486328125,,1.0531636666745565e+22,1456711703.8740239,0.0044394540099485496,1
sep-ipop,9,111021,2525,3760128,895.25323486328125,,1.4082956139304938e+22,1550956965.609509,0.0046980105813412033,1
sep-ipop,9,111021,2537,3784704,895.25323486328125,,1.6119790825888174e+22,1580254177.9312503,0.0043815311764499217,1
sep-ipop,9,111021,2550,3811328,895.25323486328125,,1.786757148055815e+22,2468907668.9266343,0.0044232762591052332,1
sep-ipop,9,111021,2562,3835904,895.25323486328125,,2.4984891888068505e+22,2481166189.9723468,0.0046052966876262156,1
sep-ipop,9,111021,2575,3862528,895.25213368733728,,2.8032201419747341e+22,3360519698.7604227,0.0045521344489370084,1
sep-ipop,9,111021,2587,3887104,895.25213368733728,,2.6880344009515223e+22,7016803790.8493376,0.0038922085096631015,1
sep-ipop,9,111021,2599,3911680,895.25213368733728,,2.4800837403459245e+22,7872370960.7658482,0.0030806361889097688,1
sep-ipop,9,111021,2612,3938304,895.25213368733728,,2.6544829897706838e+22,6360767503.7201805,0.0029874205542939755,1
sep-ipop,9,111021,2624,3962880,895.25213368733728,,2.6684372281674892e+22,8592379686.1573582,0.0031372085666113458,1
sep-ipop,9,111021,2637,3989504,895.25213368733728,,2.6195857297402516e+22,12217519605.602591,0.0034681653063877993,1
sep-ipop,9,111021,2649,4014080,895.25213368733728,,2.7544292905720576e+22,11974526917.313192,0.0035928902357373269,1
sep-ipop,9,111021,2661,4038656,895.25213368733728,,2.5969888153706936e+22,12458892187.908354,0.0032759018783460729,1
sep-ipop,9,111021,2674,4065280,895.25213368733728,,2.3179391028619825e+22,10937559487.294851,0.002831263496457305,1
sep-ipop,9,111021,2686,4089856,895.25213368733728,,2.541681467483633e+22,11508628518.202675,0.0030753098987269258,1
sep-ipop,9,111021,2699,4116480,895.25213368733728,,2.7254560563193084e+22,14928019789.003502,0.0036558056611757993,1
sep-ipop,9,111021,2711,4141056,895.25213368733728,,2.8946115239040243e+22,12558031975.507448,0.003363921521863494,1
sep-ipop,9,111021,2723,4165632,895.25213368733728,,2.8454711695835635e+22,18067200484.510689,0.0036101198103264684,1
sep-ipop,9,111021,2736,4192256,895.25213368733728,,2.8551409154221704e+22,12045788463.212833,0.0033418952393130144,1
sep-ipop,9,111021,2748,4216832,895.25213368733728,,2.8354710335897802e+22,14152565930.836473,0.0030972811881342134,1
sep-ipop,9,111021,2761,4243456,895.25213368733728,,2.6156679534858264e+22,12388249131.409822,0.0033214628156295121,1
sep-ipop,9,111021,2773,4268032,895.25213368733728,,2.6813767744624871e+22,16183155115.71154,0.0034581058171804769,1
sep-ipop,9,111021,2785,4292608,895.25213368733728,,2.7039438943267542e+22,14003577661.196449,0.003906462290873389,1
sep-ipop,9,111021,2798,4319232,895.25213368733728,,2.6988826480026258e+22,12990306804.784027,0.0033615183631569181,1
sep-ipop,9,111021,2810,4345856,895.25213368733728,,0.37257478906656938,1.9052509781268328,0.4715623652214096,2
sep-ipop,9,111021,2816,4370432,895.25213368733728,,0.71084311998932548,12.955997582661153,1.1786931576079154,2
sep-ipop,9,111021,2822,4395008,895.25213368733728,,0.88874069161066538,12.556108098975526,0.83143955594503627,2
sep-ipop,9,111021,2829,4423680,895.25213368733728,,1.1285922464289642,18.137033193291376,0.62624976653978648,2
sep-ipop,9,111021,2835,4448256,895.25213368733728,,1.3072026326498378,18.777177280690413,0.44715881136518598,2
sep-ipop,9,111021,2841,4472832,895.25213368733728,,1.7385826289004109,19.546313905239121,0.39621098610251337,2
sep-ipop,9,111021,2847,4497408,895.25213368733728,,2.4088636495699012,39.678334723068865,0.36004001585530482,2
sep-ipop,9,111021,2853,4521984,895.25213368733728,,3.3522121913885465,92.404248903897525,0.32675489383867928,2
sep-ipop,9,111021,2860,4550656,895.25213368733728,,4.4499730809346705,189.65456567748799,0.29939052718708054,2
sep-ipop,9,111021,2866,4575232,895.25213368733728,,6.0341980399223178,240.1167150167627,0.30877321758132242,2
sep-ipop,9,111021,2872,4599808,895.25213368733728,,8.1924135483181217,279.33446384476537,0.31850853853679884,2
sep-ipop,9,111021,2878,4624384,895.25213368733728,,10.711164491428745,435.76536441630066,0.31702989807048393,2
sep-ipop,9,111021,2884,4648960,895.25213368733728,,13.601651911722712,577.52129680556766,0.30469855887409464,2
sep-ipop,9,111021,2891,4677632,895.25213368733728,,16.511025492878186,1103.9054678406092,0.2966106831942838,2
sep-ipop,9,111021,2897,4702208,895.25213368733728,,18.118088744141101,2071.1270985512479,0.29789158429151918,2
sep-ipop,9,111021,2903,4726784,895.25213368733728,,20.407418075183198,2468.8645904952682,0.28096561258493657,2
sep-ipop,9,111021,2909,4751360,895.25213368733728,,23.817056268754225,3243.2750716998612,0.28667079484928554,2
sep-ipop,9,111021,2915,4775936,895.25213368733728,,34.472740677944856,3051.376954464904,0.29948764217024615,2
sep-ipop,9,111021,2922,4804608,895.25213368733728,,57.737523616501704,1572.5176273192708,0.28666475991531787,2
sep-ipop,9,111021,2928,4829184,895.25213368733728,,81.031687120139395,1284.4753887824911,0.28258048416218384,2
sep-ipop,9,111021,2934,4853760,895.25213368733728,,109.75298657006951,1418.7641819276002,0.28003898036251018,2
sep-ipop,9,111021,2940,4878336,895.25213368733728,,150.82249612249615,1294.4384499636965,0.26871215008402421,2
sep-ipop,9,111021,2946,4902912,895.25213368733728,,217.68943592315583,1250.3462085152237,0.2796090635876971,2
sep-ipop,9,111021,2953,4931584,895.25213368733728,,317.37584441905358,1319.3180197205859,0.27906927786968844,2
sep-ipop,9,111021,2959,4956160,895.25213368733728,,422.80177405889179,1535.7687389574166,0.27581366318239536,2
sep-ipop,9,111021,2965,4980736,895.25213368733728,,574.24283171618708,2012.7973373077891,0.27894386529260179,2
sep-ipop,9,111021,2971,5005312,895.25213368733728,,734.09821556048576,2285.3660741140866,0.26618342089680058,2
sep-ipop,9,111021,2977,5029888,895.25213368733728,,1094.0583126359131,2090.966242377393,0.27871992107838206,2
sep-ipop,9,111021,2984,5058560,895.25213368733728,,1701.7221667597357,2374.4425358932754,0.28356004766794846,2
sep-ipop,9,111021,2990,5083136,895.25213368733728,,2424.0134787729703,2301.9611178404421,0.27037586284897069,2
sep-ipop,9,111021,2996,5107712,895.25213368733728,,3497.6846919938316,2923.8266994013557,0.2757576395508915,2
sep-ipop,9,111021,3002,5132288,895.25213368733728,,4899.2673814040836,4605.7308396981553,0.26699690953088906,2
sep-ipop,9,111021,3008,5156864,895.25213368733728,,6860.8966245250458,4970.7969234967741,0.25746178396544206,2
sep-ipop,9,111021,3015,5185536,895.25213368733728,,10237.56212703,5902.7907906093233,0.25910516909572784,2
sep-ipop,9,111021,3021,5210112,895.25213368733728,,14253.260124256714,6581.6265930744785,0.25012066245971548,2
sep-ipop,9,111021,3027,5234688,895.25213368733728,,22649.508843503554,6217.0004001070438,0.27633046397946565,2
sep-ipop,9,111021,3033,5259264,895.25213368733728,,34477.605871661566,3882.4348282590518,0.26925239987757565,2
sep-ipop,9,111021,3039,5283840,895.25213368733728,,51729.899886093008,3480.0723378980801,0.29237275329025431,2
sep-ipop,9,111021,3046,5312512,895.25213368733728,,92391.18985129465,2123.3235469256647,0.29527729868300195,2
sep-ipop,9,111021,3052,5337088,895.25213368733728,,140723.3804301729,2025.8331699959772,0.28227465950458103,2
sep-ipop,9,111021,3058,5361664,895.25213368733728,,214583.8781983846,2026.3301270228797,0.28907125393420574,2
sep-ipop,9,111021,3064,5386240,895.25213368733728,,312483.53595490323,1990.7495619950321,0.27404508384129733,2
sep-ipop,9,111021,3070,5410816,895.25213368733728,,456701.07250375149,2927.0451464212506,0.2790768088329848,2
sep-ipop,9,111021,3077,5439488,895.25213368733728,,650285.00663607521,4608.3642563003605,0.25818066070413997,2
sep-ipop,9,111021,3083,5464064,895.25213368733728,,931281.61257286079,5960.6093241932222,0.26697965523790512,2
sep-ipop,9,111021,3089,5488640,895.25213368733728,,1312467.0728942866,7198.3498761703386,0.26197576161081865,2
sep-ipop,9,111021,3095,5513216,895.25213368733728,,1786618.4152854858,9959.3895945993554,0.25812026617788442,2
sep-ipop,9,111021,3101,5537792,895.25213368733728,,2469493.436890997,12286.030891958471,0.24970678692897522,2
sep-ipop,9,111021,3108,5566464,895.25213368733728,,3936031.4169114926,16523.800336006774,0.25102822292648425,2
sep-ipop,9,111021,3114,5591040,895.25213368733728,,5580056.3849339848,25801.452234954671,0.25724209162151579,2
sep-ipop,9,111021,3120,5615616,895.25213368733728,,8265616.875683791,30541.811517920814,0.25444463955114582,2
sep-ipop,9,111021,3126,5640192,895.25213368733728,,12506532.24849447,49821.272954098764,0.26406604816262019,2
sep-ipop,9,111021,3132,5664768,895.25213368733728,,18951348.88502818,58723.195999926087,0.26583964376850472,2
sep-ipop,9,111021,3139,5693440,895.25213368733728,,29387431.451479781,82546.612579085442,0.24773310355725109,2
sep-ipop,9,111021,3145,5718016,895.25213368733728,,41511412.958063886,114730.05754648865,0.25267005743729282,2
sep-ipop,9,111021,3151,5742592,895.25213368733728,,60890080.384982362,121754.99582697601,0.25359865946655036,2
sep-ipop,9,111021,3157,5767168,895.25213368733728,,93538012.489814982,148680.73116301428,0.25858816447526567,2
sep-ipop,9,111021,3163,5791744,895.25213368733728,,133514503.34828264,189153.91272119348,0.2537550423524419,2
sep-ipop,9,111021,3170,5820416,895.25213368733728,,200765827.92925844,208523.59455364954,0.25435274765467009,2
sep-ipop,9,111021,3176,5844992,895.25213368733728,,289745469.88827002,271138.46024277521,0.25436944973858999,2
sep-ipop,9,111021,3182,5869568,895.25213368733728,,439358700.42037058,268303.61805728229,0.26256318349969388,2
sep-ipop,9,111021,3188,5894144,895.25213368733728,,788658673.1758579,189079.04538057474,0.27090883178892333,2
sep-ipop,9,111021,3194,5918720,895.25213368733728,,1443352994.2891591,93093.597670338553,0.27856437893323865,2
sep-ipop,9,111021,3201,5947392,895.25213368733728,,2752914682.4828076,51150.003239062717,0.27859595088532574,2
sep-ipop,9,111021,3207,5971968,895.25213368733728,,4281727929.4703975,46101.398735094124,0.27146101206335238,2
sep-ipop,9,111021,3213,5996544,895.25213368733728,,5629908521.8482962,57127.452419437286,0.24274094096889659,2
sep-ipop,9,111021,3219,6021120,895.25213368733728,,7464059300.2805252,86861.561225126803,0.23342585074003752,2
sep-ipop,9,111021,3225,6045696,895.25213368733728,,9637973740.4532642,151662.86713075315,0.22499100380485387,2
sep-ipop,9,111021,3232,6074368,895.25213368733728,,13590705840.257296,208909.1396832969,0.21901045826597337,2
sep-ipop,9,111021,3238,6098944,895.25213368733728,,19403216991.472324,183316.6330373291,0.18509112927044552,2
sep-ipop,9,111021,3244,6123520,895.25213368733728,,34238032144.645706,100090.78139859383,0.16673340120891172,2
sep-ipop,9,111021,3250,6148096,895.25213368733728,,61736739094.827545,48186.467709994766,0.14516714649385884,2
sep-ipop,9,111021,3256,6172672,895.25213368733728,,96306923759.870895,32498.963377866752,0.12555115657979463,2
sep-ipop,9,111021,3263,6201344,895.25213368733728,,143812611787.27591,31295.689142820094,0.11530191917200461,2
sep-ipop,9,111021,3269,6225920,895.25213368733728,,205068569402.84628,25607.584215758194,0.10192166074549133,2
sep-ipop,9,111021,3275,6250496,895.25213368733728,,289457144434.672,28053.779808959956,0.089054598599416224,2
sep-ipop,9,111021,3281,6275072,895.25213368733728,,439593807938.25519,29554.252205278965,0.083866194413690587,2
sep-ipop,9,111021,3287,6299648,894.888671875,,604465004911.39709,33669.079935662034,0.074662656602054678,2
sep-ipop,9,111021,3294,6328320,894.462900797526,,875202549536.34351,46012.027274243585,0.065304953422304024,2
sep-ipop,9,111021,3300,6352896,893.78064219156897,,1149828809896.7188,48484.546365858681,0.056393411604778003,2
sep-ipop,9,111021,3306,6377472,892.87373987833655,,1521699235437.845,45258.765569467716,0.045984571520767854,2
sep-ipop,9,111021,3312,6402048,891.86273956298828,,2170538974632.2529,53387.945723528137,0.0481722085840562,2
sep-ipop,9,111021,3318,6426624,891.86273956298828,,2765829234264.8511,54646.702620230972,0.040716215756929165,2
sep-ipop,9,111021,3325,6455296,891.31158065795898,,3925709086013.1182,73537.839389231463,0.041718456220599935,2
sep-ipop,9,111021,3331,6479872,891.03495534261071,,5285115985315.9141,85497.262416785656,0.040076401550138453,2
sep-ipop,9,111021,3337,6502400,890.990732828776,,6522079134062.4629,77201.023622778506,0.03455439854936386,2
sep-ipop-w60,9,111021,1,1024,17954.476863861084,,0.29148359925413164,8.9780292786452929,0.11881986583128101,0
sep-ipop-w60,9,111021,5,5120,1990.9580993652344,,0.88581277907454936,38.780732241995082,0.74553912427081137,0
sep-ipop-w60,9,111021,10,10240,1807.8289337158203,,1.4399884961677729,31.623926584343486,0.81162480781906987,0
sep-ipop-w60,9,111021,20,20480,1660.8418019612629,,2.6441807063620613,5.9291477138112105,0.3365729744912424,0
sep-ipop-w60,9,111021,25,25600,1631.8299140930176,,2.9271368882295925,6.1077952606380173,0.27343064029848213,0
sep-ipop-w60,9,111021,40,40960,1577.2829602559407,,4.2837155892165404,55.936451657032841,0.22636611845100232,0
sep-ipop-w60,9,111021,50,51200,1512.9261423746746,,8.4465421323646126,170.327163930967,0.28750409282327699,0
sep-ipop-w60,9,111021,75,76800,1434.057352701823,,26.768957422168477,982.10529595809714,0.23878739619417089,0
sep-ipop-w60,9,111021,80,81920,1434.057352701823,,28.707704726191736,1664.4587941347318,0.22722363377886506,0
sep-ipop-w60,9,111021,100,102400,1405.8863665262859,,56.071955008077119,3484.6923008567023,0.2542585846398121,0
sep-ipop-w60,9,111021,125,128000,1332.6202456156414,,190.9357713102012,3150.1255775305222,0.26058973140630842,0
sep-ipop-w60,9,111021,149,152576,1245.1535415649414,,633.32454881863964,2776.2758198906413,0.25219820639563484,0
sep-ipop-w60,9,111021,160,163840,1221.8838157653809,,1041.4620533755742,3846.2929689134567,0.24372790715557108,0
sep-ipop-w60,9,111021,174,178176,1201.7306836446126,,2020.9178584817687,5712.3722781281685,0.25016573304609147,0
sep-ipop-w60,9,111021,199,203776,1189.5249404907227,,6558.2223513009658,36842.981628764217,0.24488778209169548,0
sep-ipop-w60,9,111021,224,229376,1180.3137601216633,,27734.079257053007,94711.947623987231,0.24731491726980165,0
sep-ipop-w60,9,111021,249,254976,1172.8051287333171,,99772.565817297189,62111.869549454903,0.26488046098331319,0
sep-ipop-w60,9,111021,255,261120,1171.4459648132324,,153863.00723056783,52474.409709366402,0.25534391888333668,0
sep-ipop-w60,9,111021,273,279552,1165.7391929626465,,510128.55907411274,38076.869983039018,0.26320487329463049,0
sep-ipop-w60,9,111021,298,305152,1156.5986773173015,,2462260.808378296,20669.865316739058,0.24184659800268418,0
sep-ipop-w60,9,111021,323,330752,1148.3644383748372,,13207841.049476977,13435.984597757659,0.25569968856623843,0
sep-ipop-w60,9,111021,348,356352,1138.1234970092773,,65589381.666855454,19006.078194279326,0.28000810256270631,0
sep-ipop-w60,9,111021,373,381952,1129.4123293558757,,294939361.01840013,16835.578287425677,0.24701573273573224,0
sep-ipop-w60,9,111021,397,406528,1112.2812067667644,,1895911914.9824736,9457.0261600506128,0.26017084802116913,0
sep-ipop-w60,9,111021,422,432128,1091.6585744222004,,10353088313.624722,8917.6021120968308,0.26180689759335846,0
sep-ipop-w60,9,111021,447,457728,1055.8258450826008,,59978794837.071449,5490.0149728061742,0.25304360668754539,0
sep-ipop-w60,9,111021,472,483328,1034.2318115234375,,243587673190.82993,16432.98430300345,0.2790537943727941,0
sep-ipop-w60,9,111021,497,508928,991.86647288004554,,2086839204503.4194,4666.6762674071633,0.25631205614506164,0
sep-ipop-w60,9,111021,521,533504,964.27983601888025,,7474498070481.959,10534.991241665226,0.21080403177905011,0
sep-ipop-w60,9,111021,546,559104,954.18433252970374,,21987072563208.836,17739.319874169229,0.1821662885864605,0
sep-ipop-w60,9,111021,571,584704,948.39120864868164,,49881568838353.039,47604.959634440813,0.14744605491437876,0
sep-ipop-w60,9,111021,596,610304,946.25659561157227,,126005103673365.62,71867.210824892056,0.10200524737017151,0
sep-ipop-w60,9,111021,621,635904,943.64250946044922,,283785866960602.56,1224966.3720910072,0.10949097402071437,0
sep-ipop-w60,9,111021,645,660480,942.5130500793457,,458221391842735.25,2691187.2808118039,0.075706296199834072,0
sep-ipop-w60,9,111021,670,686080,941.8575770060221,,741714399944425.25,1351318.226245956,0.035484971398786286,0
sep-ipop-w60,9,111021,695,711680,941.28867848714196,,1167465411386718.5,8236699.0343740378,0.035492948927139695,0
sep-ipop-w60,9,111021,720,737280,941.0097325642904,,2371180253561940,56385662.193748079,0.03179716362365493,0
sep-ipop-w60,9,111021,745,762880,940.72662099202478,,5154305296563012,52481502.510213308,0.020231775980384146,0
sep-ipop-w60,9,111021,769,787456,940.63859049479163,,8025871167294853,30219762.640579391,0.0099036828226208885,0
sep-ipop-w60,9,111021,794,813056,940.59991327921546,,11732751871458306,8224034.2991173528,0.0047707390959307282,0
sep-ipop-w60,9,111021,819,838656,940.55059687296546,,13706747841406940,13348718.918901797,0.0042607130168451808,0
sep-ipop-w60,9,111021,844,864256,940.40334447224939,,25774699417839700,23861370.2109381,0.0050765439982168974,0
sep-ipop-w60,9,111021,869,889856,940.37430572509766,,33596609108188228,56556340.049746901,0.0044211965360731846,0
sep-ipop-w60,9,111021,893,914432,940.37430572509766,,51628630653607264,71781978.293786585,0.00563898405915519,0
sep-ipop-w60,9,111021,918,940032,940.11357879638672,,2.9799953103723859e+17,18101518.017191686,0.010138553194042759,0
sep-ipop-w60,9,111021,943,965632,940.0791905721029,,5.5022572593469069e+17,78693155.956963599,0.0073810277563954325,0
sep-ipop-w60,9,111021,968,991232,940.06851704915368,,1.1776579124307295e+18,63488766.784541108,0.0054290169175445534,0
sep-ipop-w60,9,111021,993,1016832,940.04930241902673,,3.0007939609310618e+18,50213551.10282407,0.0052939577095687087,0
sep-ipop-w60,9,111021,1017,1041408,940.02300643920898,,9.1705405415710577e+18,25569501.246298149,0.0046564534324018561,0
sep-ipop-w60,9,111021,1042,1067008,939.99408086140954,,3.5872504719357911e+19,15964070.312056087,0.0038444399423284369,0
sep-ipop-w60,9,111021,1067,1092608,939.96714274088538,,1.4319571830931158e+20,7411137.746699539,0.0031562424805134438,0
sep-ipop-w60,9,111021,1092,1118208,939.92857360839844,,4.0009160973230486e+20,7974970.8434066512,0.0035109263882981954,0
sep-ipop-w60,9,111021,1117,1143808,939.90442657470703,,1.4971369992135311e+21,4130636.0563600678,0.0034040805472696574,0
sep-ipop-w60,9,111021,1142,1169408,939.85405858357751,,6.5313269525254578e+21,4933970.641325091,0.0036685245214128788,0
sep-ipop-w60,9,111021,1166,1193984,939.7411994934082,,4.3800634537898349e+22,5781252.725241594,0.0061571781355455749,0
sep-ipop-w60,9,111021,1191,1219584,939.59387334187829,,1.2043812338420929e+23,4149371.3249896374,0.0041676143491379174,0
sep-ipop-w60,9,111021,1216,1245184,939.57841364542639,,1.6322335251273915e+23,14903544.703041537,0.0026836474931075361,0
sep-ipop-w60,9,111021,1241,1270784,939.57505416870117,,1.9711497607233519e+23,37382498.268748261,0.0025642189255845335,0
sep-ipop-w60,9,111021,1266,1296384,939.57271321614587,,2.9685971051971057e+23,709812469.79635942,0.0031171524432014866,0
sep-ipop-w60,9,111021,1290,1320960,939.57119623819983,,4.7346361519070198e+23,4400829300.5002594,0.0028845476204887406,0
sep-ipop-w60,9,111021,1315,1346560,939.57033284505212,,8.4850933527258648e+23,6524482655.8844366,0.0026749303036774932,0
sep-ipop-w60,9,111021,1340,1372160,939.57033157348633,,1.6161224967369652e+24,6840156851.446394,0.0027078510768477615,0
sep-ipop-w60,9,111021,1365,1397760,939.57033157348633,,1.3375881712141232e+24,4059819516.1552253,0.001506992363814601,0
sep-ipop-w60,9,111021,1383,1423360,939.57033157348633,,0.67078985115561551,8.192942099522412,0.79902217376449636,1
sep-ipop-w60,9,111021,1395,1447936,939.57033157348633,,1.0334202031052258,12.221809349561301,0.65347217155632498,1
sep-ipop-w60,9,111021,1408,1474560,939.57033157348633,,1.3318045352581789,9.1337859610461329,0.37567569066015782,1
sep-ipop-w60,9,111021,1420,1499136,939.57033157348633,,1.8016416492475893,31.444810645397066,0.29820061770202572,1
sep-ipop-w60,9,111021,1433,1525760,939.57033157348633,,3.5473610629141592,103.45154849155647,0.33393336747599467,1
sep-ipop-w60,9,111021,1445,1550336,939.57033157348633,,6.1315565474172429,201.78862511834606,0.29279707076399403,1
sep-ipop-w60,9,111021,1457,1574912,939.57033157348633,,10.014274381382375,685.62864625461361,0.27119334039703713,1
sep-ipop-w60,9,111021,1470,1601536,939.57033157348633,,14.648450147599975,4653.3093034860512,0.24764543450566343,1
sep-ipop-w60,9,111021,1482,1626112,939.57033157348633,,21.751620617703193,11768.819212376487,0.24171126862175024,1
sep-ipop-w60,9,111021,1495,1652736,939.57033157348633,,34.694799574103968,15313.179965429939,0.24425262456674615,1
sep-ipop-w60,9,111021,1507,1677312,939.57033157348633,,62.517051695374995,14924.51756142108,0.27104513050105733,1
sep-ipop-w60,9,111021,1519,1701888,939.57033157348633,,115.97587776179945,14149.212933987861,0.27291895887367928,1
sep-ipop-w60,9,111021,1532,1728512,939.57033157348633,,220.50525895623477,16594.85273634029,0.24794162978913292,1
sep-ipop-w60,9,111021,1544,1753088,939.57033157348633,,412.77954657532035,15162.764948003294,0.2515063810767128,1
sep-ipop-w60,9,111021,1557,1779712,939.57033157348633,,710.14868966747474,17568.167818764792,0.23281309257774005,1
sep-ipop-w60,9,111021,1569,1804288,939.57033157348633,,1512.336296144591,17135.807451841192,0.26594281256782015,1
sep-ipop-w60,9,111021,1581,1828864,939.57033157348633,,3061.7277357150397,14809.024040159486,0.26212418723710951,1
sep-ipop-w60,9,111021,1594,1855488,939.57033157348633,,6580.9872242382844,15223.403978654494,0.26439953075119499,1
sep-ipop-w60,9,111021,1606,1880064,939.57033157348633,,18454.056206212004,8630.965468823566,0.2899277573269658,1
sep-ipop-w60,9,111021,1619,1906688,939.57033157348633,,50098.273004161245,6701.7170236211468,0.28783915549792033,1
sep-ipop-w60,9,111021,1631,1931264,939.57033157348633,,146217.7577223996,5919.9101048194252,0.29740779152386826,1
sep-ipop-w60,9,111021,1643,1955840,939.57033157348633,,292518.61837832216,6169.1883325611943,0.26385097458562129,1
sep-ipop-w60,9,111021,1656,1982464,939.57033157348633,,621080.42493812717,10135.11929495444,0.26547668219485393,1
sep-ipop-w60,9,111021,1668,2007040,939.57033157348633,,1268819.9476848501,13212.712807344995,0.25198619493222896,1
sep-ipop-w60,9,111021,1681,2033664,939.57033157348633,,2710792.1836400595,18401.077052733959,0.26931407475795771,1
sep-ipop-w60,9,111021,1693,2058240,939.57033157348633,,5281988.048460192,16632.713523592549,0.23935866746469686,1
sep-ipop-w60,9,111021,1705,2082816,939.57033157348633,,12755506.496158345,13024.666629242549,0.24785449306218452,1
sep-ipop-w60,9,111021,1718,2109440,939.57033157348633,,31915721.29668453,12646.768284325533,0.25433536778455129,1
sep-ipop-w60,9,111021,1730,2134016,939.57033157348633,,89425685.418674961,10947.457047023245,0.26980792364987582,1
sep-ipop-w60,9,111021,1743,2160640,939.57033157348633,,224527359.55934504,12013.350271154888,0.25242955726606531,1
sep-ipop-w60,9,111021,1755,2185216,939.57033157348633,,483456202.93844867,17762.749323715787,0.2458836803933051,1
sep-ipop-w60,9,111021,1768,2211840,939.57033157348633,,1020574563.4942149,23011.790427429096,0.24352126023079235,1
sep-ipop-w60,9,111021,1780,2236416,939.57033157348633,,2028087533.4782608,15005.759325107038,0.20270885301016722,1
sep-ipop-w60,9,111021,1792,2260992,939.57033157348633,,4405622493.0841722,10077.716866224646,0.1564868456380917,1
sep-ipop-w60,9,111021,1805,2287616,939.57033157348633,,10447675446.40477,6545.7706169265221,0.1246062071461438,1
sep-ipop-w60,9,111021,1817,2312192,939.57033157348633,,23932366437.600803,3987.1136077445049,0.098599944562889591,1
sep-ipop-w60,9,111021,1830,2338816,939.57033157348633,,66104105559.00695,2075.1299467577519,0.076351726935983869,1
sep-ipop-w60,9,111021,1842,2363392,939.57033157348633,,159161626050.50354,1513.9909046499956,0.062337608033425994,1
sep-ipop-w60,9,111021,1854,2387968,939.57033157348633,,399179423894.55597,1664.1221949130124,0.065539220424741473,1
sep-ipop-w60,9,111021,1867,2414592,939.57033157348633,,1320652648443.9585,1536.8401176117848,0.074304686745626833,1
sep-ipop-w60,9,111021,1879,2439168,939.57033157348633,,3866860589875.9023,1157.7568126559968,0.07581581143915353,1
sep-ipop-w60,9,111021,1892,2465792,939.57033157348633,,12333596998461.59,870.30782262690798,0.080428208372392632,1
sep-ipop-w60,9,111021,1904,2490368,939.57033157348633,,38344453782761.547,953.42988974670868,0.091151808320512562,1
sep-ipop-w60,9,111021,1916,2514944,939.57033157348633,,93988725415607.969,1102.2651404197409,0.094823961072647192,1
sep-ipop-w60,9,111021,1929,2541568,939.57033157348633,,190270200127608.47,1442.3207570237903,0.076950272149062332,1
sep-ipop-w60,9,111021,1941,2566144,939.57033157348633,,309349227419837.94,1973.7429380584742,0.058726422152893372,1
sep-ipop-w60,9,111021,1954,2592768,939.57033157348633,,463879175694587.25,3505.1034491120672,0.045711062056762383,1
sep-ipop-w60,9,111021,1966,2617344,939.57033157348633,,623857973361956.88,12083.757956485986,0.043192096050199996,1
sep-ipop-w60,9,111021,1978,2641920,939.57033157348633,,849958761688098,42243.024520052022,0.038208758669124147,1
sep-ipop-w60,9,111021,1991,2668544,939.57033157348633,,1291175347139528.8,97065.389975365106,0.037785558343653658,1
sep-ipop-w60,9,111021,2003,2693120,939.57033157348633,,2113992138414447,149431.51615664212,0.028785471586928527,1
sep-ipop-w60,9,111021,2016,2719744,939.57033157348633,,3394348183094063,595074.62497018429,0.019586529722157159,1
sep-ipop-w60,9,111021,2028,2744320,939.57033157348633,,6010109492457456,762045.24650590739,0.017427590229012885,1
sep-ipop-w60,9,111021,2040,2768896,939.57033157348633,,10336745606787962,492632.64029205299,0.013743821521853364,1
sep-ipop-w60,9,111021,2053,2795520,939.57033157348633,,17120680495341006,527314.17685470532,0.012339907251796674,1
sep-ipop-w60,9,111021,2065,2820096,939.57033157348633,,27611168264812512,447355.19338571216,0.01296141797802192,1
sep-ipop-w60,9,111021,2078,2846720,939.57033157348633,,45999602383789120,447070.76288278704,0.012118154561390846,1
sep-ipop-w60,9,111021,2090,2871296,939.57033157348633,,64618103632816648,639679.92858886183,0.012967284664618368,1
sep-ipop-w60,9,111021,2102,2895872,939.57033157348633,,97749487095090240,518138.65799502918,0.012641437867959661,1
sep-ipop-w60,9,111021,2115,2922496,939.57033157348633,,1.3589205936973672e+17,508637.73213270609,0.011616103638385779,1
sep-ipop-w60,9,111021,2127,2947072,939.57033157348633,,1.776345365087424e+17,494086.65452315455,0.011179637794693395,1
sep-ipop-w60,9,111021,2140,2973696,939.57033157348633,,2.1574623518108912e+17,477417.54940090602,0.010748818262464207,1
sep-ipop-w60,9,111021,2152,2998272,939.57033157348633,,2.6723655284128554e+17,650688.06536296802,0.01057958384821632,1
sep-ipop-w60,9,111021,2164,3022848,939.57033157348633,,2.8299776109466634e+17,1509597.1499892829,0.009088539813790748,1
sep-ipop-w60,9,111021,2177,3049472,939.57033157348633,,3.4795402166128301e+17,4337506.9262225591,0.010437203979502405,1
sep-ipop-w60,9,111021,2189,3074048,939.57033157348633,,4.7347290416994246e+17,7236158.2421801332,0.010450971550379539,1
sep-ipop-w60,9,111021,2202,3100672,939.57033157348633,,6.6805531850256883e+17,12339562.229882298,0.010160044903133712,1
sep-ipop-w60,9,111021,2214,3125248,939.57033157348633,,8.7199919078962803e+17,42386449.599226572,0.0098615014280332494,1
sep-ipop-w60,9,111021,2226,3149824,939.57033157348633,,9.8107985692083712e+17,629136482.8819344,0.0087683841408701252,1
sep-ipop-w60,9,111021,2239,3176448,939.57033157348633,,1.3983508737866721e+18,1438660525.2344673,0.010615863311245533,1
sep-ipop-w60,9,111021,2251,3201024,939.57033157348633,,1.8322135365372168e+18,1744857536.8163593,0.0097991626448227787,1
sep-ipop-w60,9,111021,2264,3227648,939.57033157348633,,2.2309206310261302e+18,2420984400.121253,0.009553594716286298,1
sep-ipop-w60,9,111021,2276,3252224,939.57033157348633,,2.9227908689392159e+18,2936538107.4664497,0.0099260400360506561,1
sep-ipop-w60,9,111021,2288,3276800,939.57033157348633,,3.9623025729633884e+18,3831447613.0416141,0.010057909065482372,1
sep-ipop-w60,9,111021,2301,3303424,939.57033157348633,,5.6685510301976955e+18,4926026771.2329512,0.0099722320731364424,1
sep-ipop-w60,9,111021,2313,3328000,939.57033157348633,,6.1335005987169044e+18,7780575759.1251678,0.0090747744769864528,1
sep-ipop-w60,9,111021,2326,3354624,939.57033157348633,,5.9562677835818097e+18,12086703515.645908,0.0085923945443187079,1
sep-ipop-w60,9,111021,2338,3379200,939.57033157348633,,5.9247031146704415e+18,12083971427.606031,0.0086068512102030516,1
sep-ipop-w60,9,111021,2350,3403776,939.57033157348633,,6.1306074292712561e+18,9590971012.9732494,0.0074102747386098986,1
sep-ipop-w60,9,111021,2362,3430400,939.57033157348633,,0.38320226087775727,1.8220906822566802,0.44718684558265032,2
sep-ipop-w60,9,111021,2368,3454976,939.57033157348633,,0.73117755743441959,9.9441998313085307,0.93638021926242532,2
sep-ipop-w60,9,111021,2375,3483648,939.57033157348633,,0.97829033984439995,17.430367740018681,0.81279753560431023,2
sep-ipop-w60,9,111021,2381,3508224,939.57033157348633,,1.194538209977694,21.564419205511243,0.62206920338198235,2
sep-ipop-w60,9,111021,2387,3532800,939.57033157348633,,1.339001649602729,25.409438378866259,0.46140983302695343,2
sep-ipop-w60,9,111021,2393,3557376,939.57033157348633,,1.6786664804649329,19.884555257246717,0.39833171700516529,2
sep-ipop-w60,9,111021,2399,3581952,939.57033157348633,,2.1439134514397207,22.540294207115956,0.35641198721110334,2
sep-ipop-w60,9,111021,2406,3610624,939.57033157348633,,3.1646019469630904,65.041357506926559,0.33770705376592292,2
sep-ipop-w60,9,111021,2412,3635200,939.57033157348633,,4.4079381456288145,103.18020824202627,0.32335009680186499,2
sep-ipop-w60,9,111021,2418,3659776,939.57033157348633,,5.7566750082405242,163.6337858785086,0.31048217644502657,2
sep-ipop-w60,9,111021,2424,3684352,939.57033157348633,,7.8526383500862567,212.47196545352591,0.31228945357077326,2
sep-ipop-w60,9,111021,2430,3708928,939.57033157348633,,9.6778985666173494,349.90228621575591,0.29709008625533923,2
sep-ipop-w60,9,111021,2437,3737600,939.57033157348633,,12.252149400192801,653.37382030140543,0.30263061333019003,2
sep-ipop-w60,9,111021,2443,3762176,939.57033157348633,,13.949463486992185,1395.5112563197865,0.29481497383528543,2
sep-ipop-w60,9,111021,2449,3786752,939.57033157348633,,16.717143874034466,1894.2205555812591,0.29185212477148842,2
sep-ipop-w60,9,111021,2455,3811328,939.57033157348633,,22.046974693824598,2788.6831086692578,0.32189798054644386,2
sep-ipop-w60,9,111021,2461,3835904,939.57033157348633,,33.230544913027821,2031.6203431616282,0.31740010253165601,2
sep-ipop-w60,9,111021,2468,3864576,939.57033157348633,,49.610507570578406,1426.2984222838948,0.28803295250271455,2
sep-ipop-w60,9,111021,2474,3889152,939.57033157348633,,69.567180192396222,1489.2751408422239,0.28332167672096326,2
sep-ipop-w60,9,111021,2480,3913728,939.57033157348633,,92.278778940118428,1592.5414723486731,0.27439349520733058,2
sep-ipop-w60,9,111021,2486,3938304,939.57033157348633,,133.08946561729843,1600.4164590779992,0.28829157004828448,2
sep-ipop-w60,9,111021,2492,3962880,939.57033157348633,,195.81655091098418,1394.5562826317594,0.28805344498008506,2
sep-ipop-w60,9,111021,2499,3991552,939.57033157348633,,271.17926944499754,1209.013411043494,0.2737655137215721,2
sep-ipop-w60,9,111021,2505,4016128,939.57033157348633,,371.43850165161524,1459.1369194746223,0.27354659593803454,2
sep-ipop-w60,9,111021,2511,4040704,939.57033157348633,,485.27609790460082,1734.7651364517674,0.26442345544047891,2
sep-ipop-w60,9,111021,2517,4065280,939.57033157348633,,597.20808865413881,1896.3102582723629,0.25862990426989507,2
sep-ipop-w60,9,111021,2523,4089856,939.57033157348633,,859.78911996616603,1984.4000157588493,0.27625750308411856,2
sep-ipop-w60,9,111021,2530,4118528,939.57033157348633,,1313.305829427929,2116.8655335269859,0.2810910868246107,2
sep-ipop-w60,9,111021,2536,4143104,939.57033157348633,,1864.0028936980568,2096.1168485279582,0.27751789157596041,2
sep-ipop-w60,9,111021,2542,4167680,939.57033157348633,,2611.5246080123848,2257.3855987743882,0.26584281063166842,2
sep-ipop-w60,9,111021,2548,4192256,939.57033157348633,,4079.0631968886737,2427.3671160586446,0.28022044717712591,2
sep-ipop-w60,9,111021,2554,4216832,939.57033157348633,,6393.538604000777,2256.6426488136462,0.29387667873471446,2
sep-ipop-w60,9,111021,2561,4245504,939.57033157348633,,9453.9751824592258,2251.4551422116315,0.28042970206895668,2
sep-ipop-w60,9,111021,2567,4270080,939.57033157348633,,15182.737985830328,2066.2268706763275,0.29453822962557491,2
sep-ipop-w60,9,111021,2573,4294656,939.57033157348633,,23692.669346848314,2136.9420279907622,0.29367262793643495,2
sep-ipop-w60,9,111021,2579,4319232,939.57033157348633,,35796.429201855113,2311.8445661499532,0.28028116080915666,2
sep-ipop-w60,9,111021,2585,4343808,939.57033157348633,,55647.323276252129,2179.3627751468794,0.28685218625612841,2
sep-ipop-w60,9,111021,2592,4372480,939.57033157348633,,87859.960642089354,2584.3868033663721,0.28347294930790778,2
sep-ipop-w60,9,111021,2598,4397056,939.57033157348633,,133728.02918163571,3374.3255429474534,0.28560139683216829,2
sep-ipop-w60,9,111021,2604,4421632,939.57033157348633,,187903.82345815061,5540.3010666155051,0.26686506420589479,2
sep-ipop-w60,9,111021,2610,4446208,939.57033157348633,,277029.60659911565,10914.105762843485,0.27906407270086653,2
sep-ipop-w60,9,111021,2616,4470784,939.57033157348633,,398640.81427819876,17211.610277573905,0.27321076863183946,2
sep-ipop-w60,9,111021,2623,4499456,939.57033157348633,,585434.21250619099,25378.265152565011,0.25719478184727101,2
sep-ipop-w60,9,111021,2629,4524032,939.57033157348633,,826540.64140713809,38297.63092763388,0.25340374930717746,2
sep-ipop-w60,9,111021,2635,4548608,939.57033157348633,,1246769.2021411986,51310.804842503465,0.26117598334086001,2
sep-ipop-w60,9,111021,2641,4573184,939.57033157348633,,1743275.6986543452,82022.483849312106,0.24544476623787359,2
sep-ipop-w60,9,111021,2647,4597760,939.57033157348633,,2560493.2131702658,103309.72179140318,0.24807816266558277,2
sep-ipop-w60,9,111021,2654,4626432,939.57033157348633,,3958341.0123455026,137365.54367892034,0.24953801502075124,2
sep-ipop-w60,9,111021,2660,4651008,933.7764892578125,,6221422.2784595862,138790.36937639743,0.23717587577232679,2
sep-ipop-w60,9,111021,2666,4675584,923.57139460245764,,9799290.5236075111,72459.631033412123,0.2016934305051816,2
sep-ipop-w60,9,111021,2672,4700160,922.69176737467444,,17501004.998196181,30829.315007132402,0.16908275082029336,2
sep-ipop-w60,9,111021,2678,4724736,917.56387074788415,,29272963.638353445,13771.478298212305,0.13135758418433122,2
sep-ipop-w60,9,111021,2685,4753408,907.5384737650553,,50602236.826564476,6659.8328074274004,0.10135242534203906,2
sep-ipop-w60,9,111021,2691,4777984,905.98387400309241,,78541369.547378004,6212.7790974527888,0.097040991624670975,2
sep-ipop-w60,9,111021,2697,4802560,896.71978251139319,,117316872.8154954,7476.233556782091,0.10274406584638546,2
sep-ipop-w60,9,111021,2703,4827136,893.84466171264648,,171210346.49190405,8152.014452455237,0.093315146249030909,2
sep-ipop-w60,9,111021,2709,4851712,888.7904154459635,,252085227.78749001,10813.400553542506,0.086051174052766174,2
sep-ipop-w60,9,111021,2716,4880384,886.39750035603845,,396991146.28801131,13761.953193468658,0.076757100658425448,2
sep-ipop-w60,9,111021,2722,4904960,884.12424341837561,,571860683.41212857,12656.810493626461,0.070512846929891598,2
sep-ipop-w60,9,111021,2728,4929536,882.10749435424805,,785865440.95891941,14137.046337399337,0.059616037961238967,2
sep-ipop-w60,9,111021,2734,4954112,880.79593276977539,,1213346401.0062461,19008.62002549204,0.059291196845027899,2
sep-ipop-w60,9,111021,2740,4978688,880.23879623413086,,1786855743.2536852,17132.229144702924,0.053422262686277915,2
sep-ipop-w60,9,111021,2747,5007360,878.68613179524743,,2844127801.0324817,22865.517413789119,0.052314651725896957,2
sep-ipop-w60,9,111021,2753,5031936,877.61136627197266,,4634182477.5278473,20479.550439527597,0.051180780542744206,2
sep-ipop-w60,9,111021,2759,5056512,876.56335830688477,,7501904852.035553,22681.191958705589,0.051242336834479277,2
sep-ipop-w60,9,111021,2765,5081088,876.09315617879236,,11168906039.885736,25558.754077200141,0.053902668795847541,2
sep-ipop-w60,9,111021,2771,5105664,875.44641494750977,,16838944990.270483,28918.41458364149,0.051280243407482232,2
sep-ipop-w60,9,111021,2778,5134336,874.8725369771322,,24282387239.358475,32817.985293398553,0.044806846919694686,2
sep-ipop-w60,9,111021,2784,5158912,874.33657328287757,,35200088448.822105,35092.885215720067,0.042825372960566023,2
sep-ipop-w60,9,111021,2790,5183488,873.8690071105957,,53115423496.132683,40192.772295351489,0.045271134775318848,2
sep-ipop-w60,9,111021,2796,5208064,872.93744023640954,,71884677626.252289,38857.787862209487,0.038527888483399705,2
sep-ipop-w60,9,111021,2802,5232640,872.66560236612952,,93564247035.818222,40332.40546372551,0.034360362837600349,2
sep-ipop-w60,9,111021,2809,5261312,872.36409123738611,,133254932451.44159,34655.476447305002,0.03027489949217041,2
sep-ipop-w60,9,111021,2815,5285888,872.01167043050134,,172179714052.82306,45988.611575163399,0.030054422746483973,2
sep-ipop-w60,9,111021,2821,5310464,871.42662175496423,,216733879327.06525,55781.154945481314,0.028338481895808006,2
sep-ipop-w60,9,111021,2827,5335040,871.42662175496423,,257203846454.68237,70228.928647521607,0.027103351498213839,2
sep-ipop-w60,9,111021,2833,5359616,871.42662175496423,,316323254898.55847,69128.330193182876,0.025960503813739162,2
sep-ipop-w60,9,111021,2840,5388288,870.94009017944336,,399654215160.25146,73555.676151999418,0.025473922602380284,2
sep-ipop-w60,9,111021,2846,5412864,870.84715906778968,,494251627782.94867,83695.715025568104,0.025658209923402002,2
sep-ipop-w60,9,111021,2852,5437440,870.79906336466468,,677341736587.65015,78389.361898171876,0.025836332043177184,2
sep-ipop-w60,9,111021,2858,5462016,870.60589218139648,,863327418476.89136,78914.295575641532,0.025233189084942497,2
sep-ipop-w60,9,111021,2864,5486592,870.46075312296546,,1024141429247.9121,70043.737234520609,0.021351303962922841,2
sep-ipop-w60,9,111021,2871,5515264,870.28086471557617,,1273734867586.3726,85449.843811301515,0.018696920313615178,2
sep-ipop-w60,9,111021,2877,5539840,870.28086471557617,,1543805783602.7932,144113.71409597047,0.015807992436676591,2
sep-ipop-w60,9,111021,2883,5564416,870.18487294514978,,1891295104082.4863,278570.57674198243,0.015023338261079371,2
sep-ipop-w60,9,111021,2889,5588992,870.10244750976562,,2349328186926.8135,530423.15150353836,0.014814426542995923,2
sep-ipop-w60,9,111021,2895,5613568,870.07347869873047,,2803527187762.5552,752407.55997387797,0.013724989450212624,2
sep-ipop-w60,9,111021,2902,5642240,869.9786707560221,,3478103226189.9292,1135094.8742402422,0.013002525464884842,2
sep-ipop-w60,9,111021,2908,5666816,869.86883799235022,,4324601063808.9756,1990662.4134371618,0.01387002785045763,2
sep-ipop-w60,9,111021,2914,5691392,869.86883799235022,,5257295434853.75,2115203.2509709876,0.012900498502472305,2
sep-ipop-w60,9,111021,2920,5715968,869.79566828409827,,6450959942891.6475,2478250.6613354087,0.012575211936954061,2
sep-ipop-w60,9,111021,2926,5740544,869.79566828409827,,7426653475965.7705,3021348.4529102813,0.011506195735359161,2
sep-ipop-w60,9,111021,2933,5769216,869.78442891438806,,8652457558496.373,3297855.8451408222,0.011019365836187685,2
sep-ipop-w60,9,111021,2939,5793792,869.7340304056803,,10277731954148.809,4137005.9703481221,0.011831056529543253,2
sep-ipop-w60,9,111021,2945,5818368,869.7235438028971,,12832628118151.861,4406669.94619809,0.012242841052221653,2
sep-ipop-w60,9,111021,2951,5842944,869.65107854207361,,16422831512580.145,4837510.2130239569,0.013672520570302599,2
sep-ipop-w60,9,111021,2957,5867520,869.65107854207361,,20217300535552.707,5227427.1756561138,0.013214507840110239,2
sep-ipop-w60,9,111021,2964,5896192,869.64922841389978,,26461538081127.469,8539501.5711853039,0.01425350441222812,2
sep-ipop-w60,9,111021,2970,5920768,869.63802464803064,,34059769589818.508,13657753.045559797,0.014509967525853429,2
sep-ipop-w60,9,111021,2976,5945344,869.56253687540686,,45814569354160.078,15885061.485682406,0.01493024418971039,2
sep-ipop-w60,9,111021,2982,5969920,869.54461288452148,,67943440014348.508,17685825.019702733,0.016509056602460805,2
sep-ipop-w60,9,111021,2988,5994496,869.47931162516272,,96288057514703.391,16095859.19401582,0.016574288884687469,2
sep-ipop-w60,9,111021,2995,6023168,869.47931162516272,,139664854138271.75,11953267.058759252,0.015187034736813239,2
sep-ipop-w60,9,111021,3001,6047744,869.44038772583008,,191175599474588.81,11933176.748422153,0.01606745835687903,2
sep-ipop-w60,9,111021,3007,6072320,869.39571762084961,,238219992120361.12,8923705.6142078973,0.014847283787180171,2
sep-ipop-w60,9,111021,3013,6096896,869.36344146728516,,294258596718169.31,12387580.332565518,0.015421099289783144,2
sep-ipop-w60,9,111021,3019,6121472,869.30901209513343,,356540208307646.5,14370021.47585097,0.014326863406515582,2
sep-ipop-w60,9,111021,3026,6150144,869.30867258707679,,426777095198612.94,20636607.398763794,0.014042014317586541,2
sep-ipop-w60,9,111021,3032,6174720,869.28854878743493,,516716948870489.44,19926442.294960778,0.012623441066594424,2
sep-ipop-w60,9,111021,3038,6199296,869.19588597615564,,673067486821789.38,27213072.6248147,0.014304597537151508,2
sep-ipop-w60,9,111021,3044,6223872,869.19588597615564,,905172488504121.88,23440898.163789235,0.015470087563893365,2
sep-ipop-w60,9,111021,3050,6248448,869.17743810017907,,1208993146001177.5,21084176.208333392,0.015047875022134448,2
sep-ipop-w60,9,111021,3057,6277120,869.17743810017907,,1364617892199197.5,26694373.49657746,0.013660360557100107,2
sep-ipop-w60,9,111021,3063,6301696,869.17743810017907,,1499831727111718,32804445.50271355,0.012659627925089302,2
sep-ipop-w60,9,111021,3069,6326272,869.13617197672522,,1604894526232076,49055272.978351213,0.012118385755330991,2
sep-ipop-w60,9,111021,3075,6350848,869.13617197672522,,1747561764440669.8,50502370.859382614,0.011792231315200012,2
sep-ipop-w60,9,111021,3081,6375424,869.13444900512695,,2038445197144513,79483149.610215276,0.013247426010322104,2
sep-ipop-w60,9,111021,3088,6404096,869.11700820922852,,2289083530767711.5,86549638.536382645,0.012665624117340492,2
sep-ipop-w60,9,111021,3094,6428672,869.08165105183923,,2291603391219928.5,117378193.12428363,0.011812374404532405,2
sep-ipop-w60,9,111021,3100,6453248,869.07326507568359,,2344473582728682.5,194757607.20476013,0.011833649874814502,2
sep-ipop-w60,9,111021,3106,6477824,869.05216725667321,,2506334215984059.5,234731877.37331992,0.011629513573856656,2
sep-ipop-w60,9,111021,3112,6502400,869.03330612182617,,2617399327989314,327189120.70269465,0.01022778382549515,2
sep-ipop-l20,10,111022,1,20,34862.172782897949,,0.27196009452276143,1.03491285670924,0.26713310832627091,0
sep-ipop-l20,10,111022,5,100,5385.5779101053877,,0.23335838457766353,1.2660632125542219,0.24167163047288251,0
sep-ipop-l20,10,111022,1271,25420,1117.8298403422039,,6.5110802942441599e-05,82175360.25024271,0.00025358191560536568,0
sep-ipop-l20,10,111022,2112,52680,1117.8272323608398,,0.047627614685361766,24090.156567327853,0.042005210612226181,1
sep-ipop-l20,10,111022,2706,76440,1117.8272323608398,,0.12464237451555654,12781668.247069122,0.030408960516345208,1
sep-ipop-l20,10,111022,3366,105280,1117.8272323608398,,0.20358386047469923,117.68958337826716,0.23258063787430711,2
sep-ipop-l20,10,111022,3639,127120,971.79543431599939,,0.53245838525765887,55839.175793082242,0.17237017626338516,2
sep-ipop-l20,10,111022,3960,152800,941.13890965779626,,0.38708334471944689,38355.321174693214,0.0049954495939672043,2
sep-ipop-l20,10,111022,4290,179200,940.77218627929688,,0.067851060827739493,1955166715.4807425,0.0018494020897259621,2
sep-ipop-l20,10,111022,4488,209680,940.77218627929688,,1.9098687842469184,6365.1007710480799,0.12866406486098245,3
sep-ipop-l20,10,111022,4620,230800,940.77218627929688,,17.660357379115045,8553.9815550017338,0.065747964716417001,3
sep-ipop-l20,10,111022,4818,262480,940.77218627929688,,40.358233820848852,319171.51424339769,0.034415354258490113,3
sep-ipop-l20,10,111022,4950,283600,940.77218627929688,,103.40446083627531,9066804.1684482601,0.0076153893977899279,3
sep-ipop-l20,10,111022,5148,315280,940.77218627929688,,220.06011635524399,3965738810.812479,0.0031294287177860559,3
sep-ipop-l20,10,111022,5280,336400,940.77218627929688,,224.93911534598541,3055067025.0284948,0.0017353517008685245,3
sep-ipop-l20,10,111022,5412,375440,940.77218627929688,,16.040986482873258,2190.8594718873787,0.28374200231557312,4
sep-ipop-l20,10,111022,5478,396560,940.77218627929688,,290.48469792950232,19907.792157006923,0.30148873410644561,4
sep-ipop-l20,10,111022,5537,415440,940.31819407145179,,3407.4122657810431,15898.012333259441,0.14368422609821954,4
sep-ipop-l20,10,111022,5589,432080,914.80781173706055,,18409.239126588684,20255.06908235123,0.059785142543212003,4
sep-ipop-l20,10,111022,5671,458320,911.71327082316077,,283091.85666563152,1577881.5267093799,0.056506348489476256,4
sep-ipop-l20,10,111022,5747,482640,911.06668726603186,,512028.3255128492,255068496.62663579,0.047130724769693363,4
sep-ipop-l20,10,111022,5828,508560,910.89859008789062,,2045072.3868204604,11447964500.35216,0.048918572730509285,4
sep-ipop-l20,10,111022,5940,544400,910.88722610473633,,2425657.8588711512,33791420189.984341,0.017031870720934417,4
sep-ipop-l20,10,111022,6006,565520,910.88722610473633,,2491934.2894792268,129605359663.58847,0.018203991357652976,4
sep-ipop-l20,10,111022,6072,607440,910.88722610473633,,2.7879235392791943,421.28754156189825,0.21496536495771038,5
sep-ipop-l20,10,111022,6138,649680,910.88722610473633,,81.552807251748874,1543.4685772255152,0.3139781675754294,5
sep-ipop-l20,10,111022,6204,691920,910.88722610473633,,1502.1830751968671,231295.99617141494,0.25942999008048523,5
sep-ipop-l20,10,111022,6270,734160,910.88722610473633,,40236.192046712873,149858.90926600809,0.13857456577593888,5
sep-ipop-l20,10,111022,6336,776400,910.88722610473633,,1228879.4362935075,202255.22990990718,0.10843313682144677,5
sep-ipop-l20,10,111022,6402,818640,910.88722610473633,,7965253.1347757177,785062.88968578062,0.033658013742996255,5
sep-ipop-l20,10,111022,6468,860880,910.88722610473633,,17123747.244594626,388615085.12738824,0.013845113784734386,5
sep-ipop-l20,10,111022,6534,903120,910.88722610473633,,145818037.27636382,831737790.81665516,0.013266910003683029,5
sep-ipop-l20,10,111022,6600,945360,910.88722610473633,,2477017310.6292925,1038489554.0327547,0.016162147013709889,5
sep-ipop-l20,10,111022,6666,987600,910.88722610473633,,55079311092.066528,1453322621.4820356,0.01552408982246299,5
sep-ipop-l20,10,111022,6732,1029840,910.88722610473633,,480753736490.88739,1956358489.1307685,0.014010616743285687,5
sep-ipop-l20,10,111022,6798,1072080,910.88722610473633,,2148504720923.1008,3292287850.1012216,0.015027453874411786,5
sep-ipop-l20,10,111022,6864,1114320,910.88722610473633,,5944381758030.3984,2764829572.0154614,0.012475244411772401,5
sep-ipop-l20,10,111022,6930,1156560,910.88722610473633,,4670156568738.8105,5826206346.6114492,0.006532667167922248,5
sep-ipop-l20,10,111022,6996,1214800,910.88722610473633,,1.1537836757174837,13.063467209282502,0.37599294721961235,6
sep-ipop-l20,10,111022,7062,1299280,910.88722610473633,,13.454452865160427,1242.8127936655337,0.25603387482815276,6
sep-ipop-l20,10,111022,7128,1383760,910.88722610473633,,214.98242985161153,22556.976813722024,0.22790684553892063,6
sep-ipop-l20,10,111022,7194,1468240,910.88722610473633,,5907.4315795271687,70425.733032293661,0.2469921304469509,6
sep-ipop-l20,10,111022,7260,1552720,910.88722610473633,,1275011.7824218152,2197.5149846902586,0.27911307375334815,6
sep-ipop-l20,10,111022,7326,1637200,910.88722610473633,,43563400.412754126,2162.2187261184768,0.10816814914472342,6
sep-ipop-l20,10,111022,7392,1721680,910.88722610473633,,923150813.89946532,1755.29174723541,0.036806161507159339,6
sep-ipop-l20,10,111022,7458,1806160,910.88722610473633,,10319913240.14216,1451.5899201669836,0.013375347654381697,6
sep-ipop-l20,10,111022,7524,1890640,910.88722610473633,,48988928688.393768,417457.58615189599,0.0086410309274839656,6
sep-ipop-l20,10,111022,7590,1975120,910.88722610473633,,126142855603.00381,6586005.3120803507,0.0070124815972726282,6
sep-ipop-l20,10,111022,7656,2059600,910.88722610473633,,260910651874.06149,55704475.295229644,0.0089533996088826812,6
sep-ipop-l20,10,111022,7722,2144080,910.88722610473633,,798496479176.16919,2802486552.1579466,0.0072106733032926895,6
sep-ipop-l20,10,111022,7788,2228560,910.88722610473633,,3210408480128.7085,4009622131.4973354,0.0057214265357893321,6
sep-ipop-l20,10,111022,7854,2313040,910.88722610473633,,2658101486757.7871,13756406795.637293,0.0053512922685203454,6
sep-ipop-l20,10,111022,7920,2458960,910.88722610473633,,2.286889221383515,44.815449777188796,0.28734479040050587,7
sep-ipop-l20,10,111022,7986,2627920,910.88722610473633,,41.340966940424082,1950.5249396004942,0.28788476894886988,7
sep-ipop-l20,10,111022,8052,2796880,910.88722610473633,,1109.3110293340094,7863.685047473934,0.25047724042731789,7
sep-ipop-l20,10,111022,8118,2965840,910.88722610473633,,64046.316888299516,1465.2083255128478,0.15948777788321464,7
sep-ipop-l20,10,111022,8184,3134800,910.88722610473633,,4236783.1621908471,2118.6816412975286,0.08927803739010938,7
sep-ipop-l20,10,111022,8250,3303760,910.88722610473633,,354046204.83472341,9108.2580513589728,0.05906665350558267,7
sep-ipop-l20,10,111022,8316,3472720,910.88722610473633,,27613029899.606121,23204.34838047723,0.045882175510657083,7
sep-ipop-l20,10,111022,8382,3641680,910.88722610473633,,1013343199157.4043,38333.442417050443,0.035258541406987615,7
sep-ipop-l20,10,111022,8448,3810640,910.88722610473633,,27733783416846.316,69487.5088627238,0.039334307433378839,7
sep-ipop-l20,10,111022,8514,3979600,910.88722610473633,,1449171885325312.5,45622.603309207727,0.03239159653499242,7
sep-ipop-l20,10,111022,8580,4148560,910.88722610473633,,1.3032445576048029e+17,17020.66475841693,0.021584148931411185,7
sep-ipop-l20,10,111022,8646,4317520,910.88722610473633,,1.234039735141725e+19,15144.320012374348,0.018928818473080974,7
sep-ipop-l20,10,111022,8712,4486480,910.88722610473633,,2.3318300432471459e+21,14918.267041653653,0.021788898165185824,7
sep-ipop-l20,10,111022,8778,4655440,910.88722610473633,,7.7054101390115431e+23,39241.233424125749,0.054629782819526851,7
sep-ipop-l20,10,111022,8789,4683600,910.03654734293616,,1.8317205515982955e+24,29446.45110042665,0.048937581058046097,7
sep-ipop-l20,10,111022,8801,4714320,909.48808924357093,,5.0972857877258316e+24,26525.041660066421,0.048762133713155839,7
sep-ipop-l20,10,111022,8805,4724560,909.41256332397461,,6.9908891045303708e+24,26396.137308008852,0.050273020760924665,7
sep-ipop-l20,10,111022,8815,4750160,907.39112854003906,,1.7831781000524353e+25,21514.282722408396,0.054789609430745276,7
sep-ipop-l20,10,111022,8826,4778320,905.45494842529297,,4.2502420518306588e+25,25911.413362503816,0.052211731908904893,7
sep-ipop-l20,10,111022,8836,4803920,904.18363316853845,,9.1988865974798748e+25,23391.512091297074,0.046756403834990079,7
sep-ipop-l20,10,111022,8852,4844880,902.16552480061853,,3.3195839382198904e+26,21904.801006520425,0.047200057669103616,7
sep-ipop-l20,10,111022,8857,4857680,901.25399653116858,,4.3935807406432114e+26,26641.403189311179,0.04236379648598191,7
sep-ipop-l20,10,111022,8865,4878160,899.57963562011719,,7.3351407599623333e+26,24415.449250475063,0.03876228313868587,7
sep-ipop-l20,10,111022,8875,4903760,898.90164311726892,,1.5252841675537795e+27,28397.923719365001,0.036583542824491035,7
sep-ipop-l20,10,111022,8885,4929360,897.93959426879883,,2.8262491112348721e+27,34852.596236430501,0.035523794813950516,7
sep-ipop-l20,10,111022,8898,4962640,897.29895782470703,,6.7780950519495912e+27,36808.103063027069,0.033414590664313758,7
sep-ipop-l20,10,111022,8909,4990800,896.43835703531897,,1.3087110971132541e+28,38380.190055310864,0.031187661447635056,7
sep-ipop-l20,10,111022,8919,5016400,895.66892878214514,,2.3518120098117657e+28,56383.096033737587,0.033337388271376611,7
sep-ipop-l20,10,111022,8925,5031760,895.50312042236328,,3.5377562870659028e+28,43793.858223384595,0.032364756031505168,7
sep-ipop-l20,10,111022,8934,5054800,894.91905339558923,,6.6690021046874704e+28,39220.939766530428,0.030633159088607524,7
sep-ipop-l20,10,111022,8944,5080400,894.22944132486975,,1.1523865710751581e+29,41145.206689214778,0.030050854501005149,7
sep-ipop-l20,10,111022,8956,5111120,893.62398020426429,,2.3822953566287429e+29,33167.659709778272,0.025825072915312542,7
sep-ipop-l20,10,111022,8964,5131600,893.41766611735022,,3.5070789059202578e+29,47474.154915189043,0.027342092025737955,7
sep-ipop-l20,10,111022,8976,5162320,892.8168614705404,,7.4808661824048194e+29,40933.810980053117,0.025515782507222255,7
sep-ipop-l20,10,111022,8984,5182800,892.40340296427405,,1.1543735009789297e+30,52485.130556617783,0.025753354577466612,7
sep-ipop-l20,10,111022,8994,5208400,892.04751459757483,,1.9828207817245655e+30,54470.267411432338,0.02395148458997011,7
sep-ipop-l20,10,111022,9006,5239120,891.5153592427572,,4.1754139648943416e+30,45466.229496139822,0.02413739759100628,7
sep-ipop-l20,10,111022,9014,5259600,891.19618988037109,,6.8103964691200762e+30,45619.367805597496,0.024582609852879488,7
sep-ipop-l20,10,111022,9025,5287760,890.70548756917321,,1.1984581245293219e+31,52785.122716740596,0.021995312098453498,7
sep-ipop-l20,10,111022,9034,5310800,890.35186131795251,,1.9973125155497406e+31,52179.990236956553,0.02188882172729471,7
sep-ipop-l20,10,111022,9048,5346640,890.05426534016931,,4.5496927732471461e+31,55422.34717922924,0.022087135892182277,7
sep-ipop-l20,10,111022,9054,5362000,889.78439203898108,,6.1777951334334478e+31,54783.440676277969,0.020927400575136555,7
sep-ipop-l20,10,111022,9063,5385040,889.6076329549154,,1.1484032813290624e+32,56644.687922946774,0.022307021486830957,7
sep-ipop-l20,10,111022,9073,5410640,889.43948745727539,,1.980859944848452e+32,65530.081810603151,0.02096689705916259,7
sep-ipop-l20,10,111022,9085,5441360,889.13432947794593,,4.1883252190535298e+32,68100.32747029257,0.020889654637209886,7
sep-ipop-l20,10,111022,9093,5461840,888.95110702514648,,6.9519633389329604e+32,98390.725457444045,0.023166504234999913,7
sep-ipop-l20,10,111022,9105,5492560,888.68161773681641,,1.4478571009854729e+33,94050.998904430453,0.021352146601124951,7
sep-ipop-l20,10,111022,9114,5515600,888.42041778564453,,2.51227507604211e+33,85760.563031439291,0.020815882537016248,7
sep-ipop-l20,10,111022,9129,5554000,888.07794825235999,,6.6503372000060248e+33,75249.375020817723,0.019999365983166123,7
sep-ipop-l20,10,111022,9135,5569360,888.03762817382812,,9.4215229002243021e+33,73464.117146275865,0.020831035500994844,7
sep-ipop-l20,10,111022,9143,5589840,887.82948048909509,,1.4955363624834315e+34,71776.415712429502,0.018728130574786468,7
sep-ipop-l20,10,111022,9153,5615440,887.67511113484704,,2.8848924988407894e+34,95295.769353165218,0.020189034268227334,7
sep-ipop-l20,10,111022,9163,5641040,887.46887842814124,,4.8346258484967937e+34,86697.891415518156,0.017205770642364854,7
sep-ipop-l20,10,111022,9174,5669200,887.29183832804358,,9.9065141813492008e+34,133326.06472265234,0.018964280399524382,7
sep-ipop-l20,10,111022,9182,5689680,887.19464492797852,,1.6364682194382064e+35,147804.39525306172,0.020008128079667717,7
sep-ipop-l20,10,111022,9194,5720400,887.02758280436194,,3.2510442928922621e+35,182983.94542229825,0.018131658834466664,7
sep-ipop-l20,10,111022,9202,5740880,886.9344380696615,,5.3191920895821432e+35,172725.07807161048,0.01660456445663654,7
sep-ipop-l20,10,111022,9215,5774160,886.83202362060547,,8.8783183450776938e+35,251100.9373241399,0.013189690347347323,7
sep-ipop-l20,10,111022,9226,5802320,886.63887914021814,,1.3794321170182778e+36,237754.4902480313,0.010183696163583049,7
sep-ipop-l20,10,111022,9237,5830480,886.59714380900061,,2.0920312040181461e+36,310005.3580398612,0.010324011241651207,7
sep-ipop-l20,10,111022,9244,5848400,886.51272583007812,,2.6039064934045156e+36,305909.65527536627,0.0092120943309103864,7
sep-ipop-l20,10,111022,9253,5871440,886.46734491984046,,3.0883238999198737e+36,553373.31452840485,0.0083179062374096301,7
sep-ipop-l20,10,111022,9262,5894480,886.41466776529944,,3.7953488748575603e+36,1325872.1329572732,0.0085189479252899963,7
sep-ipop-l20,10,111022,9274,5925200,886.33575312296546,,4.7899513489603241e+36,5779244.1752603473,0.0084152862157265938,7
sep-ipop-l20,10,111022,9295,5978960,886.29818979899085,,7.9363066664357904e+36,7519961.3417073991,0.0078850490946395617,7
sep-ipop-l20,10,111022,9302,5996880,886.28593699137366,,8.3767446194523694e+36,6741866.8343739752,0.0068235282322775311,7
sep-ipop-l20,10,111022,9311,6019920,886.27711741129554,,9.6320320342560996e+36,7753584.277847047,0.0073383934317084705,7
sep-ipop-l20,10,111022,9328,6063440,886.2558377583822,,1.2684548438840506e+37,14714527.158731308,0.007993874281301239,7
sep-ipop-l20,10,111022,9334,6078800,886.25131479899085,,1.3662171016628742e+37,12971728.167508727,0.0074082328494890102,7
sep-ipop-l20,10,111022,9350,6119760,886.23104476928711,,1.8315179501389137e+37,19799466.702237953,0.0080945489421726403,7
sep-ipop-l20,10,111022,9354,6130000,886.2304903666178,,1.9762363320211185e+37,23857225.644162104,0.0073550031530198959,7
sep-ipop-l20,10,111022,9361,6147920,886.22211837768555,,2.3812227342411065e+37,42238334.004949264,0.0080643644699257104,7
sep-ipop-l20,10,111022,9371,6173520,886.20722834269202,,4.1761166401538628e+37,66973322.271994695,0.0089653424534501917,7
sep-ipop-l20,10,111022,9388,6217040,886.20478947957361,,6.0152380450586215e+37,95779497.412928089,0.0080835523072102667,7
sep-ipop-l20,10,111022,9391,6224720,886.20222473144531,,6.1831747685914651e+37,137320883.84830487,0.0079361465846899282,7
sep-ipop-l20,10,111022,9402,6252880,886.19647089640296,,8.2654288010021781e+37,237648538.33642614,0.0083978775240015346,7
sep-ipop-l20,10,111022,9411,6275920,886.19639333089196,,9.2740520188040683e+37,251048436.08523223,0.0075644110262455344,7
sep-ipop-l20,10,111022,9422,6304080,886.18772633870446,,1.1726843314055928e+38,321998431.94627285,0.0079212291799705178,7
sep-ipop-l20,10,111022,9433,6332240,886.1836827596029,,1.3819563535002471e+38,395716497.86345112,0.0080661393375491587,7
sep-ipop-l20,10,111022,9444,6360400,886.1793212890625,,1.6971688379890979e+38,922787694.55141437,0.0081807632586846576,7
sep-ipop-l20,10,111022,9450,6375760,886.17916107177734,,2.0178124133360719e+38,1070357265.1091176,0.0082920039403843303,7
sep-ipop-l20,10,111022,9462,6406480,886.17846552530921,,2.8948731679809356e+38,1389992276.6302452,0.0078434565212964612,7
sep-ipop-l20,10,111022,9477,6444880,886.14957682291663,,6.1211270732744094e+38,1394366098.4599762,0.0094372495848972504,7
sep-ipop-l20,10,111022,9484,6462800,886.14957555135095,,7.8553720513363796e+38,1574238249.8250868,0.0079218667114741136,7
sep-ipop-l20-w102,10,111022,1,20,34862.172782897949,,0.27196009452276143,1.03491285670924,0.26713310832627091,0
sep-ipop-l20-w102,10,111022,5,100,5385.5779101053877,,0.23335838457766353,1.2660632125542219,0.24167163047288251,0
sep-ipop-l20-w102,10,111022,1271,25420,1117.8298403422039,,6.5110802942441599e-05,82175360.25024271,0.00025358191560536568,0
sep-ipop-l20-w102,10,111022,2046,53020,1117.8272323608398,,0.1185250942069595,81727.35496018987,0.17724764141652966,1
sep-ipop-l20-w102,10,111022,2640,76780,1117.8272323608398,,0.35018296618018524,1221842.0985857861,0.14296908132744182,1
sep-ipop-l20-w102,10,111022,3300,103180,1117.8272323608398,,0.0050634510811299544,87456172.899752766,0.00068834603475185975,1
sep-ipop-l20-w102,10,111022,3611,127380,1049.3368237813313,,0.29909833280253112,2921.7531182793255,0.043062438907059769,2
sep-ipop-l20-w102,10,111022,3929,152820,1024.5789553324382,,0.50931675798801368,62606.140880588835,0.011589290799818332,2
sep-ipop-l20-w102,10,111022,4244,178020,1022.7989082336426,,0.48548368472585285,79658992.978643253,0.0027931738080119849,2
sep-ipop-l20-w102,10,111022,4566,203780,1022.4753748575846,,1.2853958263459258,1647094558.0188928,0.0023923449330038741,2
sep-ipop-l20-w102,10,111022,4818,236260,1022.4753748575846,,1.7045023127111976,3376.6468122968777,0.27173438326490157,3
sep-ipop-l20-w102,10,111022,4950,257380,1022.4753748575846,,13.228454306114397,52829.306066254765,0.20439676090881301,3
sep-ipop-l20-w102,10,111022,5091,279940,964.33379109700525,,508.73824695587359,999.68604992296684,0.033656653807499208,3
sep-ipop-l20-w102,10,111022,5247,304900,954.02635447184241,,846.62451720841568,64567.449043309614,0.0056884242879737578,3
sep-ipop-l20-w102,10,111022,5410,330980,953.65988159179688,,720.89145344652866,227233501.97423023,0.0041679081340811391,3
sep-ipop-l20-w102,10,111022,5610,371940,953.62320454915368,,1.3946097969879088,568.00091347724913,0.24097020507593128,4
sep-ipop-l20-w102,10,111022,5676,393060,953.62320454915368,,10.15552054127785,8739.1502258487326,0.20931511605909722,4
sep-ipop-l20-w102,10,111022,5742,414180,953.62320454915368,,152.70384498812879,2447.306484036947,0.11633222996207503,4
sep-ipop-l20-w102,10,111022,5808,435300,953.62320454915368,,2134.4502265100759,922.37443347828548,0.028578134893600289,4
sep-ipop-l20-w102,10,111022,5880,458340,943.24518076578772,,80865.762416814308,2451.2092245917506,0.033069859776975977,4
sep-ipop-l20-w102,10,111022,5958,483300,936.99780909220374,,324018.69460509962,8740.6185963437892,0.010391493706404674,4
sep-ipop-l20-w102,10,111022,6036,508260,935.52970250447595,,529669.11991054332,336525.35025961243,0.0022964450034935646,4
sep-ipop-l20-w102,10,111022,6115,533540,935.384765625,,1074180.8703443685,837475192.61156976,0.0023326910839734532,4
sep-ipop-l20-w102,10,111022,6204,562020,935.3453152974447,,1878817.111872077,2093478018.6338918,0.0017595311581364279,4
sep-ipop-l20-w102,10,111022,6270,594980,935.3453152974447,,1.4032216089171101,102.69599294665194,0.24930547686933216,5
sep-ipop-l20-w102,10,111022,6336,637220,935.3453152974447,,9.2848384383809126,44151.759121109309,0.23323849992548942,5
sep-ipop-l20-w102,10,111022,6402,679460,935.3453152974447,,275.20228220247429,18953.447805063406,0.23557540405555472,5
sep-ipop-l20-w102,10,111022,6468,721700,935.3453152974447,,3778.0232147629849,65148.611445179617,0.19359855011512084,5
sep-ipop-l20-w102,10,111022,6534,763940,935.3453152974447,,37093.804476128164,54769.610324516019,0.10341156099419035,5
sep-ipop-l20-w102,10,111022,6600,806180,935.3453152974447,,1970931.2401259285,17724.93237862764,0.071019548609975738,5
sep-ipop-l20-w102,10,111022,6666,848420,935.3453152974447,,42689305.173870645,9491.3578836453053,0.036337992578482921,5
sep-ipop-l20-w102,10,111022,6732,890660,935.3453152974447,,167057058.9294976,16413.925652195288,0.016223685543515658,5
sep-ipop-l20-w102,10,111022,6798,932900,935.3453152974447,,1990895853.3677688,145874.77651719432,0.014701866485506528,5
sep-ipop-l20-w102,10,111022,6864,975140,935.3453152974447,,18010018975.327358,12134116.723148545,0.012863552545236258,5
sep-ipop-l20-w102,10,111022,6930,1017380,935.3453152974447,,859027100259.53198,3835566.722457164,0.012576057957219484,5
sep-ipop-l20-w102,10,111022,6996,1059620,935.3453152974447,,11058753452290.062,3721528.962853841,0.0068055410967541308,5
sep-ipop-l20-w102,10,111022,7062,1101860,935.3453152974447,,54180730501713.695,108212017.87495831,0.0062204337940764782,5
sep-ipop-l20-w102,10,111022,7128,1144100,935.3453152974447,,114921613248801.73,1701612666.2232389,0.006732134840229549,5
sep-ipop-l20-w102,10,111022,7194,1186340,935.3453152974447,,330651520493558.5,1365102737.6571765,0.0056891919208027766,5
sep-ipop-l20-w102,10,111022,7260,1228580,935.3453152974447,,201959763429208.59,5944236489.1488085,0.0037327494875232362,5
sep-ipop-l20-w102,10,111022,7326,1309220,935.3453152974447,,4.0893544878969932,712.9053257370249,0.32124654432012623,6
sep-ipop-l20-w102,10,111022,7392,1393700,935.3453152974447,,65.319639087684791,3709.8791861210402,0.27138278818342448,6
sep-ipop-l20-w102,10,111022,7458,1478180,935.3453152974447,,2076.6957290754331,17231.368531714528,0.25882952235295953,6
sep-ipop-l20-w102,10,111022,7524,1562660,935.3453152974447,,72257.846469554672,11160.303127293024,0.24189274766882807,6
sep-ipop-l20-w102,10,111022,7590,1647140,935.3453152974447,,2969782.3895628219,31507.656324779553,0.17754992679823678,6
sep-ipop-l20-w102,10,111022,7656,1731620,935.3453152974447,,364997676.41704822,2135.0858634669971,0.071835731237173989,6
sep-ipop-l20-w102,10,111022,7696,1782820,935.02885818481445,,11542633977.871832,1411.7448854285678,0.095253687166996698,6
sep-ipop-l20-w102,10,111022,7714,1805860,920.61594645182288,,32164898037.028374,1521.701593781348,0.078182360124592509,6
sep-ipop-l20-w102,10,111022,7735,1832740,909.38712310791016,,91613249943.723236,1759.1906708882166,0.052682694034678561,6
sep-ipop-l20-w102,10,111022,7755,1858340,903.13277053833008,,352203432920.92432,1918.429814608073,0.057887435791545851,6
sep-ipop-l20-w102,10,111022,7773,1881380,894.58500544230139,,1414158982342.1824,1218.7083172503271,0.057567045056476585,6
sep-ipop-l20-w102,10,111022,7795,1909540,884.29256057739258,,6860591773065.1943,662.65013673972283,0.048199328354704501,6
sep-ipop-l20-w102,10,111022,7814,1933860,871.49482727050781,,21571260737850.148,973.86527439565589,0.049258997098223914,6
sep-ipop-l20-w102,10,111022,7833,1958180,864.74222437540686,,50677782641261,1425.3819258715923,0.03268837092179433,6
sep-ipop-l20-w102,10,111022,7853,1983780,860.48830668131507,,147814092854703.22,3285.3247965605442,0.027287061439125557,6
sep-ipop-l20-w102,10,111022,7871,2006820,858.31168492635095,,315418266656595.12,5187.1244981778473,0.019308487613861714,6
sep-ipop-l20-w102,10,111022,7891,2032420,856.42115783691406,,723417091976688.88,7586.0755068666213,0.017762578753706168,6
sep-ipop-l20-w102,10,111022,7916,2064420,854.81786219278968,,1616584668194782.2,7815.6705144514417,0.012403095558034625,6
sep-ipop-l20-w102,10,111022,7931,2083620,853.82307179768884,,2193875743725671.2,16068.555797297871,0.011699634267211276,6
sep-ipop-l20-w102,10,111022,7955,2114340,852.68843078613281,,4388854864741881,15134.110176647375,0.012285174376843917,6
sep-ipop-l20-w102,10,111022,7974,2138660,851.63500086466468,,7019372261735008,19113.985553794937,0.011562564420233951,6
sep-ipop-l20-w102,10,111022,7992,2161700,851.0502599080404,,10703350841041852,21057.016988655043,0.0086418961036582882,6
sep-ipop-l20-w102,10,111022,8011,2186020,850.5237032572428,,16069311551359150,76647.487592039382,0.0084134942175528513,6
sep-ipop-l20-w102,10,111022,8030,2210340,850.31518427530921,,22282382510974408,282656.43857541058,0.006983214462210582,6
sep-ipop-l20-w102,10,111022,8050,2235940,850.09564336140954,,30901298291842848,2067382.511437048,0.0068141944246499593,6
sep-ipop-l20-w102,10,111022,8072,2264100,849.93192545572913,,75686499207746048,5939805.5269357627,0.0076990653895607723,6
sep-ipop-l20-w102,10,111022,8092,2289700,849.85395177205407,,1.2847726906407134e+17,19024110.818654474,0.0059204987938331561,6
sep-ipop-l20-w102,10,111022,8112,2315300,849.77060699462891,,2.2230421683369635e+17,49186425.189496182,0.00614734401483614,6
sep-ipop-l20-w102,10,111022,8129,2337060,849.75815582275391,,3.865844512125927e+17,223747966.83988237,0.0072509453452679574,6
sep-ipop-l20-w102,10,111022,8150,2363940,849.71339797973633,,6.2450783699446387e+17,471299036.60734248,0.006624617406262418,6
sep-ipop-l20-w102,10,111022,8184,2407460,849.67517852783203,,8.4363035377328678e+17,282873858.25411779,0.0052894920484661562,6
sep-ipop-l20-w102,10,111022,8205,2434340,849.63960266113281,,1.2635004046840051e+18,420750969.90468967,0.006073520974840191,6
sep-ipop-l20-w102,10,111022,8238,2476580,849.63763554890954,,4.7225989434083369e+18,318447652.01643652,0.0059238048718131715,6
sep-ipop-l20-w102,10,111022,8250,2491940,849.60850397745764,,5.9453625962353347e+18,308398368.71388537,0.005105269064563646,6
sep-ipop-l20-w102,10,111022,8311,2570020,849.57773590087891,,2.4420162613205844e+19,5536401550.2663069,0.0052120966014910916,6
sep-ipop-l20-w102,10,111022,8382,2660900,849.57773590087891,,1.9751313984917668e+19,20903655124.350891,0.0043706823564581996,6
sep-ipop-l20-w102,10,111022,8448,2790180,849.57773590087891,,1.618146665650513,17.497626822699349,0.33955504687602628,7
sep-ipop-l20-w102,10,111022,8514,2959140,849.57773590087891,,26.513208226662282,1664.1235826452869,0.29284635458894914,7
sep-ipop-l20-w102,10,111022,8580,3128100,849.57773590087891,,587.89224862078117,5557.8717526095134,0.2570117210036027,7
sep-ipop-l20-w102,10,111022,8646,3297060,849.57773590087891,,28626.206102912212,4346.0880549388776,0.25368208729150382,7
sep-ipop-l20-w102,10,111022,8712,3466020,849.57773590087891,,1477868.9740761514,37143.023871079058,0.2399532011629904,7
sep-ipop-l20-w102,10,111022,8778,3634980,849.57773590087891,,152984594.27951455,10851.45562826913,0.073668115935367845,7
sep-ipop-l20-w102,10,111022,8844,3803940,849.57773590087891,,3793784423.1540875,29786.117548382532,0.023045435509786012,7
sep-ipop-l20-w102,10,111022,8910,3972900,849.57773590087891,,31833170124.298817,34718.418637125746,0.01320983036941191,7
sep-ipop-l20-w102,10,111022,8976,4141860,849.57773590087891,,287400407703.7392,2483101.9092122,0.0081887315197304456,7
sep-ipop-l20-w102,10,111022,9042,4310820,849.57773590087891,,5632547888702.2354,7570735.8540608799,0.0073156566790049931,7
sep-ipop-l20-w102,10,111022,9108,4479780,849.57773590087891,,87634909986417.578,241788890.53877342,0.0076187544681126668,7
sep-ipop-l20-w102,10,111022,9174,4648740,849.57773590087891,,906610294183197.62,219657215.96339953,0.0061411493157850607,7
sep-ipop-l20-w102,10,111022,9240,4817700,849.57773590087891,,5665356188062011,733251826.15588391,0.0049656284872926686,7
sep-ipop-l20-w102,10,111022,9306,5132580,849.57773590087891,,4.8101997950522417,85.063499533357927,0.31913046765670738,8
sep-ipop-l20-w102,10,111022,9372,5470500,849.57773590087891,,78.132441460869615,19495.106424432961,0.23416761391965982,8
sep-ipop-l20-w102,10,111022,9438,5808420,849.57773590087891,,2415.0567233111574,11495.19777278057,0.26230084764298844,8
sep-ipop-l20-w102,10,111022,9504,6146340,849.57773590087891,,112942.87347771219,15909.096756686547,0.27162979340954724,8
sep-ipop-l20-w102,10,111022,9570,6484260,849.57773590087891,,24807393.083195325,1307.6426418171789,0.25311306776849141,8
sep-ipop,10,111022,1,1024,15467.748065948486,,0.29237563404305711,9.1529687989229576,0.12302215957167963,0
sep-ipop,10,111022,5,5120,2024.583516438802,,0.94577064823276091,30.327640045702687,0.54653175611548621,0
sep-ipop,10,111022,10,10240,1740.854076385498,,1.5708128376111552,76.305768261714732,1.0219029260317305,0
sep-ipop,10,111022,20,20480,1626.8725827534993,,2.8804650033990118,7.5962632774390197,0.37649428031542914,0
sep-ipop,10,111022,25,25600,1626.8725827534993,,3.3370168972901588,5.9025624617217423,0.31154044594661345,0
sep-ipop,10,111022,40,40960,1597.439562479655,,4.8904436706794217,59.587469624458201,0.24283539439254076,0
sep-ipop,10,111022,50,51200,1462.7571538289387,,7.360681789769691,181.53998541605603,0.25110353099697269,0
sep-ipop,10,111022,75,76800,1408.591869354248,,17.042610910113016,409.69130961769116,0.25402954874894201,0
sep-ipop,10,111022,80,81920,1406.1304194132488,,17.745557358911729,596.83334474768765,0.26125581916778007,0
sep-ipop,10,111022,100,102400,1336.5695813496907,,42.360854045989669,769.19776630459637,0.26783492874736115,0
sep-ipop,10,111022,125,128000,1225.7882550557454,,119.62870331379563,1741.3564252102483,0.18195627082522436,0
sep-ipop,10,111022,149,152576,1135.2593676249187,,447.81625371947337,1744.1384244478613,0.17081054898783471,0
sep-ipop,10,111022,160,163840,1098.7317733764648,,709.46979024879761,3488.2064203170958,0.15346460409665363,0
sep-ipop,10,111022,174,178176,1068.0673281351726,,1324.7318965080319,2328.3633823866467,0.10581451091840231,0
sep-ipop,10,111022,199,203776,1046.6289024353027,,3548.1294576271684,2849.2776438661876,0.060962464942354348,0
sep-ipop,10,111022,224,229376,1039.7015050252278,,13249.211243561262,2218.2163019740588,0.035915917488831731,0
sep-ipop,10,111022,249,254976,1035.8568026224773,,52082.230108025913,3322.2601121051202,0.034805420970910009,0
sep-ipop,10,111022,255,261120,1035.0631612141926,,67667.40961850094,3001.8649433144014,0.02849641934229959,0
sep-ipop,10,111022,273,279552,1033.5145772298176,,168447.54651377516,5298.5703702911223,0.028548701208892985,0
sep-ipop,10,111022,298,305152,1031.8631032307942,,725659.94903159118,4929.0937739705932,0.030235996041265079,0
sep-ipop,10,111022,323,330752,1023.1579767862955,,7208462.7440126054,2579.6722167864536,0.0431525824118386,0
sep-ipop,10,111022,348,356352,1019.3316268920898,,23038660.817100428,4836.9241892325199,0.032010003238641851,0
sep-ipop,10,111022,373,381952,1017.3547121683756,,47616935.333788022,7082.0819810043795,0.019833793566953608,0
sep-ipop,10,111022,397,406528,1016.6943384806315,,70113428.752398714,7618.7899116756198,0.014155110950614348,0
sep-ipop,10,111022,422,432128,1015.9687779744467,,112691986.51525864,47423.546244421421,0.016363137647846384,0
sep-ipop,10,111022,447,457728,1015.6782073974609,,173168355.38998887,610632.65227849141,0.013243168584153414,0
sep-ipop,10,111022,472,483328,1015.5815302530924,,309387519.67634922,2427102.1031946824,0.013886028435541967,0
sep-ipop,10,111022,497,508928,1015.4525108337402,,523112840.4981302,11541754.251668833,0.012151340567432245,0
sep-ipop,10,111022,521,533504,1015.4265823364258,,937198892.79944336,12865129.427560769,0.012968079503099932,0
sep-ipop,10,111022,546,559104,1015.3101196289062,,1681465096.4401748,29893358.369922265,0.010280495237758999,0
sep-ipop,10,111022,571,584704,1015.2660725911459,,2758593363.7031102,355044775.2379548,0.012368110600090361,0
sep-ipop,10,111022,596,610304,1015.2460110982259,,4068014483.8443131,350671031.98069066,0.0084085586427524624,0
sep-ipop,10,111022,621,635904,1015.2415987650553,,6284222079.965785,313752018.09911448,0.0074338292704972855,0
sep-ipop,10,111022,645,660480,1015.2362950642904,,9998682195.8016605,575315729.42829132,0.0075004369538803437,0
sep-ipop,10,111022,670,686080,1015.2362950642904,,13146336155.385635,745956478.51571238,0.0076326642374448615,0
sep-ipop,10,111022,695,711680,1015.2362950642904,,12339912077.572947,773760035.14384711,0.0048679185606202123,0
sep-ipop,10,111022,720,737280,1015.2362950642904,,11403385903.331646,4525189777.9699678,0.0067865447401981964,0
sep-ipop,10,111022,745,762880,1015.2362950642904,,11445200219.132294,2829509017.5674496,0.0056757158495210416,0
sep-ipop,10,111022,769,787456,1015.2362950642904,,9536711575.2197685,2840064642.1565585,0.004305660961400057,0
sep-ipop,10,111022,788,813056,1015.2362950642904,,0.61298002400008922,8.8314147504751297,0.9886925815388532,1
sep-ipop,10,111022,801,839680,1015.2362950642904,,0.93316123220267533,14.087832081689083,0.6141092061844835,1
sep-ipop,10,111022,813,864256,1015.2362950642904,,1.2023349758408346,11.244906056226196,0.33915842009560776,1
sep-ipop,10,111022,826,890880,1015.2362950642904,,1.8947846869749729,132.95469108138019,0.29718129949436312,1
sep-ipop,10,111022,838,915456,1015.2362950642904,,3.2951970443665561,350.51854484800788,0.3100294211782082,1
sep-ipop,10,111022,850,940032,1015.2362950642904,,5.8179643668362022,292.02599491367556,0.30452622583327227,1
sep-ipop,10,111022,863,966656,1015.2362950642904,,8.6227424326199298,573.69151338422705,0.29224696047048321,1
sep-ipop,10,111022,875,991232,1015.2362950642904,,11.59325904518832,1035.5058380160906,0.2602722873227315,1
sep-ipop,10,111022,888,1017856,1015.2362950642904,,22.508954357441606,1219.803260570246,0.28440077614864678,1
sep-ipop,10,111022,900,1042432,1015.2362950642904,,36.98065353830841,1558.0276058191782,0.24574735702124317,1
sep-ipop,10,111022,912,1067008,1015.2362950642904,,51.365381702192003,4268.2428929722373,0.21775575887764331,1
sep-ipop,10,111022,925,1093632,1015.2362950642904,,97.832333796833552,10582.098452723632,0.24774660675965146,1
sep-ipop,10,111022,937,1118208,1015.2362950642904,,244.18593948380189,3654.4598705151666,0.28232912950168676,1
sep-ipop,10,111022,950,1144832,1015.2362950642904,,553.08971879923456,3654.3995795865349,0.29195914587337607,1
sep-ipop,10,111022,962,1169408,1015.2362950642904,,1203.2736680256855,3100.0567833795239,0.27991861417154723,1
sep-ipop,10,111022,974,1193984,1015.2362950642904,,2292.7063997775208,6627.3104953769434,0.26458681497224523,1
sep-ipop,10,111022,987,1220608,1015.2362950642904,,6718.7226231487539,3844.4954748243622,0.26919170128557462,1
sep-ipop,10,111022,999,1245184,1015.2362950642904,,15778.5907225063,1191.1868080883537,0.17627107207352283,1
sep-ipop,10,111022,1012,1271808,1015.2362950642904,,36131.383358619321,1726.3331694231319,0.17878312033685678,1
sep-ipop,10,111022,1024,1296384,1012.4156392415365,,65361.490912983776,2049.6122594195499,0.14946317845383564,1
sep-ipop,10,111022,1036,1320960,990.15823109944665,,122453.59100662802,2188.8598801643234,0.12601328042702326,1
sep-ipop,10,111022,1049,1347584,968.63457616170251,,233270.93277250748,3875.3294805094306,0.12139572440342836,1
sep-ipop,10,111022,1061,1372160,959.64795684814453,,478298.87432737392,4236.3757517988643,0.11758146140740607,1
sep-ipop,10,111022,1074,1398784,948.31482060750329,,1038911.3098352216,5515.3532148968006,0.097856217902254239,1
sep-ipop,10,111022,1086,1423360,944.73307164510095,,1985348.013862083,7869.7178014533984,0.083877976765123194,1
sep-ipop,10,111022,1098,1447936,941.25761413574219,,4624082.18090034,11358.257782765108,0.076960532323136419,1
sep-ipop,10,111022,1111,1474560,939.06323750813806,,13108048.449915171,12170.6225589103,0.073939619444985963,1
sep-ipop,10,111022,1123,1499136,936.35580444335938,,30134769.139847986,11404.49064163902,0.066944919138366352,1
sep-ipop,10,111022,1136,1525760,935.11607996622718,,91222054.943408847,14913.845613324673,0.075906205960072262,1
sep-ipop,10,111022,1148,1550336,932.84603881835938,,213840158.4198449,12698.448902693146,0.063621053544334533,1
sep-ipop,10,111022,1160,1574912,930.51563262939453,,541083218.46441555,14223.202870381901,0.064082906434574025,1
sep-ipop,10,111022,1173,1601536,928.95901107788086,,1474139565.0287154,11123.762190303478,0.061833686889313351,1
sep-ipop,10,111022,1185,1626112,925.8473014831543,,3668550666.4945588,9469.8219840908332,0.061143148700906376,1
sep-ipop,10,111022,1198,1652736,924.30097834269202,,11371742663.185461,11399.122352462195,0.065494951865236711,1
sep-ipop,10,111022,1210,1677312,920.81755701700843,,43726923568.299324,8203.4368806397451,0.092138359714412171,1
sep-ipop,10,111022,1222,1701888,915.24700673421228,,96022109884.690796,6196.5269880575543,0.07250460357439098,1
sep-ipop,10,111022,1235,1728512,913.04362742106116,,255458754605.86514,5069.0222942472374,0.055734962643742766,1
sep-ipop,10,111022,1247,1753088,911.27860387166345,,709542484272.79492,4882.6996811519184,0.060609223504206208,1
sep-ipop,10,111022,1260,1779712,907.60906219482422,,2188226785271.936,6581.2536439692758,0.066217584931674928,1
sep-ipop,10,111022,1272,1804288,904.88936742146814,,6025391205757.958,5855.7939046829524,0.0595168948377559,1
sep-ipop,10,111022,1284,1828864,901.81689707438147,,13414296825546.785,5837.8411026493586,0.047824636601533063,1
sep-ipop,10,111022,1297,1855488,899.60671742757165,,24006636511012.578,10632.0037440039,0.035732997844084423,1
sep-ipop,10,111022,1309,1880064,898.49981689453125,,33484192021143.875,21391.905131752192,0.025717459504273819,1
sep-ipop,10,111022,1322,1906688,897.93456522623694,,52868035821274.109,42712.508163585779,0.026198886132278151,1
sep-ipop,10,111022,1334,1931264,897.45295969645179,,87788387970401.141,108027.69636065695,0.026428054468088966,1
sep-ipop,10,111022,1346,1955840,897.01845296223962,,168116846158397.31,194849.19230227455,0.026415420271037153,1
sep-ipop,10,111022,1359,1982464,896.71391805013025,,424711458466588.44,197653.97821935944,0.0301068174232095,1
sep-ipop,10,111022,1371,2007040,896.38554636637366,,740683264477390.38,174482.89279626918,0.025216598120606677,1
sep-ipop,10,111022,1384,2033664,895.24207178751624,,1016968423293269.9,477532.7935870121,0.024433893506529174,1
sep-ipop,10,111022,1396,2058240,894.90974680582679,,1206497985675321.5,680331.80826544855,0.020040415559942171,1
sep-ipop,10,111022,1408,2082816,894.29262797037757,,1761113542382851,744788.0298445248,0.017938661009259428,1
sep-ipop,10,111022,1421,2109440,893.85789235432946,,2744917720045975,607308.96209261136,0.014194825911874653,1
sep-ipop,10,111022,1433,2134016,893.44891103108728,,3618104359269761,607407.02159717213,0.011724392892890838,1
sep-ipop,10,111022,1446,2160640,893.29846318562829,,5110219750586268,927388.16898047202,0.010663769608460688,1
sep-ipop,10,111022,1458,2185216,893.13033548990882,,6189134199428752,704277.48622897337,0.0079473024706480568,1
sep-ipop,10,111022,1471,2211840,892.85252507527673,,7859341675357664,553608.97920450277,0.006282836306629562,1
sep-ipop,10,111022,1483,2236416,892.85252507527673,,10094300642353420,1697157.1961777604,0.007149753229031169,1
sep-ipop,10,111022,1495,2260992,892.85252507527673,,12693164480306816,2142357.69608289,0.0059851344819414317,1
sep-ipop,10,111022,1508,2287616,892.81318664550781,,15399702545529092,3567225.6465380141,0.0054322457273996462,1
sep-ipop,10,111022,1520,2312192,892.79427973429358,,18292472588307896,4726303.4613458067,0.0052132826021733056,1
sep-ipop,10,111022,1533,2338816,892.75172170003259,,22041949216663724,9525807.8053005096,0.005365019289507539,1
sep-ipop,10,111022,1545,2363392,892.67985280354821,,29829767929168196,12496431.342982555,0.005693471037782066,1
sep-ipop,10,111022,1557,2387968,892.67772547403968,,43438779106287768,19433673.42916679,0.0061176359908760971,1
sep-ipop,10,111022,1570,2414592,892.64204279581702,,55447516204513952,35980695.468758374,0.005741513689655287,1
sep-ipop,10,111022,1582,2439168,892.626220703125,,81939574535896944,100723860.21714711,0.0063817335570213766,1
sep-ipop,10,111022,1595,2465792,892.61399586995446,,1.0085869953147952e+17,260565116.25437391,0.0053640280878738756,1
sep-ipop,10,111022,1607,2490368,892.5997416178385,,1.1532243188768819e+17,603182371.92284846,0.0057576711533385725,1
sep-ipop,10,111022,1619,2514944,892.59313201904297,,1.3831553055621485e+17,1272166610.2610364,0.0055122450325111073,1
sep-ipop,10,111022,1632,2541568,892.58577982584632,,1.9306996114657197e+17,2344255246.9556708,0.005898970251903838,1
sep-ipop,10,111022,1644,2566144,892.5831082661947,,2.4217567080889392e+17,3920267605.5003581,0.0066352588975228371,1
sep-ipop,10,111022,1657,2592768,892.58220799764001,,3.1709813793077594e+17,3845563237.5140586,0.0060605334488560139,1
sep-ipop,10,111022,1669,2617344,892.58084742228186,,4.1464815282720845e+17,4676708880.554781,0.0066048298675639716,1
sep-ipop,10,111022,1681,2641920,892.58084742228186,,5.1748286665707616e+17,10366073086.365631,0.0063084381552468453,1
sep-ipop,10,111022,1694,2668544,892.58084742228186,,5.2848729841737939e+17,17497544973.584175,0.0048847788623590828,1
sep-ipop,10,111022,1706,2693120,892.58084742228186,,4.9287830578592653e+17,21349355365.141186,0.0046948212376786216,1
sep-ipop,10,111022,1719,2719744,892.58084742228186,,4.9036798141326726e+17,17885722610.537182,0.0046684428228975219,1
sep-ipop,10,111022,1731,2744320,892.58084742228186,,4.8350028383489805e+17,26377917267.027489,0.0048706384753663895,1
sep-ipop,10,111022,1743,2768896,892.58084742228186,,4.8279481999699654e+17,25741871100.353897,0.0046401289199303336,1
sep-ipop,10,111022,1756,2795520,892.58084742228186,,4.938840048241769e+17,26020580028.878376,0.0048656619169752963,1
sep-ipop,10,111022,1768,2820096,892.58084742228186,,4.8620265061221971e+17,23387715830.593945,0.0046550283047400703,1
sep-ipop,10,111022,1781,2846720,892.58084742228186,,4.7068188553741427e+17,20894548790.834671,0.0042397785023669931,1
sep-ipop,10,111022,1793,2871296,892.58084742228186,,4.9688443160503814e+17,25650558790.874393,0.0042039930951094729,1
sep-ipop,10,111022,1805,2895872,892.58084742228186,,4.8962999702194899e+17,24507835292.598106,0.0042486430890466302,1
sep-ipop,10,111022,1818,2922496,892.58084742228186,,5.1317632113016288e+17,25682510500.326908,0.0042860645486446237,1
sep-ipop,10,111022,1830,2947072,892.58084742228186,,4.7206153210981344e+17,24977777106.47649,0.0038116154339940377,1
sep-ipop,10,111022,1843,2973696,892.58084742228186,,4.8099161567449037e+17,16411196200.301405,0.0034243815657090883,1
sep-ipop,10,111022,1855,2998272,892.58084742228186,,4.7575622571525357e+17,14291300465.031139,0.0033211006592789656,1
sep-ipop,10,111022,1867,3022848,892.58084742228186,,4.6835497813741638e+17,15021981303.312332,0.0033004906439895645,1
sep-ipop,10,111022,1876,3049472,892.58084742228186,,0.60014945951704024,8.3423950223400904,1.0984408744368386,2
sep-ipop,10,111022,1882,3074048,892.58084742228186,,0.88801240056299646,13.764239793830342,0.94244291671290981,2
sep-ipop,10,111022,1889,3102720,892.58084742228186,,1.1714601084242156,12.223225081968732,0.65679495822700995,2
sep-ipop,10,111022,1895,3127296,892.58084742228186,,1.271957699862025,12.21638648470236,0.44768434289264458,2
sep-ipop,10,111022,1901,3151872,892.58084742228186,,1.6002579985372729,13.388568214917122,0.3912012252021016,2
sep-ipop,10,111022,1907,3176448,892.58084742228186,,1.9861437282787962,15.619995400295698,0.34352371898362549,2
sep-ipop,10,111022,1913,3201024,892.58084742228186,,2.5197882566414118,41.679953450466414,0.31221773187325363,2
sep-ipop,10,111022,1920,3229696,892.58084742228186,,3.8823226420240871,101.52478213603062,0.32351770907578448,2
sep-ipop,10,111022,1926,3254272,892.58084742228186,,5.3395584184603742,179.00072513184665,0.30796419289643567,2
sep-ipop,10,111022,1932,3278848,892.58084742228186,,7.6304163257773983,242.88266287274541,0.28625548542356855,2
sep-ipop,10,111022,1938,3303424,892.58084742228186,,10.001879815141312,853.21903809150388,0.26994478141934081,2
sep-ipop,10,111022,1944,3328000,892.58084742228186,,12.375338421473216,2634.0657984538689,0.24618854147398969,2
sep-ipop,10,111022,1951,3356672,892.58084742228186,,18.931257082299485,4033.9405900016804,0.27203348296222618,2
sep-ipop,10,111022,1957,3381248,892.58084742228186,,25.295583460009325,4128.0382067530363,0.25652697851819251,2
sep-ipop,10,111022,1963,3405824,892.58084742228186,,31.230028999082673,6666.7903337429625,0.2468540139148486,2
sep-ipop,10,111022,1969,3430400,892.58084742228186,,37.647095391077734,10736.376800077845,0.22857070217769512,2
sep-ipop,10,111022,1975,3454976,892.58084742228186,,45.740119475896257,15682.300035929798,0.21849689993942398,2
sep-ipop,10,111022,1982,3483648,892.58084742228186,,56.042879216574349,25230.045055049639,0.22923823650730907,2
sep-ipop,10,111022,1988,3508224,892.58084742228186,,69.012018460429715,27521.064988388371,0.22978732313680977,2
sep-ipop,10,111022,1994,3532800,892.58084742228186,,89.646391956627426,27249.710577678983,0.23423605561980015,2
sep-ipop,10,111022,2000,3557376,892.58084742228186,,113.59870863212952,27354.444554164915,0.2394406932020699,2
sep-ipop,10,111022,2006,3581952,892.58084742228186,,140.81805717754011,24315.68345647553,0.23237297632988788,2
sep-ipop,10,111022,2013,3610624,892.58084742228186,,191.50570882379301,27368.540682076604,0.23563427134917594,2
sep-ipop,10,111022,2019,3635200,892.58084742228186,,275.02934148649842,33748.37687038094,0.26341263666070464,2
sep-ipop,10,111022,2025,3659776,892.58084742228186,,431.77214867076526,22136.621220194342,0.27400243539823815,2
sep-ipop,10,111022,2031,3684352,892.58084742228186,,684.81313746453645,13666.709936947171,0.28634342910410343,2
sep-ipop,10,111022,2037,3708928,892.58084742228186,,1045.7787465204333,8731.0800935794541,0.28243701409713146,2
sep-ipop,10,111022,2044,3737600,892.58084742228186,,1658.6148434253789,7229.4174344667672,0.29059201895930498,2
sep-ipop,10,111022,2050,3762176,892.58084742228186,,2470.7002113761223,4648.4742587838791,0.27618797693190261,2
sep-ipop,10,111022,2056,3786752,892.58084742228186,,3505.0633790465536,3494.0726285135788,0.27398261248532035,2
sep-ipop,10,111022,2062,3811328,892.58084742228186,,5233.2859485217368,2544.1272173692764,0.27970701703117096,2
sep-ipop,10,111022,2068,3835904,892.58084742228186,,7234.8915814904494,2288.7685238744148,0.26836842643877423,2
sep-ipop,10,111022,2075,3864576,892.58084742228186,,10420.115473879216,2410.7032616393503,0.26207361433336201,2
sep-ipop,10,111022,2081,3889152,892.58084742228186,,15135.362860149326,2699.7946594203622,0.26914686062395837,2
sep-ipop,10,111022,2087,3913728,892.58084742228186,,20336.27069151149,3205.7319817756888,0.25861313408025571,2
sep-ipop,10,111022,2093,3938304,892.58084742228186,,29497.697477815131,3750.0188685762764,0.27824320761715504,2
sep-ipop,10,111022,2099,3962880,892.58084742228186,,41645.867004049796,4299.9097786706207,0.27261245608157408,2
sep-ipop,10,111022,2106,3991552,892.58084742228186,,63372.344304210223,3979.3813008591037,0.27167100214259193,2
sep-ipop,10,111022,2112,4016128,892.58084742228186,,96061.870401582346,4357.6691491756637,0.28938977240355013,2
sep-ipop,10,111022,2118,4040704,892.58084742228186,,142508.75580297227,3735.5594463294251,0.27902770743581962,2
sep-ipop,10,111022,2124,4065280,892.58084742228186,,216484.44553753716,4034.0847849645038,0.28636757259361451,2
sep-ipop,10,111022,2130,4089856,892.58084742228186,,324951.23776089255,3786.920647142178,0.27527100205091537,2
sep-ipop,10,111022,2137,4118528,892.58084742228186,,475215.54891395225,5045.6102292541809,0.27361301434049939,2
sep-ipop,10,111022,2143,4143104,892.58084742228186,,698992.00487508846,6926.4568364823399,0.27971965337967752,2
sep-ipop,10,111022,2149,4167680,892.58084742228186,,991837.24439762952,7364.4077460394637,0.27408691313618999,2
sep-ipop,10,111022,2155,4192256,892.58084742228186,,1419607.1124681944,10075.56626991283,0.27103526320847243,2
sep-ipop,10,111022,2161,4216832,892.58084742228186,,1983289.8439704161,14937.989152704005,0.26328613255040401,2
sep-ipop,10,111022,2168,4245504,892.58084742228186,,3135257.0963630644,21715.850665125665,0.27186743610341885,2
sep-ipop,10,111022,2174,4270080,892.58084742228186,,4441364.1303413436,27460.471082318789,0.25996186992888359,2
sep-ipop,10,111022,2180,4294656,892.58084742228186,,6710212.9677984966,30968.617784513255,0.26022121970094464,2
sep-ipop,10,111022,2186,4319232,892.58084742228186,,10218707.047206124,42595.227594179232,0.26083249520802654,2
sep-ipop,10,111022,2192,4343808,892.58084742228186,,15085187.803311652,43991.450695596053,0.25715921988989737,2
sep-ipop,10,111022,2199,4372480,892.58084742228186,,25121045.006759208,54852.88914777161,0.27135252041402258,2
sep-ipop,10,111022,2205,4397056,892.58084742228186,,39261133.723924503,51648.983007701281,0.25891183810013663,2
sep-ipop,10,111022,2211,4421632,892.58084742228186,,61087954.357226253,57379.212108674692,0.26177855800588912,2
sep-ipop,10,111022,2217,4446208,892.58084742228186,,87491967.785713896,54837.144403691855,0.25090318534679562,2
sep-ipop,10,111022,2223,4470784,892.58084742228186,,128537406.74574974,77728.148966377586,0.25406903895015126,2
sep-ipop,10,111022,2230,4499456,892.58084742228186,,208926777.35827035,106493.553798464,0.25622183536025978,2
sep-ipop,10,111022,2236,4524032,892.58084742228186,,292618131.91980034,112747.96974139808,0.24308845256181091,2
sep-ipop,10,111022,2242,4548608,892.58084742228186,,443568300.24926227,148183.67168200386,0.25344752327069903,2
sep-ipop,10,111022,2248,4573184,892.58084742228186,,654356553.04274189,186607.69230145053,0.25526601741184629,2
sep-ipop,10,111022,2254,4597760,892.58084742228186,,991410154.85690796,212125.39191042192,0.25464984824364417,2
sep-ipop,10,111022,2261,4626432,892.58084742228186,,1572384860.5335424,250504.84198120236,0.25084146375957772,2
sep-ipop,10,111022,2267,4651008,892.58084742228186,,2248944318.9296064,305265.03746875329,0.23858901559844506,2
sep-ipop,10,111022,2273,4675584,892.58084742228186,,3380197543.8400578,245557.19271897897,0.22286488428111381,2
sep-ipop,10,111022,2279,4700160,892.58084742228186,,4940314944.6380186,201141.27027547688,0.19614060057824129,2
sep-ipop,10,111022,2285,4724736,892.58084742228186,,7847723696.7327385,180161.08033210746,0.18741882271091445,2
sep-ipop,10,111022,2292,4753408,892.58084742228186,,12434979040.3326,164638.63892263468,0.17594724032541689,2
sep-ipop,10,111022,2298,4777984,892.58084742228186,,18536091320.497536,132333.31789814463,0.15421855107907909,2
sep-ipop,10,111022,2304,4802560,892.58084742228186,,26754824755.048611,144524.01541473003,0.14293095220019977,2
sep-ipop,10,111022,2310,4827136,892.58084742228186,,39843104432.295006,136154.08468640182,0.12640149594132427,2
sep-ipop,10,111022,2316,4851712,892.58084742228186,,58840581880.173073,102138.03649358773,0.11292765766081875,2
sep-ipop,10,111022,2323,4880384,892.58084742228186,,92557610453.263794,78667.331406154917,0.097546910859033983,2
sep-ipop,10,111022,2329,4904960,892.58084742228186,,137016323425.84804,98167.993913785365,0.092895551077775335,2
sep-ipop,10,111022,2335,4929536,892.58084742228186,,189564624163.42642,80263.490238567931,0.07409327087889174,2
sep-ipop,10,111022,2341,4954112,892.58084742228186,,266149498861.21326,87794.8901182306,0.068561756918755337,2
sep-ipop,10,111022,2347,4978688,892.58084742228186,,387129197704.2876,81266.885849408296,0.06226310352175362,2
sep-ipop,10,111022,2354,5007360,892.58084742228186,,586125203279.21765,69418.78445580072,0.054406902275180455,2
sep-ipop,10,111022,2360,5031936,892.58084742228186,,841579434478.81946,67731.04206203518,0.05173610651162168,2
sep-ipop,10,111022,2366,5056512,892.58084742228186,,1199602360003.7356,80965.341883140281,0.048800418040208356,2
sep-ipop,10,111022,2372,5081088,892.58084742228186,,1646689873820.9819,64846.473391841588,0.042172889023111969,2
sep-ipop,10,111022,2378,5105664,892.58084742228186,,2238065247560.6392,68337.554721568245,0.039921788369626468,2
sep-ipop,10,111022,2385,5134336,892.58084742228186,,3368701883096.0649,58004.885388517956,0.038567407028296703,2
sep-ipop,10,111022,2391,5158912,892.58084742228186,,4420796227084.4033,71158.062573707488,0.034631552508471289,2
sep-ipop,10,111022,2397,5183488,892.58084742228186,,5906079443216.5703,61955.156222072517,0.031469112781215981,2
sep-ipop,10,111022,2403,5208064,892.58084742228186,,7992109865538.6562,67200.974212936548,0.030342952255051587,2
sep-ipop,10,111022,2409,5232640,892.58084742228186,,10474260480598.686,64452.516652001505,0.030179659586016282,2
sep-ipop,10,111022,2416,5261312,892.58084742228186,,13987746491314.096,60348.293357131559,0.028452167993354892,2
sep-ipop,10,111022,2422,5285888,892.58084742228186,,18475278869975.395,47723.40925375704,0.026334934175201705,2
sep-ipop,10,111022,2428,5310464,892.58084742228186,,24228004602711.844,40953.788803531381,0.024875846807112464,2
sep-ipop,10,111022,2434,5335040,892.58084742228186,,32160508397390.277,47581.512746085638,0.026901183272832419,2
sep-ipop,10,111022,2440,5359616,892.58084742228186,,42022747287196.359,45100.408969718352,0.02520740013552825,2
sep-ipop,10,111022,2447,5388288,892.58084742228186,,55254604897575.156,45316.875039290564,0.024059343670123169,2
sep-ipop,10,111022,2453,5412864,892.58084742228186,,67839927425227.891,56571.579149094847,0.023026861659441195,2
sep-ipop,10,111022,2459,5437440,892.58084742228186,,89223520002757.844,45447.90998251467,0.022564423742097044,2
sep-ipop,10,111022,2465,5462016,892.58084742228186,,105513620801434.7,63371.299465076088,0.022396995212887544,2
sep-ipop,10,111022,2471,5486592,892.58084742228186,,127815249392493.09,85510.160666855969,0.021002038730658035,2
sep-ipop,10,111022,2478,5515264,892.58084742228186,,156726451140573.19,113287.78229852617,0.019719610985029567,2
sep-ipop,10,111022,2484,5539840,892.58084742228186,,194617651553326.78,118612.17914669782,0.019629113839373716,2
sep-ipop,10,111022,2490,5564416,892.58084742228186,,237323294955673.88,137196.62791060179,0.019211101342225641,2
sep-ipop,10,111022,2496,5588992,892.58084742228186,,277546393789390.31,155234.83346292228,0.017933954579374221,2
sep-ipop,10,111022,2502,5613568,892.58084742228186,,330655613461406.94,182864.60571741269,0.016886206897172917,2
sep-ipop,10,111022,2509,5642240,892.58084742228186,,414671370035831.88,221420.07415181203,0.016665471738059899,2
sep-ipop,10,111022,2515,5666816,892.58084742228186,,492144635590167.5,266120.44041380106,0.015273651479133619,2
sep-ipop,10,111022,2521,5691392,892.58084742228186,,591488496955795.88,346640.92725190765,0.014752752958238144,2
sep-ipop,10,111022,2527,5715968,892.58084742228186,,654103748423776.38,740449.89514686994,0.014547250871078238,2
sep-ipop,10,111022,2533,5740544,892.58084742228186,,787342493035465.12,1763934.4296286076,0.016924098522857225,2
sep-ipop,10,111022,2540,5769216,892.58084742228186,,970898084912339.25,3374118.3142336854,0.017499081189061877,2
sep-ipop,10,111022,2546,5793792,892.58084742228186,,1097330280813892.1,4888001.439051955,0.016302412047721315,2
sep-ipop,10,111022,2552,5818368,892.58084742228186,,1230055331258327.2,8703972.7223142032,0.01553327478237311,2
sep-ipop,10,111022,2558,5842944,892.58084742228186,,1401784212447165.8,17085608.266333941,0.017077103569257332,2
sep-ipop,10,111022,2564,5867520,892.58084742228186,,1595925697362122,21199345.353236638,0.015803721708665924,2
sep-ipop,10,111022,2571,5896192,892.58084742228186,,1930047136972182.8,27939561.843404993,0.016504137497458004,2
sep-ipop,10,111022,2577,5920768,892.58084742228186,,2346356295339751.5,35537080.068268321,0.017337356224757978,2
sep-ipop,10,111022,2583,5945344,892.58084742228186,,2805682394410767,36683591.564735897,0.017182445117665961,2
sep-ipop,10,111022,2589,5969920,892.58084742228186,,3105245135209763,50122110.669147722,0.017650011023992718,2
sep-ipop,10,111022,2595,5994496,892.58084742228186,,3465398266459419,67798286.453939557,0.016618545887224785,2
sep-ipop,10,111022,2602,6023168,892.58084742228186,,3877088213591405,76802783.448782578,0.016548802332764481,2
sep-ipop,10,111022,2608,6047744,892.58084742228186,,4709467949896711,78356018.718266249,0.01686596705717916,2
sep-ipop,10,111022,2614,6072320,892.58084742228186,,6228652676964056,32930098.258539148,0.012404966974992522,2
sep-ipop,10,111022,2620,6096896,892.58084742228186,,7840071776852287,27314052.983532839,0.011076614932663124,2
sep-ipop,10,111022,2626,6121472,892.58084742228186,,8586754725843246,33341393.351888184,0.010564181990947288,2
sep-ipop,10,111022,2633,6150144,892.58084742228186,,9884560093621908,40736952.005308576,0.01004625272693949,2
sep-ipop,10,111022,2639,6174720,892.58084742228186,,10570518428326616,38899426.332529515,0.0092237495496841192,2
sep-ipop,10,111022,2645,6199296,892.58084742228186,,11628836192460190,38960034.000549786,0.0089984419086133697,2
sep-ipop,10,111022,2651,6223872,892.58084742228186,,12478145909727390,43829544.250090979,0.0085218323409863034,2
sep-ipop,10,111022,2657,6248448,892.58084742228186,,14026032611288584,51540279.251169898,0.0090612595404427898,2
sep-ipop,10,111022,2664,6277120,892.58084742228186,,17218827221490024,49872808.105871551,0.0096587174953789781,2
sep-ipop,10,111022,2670,6301696,892.58084742228186,,19498974476727256,52337690.51185181,0.010055160036854367,2
sep-ipop,10,111022,2676,6326272,892.58084742228186,,22781296170221900,53750260.15196424,0.0093808165212776948,2
sep-ipop,10,111022,2682,6350848,892.58084742228186,,25906189498049000,64783769.144035451,0.010057297329748947,2
sep-ipop,10,111022,2688,6375424,892.58084742228186,,27895678431181260,66619079.679123461,0.0094382996481820469,2
sep-ipop,10,111022,2695,6404096,892.58084742228186,,31313510916706524,72561463.73823972,0.009432719368345565,2
sep-ipop,10,111022,2701,6428672,892.58084742228186,,34621843634708480,84492422.062661991,0.0096730502002687607,2
sep-ipop,10,111022,2707,6453248,892.58084742228186,,41406226164821832,90874853.347962931,0.010061264493538405,2
sep-ipop,10,111022,2713,6477824,892.58084742228186,,56333259197084752,80352470.58552736,0.011052680379435877,2
sep-ipop,10,111022,2719,6502400,892.58084742228186,,68697897484265824,88932733.044491723,0.01060421713765834,2
sep-ipop-w60,10,111022,1,1024,15467.748065948486,,0.29237563404305711,9.1529687989229576,0.12302215957167963,0
sep-ipop-w60,10,111022,5,5120,2024.583516438802,,0.94577064823276091,30.327640045702687,0.54653175611548621,0
sep-ipop-w60,10,111022,10,10240,1740.854076385498,,1.5708128376111552,76.305768261714732,1.0219029260317305,0
sep-ipop-w60,10,111022,20,20480,1626.8725827534993,,2.8804650033990118,7.5962632774390197,0.37649428031542914,0
sep-ipop-w60,10,111022,25,25600,1626.8725827534993,,3.3370168972901588,5.9025624617217423,0.31154044594661345,0
sep-ipop-w60,10,111022,40,40960,1597.439562479655,,4.8904436706794217,59.587469624458201,0.24283539439254076,0
sep-ipop-w60,10,111022,50,51200,1462.7571538289387,,7.360681789769691,181.53998541605603,0.25110353099697269,0
sep-ipop-w60,10,111022,75,76800,1408.591869354248,,17.042610910113016,409.69130961769116,0.25402954874894201,0
sep-ipop-w60,10,111022,80,81920,1406.1304194132488,,17.745557358911729,596.83334474768765,0.26125581916778007,0
sep-ipop-w60,10,111022,100,102400,1336.5695813496907,,42.360854045989669,769.19776630459637,0.26783492874736115,0
sep-ipop-w60,10,111022,125,128000,1225.7882550557454,,119.62870331379563,1741.3564252102483,0.18195627082522436,0
sep-ipop-w60,10,111022,149,152576,1135.2593676249187,,447.81625371947337,1744.1384244478613,0.17081054898783471,0
sep-ipop-w60,10,111022,160,163840,1098.7317733764648,,709.46979024879761,3488.2064203170958,0.15346460409665363,0
sep-ipop-w60,10,111022,174,178176,1068.0673281351726,,1324.7318965080319,2328.3633823866467,0.10581451091840231,0
sep-ipop-w60,10,111022,199,203776,1046.6289024353027,,3548.1294576271684,2849.2776438661876,0.060962464942354348,0
sep-ipop-w60,10,111022,224,229376,1039.7015050252278,,13249.211243561262,2218.2163019740588,0.035915917488831731,0
sep-ipop-w60,10,111022,249,254976,1035.8568026224773,,52082.230108025913,3322.2601121051202,0.034805420970910009,0
sep-ipop-w60,10,111022,255,261120,1035.0631612141926,,67667.40961850094,3001.8649433144014,0.02849641934229959,0
sep-ipop-w60,10,111022,273,279552,1033.5145772298176,,168447.54651377516,5298.5703702911223,0.028548701208892985,0
sep-ipop-w60,10,111022,298,305152,1031.8631032307942,,725659.94903159118,4929.0937739705932,0.030235996041265079,0
sep-ipop-w60,10,111022,323,330752,1023.1579767862955,,7208462.7440126054,2579.6722167864536,0.0431525824118386,0
sep-ipop-w60,10,111022,348,356352,1019.3316268920898,,23038660.817100428,4836.9241892325199,0.032010003238641851,0
sep-ipop-w60,10,111022,373,381952,1017.3547121683756,,47616935.333788022,7082.0819810043795,0.019833793566953608,0
sep-ipop-w60,10,111022,397,406528,1016.6943384806315,,70113428.752398714,7618.7899116756198,0.014155110950614348,0
sep-ipop-w60,10,111022,422,432128,1015.9687779744467,,112691986.51525864,47423.546244421421,0.016363137647846384,0
sep-ipop-w60,10,111022,447,457728,1015.6782073974609,,173168355.38998887,610632.65227849141,0.013243168584153414,0
sep-ipop-w60,10,111022,472,483328,1015.5815302530924,,309387519.67634922,2427102.1031946824,0.013886028435541967,0
sep-ipop-w60,10,111022,497,508928,1015.4525108337402,,523112840.4981302,11541754.251668833,0.012151340567432245,0
sep-ipop-w60,10,111022,521,533504,1015.4265823364258,,937198892.79944336,12865129.427560769,0.012968079503099932,0
sep-ipop-w60,10,111022,546,559104,1015.3101196289062,,1681465096.4401748,29893358.369922265,0.010280495237758999,0
sep-ipop-w60,10,111022,571,584704,1015.2660725911459,,2758593363.7031102,355044775.2379548,0.012368110600090361,0
sep-ipop-w60,10,111022,596,610304,1015.2460110982259,,4068014483.8443131,350671031.98069066,0.0084085586427524624,0
sep-ipop-w60,10,111022,621,635904,1015.2415987650553,,6284222079.965785,313752018.09911448,0.0074338292704972855,0
sep-ipop-w60,10,111022,645,660480,1015.2362950642904,,9998682195.8016605,575315729.42829132,0.0075004369538803437,0
sep-ipop-w60,10,111022,670,686080,1015.2362950642904,,13146336155.385635,745956478.51571238,0.0076326642374448615,0
sep-ipop-w60,10,111022,695,711680,1015.2362950642904,,12339912077.572947,773760035.14384711,0.0048679185606202123,0
sep-ipop-w60,10,111022,708,738304,1015.2362950642904,,0.87098646367873445,10.820833282822417,0.79923574946742981,1
sep-ipop-w60,10,111022,720,762880,1015.2362950642904,,1.1975830180648643,14.662990831418373,0.47678937824792827,1
sep-ipop-w60,10,111022,732,787456,1015.2362950642904,,1.7870036538146283,19.805478532159846,0.35585682068096564,1
sep-ipop-w60,10,111022,745,814080,1015.2362950642904,,3.2567231418587723,141.94645983537424,0.30294914850295124,1
sep-ipop-w60,10,111022,757,838656,1015.2362950642904,,5.9202010542671282,420.41771233771055,0.31987761453503893,1
sep-ipop-w60,10,111022,770,865280,1015.2362950642904,,9.6957635115703074,701.18703864341342,0.29642137592587092,1
sep-ipop-w60,10,111022,782,889856,1015.2362950642904,,13.311141097515984,978.89266668614698,0.25445807227747375,1
sep-ipop-w60,10,111022,794,914432,1015.2362950642904,,27.591306061949247,1252.817085945544,0.29722466671247288,1
sep-ipop-w60,10,111022,807,941056,1015.2362950642904,,47.44166907903405,1777.7768863432684,0.28140390752857181,1
sep-ipop-w60,10,111022,819,965632,1015.2362950642904,,86.963331748220043,1945.0834294788451,0.27629644811501275,1
sep-ipop-w60,10,111022,832,992256,1015.2362950642904,,135.89748259970415,4378.6928053308311,0.24845678753077025,1
sep-ipop-w60,10,111022,844,1016832,1015.2362950642904,,234.50416922854302,6353.7110164423148,0.25312114860064172,1
sep-ipop-w60,10,111022,856,1041408,1015.2362950642904,,450.81954009158591,4858.7398112138535,0.26837773868937731,1
sep-ipop-w60,10,111022,869,1068032,1015.2362950642904,,1067.7051891015017,3336.9169931674101,0.27063832133955129,1
sep-ipop-w60,10,111022,881,1092608,1015.2362950642904,,2119.3542116060557,3838.8868023568916,0.26212754865677834,1
sep-ipop-w60,10,111022,894,1119232,1015.2362950642904,,5160.5488331257466,4171.4266227239323,0.28791059356281834,1
sep-ipop-w60,10,111022,906,1143808,1015.2362950642904,,10847.020333944445,7794.9506786023821,0.27870603774018654,1
sep-ipop-w60,10,111022,919,1170432,1015.2362950642904,,25839.183299520722,7187.16935080639,0.28106535759203877,1
sep-ipop-w60,10,111022,931,1195008,997.40451176961267,,55742.103969228723,6988.0587992791998,0.2829900616668834,1
sep-ipop-w60,10,111022,943,1219584,972.94665908813477,,115659.54613426042,6962.7186975782188,0.27150636471989897,1
sep-ipop-w60,10,111022,956,1246208,962.93272654215491,,275274.95778318989,10278.195720229895,0.27262927815828042,1
sep-ipop-w60,10,111022,968,1270784,954.77853902180993,,635680.4054270885,10262.872580275605,0.25293687370988366,1
sep-ipop-w60,10,111022,981,1297408,947.92993036905921,,1638503.3682885175,18263.18995971627,0.26949677982775194,1
sep-ipop-w60,10,111022,993,1321984,939.83633295694983,,3587287.6241685855,21298.287953038289,0.25821763705901413,1
sep-ipop-w60,10,111022,1005,1346560,933.72281392415368,,8133640.053550398,27429.49572132729,0.26594533374356316,1
sep-ipop-w60,10,111022,1018,1373184,928.81800715128577,,20126120.854621969,32869.811736344469,0.25957955887025408,1
sep-ipop-w60,10,111022,1030,1397760,924.96527862548828,,42494738.880846895,36279.868748431865,0.24939725666016641,1
sep-ipop-w60,10,111022,1043,1424384,921.68760553995764,,95739323.206902862,50603.197285198803,0.23968948731999323,1
sep-ipop-w60,10,111022,1055,1448960,919.37972005208337,,226838148.6743423,71100.357553004258,0.25617759061990875,1
sep-ipop-w60,10,111022,1067,1473536,916.99686431884766,,569958898.42830169,57291.86144704371,0.2710852737674676,1
sep-ipop-w60,10,111022,1080,1500160,912.93976974487305,,1683597636.6537416,35787.620444664572,0.2803970716983471,1
sep-ipop-w60,10,111022,1092,1524736,910.63151168823242,,4063597450.2304454,44010.984788519534,0.25708784553022945,1
sep-ipop-w60,10,111022,1105,1551360,905.97316869099939,,12326053788.880276,39507.376360815608,0.27999591253446016,1
sep-ipop-w60,10,111022,1117,1575936,903.17236582438147,,33113562035.208595,29355.459431562034,0.26494914474021808,1
sep-ipop-w60,10,111022,1129,1600512,895.95874786376953,,81129944556.142365,32950.553412815287,0.25137718213105936,1
sep-ipop-w60,10,111022,1142,1627136,892.55268224080407,,245481378211.69089,24614.727869908507,0.26391492266100525,1
sep-ipop-w60,10,111022,1154,1651712,886.1479708353678,,570788593415.80908,50433.771105369276,0.25313143505530067,1
sep-ipop-w60,10,111022,1167,1678336,880.68792597452796,,1288112909027.6489,61138.041606758452,0.25090463801378832,1
sep-ipop-w60,10,111022,1179,1702912,876.84451929728186,,3143301891998.9873,85084.439017122204,0.25832652105063952,1
sep-ipop-w60,10,111022,1191,1727488,873.92531967163086,,6349087110755.9717,132378.62468284208,0.24394244825571562,1
sep-ipop-w60,10,111022,1204,1754112,871.74621200561523,,13436197491053.213,258450.01481311838,0.23813899984832373,1
sep-ipop-w60,10,111022,1216,1778688,870.49668629964196,,27501424707823.621,299781.52602176362,0.24771991589202619,1
sep-ipop-w60,10,111022,1229,1805312,868.29771423339844,,62748511269980.641,386143.13343472686,0.24021321977222829,1
sep-ipop-w60,10,111022,1241,1829888,866.20891698201501,,128392874972173.38,565261.15002116922,0.23872533788002703,1
sep-ipop-w60,10,111022,1253,1854464,859.06838353474939,,289185049151438.75,342458.3739048522,0.21258659226737492,1
sep-ipop-w60,10,111022,1266,1881088,846.90766779581702,,835875265747204.88,62826.241067563293,0.13828835788646793,1
sep-ipop-w60,10,111022,1278,1905664,842.61123657226562,,1535621931741947.8,27129.061264488046,0.073296285102620456,1
sep-ipop-w60,10,111022,1291,1932288,837.4072151184082,,2651476185435769,29046.081463622471,0.049843207148691705,1
sep-ipop-w60,10,111022,1303,1956864,835.66741053263343,,5296408453167822,37983.058297056443,0.043989702536174832,1
sep-ipop-w60,10,111022,1315,1981440,834.66876475016272,,10239306898491068,33137.506766293722,0.034991054515757895,1
sep-ipop-w60,10,111022,1328,2008064,833.30959320068359,,19739116833688792,29960.500096571686,0.030239315424518503,1
sep-ipop-w60,10,111022,1340,2032640,832.37404378255212,,37776538338422480,29180.83915408183,0.028744175617041873,1
sep-ipop-w60,10,111022,1353,2059264,831.80498250325525,,58071004239497000,45131.198686534299,0.024110785277105775,1
sep-ipop-w60,10,111022,1365,2083840,831.1214815775553,,84407502857323280,57999.395053758504,0.024213321491524636,1
sep-ipop-w60,10,111022,1377,2108416,830.4742533365885,,1.2593054531574461e+17,60887.262134425742,0.022958802083852922,1
sep-ipop-w60,10,111022,1390,2135040,830.23455301920569,,1.7079423502248112e+17,45316.571661946633,0.01870965518918313,1
sep-ipop-w60,10,111022,1402,2159616,830.08710734049475,,2.2890604134749709e+17,63092.764432879856,0.019357462156271047,1
sep-ipop-w60,10,111022,1415,2186240,829.52816645304358,,2.8651931705922122e+17,63816.401012575123,0.016731709187850649,1
sep-ipop-w60,10,111022,1427,2210816,829.24805577596032,,3.5013252838035827e+17,65336.691673139634,0.013067771744668583,1
sep-ipop-w60,10,111022,1439,2235392,828.95322291056311,,5.0241264533345946e+17,174457.4842632121,0.012369380997493379,1
sep-ipop-w60,10,111022,1452,2262016,828.61332702636719,,8.1913149192599872e+17,527077.72780584614,0.012136114078653589,1
sep-ipop-w60,10,111022,1464,2286592,828.59981791178382,,1.2412904333926188e+18,1144528.6046753132,0.01157234486330587,1
sep-ipop-w60,10,111022,1477,2313216,828.50941721598304,,2.1225183233239608e+18,1454772.3006161824,0.010230177216877523,1
sep-ipop-w60,10,111022,1489,2337792,828.50941721598304,,2.966251570843861e+18,1926618.9688996505,0.0091498310182292035,1
sep-ipop-w60,10,111022,1501,2362368,828.47360102335608,,3.4443734456988759e+18,1603923.4756316128,0.0070829684211311476,1
sep-ipop-w60,10,111022,1514,2388992,828.38047790527344,,4.3610300499472717e+18,1828137.2173312881,0.0063594253116427768,1
sep-ipop-w60,10,111022,1526,2413568,828.37359746297204,,5.6689333408221614e+18,1973794.5266120669,0.0067324867050413328,1
sep-ipop-w60,10,111022,1539,2440192,828.22431310017907,,7.4383630798038958e+18,1830413.2438183196,0.006360390309144523,1
sep-ipop-w60,10,111022,1551,2464768,828.01204045613611,,1.3850439465591671e+19,2351441.0732743717,0.0087228506091226645,1
sep-ipop-w60,10,111022,1563,2489344,827.93835194905603,,2.2343702828448776e+19,2140357.7794551509,0.007834322489279082,1
sep-ipop-w60,10,111022,1576,2515968,827.89765167236328,,3.298330332967798e+19,5333053.2386133717,0.0065053896262822338,1
sep-ipop-w60,10,111022,1588,2540544,827.86882781982422,,3.7564388758091391e+19,13147663.842292231,0.0055886665813655711,1
sep-ipop-w60,10,111022,1601,2567168,827.84511057535804,,4.2710666916695671e+19,12776839.588306757,0.0052956886900819809,1
sep-ipop-w60,10,111022,1613,2591744,827.82747904459632,,4.4158926754839069e+19,14118599.248585826,0.0047600739598684903,1
sep-ipop-w60,10,111022,1625,2616320,827.82707722981775,,5.2838067641102254e+19,26145756.237600986,0.0052576332833943829,1
sep-ipop-w60,10,111022,1638,2642944,827.82293955485022,,6.4178376685074399e+19,45646545.093235284,0.0051013092882991372,1
sep-ipop-w60,10,111022,1650,2667520,827.82253265380859,,7.9171825528816189e+19,72543269.773922041,0.005913639745354058,1
sep-ipop-w60,10,111022,1663,2694144,827.69118626912439,,1.0579923337094737e+20,94508125.961334184,0.0062184404394742101,1
sep-ipop-w60,10,111022,1675,2718720,827.69118626912439,,1.2870750235231812e+20,97994223.207626984,0.0055216648977695583,1
sep-ipop-w60,10,111022,1687,2743296,827.69118626912439,,1.4008388845304195e+20,97009058.591243699,0.0050409915198182951,1
sep-ipop-w60,10,111022,1700,2769920,827.69118626912439,,1.7841535026500085e+20,118653812.43222804,0.0052068320022480904,1
sep-ipop-w60,10,111022,1712,2794496,827.6839599609375,,2.2204166263358115e+20,126828865.90519392,0.0056623838323903893,1
sep-ipop-w60,10,111022,1725,2821120,827.6839599609375,,2.8000533177110587e+20,112976794.25684424,0.005912440150853477,1
sep-ipop-w60,10,111022,1737,2845696,827.6839599609375,,3.3937348689771843e+20,136163124.94239935,0.0058924802922433973,1
sep-ipop-w60,10,111022,1749,2870272,827.6839599609375,,3.7316679249631845e+20,157629607.45610291,0.0055251731862950926,1
sep-ipop-w60,10,111022,1762,2896896,827.6839599609375,,4.276534064209319e+20,148612694.78415999,0.0051445874062274414,1
sep-ipop-w60,10,111022,1772,2923520,827.6839599609375,,0.53408767405009938,4.97097885909269,0.76207685013636695,2
sep-ipop-w60,10,111022,1778,2948096,827.6839599609375,,0.77619108560781069,18.707351110868725,1.0846999979461418,2
sep-ipop-w60,10,111022,1784,2972672,827.6839599609375,,0.94522722591548158,25.069187805214696,0.82481337083810125,2
sep-ipop-w60,10,111022,1790,2997248,827.6839599609375,,1.1071457337211628,28.25108385043151,0.59698044250769522,2
sep-ipop-w60,10,111022,1797,3025920,827.6839599609375,,1.289792896909594,23.013997462288735,0.45312671530653548,2
sep-ipop-w60,10,111022,1803,3050496,827.6839599609375,,1.6437577000550598,20.250041910102372,0.41914346611749759,2
sep-ipop-w60,10,111022,1809,3075072,827.6839599609375,,2.000685539475882,27.289003865659897,0.35554092729589698,2
sep-ipop-w60,10,111022,1815,3099648,827.6839599609375,,2.6213958766867984,77.96431014806835,0.32652338876728082,2
sep-ipop-w60,10,111022,1821,3124224,827.6839599609375,,3.3686729897070902,208.25975312027015,0.30398106170452616,2
sep-ipop-w60,10,111022,1828,3152896,827.6839599609375,,5.3596278828514894,321.28069880234841,0.32536486267411224,2
sep-ipop-w60,10,111022,1834,3177472,827.6839599609375,,7.9806651325666147,239.66350207175716,0.32347535731248622,2
sep-ipop-w60,10,111022,1840,3202048,827.6839599609375,,12.337356922276465,258.62540924594134,0.33664297303512369,2
sep-ipop-w60,10,111022,1846,3226624,827.6839599609375,,17.791039004678861,311.78078324011335,0.32015499263247865,2
sep-ipop-w60,10,111022,1852,3251200,827.6839599609375,,21.469043792090044,467.26412362722755,0.27025975302841504,2
sep-ipop-w60,10,111022,1859,3279872,827.6839599609375,,26.001673984595183,1284.1107258762686,0.23953257272469683,2
sep-ipop-w60,10,111022,1865,3304448,827.6839599609375,,28.713774473579683,3149.8345249523936,0.21975001243494843,2
sep-ipop-w60,10,111022,1871,3329024,827.6839599609375,,34.027268155296518,6223.6060628380783,0.22939929954292368,2
sep-ipop-w60,10,111022,1877,3353600,827.6839599609375,,40.884659397879659,7426.7729138836494,0.22941169139273157,2
sep-ipop-w60,10,111022,1884,3382272,827.6839599609375,,54.352474324153683,8472.1307972794366,0.25058011660063545,2
sep-ipop-w60,10,111022,1890,3406848,827.6839599609375,,77.059185765015116,8600.9997051261398,0.27266071226633276,2
sep-ipop-w60,10,111022,1896,3431424,827.6839599609375,,116.16742594137725,7061.3504001886668,0.28125095911933778,2
sep-ipop-w60,10,111022,1902,3456000,827.6839599609375,,159.46656638016768,6891.8434596722118,0.27133147995927337,2
sep-ipop-w60,10,111022,1908,3480576,827.6839599609375,,217.22574830140616,7497.9644932513884,0.27651763204776725,2
sep-ipop-w60,10,111022,1915,3509248,827.6839599609375,,309.74251968865025,8963.0370811611228,0.2703227051538748,2
sep-ipop-w60,10,111022,1921,3533824,827.6839599609375,,420.56576587214499,9972.9721094053893,0.26102465197536406,2
sep-ipop-w60,10,111022,1927,3558400,827.6839599609375,,540.53259528321769,17033.935777646202,0.2473782243896189,2
sep-ipop-w60,10,111022,1933,3582976,827.6839599609375,,740.18325653724321,24385.382669710365,0.25614511824936309,2
sep-ipop-w60,10,111022,1939,3607552,827.6839599609375,,1002.8180505553752,32648.605191198443,0.25852170746551073,2
sep-ipop-w60,10,111022,1946,3636224,827.6839599609375,,1393.1946187196036,35005.009767389944,0.2445983615449818,2
sep-ipop-w60,10,111022,1952,3660800,827.6839599609375,,1941.3734992297343,37387.764734950426,0.25333694394088924,2
sep-ipop-w60,10,111022,1958,3685376,827.6839599609375,,2652.8654030393382,42899.41466568633,0.25119096899468096,2
sep-ipop-w60,10,111022,1964,3709952,827.6839599609375,,3488.2990960778839,48589.041236597208,0.23993562045087943,2
sep-ipop-w60,10,111022,1970,3734528,827.6839599609375,,4737.4660888862536,50849.310474892933,0.24723079717144028,2
sep-ipop-w60,10,111022,1977,3763200,827.6839599609375,,7172.457200475933,47544.918749249213,0.25523094491927328,2
sep-ipop-w60,10,111022,1983,3787776,827.6839599609375,,10111.466102982546,43132.378799221333,0.25148101356994218,2
sep-ipop-w60,10,111022,1989,3812352,827.6839599609375,,13589.731622240957,52507.251937736226,0.24682562128159674,2
sep-ipop-w60,10,111022,1995,3836928,827.6839599609375,,18551.951006409039,61895.692046723016,0.24629750407742265,2
sep-ipop-w60,10,111022,2001,3861504,827.6839599609375,,24972.558004328519,69310.01999358098,0.23899139383200643,2
sep-ipop-w60,10,111022,2008,3890176,827.6839599609375,,35122.852140425748,63149.310720587928,0.22535706040488931,2
sep-ipop-w60,10,111022,2014,3914752,827.6839599609375,,46193.77510813898,93270.943939768447,0.2316637059490729,2
sep-ipop-w60,10,111022,2020,3939328,827.6839599609375,,61866.529345278941,106313.49757426974,0.23565032798339305,2
sep-ipop-w60,10,111022,2026,3963904,827.6839599609375,,76706.651269890965,104608.89893264514,0.22129372131865757,2
sep-ipop-w60,10,111022,2032,3988480,827.6839599609375,,103953.44783349673,104078.48392975272,0.22765784552529958,2
sep-ipop-w60,10,111022,2039,4017152,827.6839599609375,,151568.51254426656,121795.66037347096,0.23279598477181357,2
sep-ipop-w60,10,111022,2045,4041728,827.6839599609375,,206089.06363314949,115843.11428107816,0.22540236566376662,2
sep-ipop-w60,10,111022,2051,4066304,827.6839599609375,,281016.7231317609,108491.81423190905,0.22575997352941263,2
sep-ipop-w60,10,111022,2057,4090880,827.6839599609375,,379833.73327278695,109389.4679561646,0.22451072553274945,2
sep-ipop-w60,10,111022,2063,4115456,827.6839599609375,,518508.4143969444,111594.51747309546,0.22702787554127585,2
sep-ipop-w60,10,111022,2070,4144128,827.6839599609375,,739575.90078545478,119290.62441469103,0.23381875024095966,2
sep-ipop-w60,10,111022,2076,4168704,827.6839599609375,,1013343.529527614,110689.61064708745,0.23817683618291818,2
sep-ipop-w60,10,111022,2082,4193280,827.6839599609375,,1361938.2363629567,128631.19840617622,0.23912099077346496,2
sep-ipop-w60,10,111022,2088,4217856,827.6839599609375,,1847421.1247560778,132874.26670441721,0.23374037387707541,2
sep-ipop-w60,10,111022,2094,4242432,827.6839599609375,,2644842.2268712623,135362.25310188945,0.24687629955457679,2
sep-ipop-w60,10,111022,2101,4271104,827.6839599609375,,3738914.7951929863,119131.65058207534,0.23612667871144677,2
sep-ipop-w60,10,111022,2107,4295680,827.6839599609375,,4726320.9150225613,112713.38846833032,0.22011704909433366,2
sep-ipop-w60,10,111022,2113,4320256,827.6839599609375,,6213400.9377327217,125480.71598294879,0.23204822241567916,2
sep-ipop-w60,10,111022,2119,4344832,827.6839599609375,,7618840.6350671537,125300.1119436095,0.21174445467720862,2
sep-ipop-w60,10,111022,2125,4369408,827.6839599609375,,9367636.5161857065,175636.4225489494,0.21099412507519361,2
sep-ipop-w60,10,111022,2132,4398080,827.6839599609375,,11743016.941648565,212841.97175509125,0.21379608791119711,2
sep-ipop-w60,10,111022,2138,4422656,827.6839599609375,,14350659.858344335,239056.27546207843,0.20621366369304064,2
sep-ipop-w60,10,111022,2144,4447232,827.6839599609375,,18025338.202480074,323850.730333046,0.20717268995162061,2
sep-ipop-w60,10,111022,2150,4471808,827.6839599609375,,24548094.59076431,281938.70522478316,0.1929247093326803,2
sep-ipop-w60,10,111022,2156,4496384,827.6839599609375,,39757347.832692951,213131.99926882959,0.18886393523384862,2
sep-ipop-w60,10,111022,2163,4525056,827.6839599609375,,62548532.824058458,153877.16577326981,0.14740071077579356,2
sep-ipop-w60,10,111022,2169,4549632,827.6839599609375,,89916764.01142545,114991.918620911,0.12236372565099056,2
sep-ipop-w60,10,111022,2175,4574208,827.6839599609375,,122491842.79238699,120359.60295772232,0.10702241746944742,2
sep-ipop-w60,10,111022,2181,4598784,827.6839599609375,,166359278.91317135,105970.88103185546,0.087250979715177354,2
sep-ipop-w60,10,111022,2187,4623360,827.6839599609375,,220525558.03735429,128692.75176006979,0.07423757387472793,2
sep-ipop-w60,10,111022,2194,4652032,827.6839599609375,,304284943.5332908,187495.44665407395,0.067037220788204496,2
sep-ipop-w60,10,111022,2200,4676608,827.6839599609375,,401223047.45144707,193982.37938997746,0.059070972311678363,2
sep-ipop-w60,10,111022,2206,4701184,827.6839599609375,,513734253.84274489,225072.86023950501,0.052330685950301561,2
sep-ipop-w60,10,111022,2212,4725760,827.6839599609375,,695171430.51084566,230588.57144122283,0.050843721917492778,2
sep-ipop-w60,10,111022,2218,4750336,827.6839599609375,,912949415.63653791,230264.88474374913,0.049031682063960774,2
sep-ipop-w60,10,111022,2225,4779008,827.6839599609375,,1231876988.554348,182769.57687430573,0.042531919128612893,2
sep-ipop-w60,10,111022,2231,4803584,827.6839599609375,,1692600946.0545299,144148.81921589587,0.043266486600864608,2
sep-ipop-w60,10,111022,2237,4828160,827.6839599609375,,2273625996.9002714,159098.03843845183,0.041881759387127147,2
sep-ipop-w60,10,111022,2243,4852736,827.6839599609375,,3012898588.1238909,141082.02973760085,0.038486693877223345,2
sep-ipop-w60,10,111022,2249,4877312,827.6839599609375,,3927911450.1101332,125344.45148594541,0.037106905397087747,2
sep-ipop-w60,10,111022,2256,4905984,827.6839599609375,,5743334309.1105423,106356.56886574403,0.036482628038478342,2
sep-ipop-w60,10,111022,2262,4930560,827.6839599609375,,7897338871.795454,97743.170254788361,0.035272878173465194,2
sep-ipop-w60,10,111022,2268,4955136,827.6839599609375,,11228536446.394835,121182.39912625348,0.036478916940852459,2
sep-ipop-w60,10,111022,2274,4979712,827.6839599609375,,14125021432.193714,132692.63233698238,0.032053454083751688,2
sep-ipop-w60,10,111022,2280,5004288,827.6839599609375,,20660593757.338203,163665.5549225416,0.034091811395498259,2
sep-ipop-w60,10,111022,2287,5032960,827.6839599609375,,29391309911.615818,180240.64198842688,0.033198671144634956,2
sep-ipop-w60,10,111022,2293,5057536,827.6839599609375,,39969623558.766586,194579.17209210229,0.033240418876413297,2
sep-ipop-w60,10,111022,2299,5082112,827.6839599609375,,55891382143.739532,197722.21300651933,0.031366191667787972,2
sep-ipop-w60,10,111022,2305,5106688,827.6839599609375,,78311798316.584427,157982.41750454469,0.03065324060083462,2
sep-ipop-w60,10,111022,2311,5131264,827.6839599609375,,108157508770.73128,139627.90693701949,0.030152628567422724,2
sep-ipop-w60,10,111022,2318,5159936,827.6839599609375,,162025192194.84262,135354.0214238246,0.029428442675785156,2
sep-ipop-w60,10,111022,2324,5184512,827.6839599609375,,228108615650.10641,140299.63223525527,0.028712119452735416,2
sep-ipop-w60,10,111022,2330,5209088,827.6839599609375,,319383959037.28815,142779.98705889232,0.029527934169407438,2
sep-ipop-w60,10,111022,2336,5233664,827.6839599609375,,438428904081.1767,143251.38948897651,0.029270881111846527,2
sep-ipop-w60,10,111022,2342,5258240,827.6839599609375,,617879146417.40051,153753.63343630036,0.028809578709941545,2
sep-ipop-w60,10,111022,2349,5286912,827.6839599609375,,901586548039.70544,178109.28543329431,0.027627030690857455,2
sep-ipop-w60,10,111022,2355,5311488,827.6839599609375,,1206271970229.04,186653.67382028562,0.02636049583826024,2
sep-ipop-w60,10,111022,2361,5336064,827.6839599609375,,1695116189388.8401,255525.5419960969,0.028084088594476694,2
sep-ipop-w60,10,111022,2367,5360640,827.6839599609375,,2290120348979.3433,233880.55460449308,0.025669062070683462,2
sep-ipop-w60,10,111022,2373,5385216,827.6839599609375,,3126976561840.4619,310665.9933811684,0.025315868251034601,2
sep-ipop-w60,10,111022,2380,5413888,827.6839599609375,,4431041020707.9521,332569.92200161587,0.02391927436885825,2
sep-ipop-w60,10,111022,2386,5438464,827.6839599609375,,5933848638021.8125,350900.96703513031,0.022212724455242652,2
sep-ipop-w60,10,111022,2392,5463040,827.6839599609375,,8311734439251.2314,359508.30338606623,0.02180901683281487,2
sep-ipop-w60,10,111022,2398,5487616,827.6839599609375,,11358481392509.617,380764.68927637901,0.02268726351092494,2
sep-ipop-w60,10,111022,2404,5512192,827.6839599609375,,15091512625673.793,421798.69215450011,0.021430407118625441,2
sep-ipop-w60,10,111022,2411,5540864,827.6839599609375,,21728932521511.234,583355.22971024213,0.023159142958059101,2
sep-ipop-w60,10,111022,2417,5565440,827.6839599609375,,28843580104002.547,652449.27067832521,0.021931836874471256,2
sep-ipop-w60,10,111022,2423,5590016,827.6839599609375,,38705191745606.578,663262.3758013777,0.021327503618868173,2
sep-ipop-w60,10,111022,2429,5614592,827.6839599609375,,53627918109483.781,696099.81850422616,0.021124833865669882,2
sep-ipop-w60,10,111022,2435,5639168,827.6839599609375,,72449833185276.078,720315.0389053406,0.01988805364998843,2
sep-ipop-w60,10,111022,2442,5667840,827.6839599609375,,100161207173783.84,1040847.5310338528,0.018540510469248397,2
sep-ipop-w60,10,111022,2448,5692416,827.6839599609375,,132266359040353.28,1414856.4442625304,0.018863134801362785,2
sep-ipop-w60,10,111022,2454,5716992,827.6839599609375,,193854715908545.03,1661549.3042511726,0.017899197831455622,2
sep-ipop-w60,10,111022,2460,5741568,827.6839599609375,,273108173149799.41,1911682.0529013108,0.017532145795316922,2
sep-ipop-w60,10,111022,2466,5766144,827.6839599609375,,383795701792521.19,2018695.2582583926,0.01754737622323076,2
sep-ipop-w60,10,111022,2473,5794816,827.6839599609375,,586779815024579.75,3288048.578259299,0.017362048630140521,2
sep-ipop-w60,10,111022,2479,5819392,827.6839599609375,,807566763646753.38,4446450.3260832503,0.018245948898250403,2
sep-ipop-w60,10,111022,2485,5843968,827.6839599609375,,1151239936664546.2,4899008.0522793243,0.01674441073051823,2
sep-ipop-w60,10,111022,2491,5868544,827.6839599609375,,1655343022860265,6891414.7964634225,0.017514484327283669,2
sep-ipop-w60,10,111022,2497,5893120,827.6839599609375,,2367134629464873,7890996.1679674443,0.016798645787501572,2
sep-ipop-w60,10,111022,2504,5921792,827.6839599609375,,3493571213959475.5,9771340.0287670027,0.014870593412418158,2
sep-ipop-w60,10,111022,2510,5946368,827.6839599609375,,4942105615752614,10420262.069690665,0.014656975245900292,2
sep-ipop-w60,10,111022,2516,5970944,827.6839599609375,,7418307411199551,13281132.351510253,0.015535792901971879,2
sep-ipop-w60,10,111022,2522,5995520,827.6839599609375,,10346769110786332,14832742.255036488,0.015605300068480659,2
sep-ipop-w60,10,111022,2528,6020096,827.6839599609375,,14987251015964438,12513216.623873074,0.014965619902236523,2
sep-ipop-w60,10,111022,2535,6048768,827.6839599609375,,22116072599300756,11902166.132046377,0.015006112634052448,2
sep-ipop-w60,10,111022,2541,6073344,827.6839599609375,,33105050916706960,13003281.370438004,0.015535122743912605,2
sep-ipop-w60,10,111022,2547,6097920,827.6839599609375,,43098165094686248,14594406.381572997,0.014766600540456459,2
sep-ipop-w60,10,111022,2553,6122496,827.6839599609375,,62182231136316280,13370428.847288791,0.014653607022914928,2
sep-ipop-w60,10,111022,2559,6147072,827.6839599609375,,89472940040289216,12384985.538517391,0.014401495461801946,2
sep-ipop-w60,10,111022,2566,6175744,827.6839599609375,,1.3396595898500538e+17,14230038.280508002,0.013604788879688495,2
sep-ipop-w60,10,111022,2572,6200320,827.6839599609375,,1.864385319400609e+17,13654429.64371681,0.013623644749947469,2
sep-ipop-w60,10,111022,2578,6224896,827.6839599609375,,2.7024915232843818e+17,15881398.27113446,0.01443755716663086,2
sep-ipop-w60,10,111022,2584,6249472,827.6839599609375,,3.7600079192345818e+17,13865517.643684484,0.013497918316782202,2
sep-ipop-w60,10,111022,2590,6274048,827.6839599609375,,5.4834928706838138e+17,11732808.431082157,0.013609948029518027,2
sep-ipop-w60,10,111022,2597,6302720,827.6839599609375,,8.2063742613122842e+17,11629018.735007279,0.013186098790684525,2
sep-ipop-w60,10,111022,2603,6327296,827.6839599609375,,1.2284904453259863e+18,12473179.129774967,0.014121514239218305,2
sep-ipop-w60,10,111022,2609,6351872,827.6839599609375,,1.7459496961204902e+18,11970483.253708769,0.014019108833960308,2
sep-ipop-w60,10,111022,2615,6376448,827.6839599609375,,2.5142638101962573e+18,16730438.538089281,0.014964464026616081,2
sep-ipop-w60,10,111022,2621,6401024,827.6839599609375,,3.5081484433773548e+18,13998765.519234149,0.014410571747001182,2
sep-ipop-w60,10,111022,2628,6429696,827.6839599609375,,5.199555066306305e+18,12014799.117414989,0.013010446150538257,2
sep-ipop-w60,10,111022,2634,6454272,827.6839599609375,,7.6493550083085865e+18,10446977.064505976,0.013407517119119023,2
sep-ipop-w60,10,111022,2640,6478848,827.6839599609375,,1.1055935904344826e+19,12000113.641342038,0.013493213616184177,2
sep-ipop-w60,10,111022,2646,6502400,827.6839599609375,,1.5948471358949001e+19,10920765.740071563,0.01309753031238973,2
sep-ipop-l20,11,111023,1,20,33964.165002187096,,0.2722661694129076,1.0536675661666057,0.26756092414457794,0
sep-ipop-l20,11,111023,10,200,3017.1744969685874,,0.21458893463052711,1.4781550919903159,0.22607234905132131,0
sep-ipop-l20,11,111023,20,400,1789.5326245625813,,0.19082648127846144,1.9627453629595526,0.2115754810864468,0
sep-ipop-l20,11,111023,80,1600,1528.580960591634,,0.10319420336626722,4.8000425326667093,0.13095762947889375,0
sep-ipop-l20,11,111023,1288,25760,1187.5319849650066,,0.00018368390468429823,264237.67285435792,0.00034004626856356943,0
sep-ipop-l20,11,111023,2376,52220,1187.5186564127605,,0.066034156150899789,409.61722962271534,0.076912654435802211,1
sep-ipop-l20,11,111023,2977,76260,1075.8436419169109,,0.0090192196238681414,902953.22174717719,0.008361939322245231,1
sep-ipop-l20,11,111023,3630,102380,1074.7939796447754,,0.00087929568675029746,441880448.02057725,0.00064530342780367254,1
sep-ipop-l20,11,111023,4003,129340,1074.7869313557942,,0.24271893963388616,3109.1765857082219,0.048422759494136609,2
sep-ipop-l20,11,111023,4293,152540,914.57098134358728,,3.3330501770941652,50144.42807872899,0.02920152785039775,2
sep-ipop-l20,11,111023,4613,178140,908.61476262410486,,0.8488223495229994,7983997.3952583792,0.0023432276298587062,2
sep-ipop-l20,11,111023,4884,210220,908.60791015625,,0.67610908153590887,11536.691395710448,0.18429355187795299,3
sep-ipop-l20,11,111023,5016,231340,908.60791015625,,9.5740745473930033,7428.9205867207929,0.19109550238741177,3
sep-ipop-l20,11,111023,5214,263020,908.60791015625,,557.67965771794036,2720.7445278887253,0.025733697967026525,3
sep-ipop-l20,11,111023,5346,284140,908.60791015625,,2462.2047014757109,260566.16499151877,0.0099111563490101671,3
sep-ipop-l20,11,111023,5478,305260,908.60791015625,,2119.2683102144133,890520.13771549379,0.0015558878849713117,3
sep-ipop-l20,11,111023,5676,344300,908.60791015625,,1.6328559886981338,280.66265737929041,0.29919724206798393,4
sep-ipop-l20,11,111023,5742,365420,908.60791015625,,14.201685283137712,3483.2336191265167,0.26123560989271394,4
sep-ipop-l20,11,111023,5808,386540,908.60791015625,,171.93594323471029,25688.912099961726,0.24661316677582509,4
sep-ipop-l20,11,111023,5874,407660,908.60791015625,,1835.6064557243678,319281.20028879074,0.19816430316342531,4
sep-ipop-l20,11,111023,6006,449900,908.60791015625,,113813.259618686,157765.83002901793,0.017849277162955417,4
sep-ipop-l20,11,111023,6072,471020,908.60791015625,,220222.94119851355,4976096.680243127,0.005554672892798632,4
sep-ipop-l20,11,111023,6138,492140,908.60791015625,,422560.49069110194,42994203.310217485,0.005745011470962613,4
sep-ipop-l20,11,111023,6204,513260,908.60791015625,,1207004.9868759462,1908878214.1685081,0.0045919215110192318,4
sep-ipop-l20,11,111023,6270,534380,908.60791015625,,1899293.4436107343,6706041170.5737324,0.0030260274168257798,4
sep-ipop-l20,11,111023,6336,567340,908.60791015625,,1.1607541132035453,65.443854911812537,0.28107927853097836,5
sep-ipop-l20,11,111023,6402,609580,908.60791015625,,11.999993800537558,2801.774569167691,0.2260559329414176,5
sep-ipop-l20,11,111023,6468,651820,908.60791015625,,132.11416047615305,55111.094095972257,0.23103278687093551,5
sep-ipop-l20,11,111023,6534,694060,908.60791015625,,1089.5802511724273,288617.97701233003,0.21342390533860883,5
sep-ipop-l20,11,111023,6600,736300,908.60791015625,,5257.9354819659375,25001430.615848657,0.19090765379037147,5
sep-ipop-l20,11,111023,6666,778540,908.60791015625,,52772.533325288816,286536.38198727369,0.031452456554043995,5
sep-ipop-l20,11,111023,6732,820780,908.60791015625,,186143.70656907046,1739781954.9046628,0.034687527421263069,5
sep-ipop-l20,11,111023,6798,863020,908.60791015625,,576886.83680089132,9705531506.1499386,0.02631049072139376,5
sep-ipop-l20,11,111023,6864,905260,908.60791015625,,1135632.6385567512,61772622661.970314,0.035643038727051442,5
sep-ipop-l20,11,111023,6930,947500,908.60791015625,,1073564.585669873,297594342759.22028,0.026770051552866811,5
sep-ipop-l20,11,111023,6996,1000620,908.60791015625,,1.0037308773601012,13.390926226672454,0.67924996175465358,6
sep-ipop-l20,11,111023,7062,1085100,908.60791015625,,9.6880177563118242,1582.5083319862683,0.2539330048881912,6
sep-ipop-l20,11,111023,7128,1169580,908.60791015625,,164.34158284924578,7259.3740311292304,0.22712529033317083,6
sep-ipop-l20,11,111023,7194,1254060,908.60791015625,,10137.757427223351,8607.6168140227201,0.27568110558216286,6
sep-ipop-l20,11,111023,7260,1338540,908.60791015625,,331493.7656439268,56342.637352162019,0.24418204807048857,6
sep-ipop-l20,11,111023,7326,1423020,908.60791015625,,11562435.328539303,8570.1121324407031,0.12875126373002346,6
sep-ipop-l20,11,111023,7392,1507500,908.60791015625,,496496792.09338045,1137.2701040100685,0.025801069384071628,6
sep-ipop-l20,11,111023,7458,1591980,908.60791015625,,16376120519.971289,2077.4304492799783,0.021787174700226196,6
sep-ipop-l20,11,111023,7524,1676460,908.60791015625,,95331638997.325378,13689.88435608938,0.018255398826516524,6
sep-ipop-l20,11,111023,7590,1760940,908.60791015625,,310428291356.03284,266487.28161172179,0.0063740417891671522,6
sep-ipop-l20,11,111023,7656,1845420,908.60791015625,,1639343667668.793,20112977.955454011,0.0061682948165151371,6
sep-ipop-l20,11,111023,7722,1929900,908.60791015625,,7841924810626.8857,88038050.445267379,0.0057724530312089403,6
sep-ipop-l20,11,111023,7788,2014380,908.60791015625,,16082603757378.389,238581259.21341249,0.0050165828226167138,6
sep-ipop-l20,11,111023,7854,2098860,908.60791015625,,66577486012016.047,1252076476.859586,0.0062634329181625002,6
sep-ipop-l20,11,111023,7920,2183340,908.60791015625,,56295747019902.633,2383654522.6526723,0.0039949073973533271,6
sep-ipop-l20,11,111023,7986,2267820,908.60791015625,,107765080020029.03,5146749730.926115,0.0046529466971450169,6
sep-ipop-l20,11,111023,8052,2352300,908.60791015625,,95396501866694.297,8200541191.5488071,0.003710523387778557,6
sep-ipop-l20,11,111023,8118,2436780,908.60791015625,,110277498052837.16,6998632713.1136246,0.0029646986566003162,6
sep-ipop-l20,11,111023,8184,2521260,908.60791015625,,160721932993725.25,12276438004.762119,0.0043666641114756179,6
sep-ipop-l20,11,111023,8250,2605740,908.60791015625,,167478539945888,10259029572.730049,0.0030348744699770927,6
sep-ipop-l20,11,111023,8316,2696620,908.60791015625,,0.62260240724552229,6.5137302087148452,1.0175423343149275,7
sep-ipop-l20,11,111023,8382,2865580,908.60791015625,,9.3899494614842531,410.88948296490605,0.29748666825300307,7
sep-ipop-l20,11,111023,8448,3034540,908.60791015625,,157.36679265702233,2383.7794721965242,0.27080882608016488,7
sep-ipop-l20,11,111023,8514,3203500,908.60791015625,,7289.8273163317417,3354.5187359885808,0.26091747618556199,7
sep-ipop-l20,11,111023,8580,3372460,908.60791015625,,244318.77794073979,36512.097211299697,0.21414119917308283,7
sep-ipop-l20,11,111023,8646,3541420,908.60791015625,,49717392.285430603,974.43029486599517,0.089133746070043235,7
sep-ipop-l20,11,111023,8712,3710380,908.60791015625,,4286190048.51092,1208.2498442412325,0.028390637458844462,7
sep-ipop-l20,11,111023,8778,3879340,908.60791015625,,275088325789.54346,1972.6743164649517,0.022244369666653305,7
sep-ipop-l20,11,111023,8844,4048300,908.60791015625,,1736511273953.5718,6301.3208061297628,0.0086991693251755424,7
sep-ipop-l20,11,111023,8910,4217260,908.60791015625,,14207458929392.494,60031.661967096261,0.0040336289742900749,7
sep-ipop-l20,11,111023,8976,4386220,908.60791015625,,113255214313754.02,1867796.4442277665,0.0052849488592409243,7
sep-ipop-l20,11,111023,9042,4555180,908.60791015625,,1117974939270114.4,192677208.4542487,0.0051426727914759829,7
sep-ipop-l20,11,111023,9108,4724140,908.60791015625,,20939646153376180,164070697.20972914,0.0044871084737662372,7
sep-ipop-l20,11,111023,9174,4893100,908.60791015625,,1.5627203317241882e+17,390654669.50735307,0.0043488854581885021,7
sep-ipop-l20,11,111023,9240,5062060,908.60791015625,,3.2899792291108621e+17,484899445.65052247,0.0027088734593646636,7
sep-ipop-l20,11,111023,9306,5231020,908.60791015625,,3.1278907723223494e+17,449520402.61225671,0.0022767152736935608,7
sep-ipop-l20,11,111023,9372,5399980,908.60791015625,,3.7313693748678266e+17,468132917.25466996,0.0025339826002748747,7
sep-ipop-l20,11,111023,9438,5568940,908.60791015625,,3.3677496554585043e+17,383452911.15334636,0.0016994734794748719,7
sep-ipop-l20,11,111023,9504,5819820,908.60791015625,,1.3538553278387377,26.177385861199234,0.51434222551864306,8
sep-ipop-l20,11,111023,9570,6157740,908.60791015625,,23.457176615036268,1888.9704306616832,0.30144344500240283,8
sep-ipop-l20,11,111023,9636,6495660,908.60791015625,,1036.0066487073368,2248.203004829501,0.29271708538197483,8
sep-ipop-l20-w102,11,111023,1,20,33964.165002187096,,0.2722661694129076,1.0536675661666057,0.26756092414457794,0
sep-ipop-l20-w102,11,111023,10,200,3017.1744969685874,,0.21458893463052711,1.4781550919903159,0.22607234905132131,0
sep-ipop-l20-w102,11,111023,20,400,1789.5326245625813,,0.19082648127846144,1.9627453629595526,0.2115754810864468,0
sep-ipop-l20-w102,11,111023,80,1600,1528.580960591634,,0.10319420336626722,4.8000425326667093,0.13095762947889375,0
sep-ipop-l20-w102,11,111023,1288,25760,1187.5319849650066,,0.00018368390468429823,264237.67285435792,0.00034004626856356943,0
sep-ipop-l20-w102,11,111023,2244,51200,1187.5186564127605,,0.043288976467715984,1558.2700902898534,0.054738990227976063,1
sep-ipop-l20-w102,11,111023,2904,77600,1187.5186564127605,,0.0012721191097279764,6481595.2569868723,0.00096751514789034435,1
sep-ipop-l20-w102,11,111023,3366,104240,1187.5186564127605,,0.26610026260560121,1678.1127114373485,0.15727266065026907,2
sep-ipop-l20-w102,11,111023,3664,128080,1029.0623296101887,,0.78826051591664459,1496.9549738273488,0.0090464450525393567,2
sep-ipop-l20-w102,11,111023,3982,153520,1026.6294822692871,,0.065888827407087985,33279300.419396769,0.00045402249243532261,2
sep-ipop-l20-w102,11,111023,4224,182400,1026.6280682881672,,1.001932711222089,2860.346581395358,0.27266048227983652,3
sep-ipop-l20-w102,11,111023,4355,203360,941.97876103719079,,8.7204653789067876,2718.4360660639859,0.076416389525361172,3
sep-ipop-l20-w102,11,111023,4515,228960,872.77875773111975,,497.23655840527124,63201.3894444736,0.11040373992070381,3
sep-ipop-l20-w102,11,111023,4673,254240,853.46110788981116,,953.52034187742913,175325.91801830285,0.0086812041839098176,3
sep-ipop-l20-w102,11,111023,4833,279840,852.89976755777991,,1181.1098720281841,5862468.5017786855,0.0018680679188811163,3
sep-ipop-l20-w102,11,111023,5016,309120,852.89491399129236,,4380.5330285357559,4351074821.2426987,0.0094345488006306166,3
sep-ipop-l20-w102,11,111023,5148,347360,852.89491399129236,,14.532698556530985,2522.0797244233045,0.22038359774652863,4
sep-ipop-l20-w102,11,111023,5214,368480,852.89491399129236,,266.67822392074527,13613.386478409147,0.15064074999073002,4
sep-ipop-l20-w102,11,111023,5280,389600,852.89491399129236,,4393.3780751062632,8185.3039190335376,0.080481744295294852,4
sep-ipop-l20-w102,11,111023,5346,410720,852.89491399129236,,119942.8177820717,48950.794392133088,0.081338550537115945,4
sep-ipop-l20-w102,11,111023,5412,431840,852.89491399129236,,230094.84619639342,1374954.7776779931,0.043303664252540695,4
sep-ipop-l20-w102,11,111023,5544,474080,852.89491399129236,,969565.19991999981,61297755806.176628,0.061071200405806186,4
sep-ipop-l20-w102,11,111023,5610,495200,852.89491399129236,,1776892.4320184556,449096148628.31561,0.051468716103459204,4
sep-ipop-l20-w102,11,111023,5676,524000,852.89491399129236,,0.94047727605489551,13.670957677622159,0.39248910361582218,5
sep-ipop-l20-w102,11,111023,5742,566240,852.89491399129236,,8.4277984414519782,2163.1398751294264,0.2468133738897445,5
sep-ipop-l20-w102,11,111023,5808,608480,852.89491399129236,,166.09380658771778,34074.831341959063,0.28042100439535922,5
sep-ipop-l20-w102,11,111023,5874,650720,852.89491399129236,,7690.259620196638,11921.839948113375,0.13624640034996846,5
sep-ipop-l20-w102,11,111023,5940,692960,852.89491399129236,,153026.63298359004,32228.638034813768,0.10109703625861517,5
sep-ipop-l20-w102,11,111023,6006,735200,852.89491399129236,,1848250.3267212305,59690.089933572388,0.089554087499667326,5
sep-ipop-l20-w102,11,111023,6072,777440,852.89491399129236,,33096660.893977981,856475.84640502988,0.10362644717530871,5
sep-ipop-l20-w102,11,111023,6138,819680,852.89491399129236,,106924886.92690448,674682.83234275796,0.01105142308122486,5
sep-ipop-l20-w102,11,111023,6204,861920,852.89491399129236,,221391375.12707007,4172189.6253509652,0.0073699113824965299,5
sep-ipop-l20-w102,11,111023,6270,904160,852.89491399129236,,427588624.35948199,138388965.1751273,0.0054239745538616499,5
sep-ipop-l20-w102,11,111023,6336,946400,852.89491399129236,,1071451050.8515478,589769879.97588921,0.0035596765428621033,5
sep-ipop-l20-w102,11,111023,6402,988640,852.89491399129236,,1488941501.66643,6038681845.8666115,0.0032824480866489513,5
sep-ipop-l20-w102,11,111023,6468,1031520,852.89491399129236,,0.36734082176144195,1.6884491502815735,0.44233625435613166,6
sep-ipop-l20-w102,11,111023,6534,1116000,852.89491399129236,,3.9630370555106467,1068.6416364554129,0.23013173301278742,6
sep-ipop-l20-w102,11,111023,6600,1200480,852.89491399129236,,55.917817613389481,9838.5992786256284,0.26225903736665579,6
sep-ipop-l20-w102,11,111023,6666,1284960,852.89491399129236,,1820.9618887712354,18142.542932078191,0.25271341057119123,6
sep-ipop-l20-w102,11,111023,6732,1369440,852.89491399129236,,69542.346235595469,51616.628274553113,0.24619456324866601,6
sep-ipop-l20-w102,11,111023,6798,1453920,852.89491399129236,,9526248.1486112121,57951.614380783205,0.27283523184503822,6
sep-ipop-l20-w102,11,111023,6864,1538400,852.89491399129236,,720123428.37407541,47422.084901507813,0.24984442419522598,6
sep-ipop-l20-w102,11,111023,6930,1622880,852.89491399129236,,32463223712.956612,370945.6141846996,0.21907996397706631,6
sep-ipop-l20-w102,11,111023,6996,1707360,852.89491399129236,,761871388408.35974,4754060.4010541635,0.22994677694822541,6
sep-ipop-l20-w102,11,111023,7062,1791840,852.89491399129236,,6587662977964.9199,19918102.376412202,0.21598858693620651,6
sep-ipop-l20-w102,11,111023,7128,1876320,852.89491399129236,,20983829010025.223,4988189765.9752998,0.18328270496367594,6
sep-ipop-l20-w102,11,111023,7194,1960800,852.89491399129236,,107399821028273.7,150930358915.6973,0.19955084839683734,6
sep-ipop-l20-w102,11,111023,7260,2045280,852.89491399129236,,482953856709274.5,307794266546.16541,0.21126224239707569,6
sep-ipop-l20-w102,11,111023,7326,2129760,852.89491399129236,,3123955010301937,261065595294.35443,0.21934139553069809,6
sep-ipop-l20-w102,11,111023,7392,2214240,852.89491399129236,,11528877208077562,573418719881.20532,0.1204243640365745,6
sep-ipop-l20-w102,11,111023,7458,2298720,852.89491399129236,,27993439160144552,343374935523.995,0.076333689622175946,6
sep-ipop-l20-w102,11,111023,7524,2417760,852.89491399129236,,1.3802916558419318,14.410482979030347,0.35766762864485674,7
sep-ipop-l20-w102,11,111023,7590,2586720,852.89491399129236,,13.16794464935038,2995.7707271264544,0.26574716526483505,7
sep-ipop-l20-w102,11,111023,7656,2755680,852.89491399129236,,412.88228385999963,1835.9921368167666,0.26997867648841561,7
sep-ipop-l20-w102,11,111023,7722,2924640,852.89491399129236,,27747.376400570782,44648.676217343476,0.25705819569081118,7
sep-ipop-l20-w102,11,111023,7788,3093600,852.89491399129236,,1906585.8024502243,203109.25922706336,0.24238477811552608,7
sep-ipop-l20-w102,11,111023,7854,3262560,852.89491399129236,,70797237.969476819,38286.707521618344,0.074819554082488485,7
sep-ipop-l20-w102,11,111023,7920,3431520,852.89491399129236,,579526586.23091793,306500.12466610508,0.051710219987136999,7
sep-ipop-l20-w102,11,111023,7986,3600480,852.89491399129236,,7925625731.6939507,319687.31652014254,0.049274003650833217,7
sep-ipop-l20-w102,11,111023,8052,3769440,852.89491399129236,,78559931374.09874,3637384.3099403493,0.049833478320794738,7
sep-ipop-l20-w102,11,111023,8118,3938400,852.89491399129236,,758028336348.75574,141920145.45444024,0.053663610075881781,7
sep-ipop-l20-w102,11,111023,8184,4107360,852.89491399129236,,32366349515973.875,108505214.14908114,0.050146600853564947,7
sep-ipop-l20-w102,11,111023,8250,4276320,852.89491399129236,,1429993155815270.8,199517204.95672926,0.051841976675037857,7
sep-ipop-l20-w102,11,111023,8316,4445280,852.89491399129236,,69389510061982176,140903688.01536959,0.051818052863854963,7
sep-ipop-l20-w102,11,111023,8382,4614240,852.89491399129236,,3.2551147089815654e+18,164861869.49851018,0.054434880725748036,7
sep-ipop-l20-w102,11,111023,8448,4783200,852.89491399129236,,1.7086483492770687e+20,170613359.07045484,0.052621379144569255,7
sep-ipop-l20-w102,11,111023,8514,4952160,852.89491399129236,,8.786596642330978e+21,204461181.64442003,0.048884036981132896,7
sep-ipop-l20-w102,11,111023,8580,5121120,852.89491399129236,,5.4995210249234747e+23,135794775.40786958,0.05073409073057919,7
sep-ipop-l20-w102,11,111023,8646,5290080,852.89491399129236,,3.3874425271742767e+25,162578538.65063721,0.059877340540085998,7
sep-ipop-l20-w102,11,111023,8712,5459040,852.89491399129236,,1.9839778557010163e+27,134560537.52262026,0.049590494591605833,7
sep-ipop-l20-w102,11,111023,8778,5628000,852.89491399129236,,1.4659040820765755e+29,116869432.52121285,0.05078238415831713,7
sep-ipop-l20-w102,11,111023,8844,5796960,852.89491399129236,,1.0712008935927566e+31,58816279.717959188,0.051779094923166361,7
sep-ipop-l20-w102,11,111023,8910,5965920,852.89491399129236,,7.1726097541640485e+32,76982960.330200478,0.052299059427916926,7
sep-ipop-l20-w102,11,111023,8976,6134880,852.89491399129236,,6.5904515556068205e+34,57726387.232647173,0.058999849064999228,7
sep-ipop-l20-w102,11,111023,9042,6303840,852.89491399129236,,5.190595150530635e+36,48659012.603735909,0.057103097748837706,7
sep-ipop-l20-w102,11,111023,9108,6472800,852.89491399129236,,4.4806640968554882e+38,22836993.378456492,0.056510954951038868,7
sep-ipop,11,111023,1,1024,14690.909528096518,,0.29132847126417183,6.0091351385282312,0.11600506723829133,0
sep-ipop,11,111023,5,5120,1740.7025833129883,,0.83983816013126822,28.784462177896508,0.66201453474204852,0
sep-ipop,11,111023,10,10240,1700.1507873535156,,1.5542147784875844,12.655096375324266,0.59946712095432753,0
sep-ipop,11,111023,20,20480,1656.9219996134441,,2.3862468029381967,4.7258247747013664,0.30665524922683024,0
sep-ipop,11,111023,25,25600,1656.9219996134441,,2.4810403247301922,11.089305023136163,0.2385579131287516,0
sep-ipop,11,111023,40,40960,1542.1928812662761,,4.7526607064796371,214.34557575638939,0.25890648155932777,0
sep-ipop,11,111023,50,51200,1437.480172475179,,6.7675295223294913,283.98784993964335,0.25837019132901695,0
sep-ipop,11,111023,75,76800,1348.0470631917317,,14.918805920692838,704.02566124448242,0.21592266156288814,0
sep-ipop,11,111023,80,81920,1348.0470631917317,,18.49471447456655,1221.7017485923623,0.22015622220849834,0
sep-ipop,11,111023,100,102400,1299.8595301310222,,33.79887284129012,5042.681363626104,0.23077304554369163,0
sep-ipop,11,111023,125,128000,1277.4211285909016,,86.475019255461348,16857.306278462289,0.22970104576225353,0
sep-ipop,11,111023,149,152576,1246.3629506429036,,400.79587752059103,14468.869491344389,0.24911428555724405,0
sep-ipop,11,111023,160,163840,1199.6829922993977,,921.39995611327197,6028.6637360463837,0.2475646257601343,0
sep-ipop,11,111023,174,178176,1159.8490905761719,,1898.7719868006436,4935.0897410354537,0.22083290298648042,0
sep-ipop,11,111023,199,203776,1132.1973813374836,,3492.3751941455344,30230.822888378127,0.20530877776716189,0
sep-ipop,11,111023,224,229376,1117.874361673991,,9423.6707082184548,43406.25318878649,0.19938257025335948,0
sep-ipop,11,111023,249,254976,1113.8341674804688,,24684.522037252675,64858.41341944415,0.15532589058799831,0
sep-ipop,11,111023,255,261120,1112.6202163696289,,29696.315204710696,42513.400764885759,0.1505671816038521,0
sep-ipop,11,111023,273,279552,1107.6609115600586,,107825.31604906838,29135.983569374454,0.17987484610729151,0
sep-ipop,11,111023,298,305152,1102.6446901957195,,371585.40004675993,22498.149172626516,0.12828253873961917,0
sep-ipop,11,111023,323,330752,1097.862247467041,,3187247.3902026112,23549.429955070929,0.16908979977544852,0
sep-ipop,11,111023,348,356352,1056.8977801005046,,44720887.162372641,2769.7835488074206,0.15768224474110354,0
sep-ipop,11,111023,373,381952,1016.553160349528,,162356011.37653479,5480.4406962639314,0.096691424550228097,0
sep-ipop,11,111023,397,406528,996.25212224324548,,557973792.47115088,5092.4756549829226,0.070634143654483034,0
sep-ipop,11,111023,422,432128,983.83509190877282,,2087906075.7739637,3527.4612400478049,0.055642332847048316,0
sep-ipop,11,111023,447,457728,977.76834233601892,,8070199614.7349844,5682.4469258464196,0.044345905345796847,0
sep-ipop,11,111023,472,483328,974.52089691162109,,31399304568.283508,4073.2480129317423,0.031671273066785834,0
sep-ipop,11,111023,497,508928,972.11809794108069,,92109629113.678482,5900.0893236930251,0.022164510658989708,0
sep-ipop,11,111023,521,533504,970.56136322021484,,304056333481.09052,8259.4364173461745,0.022011815498522391,0
sep-ipop,11,111023,546,559104,969.37493896484375,,703513695756.8075,4249.5101076351966,0.014377541664370646,0
sep-ipop,11,111023,571,584704,968.90021769205725,,1222663451304.1035,6597.9320112163859,0.013214130200211765,0
sep-ipop,11,111023,596,610304,968.27409617106116,,1674381821747.2039,15021.077078686838,0.00921725091180234,0
sep-ipop,11,111023,621,635904,967.77921295166016,,3315120410877.665,81217.399940932679,0.0073336042227858198,0
sep-ipop,11,111023,645,660480,967.55884679158532,,4939158751852.0928,461250.00097520341,0.0053758120152264223,0
sep-ipop,11,111023,670,686080,967.39799880981445,,9990198276676.1504,2170980.1694349642,0.0065017169642874392,0
sep-ipop,11,111023,695,711680,967.29279581705725,,21402493241060.496,2840940.669962645,0.0054894355356113018,0
sep-ipop,11,111023,720,737280,967.19518915812171,,51265546481069.805,2259727.5195937138,0.0050045901825062451,0
sep-ipop,11,111023,745,762880,967.13019434610999,,115049576992186.11,6970122.229112274,0.0056364946041768419,0
sep-ipop,11,111023,769,787456,967.06006622314453,,284911092069539.44,18420542.41426225,0.0058363160960220022,0
sep-ipop,11,111023,794,813056,967.02552922566736,,508364879365628.12,38689425.4250907,0.0043249321727961516,0
sep-ipop,11,111023,819,838656,966.99102656046546,,647674112978861.62,63502090.314045124,0.0048809130075052384,0
sep-ipop,11,111023,844,864256,966.9814338684082,,935452807569340.5,171407814.2775538,0.0043471522584420906,0
sep-ipop,11,111023,869,889856,966.97221374511719,,1315486716118943.2,452273998.91029251,0.004198723029822121,0
sep-ipop,11,111023,893,914432,966.95911534627282,,3197976366514037,640504532.43251598,0.0056663997098527511,0
sep-ipop,11,111023,918,940032,966.92244084676111,,8723124900855543,354925139.70546293,0.0051182253931950292,0
sep-ipop,11,111023,943,965632,966.92199198404944,,14595135654710792,929646227.87840211,0.004610832931389355,0
sep-ipop,11,111023,968,991232,966.92156855265296,,17091531261394824,1967146500.7952371,0.003689487698419635,0
sep-ipop,11,111023,993,1016832,966.92156855265296,,37255991792992840,1381085614.9376462,0.0045504150344570513,0
sep-ipop,11,111023,1017,1041408,966.92156855265296,,33259812960606220,1105318032.2959318,0.0026954530113155288,0
sep-ipop,11,111023,1042,1067008,966.92156855265296,,33519563849162064,1407729669.6124718,0.0030135301391149938,0
sep-ipop,11,111023,1067,1092608,966.92156855265296,,27812361191652596,1248292357.1958141,0.002158265227585819,0
sep-ipop,11,111023,1081,1118208,966.92156855265296,,0.77433196877575416,13.726541947997609,0.84601053529122472,1
sep-ipop,11,111023,1094,1144832,966.92156855265296,,1.0244958702340266,8.9963345806276021,0.37039351203418336,1
sep-ipop,11,111023,1106,1169408,966.92156855265296,,1.6178048100519793,39.121975032150871,0.32423288538504325,1
sep-ipop,11,111023,1118,1193984,966.92156855265296,,2.7353870795734485,155.39951618368741,0.28459474631663739,1
sep-ipop,11,111023,1131,1220608,966.92156855265296,,4.4076442771053159,1028.738572893762,0.26847331940962199,1
sep-ipop,11,111023,1143,1245184,966.92156855265296,,7.5885729522709457,3683.1081741098183,0.26919400501641794,1
sep-ipop,11,111023,1156,1271808,966.92156855265296,,11.117597550324932,10803.077633521039,0.24356557474976392,1
sep-ipop,11,111023,1168,1296384,966.92156855265296,,15.544036928022932,24684.464884307858,0.25235216440779179,1
sep-ipop,11,111023,1180,1320960,966.92156855265296,,24.652178911759826,25679.187876183081,0.2554448901630576,1
sep-ipop,11,111023,1193,1347584,966.92156855265296,,40.526202092637071,19600.286635211643,0.24908228406029512,1
sep-ipop,11,111023,1205,1372160,966.92156855265296,,73.542275692460848,18737.028314723069,0.26139660680368271,1
sep-ipop,11,111023,1218,1398784,966.92156855265296,,136.11418615152482,13416.940595795422,0.23661266580703466,1
sep-ipop,11,111023,1230,1423360,966.92156855265296,,251.95405784420606,12172.358999729733,0.26951358707829048,1
sep-ipop,11,111023,1242,1447936,966.92156855265296,,453.68108887102801,15724.427270257413,0.25302737030523642,1
sep-ipop,11,111023,1255,1474560,966.92156855265296,,865.04912916980504,23209.131774342866,0.24704788442416317,1
sep-ipop,11,111023,1267,1499136,966.92156855265296,,1696.8815577449852,24750.949615723952,0.24347737878561565,1
sep-ipop,11,111023,1280,1525760,966.92156855265296,,3854.8871402824875,36558.840981950845,0.26188005174958812,1
sep-ipop,11,111023,1292,1550336,966.92156855265296,,7383.9728388243166,37142.634883309955,0.25084852117195561,1
sep-ipop,11,111023,1304,1574912,966.92156855265296,,14679.402705304494,53896.701223683842,0.24506898203043842,1
sep-ipop,11,111023,1317,1601536,966.92156855265296,,27336.423851392548,74394.190469969792,0.24272069654134681,1
sep-ipop,11,111023,1329,1626112,966.92156855265296,,53995.203630500313,68844.595918344712,0.23705694197440022,1
sep-ipop,11,111023,1342,1652736,966.92156855265296,,102741.15265961172,67751.289032934001,0.23591448060008816,1
sep-ipop,11,111023,1354,1677312,966.92156855265296,,180535.6860166736,121717.66714253416,0.24460164927964834,1
sep-ipop,11,111023,1366,1701888,966.92156855265296,,327830.0014148592,98993.924954821035,0.23331494961023713,1
sep-ipop,11,111023,1379,1728512,966.92156855265296,,592323.97355466348,95949.837151785789,0.2272924384815872,1
sep-ipop,11,111023,1391,1753088,966.92156855265296,,1045994.0386573344,128648.9971722707,0.24850524938402058,1
sep-ipop,11,111023,1404,1779712,966.92156855265296,,1798770.5053520761,127977.63319776839,0.24467273983147222,1
sep-ipop,11,111023,1416,1804288,966.92156855265296,,3012569.6237700852,180675.89372430003,0.23414886293831785,1
sep-ipop,11,111023,1428,1828864,966.92156855265296,,4265416.8228916945,208996.0477188885,0.22096459846976427,1
sep-ipop,11,111023,1441,1855488,966.92156855265296,,6431054.7912473679,245750.94319881103,0.21809497208939535,1
sep-ipop,11,111023,1453,1880064,966.92156855265296,,11004296.640636837,295843.80068823311,0.23367827032866487,1
sep-ipop,11,111023,1466,1906688,966.92156855265296,,21225196.217088349,474805.94414866535,0.24464950379752173,1
sep-ipop,11,111023,1478,1931264,966.92156855265296,,38677618.354813345,442835.24152118177,0.24340224964198839,1
sep-ipop,11,111023,1490,1955840,966.92156855265296,,73058090.765877381,306970.48863015539,0.22528144243854265,1
sep-ipop,11,111023,1503,1982464,966.92156855265296,,168013542.02863583,258048.10076885144,0.24115707131760011,1
sep-ipop,11,111023,1515,2007040,966.92156855265296,,355790160.7365045,291208.3387516737,0.24270052274544587,1
sep-ipop,11,111023,1528,2033664,966.92156855265296,,852869141.07769084,276308.34350269777,0.2473820518441929,1
sep-ipop,11,111023,1540,2058240,966.92156855265296,,1843110944.1104357,391293.94698640372,0.25481107762729183,1
sep-ipop,11,111023,1552,2082816,966.92156855265296,,3996795144.1431642,377053.44044324214,0.24756397707036462,1
sep-ipop,11,111023,1565,2109440,966.92156855265296,,9070451701.0322533,365570.90350294916,0.25453359675432424,1
sep-ipop,11,111023,1577,2134016,966.92156855265296,,20080341002.687382,434811.4899047697,0.25846624528503376,1
sep-ipop,11,111023,1590,2160640,966.92156855265296,,51024449157.867775,371878.88946334861,0.25545263738825669,1
sep-ipop,11,111023,1602,2185216,966.92156855265296,,116950543999.00609,317638.13010611286,0.25379202349934998,1
sep-ipop,11,111023,1615,2211840,966.92156855265296,,257506285849.20285,324664.60039922409,0.25111641278028995,1
sep-ipop,11,111023,1627,2236416,966.92156855265296,,543189409958.56958,336782.24080407241,0.24204036138905483,1
sep-ipop,11,111023,1639,2260992,966.92156855265296,,1131874951045.6086,358403.67377968249,0.24179611871697701,1
sep-ipop,11,111023,1652,2287616,966.92156855265296,,2228411546052.2573,455308.21453919035,0.22729309658575,1
sep-ipop,11,111023,1664,2312192,966.92156855265296,,3514886250774.9268,1829256.4610070996,0.23004750151351908,1
sep-ipop,11,111023,1677,2338816,966.92156855265296,,4991828040416.9971,13192151.011143383,0.22175079347430265,1
sep-ipop,11,111023,1689,2363392,966.92156855265296,,6607796716061.252,25733743.666481387,0.21980870126884686,1
sep-ipop,11,111023,1701,2387968,966.92156855265296,,9350948501749.6543,44886716.834400907,0.215376532598505,1
sep-ipop,11,111023,1714,2414592,966.92156855265296,,15585853943774.357,58358200.920924261,0.20852349950130206,1
sep-ipop,11,111023,1726,2439168,966.92156855265296,,19221581165558.152,353509597.62287396,0.20205348593343597,1
sep-ipop,11,111023,1739,2465792,966.92156855265296,,24462753229197.637,1260091147.6698961,0.21529932029093168,1
sep-ipop,11,111023,1751,2490368,966.92156855265296,,31468680620312.371,7951198374.2545843,0.19825677716533119,1
sep-ipop,11,111023,1763,2514944,966.92156855265296,,39932744550117.016,24427974285.813698,0.19576990137127087,1
sep-ipop,11,111023,1776,2541568,966.92156855265296,,53359417719220.25,25829849046.727444,0.19353451716096914,1
sep-ipop,11,111023,1788,2566144,966.92156855265296,,76914832295892.484,29576826591.735527,0.21105222881662308,1
sep-ipop,11,111023,1801,2592768,966.92156855265296,,107169473612380.59,33553787593.168262,0.20642331228285532,1
sep-ipop,11,111023,1813,2617344,966.92156855265296,,183728525026433.75,26888874126.222622,0.23247452818227071,1
sep-ipop,11,111023,1825,2641920,966.92156855265296,,305974581718146.56,18674576523.306656,0.22994468164327067,1
sep-ipop,11,111023,1838,2668544,966.92156855265296,,467423736973646.56,26253226942.93412,0.19448540536970654,1
sep-ipop,11,111023,1850,2693120,966.92156855265296,,727202358454162.25,51907158817.740341,0.21224431514742548,1
sep-ipop,11,111023,1863,2719744,966.92156855265296,,1024005744673244.1,49848875041.512901,0.19047998799977869,1
sep-ipop,11,111023,1875,2744320,966.92156855265296,,1414066775607231.5,29075080502.45047,0.14160373386294053,1
sep-ipop,11,111023,1887,2768896,966.92156855265296,,2123553259501537,31240783725.35931,0.13640315718676913,1
sep-ipop,11,111023,1900,2795520,966.92156855265296,,2611692517697150.5,13247076024.569672,0.09639417860616703,1
sep-ipop,11,111023,1912,2820096,966.92156855265296,,3522669617700674,61399971373.650963,0.0917143610727464,1
sep-ipop,11,111023,1925,2846720,966.92156855265296,,4993153355405378,133964397644.56335,0.091181921613259484,1
sep-ipop,11,111023,1937,2871296,966.92156855265296,,6761128472094278,1384296765370.4116,0.092031670494915591,1
sep-ipop,11,111023,1949,2895872,966.92156855265296,,14314841040869354,2831071442812.8779,0.13152545254339604,1
sep-ipop,11,111023,1962,2922496,966.92156855265296,,19721752071714696,2710351076966.1055,0.11347860656298145,1
sep-ipop,11,111023,1974,2947072,966.92156855265296,,26469810908138296,2077760981541.8604,0.10559865444515786,1
sep-ipop,11,111023,1987,2973696,966.92156855265296,,36988809532035184,3058610621834.0894,0.089864802849454625,1
sep-ipop,11,111023,1999,2998272,966.92156855265296,,57577571888889496,1710798560736.499,0.065804715395914967,1
sep-ipop,11,111023,2011,3022848,966.92156855265296,,68865402537286272,909652194103.67285,0.045614733449744212,1
sep-ipop,11,111023,2024,3049472,966.92156855265296,,72170827203800768,799416118708.59094,0.038999437436742293,1
sep-ipop,11,111023,2036,3074048,966.92156855265296,,75931159472224640,638927695622.31946,0.036233717366917738,1
sep-ipop,11,111023,2049,3100672,966.92156855265296,,84040631086268800,589195646395.09827,0.030929730718155687,1
sep-ipop,11,111023,2061,3125248,966.92156855265296,,76532206145373376,443949543945.60443,0.025973944823100042,1
sep-ipop,11,111023,2073,3149824,966.92156855265296,,77126253033192512,671308806723.35474,0.029108193983241732,1
sep-ipop,11,111023,2086,3176448,966.92156855265296,,75349933279293504,726562661415.34387,0.028697599042241638,1
sep-ipop,11,111023,2098,3201024,966.92156855265296,,74864428897111344,623952674121.59082,0.029877396010541676,1
sep-ipop,11,111023,2111,3227648,966.92156855265296,,77988183348135104,446310494949.08966,0.025700715608832785,1
sep-ipop,11,111023,2123,3252224,966.92156855265296,,83144967799048688,673919519781.98096,0.02726969726409682,1
sep-ipop,11,111023,2135,3276800,966.92156855265296,,93479025174208048,636191369551.41382,0.028722075978628785,1
sep-ipop,11,111023,2148,3303424,966.92156855265296,,94016718049456096,397210049522.25299,0.027271554720588662,1
sep-ipop,11,111023,2160,3328000,966.92156855265296,,90316507483910016,357157156229.05859,0.025615069073658486,1
sep-ipop,11,111023,2173,3354624,966.92156855265296,,93701423736828176,592003339064.16797,0.030819151904531251,1
sep-ipop,11,111023,2185,3379200,966.92156855265296,,99129555640518848,503876098476.09381,0.031652276471203881,1
sep-ipop,11,111023,2197,3403776,966.92156855265296,,1.0529335871287741e+17,474372075661.6665,0.031602832943445076,1
sep-ipop,11,111023,2210,3430400,966.92156855265296,,1.1289389870664904e+17,537857406652.52679,0.029659879256196092,1
sep-ipop,11,111023,2222,3454976,966.92156855265296,,1.1625370626143808e+17,564536283728.76428,0.028492175677601105,1
sep-ipop,11,111023,2235,3481600,966.92156855265296,,1.1603879356635304e+17,909652777780.31726,0.030404449476526537,1
sep-ipop,11,111023,2247,3506176,966.92156855265296,,1.2319628003620046e+17,749782537420.27783,0.028613450112220801,1
sep-ipop,11,111023,2259,3530752,966.92156855265296,,1.2374669353611838e+17,638307851034.42651,0.022488228705484257,1
sep-ipop,11,111023,2272,3557376,966.92156855265296,,1.2268484095490074e+17,484664632965.02716,0.022655079016689648,1
sep-ipop,11,111023,2284,3581952,966.92156855265296,,1.2008759757390818e+17,776952776572.26025,0.025728647019352707,1
sep-ipop,11,111023,2297,3608576,966.92156855265296,,1.1850257881567184e+17,698527736124.73523,0.026202777370253099,1
sep-ipop,11,111023,2309,3633152,966.92156855265296,,1.0999246457207194e+17,580149054428.59021,0.022034753778002802,1
sep-ipop,11,111023,2321,3657728,966.92156855265296,,1.0980098571816181e+17,372650444847.72302,0.018142097612243231,1
sep-ipop,11,111023,2334,3684352,966.92156855265296,,1.0171283895994035e+17,680963924202.05444,0.018970652188304495,1
sep-ipop,11,111023,2345,3710976,966.92156855265296,,0.47041471837547061,2.1712396636771629,0.56814819767005853,2
sep-ipop,11,111023,2351,3735552,966.92156855265296,,0.81608431861789421,7.8687803184658049,0.88244616175694734,2
sep-ipop,11,111023,2357,3760128,966.92156855265296,,1.0078679826055827,11.084516239298722,0.74243946771247016,2
sep-ipop,11,111023,2363,3784704,966.92156855265296,,1.155636561871124,14.65198522338563,0.51747052114447067,2
sep-ipop,11,111023,2370,3813376,966.92156855265296,,1.4330937771960124,22.767864026483675,0.4211552849490941,2
sep-ipop,11,111023,2376,3837952,966.92156855265296,,1.9307402942760652,33.83151846365142,0.36258742537710398,2
sep-ipop,11,111023,2382,3862528,966.92156855265296,,2.6717252860821672,78.810108289315096,0.3417835905283354,2
sep-ipop,11,111023,2388,3887104,966.92156855265296,,3.5476929536681117,133.05190910098969,0.31024398921941754,2
sep-ipop,11,111023,2394,3911680,966.92156855265296,,4.7821365863978924,190.92353520440216,0.30596354583130647,2
sep-ipop,11,111023,2401,3940352,966.92156855265296,,6.8800765087563507,270.47870210952664,0.31694542317947932,2
sep-ipop,11,111023,2407,3964928,966.92156855265296,,8.9359539150692608,361.51666399157949,0.30163895907994315,2
sep-ipop,11,111023,2413,3989504,966.92156855265296,,11.271651268774834,572.92273554493624,0.30010546637843183,2
sep-ipop,11,111023,2419,4014080,966.92156855265296,,12.66542195270897,1131.6524029681059,0.28916660041180214,2
sep-ipop,11,111023,2425,4038656,966.92156855265296,,15.266221562926908,1708.647287447345,0.29554744135690153,2
sep-ipop,11,111023,2432,4067328,966.92156855265296,,17.306381040397834,2653.4652217103812,0.292330400037839,2
sep-ipop,11,111023,2438,4091904,966.92156855265296,,21.284145277587662,3351.3514691789442,0.30650835093659812,2
sep-ipop,11,111023,2444,4116480,966.92156855265296,,33.740794469294691,2245.6885918918388,0.3230399780267656,2
sep-ipop,11,111023,2450,4141056,966.92156855265296,,50.423834262801009,1717.5952888079196,0.30782633060494269,2
sep-ipop,11,111023,2456,4165632,966.92156855265296,,75.074065621717565,1237.0228621362191,0.30793825581516682,2
sep-ipop,11,111023,2463,4194304,966.92156855265296,,103.82155198495586,1302.7976514485115,0.26485651463227161,2
sep-ipop,11,111023,2469,4218880,966.92156855265296,,130.6766172147826,1492.2334238326623,0.24694442862203653,2
sep-ipop,11,111023,2475,4243456,966.92156855265296,,175.97363566066457,2310.3894360194176,0.26179789436706913,2
sep-ipop,11,111023,2481,4268032,966.92156855265296,,243.66946913583632,2643.0402320126254,0.26696656254266421,2
sep-ipop,11,111023,2487,4292608,966.92156855265296,,314.54063481224347,2404.2816401042983,0.25479782781392141,2
sep-ipop,11,111023,2494,4321280,966.92156855265296,,434.83864529367497,2660.9947397948113,0.26658186085655927,2
sep-ipop,11,111023,2500,4345856,966.92156855265296,,628.84907718854777,2908.7926965316833,0.27567595671943307,2
sep-ipop,11,111023,2506,4370432,966.92156855265296,,865.33626622243048,2962.8625500551666,0.26613724285849083,2
sep-ipop,11,111023,2512,4395008,966.92156855265296,,1191.820469844688,3118.1858132799007,0.26405991548187585,2
sep-ipop,11,111023,2519,4423680,966.92156855265296,,1764.5262898224757,3381.3428648226122,0.26694820204719644,2
sep-ipop,11,111023,2525,4448256,966.92156855265296,,2456.9960739369371,4536.8432863929966,0.26245253509504052,2
sep-ipop,11,111023,2531,4472832,966.92156855265296,,3481.0269238837745,5127.9974535881047,0.25839124561576726,2
sep-ipop,11,111023,2537,4497408,966.92156855265296,,4910.8362942726681,5629.9184797149474,0.25490468525470666,2
sep-ipop,11,111023,2543,4521984,966.92156855265296,,6813.1507061768552,5731.7713353866829,0.24804731856523804,2
sep-ipop,11,111023,2550,4550656,966.92156855265296,,10062.270245955584,5777.222049117282,0.2410564433377903,2
sep-ipop,11,111023,2556,4575232,966.92156855265296,,14721.077589834505,6295.9232145159876,0.25087517205385762,2
sep-ipop,11,111023,2562,4599808,966.92156855265296,,22273.914994140152,5475.0863221778718,0.25306889680046563,2
sep-ipop,11,111023,2568,4624384,966.92156855265296,,34599.74487530737,4817.6289308588302,0.25517616490048922,2
sep-ipop,11,111023,2574,4648960,966.92156855265296,,53447.74626888075,3676.8259276585968,0.26780385279551383,2
sep-ipop,11,111023,2581,4677632,966.92156855265296,,86670.613876988005,2934.2912980089145,0.27335748977883317,2
sep-ipop,11,111023,2587,4702208,966.92156855265296,,125864.75755857506,2639.6359491272492,0.26195195799456494,2
sep-ipop,11,111023,2593,4726784,966.92156855265296,,192168.22291821631,2668.5501495313092,0.26579049136602717,2
sep-ipop,11,111023,2599,4751360,966.92156855265296,,280505.81353876495,2714.389657311171,0.2559402638696433,2
sep-ipop,11,111023,2605,4775936,966.92156855265296,,424995.75505460106,3050.3683782129528,0.26162593410555596,2
sep-ipop,11,111023,2612,4804608,966.92156855265296,,648046.66426034924,3509.3906805050988,0.24567362993503977,2
sep-ipop,11,111023,2618,4829184,966.92156855265296,,969583.41751789849,4258.8962891698366,0.24263393927088314,2
sep-ipop,11,111023,2624,4853760,966.92156855265296,,1451208.9919681586,4941.7860754414978,0.24304881404184067,2
sep-ipop,11,111023,2630,4878336,966.92156855265296,,2115337.0134073836,5307.8967996976253,0.23008828543490262,2
sep-ipop,11,111023,2636,4902912,966.92156855265296,,3232018.6794406949,7859.792153893336,0.24742486798775146,2
sep-ipop,11,111023,2643,4931584,966.92156855265296,,5164479.0008707372,11073.695590129886,0.25172433516167331,2
sep-ipop,11,111023,2649,4956160,966.92156855265296,,7716754.8385917591,13408.567472996692,0.24267309469703224,2
sep-ipop,11,111023,2655,4980736,966.92156855265296,,11736155.323022055,14226.512313180063,0.23596036986736313,2
sep-ipop,11,111023,2661,5005312,966.92156855265296,,18606079.090958975,14339.78486609848,0.23006679804942606,2
sep-ipop,11,111023,2667,5029888,966.92156855265296,,28743614.521290049,17181.203709291814,0.22322651773531729,2
sep-ipop,11,111023,2674,5058560,966.92156855265296,,48766302.625478707,11992.596703647889,0.19831944285957762,2
sep-ipop,11,111023,2680,5083136,966.92156855265296,,71106388.924474522,8281.6080687624162,0.15673922412074076,2
sep-ipop,11,111023,2686,5107712,966.92156855265296,,114662979.21661717,6903.3865446923246,0.14159915326715991,2
sep-ipop,11,111023,2692,5132288,966.92156855265296,,175189035.72826707,6005.5702940080564,0.12050576537412323,2
sep-ipop,11,111023,2698,5156864,966.92156855265296,,258699121.62958792,6106.9725919925186,0.11287400612976194,2
sep-ipop,11,111023,2705,5185536,966.92156855265296,,445837964.06923342,4512.78668542777,0.10145542513246121,2
sep-ipop,11,111023,2711,5210112,966.92156855265296,,716647517.91244614,3999.8651877148172,0.10205874051157762,2
sep-ipop,11,111023,2717,5234688,966.92156855265296,,1112979200.5013399,3591.9040034371851,0.098244307749484852,2
sep-ipop,11,111023,2723,5259264,966.92156855265296,,1654274411.780767,3777.6791628650903,0.090361015094694394,2
sep-ipop,11,111023,2729,5283840,966.92156855265296,,2552159869.6743546,4219.4624600787292,0.089270775670044419,2
sep-ipop,11,111023,2736,5312512,966.92156855265296,,4125855246.055932,4823.1614634530342,0.079936761095508957,2
sep-ipop,11,111023,2742,5337088,966.92156855265296,,6311435301.8911018,4984.3820065112914,0.079374866939989158,2
sep-ipop,11,111023,2748,5361664,966.92156855265296,,11496082748.333176,4649.7064113370634,0.087473236188233675,2
sep-ipop,11,111023,2754,5386240,966.92156855265296,,34523853658.350777,4802.3085596901337,0.16883694640947883,2
sep-ipop,11,111023,2760,5410816,966.92156855265296,,54626098558.655365,3910.2465526308897,0.16115816521961313,2
sep-ipop,11,111023,2767,5439488,966.92156855265296,,81067847533.497986,3859.6323159277263,0.1333451289602145,2
sep-ipop,11,111023,2773,5464064,965.09431330362952,,112236880052.64841,5317.9988167916636,0.12075367819332564,2
sep-ipop,11,111023,2779,5488640,961.62618128458655,,154907897466.93765,8375.8965843651094,0.11273812282328798,2
sep-ipop,11,111023,2785,5513216,952.94943745930993,,213728529301.47629,6700.2156524023385,0.085770145919195059,2
sep-ipop,11,111023,2791,5537792,948.81046803792321,,288321943609.61719,10703.214396158523,0.089862954367239428,2
sep-ipop,11,111023,2798,5566464,942.24781163533532,,406826087312.5368,21587.086650372275,0.10243530950069141,2
sep-ipop,11,111023,2804,5591040,940.65071360270179,,573195994938.21106,18053.842531177663,0.085561996709810767,2
sep-ipop,11,111023,2810,5615616,939.70492045084632,,919327262158.03699,8862.7702580878413,0.068569966833113713,2
sep-ipop,11,111023,2816,5640192,938.72553507486975,,1583325096006.4099,8948.2541784755285,0.078703668813865479,2
sep-ipop,11,111023,2822,5664768,936.33820343017578,,2651365824808.3252,10593.27368252526,0.084763143347644163,2
sep-ipop,11,111023,2829,5693440,932.87894821166992,,5078238277675.9639,7741.9964731914406,0.088052178034993045,2
sep-ipop,11,111023,2835,5718016,930.45147196451819,,8417247990220.5879,10607.259495564065,0.093301456731090485,2
sep-ipop,11,111023,2841,5742592,927.11408615112305,,13293861875468.021,12609.273336370627,0.094592211239249199,2
sep-ipop,11,111023,2847,5767168,924.13204320271814,,20019341127599.387,9892.167278740626,0.077537355578070594,2
sep-ipop,11,111023,2853,5791744,922.08069610595703,,31682883517729.922,9459.8617814042445,0.075414003184980025,2
sep-ipop,11,111023,2860,5820416,917.42813618977868,,52216507323156.172,11347.01485523054,0.069504532633690455,2
sep-ipop,11,111023,2866,5844992,916.62864685058594,,83321138905011.109,11488.033511301079,0.068613612092477905,2
sep-ipop,11,111023,2872,5869568,915.3214111328125,,131026280533745.34,10778.056747964574,0.066539117525060032,2
sep-ipop,11,111023,2878,5894144,913.69796752929688,,196497288903847.5,12853.049651984153,0.061306562820842826,2
sep-ipop,11,111023,2884,5918720,911.91537475585938,,296218464344611.44,11484.554822317941,0.053414850717104077,2
sep-ipop,11,111023,2891,5947392,909.39994684855139,,483286325507423.19,12715.571956375443,0.050139721607645099,2
sep-ipop,11,111023,2897,5971968,908.55732091267907,,775714694525108.62,12566.568813974645,0.048817078872405065,2
sep-ipop,11,111023,2903,5996544,908.14129257202148,,1135712958451210,12087.899514231134,0.042935222789485909,2
sep-ipop,11,111023,2909,6021120,907.49214172363281,,1774466424016246.2,11912.735351318566,0.04184158412385526,2
sep-ipop,11,111023,2915,6045696,906.4653205871582,,2695026313033509.5,11689.778877964263,0.040417971563530143,2
sep-ipop,11,111023,2922,6074368,905.94151051839196,,4441405379629271,11696.1786442715,0.036699078966147186,2
sep-ipop,11,111023,2928,6098944,904.3871180216471,,6907421049963706,15636.722240990632,0.03790670516459798,2
sep-ipop,11,111023,2934,6123520,904.11192067464196,,10263580121677108,14994.004622511904,0.033593125985403434,2
sep-ipop,11,111023,2940,6148096,903.74292373657227,,15334196448480342,14786.397454194741,0.031615208108374218,2
sep-ipop,11,111023,2946,6172672,903.0181668599447,,23629272235140688,14481.465989309041,0.030467349287479406,2
sep-ipop,11,111023,2953,6201344,902.7951990763346,,39290536716874400,14841.275374257075,0.030137656909817893,2
sep-ipop,11,111023,2959,6225920,902.26333999633789,,59921873011246520,17588.542987326666,0.028745566963357175,2
sep-ipop,11,111023,2965,6250496,902.04793294270837,,93317816545264096,15946.922524362812,0.027994691735579721,2
sep-ipop,11,111023,2971,6275072,901.47402699788415,,1.3336493229721894e+17,15371.229190326318,0.026312605436320576,2
sep-ipop,11,111023,2977,6299648,901.17904790242517,,1.9486780591850125e+17,14198.272878200385,0.025620390521621062,2
sep-ipop,11,111023,2984,6328320,900.55779774983728,,3.0822201488117062e+17,16888.476955088514,0.026095911102534702,2
sep-ipop,11,111023,2990,6352896,900.51095708211267,,5.212071191711943e+17,15616.775258462856,0.027823738775356488,2
sep-ipop,11,111023,2996,6377472,900.41957473754883,,7.6343126733780736e+17,15747.51819364842,0.025035405767083435,2
sep-ipop,11,111023,3002,6402048,899.67322667439782,,1.2151400983000532e+18,14930.381186775152,0.026582500042287387,2
sep-ipop,11,111023,3008,6426624,899.46536254882812,,1.8436693887883924e+18,15744.068469237443,0.026372775418957627,2
sep-ipop,11,111023,3015,6455296,899.32986323038733,,2.9624840837187369e+18,16418.490820100425,0.024407095819285959,2
sep-ipop,11,111023,3021,6479872,899.18731435139978,,5.0417635104242227e+18,17308.361447982483,0.027548888259590718,2
sep-ipop,11,111023,3027,6502400,898.70255661010742,,7.5764166118213028e+18,18763.829999561451,0.029216710125786981,2
sep-ipop-w60,11,111023,1,1024,14690.909528096518,,0.29132847126417183,6.0091351385282312,0.11600506723829133,0
sep-ipop-w60,11,111023,5,5120,1740.7025833129883,,0.83983816013126822,28.784462177896508,0.66201453474204852,0
sep-ipop-w60,11,111023,10,10240,1700.1507873535156,,1.5542147784875844,12.655096375324266,0.59946712095432753,0
sep-ipop-w60,11,111023,20,20480,1656.9219996134441,,2.3862468029381967,4.7258247747013664,0.30665524922683024,0
sep-ipop-w60,11,111023,25,25600,1656.9219996134441,,2.4810403247301922,11.089305023136163,0.2385579131287516,0
sep-ipop-w60,11,111023,40,40960,1542.1928812662761,,4.7526607064796371,214.34557575638939,0.25890648155932777,0
sep-ipop-w60,11,111023,50,51200,1437.480172475179,,6.7675295223294913,283.98784993964335,0.25837019132901695,0
sep-ipop-w60,11,111023,75,76800,1348.0470631917317,,14.918805920692838,704.02566124448242,0.21592266156288814,0
sep-ipop-w60,11,111023,80,81920,1348.0470631917317,,18.49471447456655,1221.7017485923623,0.22015622220849834,0
sep-ipop-w60,11,111023,100,102400,1299.8595301310222,,33.79887284129012,5042.681363626104,0.23077304554369163,0
sep-ipop-w60,11,111023,125,128000,1277.4211285909016,,86.475019255461348,16857.306278462289,0.22970104576225353,0
sep-ipop-w60,11,111023,149,152576,1246.3629506429036,,400.79587752059103,14468.869491344389,0.24911428555724405,0
sep-ipop-w60,11,111023,160,163840,1199.6829922993977,,921.39995611327197,6028.6637360463837,0.2475646257601343,0
sep-ipop-w60,11,111023,174,178176,1159.8490905761719,,1898.7719868006436,4935.0897410354537,0.22083290298648042,0
sep-ipop-w60,11,111023,199,203776,1132.1973813374836,,3492.3751941455344,30230.822888378127,0.20530877776716189,0
sep-ipop-w60,11,111023,224,229376,1117.874361673991,,9423.6707082184548,43406.25318878649,0.19938257025335948,0
sep-ipop-w60,11,111023,249,254976,1113.8341674804688,,24684.522037252675,64858.41341944415,0.15532589058799831,0
sep-ipop-w60,11,111023,255,261120,1112.6202163696289,,29696.315204710696,42513.400764885759,0.1505671816038521,0
sep-ipop-w60,11,111023,273,279552,1107.6609115600586,,107825.31604906838,29135.983569374454,0.17987484610729151,0
sep-ipop-w60,11,111023,298,305152,1102.6446901957195,,371585.40004675993,22498.149172626516,0.12828253873961917,0
sep-ipop-w60,11,111023,323,330752,1097.862247467041,,3187247.3902026112,23549.429955070929,0.16908979977544852,0
sep-ipop-w60,11,111023,348,356352,1056.8977801005046,,44720887.162372641,2769.7835488074206,0.15768224474110354,0
sep-ipop-w60,11,111023,373,381952,1016.553160349528,,162356011.37653479,5480.4406962639314,0.096691424550228097,0
sep-ipop-w60,11,111023,397,406528,996.25212224324548,,557973792.47115088,5092.4756549829226,0.070634143654483034,0
sep-ipop-w60,11,111023,422,432128,983.83509190877282,,2087906075.7739637,3527.4612400478049,0.055642332847048316,0
sep-ipop-w60,11,111023,447,457728,977.76834233601892,,8070199614.7349844,5682.4469258464196,0.044345905345796847,0
sep-ipop-w60,11,111023,472,483328,974.52089691162109,,31399304568.283508,4073.2480129317423,0.031671273066785834,0
sep-ipop-w60,11,111023,497,508928,972.11809794108069,,92109629113.678482,5900.0893236930251,0.022164510658989708,0
sep-ipop-w60,11,111023,521,533504,970.56136322021484,,304056333481.09052,8259.4364173461745,0.022011815498522391,0
sep-ipop-w60,11,111023,546,559104,969.37493896484375,,703513695756.8075,4249.5101076351966,0.014377541664370646,0
sep-ipop-w60,11,111023,571,584704,968.90021769205725,,1222663451304.1035,6597.9320112163859,0.013214130200211765,0
sep-ipop-w60,11,111023,596,610304,968.27409617106116,,1674381821747.2039,15021.077078686838,0.00921725091180234,0
sep-ipop-w60,11,111023,621,635904,967.77921295166016,,3315120410877.665,81217.399940932679,0.0073336042227858198,0
sep-ipop-w60,11,111023,645,660480,967.55884679158532,,4939158751852.0928,461250.00097520341,0.0053758120152264223,0
sep-ipop-w60,11,111023,670,686080,967.39799880981445,,9990198276676.1504,2170980.1694349642,0.0065017169642874392,0
sep-ipop-w60,11,111023,695,711680,967.29279581705725,,21402493241060.496,2840940.669962645,0.0054894355356113018,0
sep-ipop-w60,11,111023,720,737280,967.19518915812171,,51265546481069.805,2259727.5195937138,0.0050045901825062451,0
sep-ipop-w60,11,111023,745,762880,967.13019434610999,,115049576992186.11,6970122.229112274,0.0056364946041768419,0
sep-ipop-w60,11,111023,769,787456,967.06006622314453,,284911092069539.44,18420542.41426225,0.0058363160960220022,0
sep-ipop-w60,11,111023,794,813056,967.02552922566736,,508364879365628.12,38689425.4250907,0.0043249321727961516,0
sep-ipop-w60,11,111023,819,838656,966.99102656046546,,647674112978861.62,63502090.314045124,0.0048809130075052384,0
sep-ipop-w60,11,111023,844,864256,966.9814338684082,,935452807569340.5,171407814.2775538,0.0043471522584420906,0
sep-ipop-w60,11,111023,869,889856,966.97221374511719,,1315486716118943.2,452273998.91029251,0.004198723029822121,0
sep-ipop-w60,11,111023,893,914432,966.95911534627282,,3197976366514037,640504532.43251598,0.0056663997098527511,0
sep-ipop-w60,11,111023,918,940032,966.92244084676111,,8723124900855543,354925139.70546293,0.0051182253931950292,0
sep-ipop-w60,11,111023,943,965632,966.92199198404944,,14595135654710792,929646227.87840211,0.004610832931389355,0
sep-ipop-w60,11,111023,968,991232,966.92156855265296,,17091531261394824,1967146500.7952371,0.003689487698419635,0
sep-ipop-w60,11,111023,993,1016832,966.92156855265296,,37255991792992840,1381085614.9376462,0.0045504150344570513,0
sep-ipop-w60,11,111023,1017,1041408,966.92156855265296,,33259812960606220,1105318032.2959318,0.0026954530113155288,0
sep-ipop-w60,11,111023,1032,1068032,966.92156855265296,,0.80291683150592907,11.043383917988345,0.80924236399641225,1
sep-ipop-w60,11,111023,1044,1092608,966.92156855265296,,1.1432924345028743,12.790616563037583,0.41326162549308054,1
sep-ipop-w60,11,111023,1057,1119232,966.92156855265296,,1.6866643636591196,37.382645462404582,0.29745823679127292,1
sep-ipop-w60,11,111023,1069,1143808,966.92156855265296,,3.3308704123467479,108.45606440689734,0.29994366028739156,1
sep-ipop-w60,11,111023,1082,1170432,966.92156855265296,,5.0895680237578595,280.15405945829144,0.27514820263009188,1
sep-ipop-w60,11,111023,1094,1195008,966.92156855265296,,6.9873581605392676,784.88597624481974,0.25677623612901912,1
sep-ipop-w60,11,111023,1106,1219584,966.92156855265296,,11.268005782203234,979.26894321208181,0.24337669097246881,1
sep-ipop-w60,11,111023,1119,1246208,966.92156855265296,,20.365352340394505,802.90086860045869,0.23472456617423718,1
sep-ipop-w60,11,111023,1131,1270784,966.92156855265296,,32.545810417229468,1213.5718283116764,0.2386644475050847,1
sep-ipop-w60,11,111023,1144,1297408,966.92156855265296,,60.868908443655485,1264.4678888645476,0.24008515212472278,1
sep-ipop-w60,11,111023,1156,1321984,966.92156855265296,,107.66565876103085,2036.7101926508792,0.23068247990478055,1
sep-ipop-w60,11,111023,1168,1346560,966.92156855265296,,171.94741595544124,5819.5399625522323,0.22349880656867854,1
sep-ipop-w60,11,111023,1181,1373184,966.92156855265296,,317.18926859498595,7651.2292141686212,0.22264428430819549,1
sep-ipop-w60,11,111023,1193,1397760,966.92156855265296,,536.01539523552549,14107.191655427474,0.21763893881155305,1
sep-ipop-w60,11,111023,1206,1424384,966.92156855265296,,1072.6381186142012,18176.303825787574,0.22952383416186672,1
sep-ipop-w60,11,111023,1218,1448960,966.92156855265296,,2149.9245862905459,15885.288069931272,0.25156588561697529,1
sep-ipop-w60,11,111023,1230,1473536,966.92156855265296,,5100.6820601004392,15244.07075851136,0.26002383649480693,1
sep-ipop-w60,11,111023,1243,1500160,966.92156855265296,,13971.473665364956,11912.889539036776,0.26891967667076172,1
sep-ipop-w60,11,111023,1255,1524736,966.92156855265296,,51244.657002553497,4256.4655012113308,0.30850312208523717,1
sep-ipop-w60,11,111023,1268,1551360,966.92156855265296,,139291.90516290828,3377.0421583819652,0.28064617309980899,1
sep-ipop-w60,11,111023,1280,1575936,966.92156855265296,,288148.05148766359,5798.3752846981051,0.27143693521064333,1
sep-ipop-w60,11,111023,1292,1600512,966.92156855265296,,518509.0060074174,10701.682143660773,0.26355397643422684,1
sep-ipop-w60,11,111023,1305,1627136,966.92156855265296,,917863.62719047721,28723.483876597016,0.23488753676862081,1
sep-ipop-w60,11,111023,1317,1651712,966.92156855265296,,1925760.1473155776,57405.914674966851,0.25807101110630337,1
sep-ipop-w60,11,111023,1330,1678336,966.92156855265296,,5042758.7014369601,31367.590336391924,0.21233744168109772,1
sep-ipop-w60,11,111023,1342,1702912,966.92156855265296,,11160986.142785437,12093.547489109225,0.15337941208083178,1
sep-ipop-w60,11,111023,1354,1727488,964.37644068400061,,30303957.246019572,7723.2383520116591,0.15248410973826851,1
sep-ipop-w60,11,111023,1367,1754112,956.58526484171546,,73198972.336044848,2915.998234460988,0.10405366333651052,1
sep-ipop-w60,11,111023,1379,1778688,948.90775934855139,,138159316.31449392,1882.1968583188875,0.057222163990161966,1
sep-ipop-w60,11,111023,1392,1805312,943.86721420288086,,286143808.58897674,2768.8630032441165,0.055822966012514422,1
sep-ipop-w60,11,111023,1404,1829888,942.47940699259436,,708859037.14235425,2423.2208905519842,0.061936693539393191,1
sep-ipop-w60,11,111023,1416,1854464,939.70632553100586,,1533593221.3457096,2576.1606482485513,0.055736238564303361,1
sep-ipop-w60,11,111023,1429,1881088,936.70913823445642,,3296847126.1766748,3608.2854764926642,0.054185222361649923,1
sep-ipop-w60,11,111023,1441,1905664,935.60206985473633,,6730678714.5756598,4327.2044090866657,0.051410248397468668,1
sep-ipop-w60,11,111023,1454,1932288,934.36318588256836,,11563732046.343803,6403.9476940588547,0.052360410697358743,1
sep-ipop-w60,11,111023,1466,1956864,933.31746546427405,,18293800379.956074,12047.727858394961,0.051227601820395187,1
sep-ipop-w60,11,111023,1478,1981440,932.34258397420251,,24804233633.418564,16982.572263671143,0.048946096713705554,1
sep-ipop-w60,11,111023,1491,2008064,932.17809295654297,,32358174805.098217,30865.249244850889,0.045678963881819461,1
sep-ipop-w60,11,111023,1503,2032640,931.59408187866211,,36329131300.86779,40731.252725604936,0.044699375222996968,1
sep-ipop-w60,11,111023,1516,2059264,931.19120152791345,,45877504191.346672,58995.535523219172,0.047022217772061337,1
sep-ipop-w60,11,111023,1528,2083840,930.34128316243493,,68334090529.662254,83273.732356501423,0.052608759371093723,1
sep-ipop-w60,11,111023,1540,2108416,930.18303171793616,,97106578447.731674,97504.822499086498,0.044775151042401498,1
sep-ipop-w60,11,111023,1553,2135040,929.89996210734046,,146621081217.53036,113175.15984939274,0.044791242602543316,1
sep-ipop-w60,11,111023,1565,2159616,929.45053354899085,,217770017286.47073,178067.44229747923,0.056898013323126301,1
sep-ipop-w60,11,111023,1578,2186240,929.08030446370446,,341003002771.9624,297213.59097993403,0.050642713219744742,1
sep-ipop-w60,11,111023,1590,2210816,928.86510467529297,,494013925767.23602,712437.94247426314,0.049381293370633288,1
sep-ipop-w60,11,111023,1602,2235392,928.72532780965173,,609449488190.54541,2148219.6584147788,0.048839540204979624,1
sep-ipop-w60,11,111023,1615,2262016,928.66804250081384,,736532559768.5304,2547187.225788041,0.043563778082339043,1
sep-ipop-w60,11,111023,1627,2286592,928.58186086018884,,815986174383.04724,3744841.0596009213,0.039713714618530703,1
sep-ipop-w60,11,111023,1640,2313216,928.50853602091468,,893455056444.02002,5895156.4758448759,0.036622762191471564,1
sep-ipop-w60,11,111023,1652,2337792,928.43970616658532,,1092943317554.3533,6358055.8087309692,0.039969723554006742,1
sep-ipop-w60,11,111023,1664,2362368,928.27762222290039,,1292457469597.3838,37120337.220281288,0.044995304707525108,1
sep-ipop-w60,11,111023,1677,2388992,928.25865046183264,,1581825555194.4651,74127955.020352766,0.044296666825485227,1
sep-ipop-w60,11,111023,1689,2413568,928.16121037801111,,2030976808241.1914,158839395.15712157,0.048412964899454493,1
sep-ipop-w60,11,111023,1702,2440192,928.13778305053711,,2701861892388.624,182361434.75217438,0.04441919645507527,1
sep-ipop-w60,11,111023,1714,2464768,928.10402679443359,,3089410000215.5181,434156457.51345259,0.045956788315395979,1
sep-ipop-w60,11,111023,1726,2489344,928.08727137247718,,3702654391535.042,1111157101.9720416,0.044867893362650631,1
sep-ipop-w60,11,111023,1739,2515968,928.06340408325195,,4549525121742.5938,1988660569.2482593,0.038980383075989208,1
sep-ipop-w60,11,111023,1751,2540544,928.05956904093421,,4927008843204.4609,2867883895.393456,0.036200618023614933,1
sep-ipop-w60,11,111023,1764,2567168,928.00743993123376,,7050916444956.6396,5959674591.7498455,0.046882999316598943,1
sep-ipop-w60,11,111023,1776,2591744,928.00743993123376,,9805212841130.7969,6980665209.4301395,0.046988411422363846,1
sep-ipop-w60,11,111023,1788,2616320,928.00743993123376,,11557419430131.02,8249799706.3149166,0.041288582517063493,1
sep-ipop-w60,11,111023,1801,2642944,928.00743993123376,,15653080366871.701,15141735174.836559,0.042836363223389629,1
sep-ipop-w60,11,111023,1813,2667520,927.97746404012048,,25860293013902.953,38631132983.605408,0.0449162039067093,1
sep-ipop-w60,11,111023,1826,2694144,927.97746404012048,,38150847035177.523,51248137534.9235,0.043756422512800063,1
sep-ipop-w60,11,111023,1838,2718720,927.97746404012048,,58103908113746.734,53053375923.334045,0.04668765708552703,1
sep-ipop-w60,11,111023,1850,2743296,927.97746404012048,,77955018961000.641,163011641612.35938,0.045258338078233665,1
sep-ipop-w60,11,111023,1863,2769920,927.97746404012048,,81781054878017.109,331470576577.96344,0.037380043541542597,1
sep-ipop-w60,11,111023,1872,2796544,927.97746404012048,,0.60266045659156042,8.0365087522029484,1.0110182219966395,2
sep-ipop-w60,11,111023,1878,2821120,927.97746404012048,,0.85426398185403463,22.60600207922419,1.1983048486349428,2
sep-ipop-w60,11,111023,1884,2845696,927.97746404012048,,1.0441941886411126,16.093335510381962,0.77488166846065576,2
sep-ipop-w60,11,111023,1890,2870272,927.97746404012048,,1.1877380438602327,18.715430932734218,0.57673427546146561,2
sep-ipop-w60,11,111023,1897,2898944,927.97746404012048,,1.3680164449322323,17.421013371277198,0.43386467182413818,2
sep-ipop-w60,11,111023,1903,2923520,927.97746404012048,,1.7288525073494285,19.355139098371776,0.40049916481396552,2
sep-ipop-w60,11,111023,1909,2948096,927.97746404012048,,2.4866319802101815,60.153776717815305,0.37648144830041747,2
sep-ipop-w60,11,111023,1915,2972672,927.97746404012048,,3.3805400018459051,128.02789936890912,0.34950099091743392,2
sep-ipop-w60,11,111023,1921,2997248,927.97746404012048,,4.6464469025194477,193.71963568961831,0.337649808990103,2
sep-ipop-w60,11,111023,1928,3025920,927.97746404012048,,6.2898800794863448,235.42734491366863,0.29915345143192873,2
sep-ipop-w60,11,111023,1934,3050496,927.97746404012048,,7.5879831021717186,463.51062712520445,0.30232914680665024,2
sep-ipop-w60,11,111023,1940,3075072,927.97746404012048,,8.9562222340676296,733.67065104504957,0.28854004118586285,2
sep-ipop-w60,11,111023,1946,3099648,927.97746404012048,,10.6523040848394,1326.2294601203998,0.2810065038703235,2
sep-ipop-w60,11,111023,1952,3124224,927.97746404012048,,13.879934001846784,1578.8508899317012,0.28812941731965952,2
sep-ipop-w60,11,111023,1959,3152896,927.97746404012048,,19.730859226111296,1410.6470671845541,0.28129277369146094,2
sep-ipop-w60,11,111023,1965,3177472,927.97746404012048,,27.507145185991071,1177.8401326070798,0.27221669728972847,2
sep-ipop-w60,11,111023,1971,3202048,927.97746404012048,,35.653939889802281,1185.6529596167745,0.26350884130713459,2
sep-ipop-w60,11,111023,1977,3226624,927.97746404012048,,44.568455806964721,1532.9954650445668,0.25371193674249143,2
sep-ipop-w60,11,111023,1983,3251200,927.97746404012048,,58.467253999186688,1645.8422970606405,0.25969814683259124,2
sep-ipop-w60,11,111023,1990,3279872,927.97746404012048,,82.44073988970726,2422.4185334662416,0.26424422892778948,2
sep-ipop-w60,11,111023,1996,3304448,927.97746404012048,,110.16028120024845,3970.4055233637928,0.25517718690510355,2
sep-ipop-w60,11,111023,2002,3329024,927.97746404012048,,155.86743179280347,4093.3863332838391,0.25941467446248262,2
sep-ipop-w60,11,111023,2008,3353600,927.97746404012048,,227.71862920770604,4689.1107568676489,0.26263295975745277,2
sep-ipop-w60,11,111023,2015,3382272,927.97746404012048,,340.96663210751973,6660.7288703893864,0.26844010733409024,2
sep-ipop-w60,11,111023,2021,3406848,927.97746404012048,,468.77760263034429,7541.4728121809221,0.24926980875401927,2
sep-ipop-w60,11,111023,2027,3431424,927.97746404012048,,652.52504746603654,9844.5042603120801,0.24615326458144304,2
sep-ipop-w60,11,111023,2033,3456000,927.97746404012048,,919.7837824804858,16381.085189773059,0.25086163808388257,2
sep-ipop-w60,11,111023,2039,3480576,927.97746404012048,,1376.4076391998831,18843.629572882164,0.26157243131303215,2
sep-ipop-w60,11,111023,2046,3509248,927.97746404012048,,2209.692064887312,19551.969839678972,0.25346064169502153,2
sep-ipop-w60,11,111023,2052,3533824,927.97746404012048,,3455.5467260144742,20046.066600168186,0.25841261511709734,2
sep-ipop-w60,11,111023,2058,3558400,927.97746404012048,,5162.1813860237635,18529.064992590451,0.24529922253685935,2
sep-ipop-w60,11,111023,2064,3582976,927.97746404012048,,7748.1294432983614,23817.770488029753,0.26735145650939512,2
sep-ipop-w60,11,111023,2070,3607552,927.97746404012048,,11081.345216943715,28017.360507754882,0.24976024690951154,2
sep-ipop-w60,11,111023,2077,3636224,927.97746404012048,,16965.697994703343,32589.608347194448,0.24102124416205539,2
sep-ipop-w60,11,111023,2083,3660800,927.97746404012048,,24850.126287067098,37502.027817863971,0.24734863267795554,2
sep-ipop-w60,11,111023,2089,3685376,927.97746404012048,,35725.841028124334,47321.150044477086,0.24822154252720538,2
sep-ipop-w60,11,111023,2095,3709952,927.97746404012048,,52990.615973969791,43565.985574734812,0.24438157590577017,2
sep-ipop-w60,11,111023,2101,3734528,927.97746404012048,,75464.995038072986,48534.364378466744,0.23851736693802747,2
sep-ipop-w60,11,111023,2108,3763200,927.97746404012048,,118700.30978798121,57891.32258853416,0.25308694304976126,2
sep-ipop-w60,11,111023,2114,3787776,927.97746404012048,,166609.18255950426,58436.304643937874,0.23570528961270121,2
sep-ipop-w60,11,111023,2120,3812352,927.97746404012048,,238558.62694010502,65397.503590768283,0.232532164791586,2
sep-ipop-w60,11,111023,2126,3836928,927.97746404012048,,343616.59840398224,60965.817000883922,0.22688597913204506,2
sep-ipop-w60,11,111023,2132,3861504,927.97746404012048,,452432.6022436411,50840.628713220758,0.20698173944396131,2
sep-ipop-w60,11,111023,2139,3890176,927.97746404012048,,676563.03497224231,47194.845504087833,0.21429141176396485,2
sep-ipop-w60,11,111023,2145,3914752,927.97746404012048,,903149.93184302503,57867.855733187265,0.22522726379831115,2
sep-ipop-w60,11,111023,2151,3939328,927.97746404012048,,1344130.6442655167,50927.595041264714,0.23859257770373457,2
sep-ipop-w60,11,111023,2157,3963904,927.97746404012048,,2041787.5684483661,42126.450990601632,0.2316571447952922,2
sep-ipop-w60,11,111023,2163,3988480,927.97746404012048,,3208811.9573061303,38141.461761610837,0.24112095366907721,2
sep-ipop-w60,11,111023,2170,4017152,927.97746404012048,,5517320.3046537805,36743.296082070367,0.25614467559001913,2
sep-ipop-w60,11,111023,2176,4041728,927.97746404012048,,8955555.1330791656,29946.59666584841,0.25165161121990587,2
sep-ipop-w60,11,111023,2182,4066304,927.97746404012048,,14263568.314782117,24278.528045631771,0.25473077967790325,2
sep-ipop-w60,11,111023,2188,4090880,927.97746404012048,,22763069.669836581,23614.098749891862,0.2478254760901312,2
sep-ipop-w60,11,111023,2194,4115456,927.97746404012048,,41478759.552503623,19333.333787557101,0.27628858045091576,2
sep-ipop-w60,11,111023,2201,4144128,927.97746404012048,,86619927.032252982,12069.335050587184,0.27760727245680095,2
sep-ipop-w60,11,111023,2207,4168704,927.97746404012048,,136821160.67235348,10908.711265018834,0.27212861726783361,2
sep-ipop-w60,11,111023,2213,4193280,927.97746404012048,,215306248.40745372,8812.1645700304543,0.25576876999451748,2
sep-ipop-w60,11,111023,2219,4217856,927.97746404012048,,322103697.60925341,10925.077954527762,0.25616522807190628,2
sep-ipop-w60,11,111023,2225,4242432,927.97746404012048,,454487831.92362857,14360.065174602629,0.25708695260415138,2
sep-ipop-w60,11,111023,2232,4271104,927.97746404012048,,741929058.09770763,16432.740870805188,0.25723214129461724,2
sep-ipop-w60,11,111023,2238,4295680,927.97746404012048,,1064741429.3447423,18887.042508483552,0.25601088723830617,2
sep-ipop-w60,11,111023,2244,4320256,927.97746404012048,,1550561142.594656,19975.913141008154,0.24661436065856226,2
sep-ipop-w60,11,111023,2250,4344832,927.97746404012048,,2309432064.3701544,26174.363467296389,0.25754539544423516,2
sep-ipop-w60,11,111023,2256,4369408,927.97746404012048,,3310717885.5502992,29171.68581109689,0.24581833326383498,2
sep-ipop-w60,11,111023,2263,4398080,927.97746404012048,,5215605725.0484867,36774.170436409171,0.2523228621972049,2
sep-ipop-w60,11,111023,2269,4422656,927.97746404012048,,7498396991.6785374,38973.3675986253,0.25041458072371109,2
sep-ipop-w60,11,111023,2275,4447232,927.97746404012048,,10556767099.89782,39681.30980067105,0.23863632348000965,2
sep-ipop-w60,11,111023,2281,4471808,927.97746404012048,,15116164715.25132,42596.553876919679,0.23733739637873288,2
sep-ipop-w60,11,111023,2287,4496384,927.97746404012048,,21089654820.351303,49982.179423042748,0.24656698347802641,2
sep-ipop-w60,11,111023,2294,4525056,927.97746404012048,,32862065419.72805,45151.604678164891,0.24705379162441599,2
sep-ipop-w60,11,111023,2300,4549632,927.97746404012048,,49672987566.627472,39047.409388882261,0.24929766289577779,2
sep-ipop-w60,11,111023,2306,4574208,927.97746404012048,,74469265006.33165,38497.132919372249,0.25532330856707841,2
sep-ipop-w60,11,111023,2312,4598784,927.97746404012048,,119379505360.36913,41737.731139852986,0.25572817379737806,2
sep-ipop-w60,11,111023,2318,4623360,927.97746404012048,,171801346920.80688,45132.314296650555,0.2437458943237952,2
sep-ipop-w60,11,111023,2325,4652032,927.97746404012048,,302423593257.84912,48389.148419285833,0.26548244973581231,2
sep-ipop-w60,11,111023,2331,4676608,927.97746404012048,,479930152604.97412,43324.00462970692,0.255503191274284,2
sep-ipop-w60,11,111023,2337,4701184,927.97746404012048,,717577304333.02112,41481.483846330622,0.24212880207173201,2
sep-ipop-w60,11,111023,2343,4725760,927.97746404012048,,1011084948657.0072,42397.084833799097,0.2277130919602906,2
sep-ipop-w60,11,111023,2349,4750336,927.97746404012048,,1534468378324.9497,48486.773417334298,0.23996213003064665,2
sep-ipop-w60,11,111023,2356,4779008,927.97746404012048,,2444613026420.3223,47851.525337245286,0.2320329362841711,2
sep-ipop-w60,11,111023,2362,4803584,927.97746404012048,,3617292060138.5889,41393.157351208181,0.22563998941093794,2
sep-ipop-w60,11,111023,2368,4828160,927.97746404012048,,5596538236218.2246,39160.653175676336,0.21364197309321764,2
sep-ipop-w60,11,111023,2374,4852736,927.97746404012048,,9169811606395.9902,34950.874102641996,0.22774215702074424,2
sep-ipop-w60,11,111023,2380,4877312,927.97746404012048,,23539548972147.855,15726.777088684616,0.2763825110575367,2
sep-ipop-w60,11,111023,2387,4905984,927.97746404012048,,38852460013082.344,13580.596077473203,0.24982410821706533,2
sep-ipop-w60,11,111023,2393,4930560,927.97746404012048,,50721516063548.617,17725.766626010594,0.22842729199914361,2
sep-ipop-w60,11,111023,2399,4955136,927.97746404012048,,64269702964656.914,19933.266093675378,0.19852586368599123,2
sep-ipop-w60,11,111023,2405,4979712,927.97746404012048,,84981790986575.844,23790.575142588914,0.18334625069483881,2
sep-ipop-w60,11,111023,2411,5004288,927.97746404012048,,109362965517076.95,19427.103607540957,0.1545651252029267,2
sep-ipop-w60,11,111023,2418,5032960,927.97746404012048,,141095185009983.09,19516.315470160738,0.13730790263389128,2
sep-ipop-w60,11,111023,2424,5057536,927.97746404012048,,196548458160145.47,17760.353984141137,0.13575988844543219,2
sep-ipop-w60,11,111023,2430,5082112,927.97746404012048,,279847844886579.41,13392.925203382452,0.12290940110129946,2
sep-ipop-w60,11,111023,2436,5106688,927.97746404012048,,409834579715479.94,11695.270093798517,0.11352644341992373,2
sep-ipop-w60,11,111023,2442,5131264,927.97746404012048,,635232422599171.62,10258.255239947499,0.11286539936581236,2
sep-ipop-w60,11,111023,2449,5159936,927.97746404012048,,1055881112686075.1,8705.7560754976384,0.10151059363075632,2
sep-ipop-w60,11,111023,2455,5184512,927.97746404012048,,1601670228929786.2,7572.903383450026,0.094963473399007584,2
sep-ipop-w60,11,111023,2461,5209088,927.97746404012048,,2387185171958206.5,7087.8971342646828,0.087392583844349753,2
sep-ipop-w60,11,111023,2467,5233664,927.97746404012048,,3567178528743443,6486.149945333832,0.078980951188509479,2
sep-ipop-w60,11,111023,2473,5258240,927.97746404012048,,5337030686364014,7040.6506402040959,0.078508456377687275,2
sep-ipop-w60,11,111023,2480,5286912,927.97746404012048,,8195413632774152,7144.7192138575247,0.072708366217362527,2
sep-ipop-w60,11,111023,2486,5311488,927.97746404012048,,12294669477622106,7661.3183153633026,0.075132968899436214,2
sep-ipop-w60,11,111023,2492,5336064,927.97746404012048,,18196553138383596,6335.7266780993032,0.072338469064043398,2
sep-ipop-w60,11,111023,2498,5360640,927.97746404012048,,25400560153073068,7060.6030439760643,0.069902747042091484,2
sep-ipop-w60,11,111023,2504,5385216,927.97746404012048,,35314027105486176,6313.1139483283287,0.063735290834931277,2
sep-ipop-w60,11,111023,2511,5413888,927.97746404012048,,48373720285751000,6505.7034141231088,0.056225933150121789,2
sep-ipop-w60,11,111023,2517,5438464,927.97746404012048,,68568408967971264,7371.038455425426,0.061288586475829659,2
sep-ipop-w60,11,111023,2523,5463040,927.97746404012048,,93721980254836576,6489.2836257662366,0.056742682446664548,2
sep-ipop-w60,11,111023,2529,5487616,927.97746404012048,,1.2143240579355224e+17,6525.9131778482233,0.055818778133023744,2
sep-ipop-w60,11,111023,2535,5512192,927.97746404012048,,1.6290709092843027e+17,6478.341059595612,0.055503612917895184,2
sep-ipop-w60,11,111023,2542,5540864,927.97746404012048,,2.2244703612009728e+17,6885.9459887323228,0.052798553458053961,2
sep-ipop-w60,11,111023,2548,5565440,927.97746404012048,,2.9444366022050886e+17,7452.5379815348215,0.054059239797007504,2
sep-ipop-w60,11,111023,2554,5590016,927.97746404012048,,3.7774944107404845e+17,6416.1421152050907,0.050531391315961842,2
sep-ipop-w60,11,111023,2560,5614592,927.97746404012048,,4.9633859592178093e+17,7837.0274757906591,0.051678967351386891,2
sep-ipop-w60,11,111023,2566,5639168,927.97746404012048,,6.5995462414956787e+17,7862.9446728915436,0.053790244163594604,2
sep-ipop-w60,11,111023,2573,5667840,927.97746404012048,,9.2940324992701901e+17,7620.674486283765,0.05186319335313986,2
sep-ipop-w60,11,111023,2579,5692416,927.97746404012048,,1.2359562623335465e+18,7774.610126742652,0.053169784944228825,2
sep-ipop-w60,11,111023,2585,5716992,927.97746404012048,,1.6094205737011715e+18,8505.1660052623192,0.05122251717320405,2
sep-ipop-w60,11,111023,2591,5741568,927.97746404012048,,1.9033568147233516e+18,9260.1565480669688,0.048566367652492975,2
sep-ipop-w60,11,111023,2597,5766144,927.97746404012048,,2.3445210128270536e+18,8774.2848173286984,0.047490895902405288,2
sep-ipop-w60,11,111023,2604,5794816,927.97746404012048,,3.025973836641195e+18,11369.266616474866,0.04959118457801058,2
sep-ipop-w60,11,111023,2610,5819392,927.97746404012048,,3.9911778529052349e+18,9580.8107297696606,0.049795745222139212,2
sep-ipop-w60,11,111023,2616,5843968,927.97746404012048,,4.9175431487707044e+18,10623.218582912348,0.049078166214313317,2
sep-ipop-w60,11,111023,2622,5868544,927.97746404012048,,6.3167288675355525e+18,9343.2462202573424,0.049193425637404656,2
sep-ipop-w60,11,111023,2628,5893120,927.97746404012048,,8.0270726181646612e+18,9531.7150379292834,0.047888518046750372,2
sep-ipop-w60,11,111023,2635,5921792,927.97746404012048,,9.7844275205651108e+18,11274.190490388357,0.050098218427856736,2
sep-ipop-w60,11,111023,2641,5946368,927.97746404012048,,1.2554001139307518e+19,10063.871385554037,0.049503461538934139,2
sep-ipop-w60,11,111023,2647,5970944,927.97746404012048,,1.626674305653257e+19,8848.0859166540413,0.050530042489399879,2
sep-ipop-w60,11,111023,2653,5995520,927.97746404012048,,1.9898560321481593e+19,9656.3381519518571,0.050784758022637662,2
sep-ipop-w60,11,111023,2659,6020096,927.97746404012048,,2.2757769934526407e+19,10424.490649196508,0.047120773656989495,2
sep-ipop-w60,11,111023,2666,6048768,927.97746404012048,,2.7150941669540467e+19,11475.573445414959,0.047523509989167635,2
sep-ipop-w60,11,111023,2672,6073344,927.97746404012048,,3.0077386025476043e+19,13909.500594910827,0.047856349074684022,2
sep-ipop-w60,11,111023,2678,6097920,927.97746404012048,,3.2501876457470312e+19,12558.514221743539,0.044167972251526355,2
sep-ipop-w60,11,111023,2684,6122496,927.97746404012048,,3.4850012057534792e+19,15152.50382376786,0.045355644909619831,2
sep-ipop-w60,11,111023,2690,6147072,927.97746404012048,,3.7559950630922977e+19,17787.245278056456,0.046462289358633925,2
sep-ipop-w60,11,111023,2697,6175744,927.97746404012048,,4.1496913509240963e+19,19551.916326185394,0.045490051930633754,2
sep-ipop-w60,11,111023,2703,6200320,927.97746404012048,,4.5780729106842067e+19,26785.638662288031,0.044771933041106521,2
sep-ipop-w60,11,111023,2709,6224896,927.97746404012048,,5.5701702884459282e+19,47983.622085653311,0.050335503188776401,2
sep-ipop-w60,11,111023,2715,6249472,927.97746404012048,,6.6088478575981462e+19,56996.047998589413,0.05074285692691835,2
sep-ipop-w60,11,111023,2721,6274048,927.97746404012048,,8.2659089977458901e+19,90734.192958023152,0.051066162970821886,2
sep-ipop-w60,11,111023,2728,6302720,927.97746404012048,,1.1071662744164978e+20,153563.49988831411,0.052603367842892476,2
sep-ipop-w60,11,111023,2734,6327296,927.97746404012048,,1.3386437805559944e+20,375110.54433943355,0.048108625133397011,2
sep-ipop-w60,11,111023,2740,6351872,927.97746404012048,,1.8361372141975886e+20,705731.41202765284,0.054060414062110256,2
sep-ipop-w60,11,111023,2746,6376448,927.97746404012048,,2.3941130621484987e+20,832434.12119371409,0.052290548300262647,2
sep-ipop-w60,11,111023,2752,6401024,927.97746404012048,,3.2116316227854211e+20,941108.55916364561,0.05277191531995009,2
sep-ipop-w60,11,111023,2759,6429696,927.97746404012048,,4.4226636667004892e+20,1004749.396549733,0.053322670165195783,2
sep-ipop-w60,11,111023,2765,6454272,927.97746404012048,,5.8031869792276074e+20,1004420.8790690321,0.053356248814930861,2
sep-ipop-w60,11,111023,2771,6478848,927.97746404012048,,7.5469865724445236e+20,1038254.7564801938,0.052921035265907558,2
sep-ipop-w60,11,111023,2777,6502400,927.97746404012048,,9.5564509839374601e+20,1087470.6116248686,0.050548284216973972,2
sep-ipop-l20,12,111024,1,20,6705.9475631713867,,0.27907104438462249,1.1103701269668542,0.28439249430932034,0
sep-ipop-l20,12,111024,10,200,5564.2558492024737,,0.24317059147094586,1.4716740612594994,0.25875676794760899,0
sep-ipop-l20,12,111024,255,5100,1192.9197273254395,,0.038983854193300436,25.468468402816239,0.046022845540857012,0
sep-ipop-l20,12,111024,1254,26560,1121.3075129191081,,0.10181604810963597,21.397660594016617,0.1219467034098133,1
sep-ipop-l20,12,111024,1882,51680,1085.0797793070476,,0.0033184587983942954,223275.4251085564,0.0016821439153689656,1
sep-ipop-l20,12,111024,2508,80920,1084.9596239725749,,0.12328840686629274,442.87870503704761,0.12777596689991563,2
sep-ipop-l20,12,111024,2772,102040,1084.9596239725749,,0.19412239980069546,147674.54442309646,0.1097699445047739,2
sep-ipop-l20,12,111024,3102,128440,1084.9596239725749,,18.934000155255891,7450.5143367311139,0.10366829858894874,2
sep-ipop-l20,12,111024,3432,154840,1084.9596239725749,,2.4067930703940559,591302.42549042951,0.0017708147940644274,2
sep-ipop-l20,12,111024,3696,178200,1084.9596239725749,,0.34826382052102955,46.71059055825895,0.23379757310088817,3
sep-ipop-l20,12,111024,3894,209880,1084.9596239725749,,5.0199864280874289,75402.426787911507,0.23610348547021237,3
sep-ipop-l20,12,111024,4026,231000,1084.9596239725749,,54.629339905775467,415052.99545694148,0.18749410368412048,3
sep-ipop-l20,12,111024,4224,262680,1084.9596239725749,,398.57964227587894,16518052.598661931,0.029750486089076409,3
sep-ipop-l20,12,111024,4356,283800,1084.9596239725749,,522.51954816777015,748358867.34394574,0.020120598800336262,3
sep-ipop-l20,12,111024,4488,304920,1084.9596239725749,,410.68747939205792,6150845862.8016758,0.016362972286779087,3
sep-ipop-l20,12,111024,4686,342200,1084.9596239725749,,1.075848642234404,84.141430782213661,0.26784260773192842,4
sep-ipop-l20,12,111024,4752,363320,1084.9596239725749,,8.6172257543490982,2387.9249252425275,0.30503002977709459,4
sep-ipop-l20,12,111024,4818,384440,1084.9596239725749,,82.007369221162975,60851.262558784852,0.22011970731447295,4
sep-ipop-l20,12,111024,4887,406520,1070.1521581013997,,1724.0768202286042,78844.396860458786,0.24921414751544546,4
sep-ipop-l20,12,111024,4966,431800,1041.1276944478352,,185236.14231032139,20725.196137374671,0.23310828741091913,4
sep-ipop-l20,12,111024,5048,458040,970.75811386108398,,21508978.026448898,1006.3496814368979,0.080587708236379008,4
sep-ipop-l20,12,111024,5128,483640,927.01216379801429,,421858696.67357558,2520.1133302924909,0.023522593739814593,4
sep-ipop-l20,12,111024,5205,508280,923.2914034525553,,801409416.73688638,64237.271254130457,0.0069519450992651718,4
sep-ipop-l20,12,111024,5288,534840,922.98659642537439,,1637101427.4048438,21388775.314465735,0.005410190387002219,4
sep-ipop-l20,12,111024,5412,574520,922.94223149617517,,10831235046.530081,2352405612.7607846,0.0067513625748336038,4
sep-ipop-l20,12,111024,5478,597880,922.94223149617517,,0.54852784899258444,12.986169670925495,0.89503056361765343,5
sep-ipop-l20,12,111024,5544,640120,922.94223149617517,,6.5014575244760833,1044.1699334115262,0.31241687586352601,5
sep-ipop-l20,12,111024,5610,682360,922.94223149617517,,116.39864242554111,3722.5291049369598,0.26753494931036664,5
sep-ipop-l20,12,111024,5676,724600,922.94223149617517,,1955.737608210379,23817.4703670829,0.27290088684190034,5
sep-ipop-l20,12,111024,5716,750200,922.60494486490882,,11381.903381146891,235731.05978108483,0.25159657370467509,5
sep-ipop-l20,12,111024,5737,763640,914.73114140828454,,29639.129747136565,625255.37221157562,0.22692686287754973,5
sep-ipop-l20,12,111024,5780,791160,895.83578745524085,,268359.45393492567,98631.207914318948,0.086718223002417577,5
sep-ipop-l20,12,111024,5814,812920,891.6694221496582,,742347.36412474653,131031.34770473751,0.033614598869167261,5
sep-ipop-l20,12,111024,5854,838520,890.08993021647132,,2781714.9389672629,287411.7081857085,0.026539032193349608,5
sep-ipop-l20,12,111024,5895,864760,888.74401219685876,,7430636.2520483518,104837.99789050165,0.013920693215106779,5
sep-ipop-l20,12,111024,5933,889080,887.9198328653971,,39863234.607657596,100190.92676572224,0.014613908377636086,5
sep-ipop-l20,12,111024,5973,914680,886.35283025105798,,811988541.72178888,46104.933681339833,0.023030069214611405,5
sep-ipop-l20,12,111024,6014,940920,878.73972574869788,,23392715036.071274,96288.043292836534,0.081081637595826081,5
sep-ipop-l20,12,111024,6052,965240,869.88418324788415,,163555680113.72864,62354.712555476071,0.071510783707294454,5
sep-ipop-l20,12,111024,6092,990840,864.63550186157227,,614265349673.48877,128314.89124697984,0.029960962152254047,5
sep-ipop-l20,12,111024,6132,1016440,862.86703491210938,,1309684003020.6875,79967.353029136211,0.017001283240775256,5
sep-ipop-l20,12,111024,6176,1044600,862.26674652099609,,2455238621405.9277,224878.57831521315,0.0061460001758106312,5
sep-ipop-l20,12,111024,6212,1067640,862.03974787394202,,5036532116945.3711,2121918.4353290894,0.0051295649358073913,5
sep-ipop-l20,12,111024,6251,1092600,861.95098749796546,,11217313712480.457,45882002.311187454,0.0040483535295232796,5
sep-ipop-l20,12,111024,6293,1119480,861.70126978556311,,21440165078362.852,265042257.43341649,0.0050838420537051288,5
sep-ipop-l20,12,111024,6330,1143160,861.68461863199866,,38179851349112.477,221917301.47348312,0.0051549127468837061,5
sep-ipop-l20,12,111024,6376,1172600,861.66244379679358,,162342395087086.12,149192072.4014129,0.0044186835699498959,5
sep-ipop-l20,12,111024,6421,1201400,861.63189442952478,,594729924885507.5,617069913.52274823,0.0040515694876355054,5
sep-ipop-l20,12,111024,6450,1219960,861.63124847412109,,1361391153601094.8,661716913.44702697,0.0052924725075109893,5
sep-ipop-l20,12,111024,6534,1273720,861.61085383097327,,1897438223408175,2980674635.9637241,0.0044521050902988678,5
sep-ipop-l20,12,111024,6600,1315960,861.61085383097327,,1895073223021631.5,4278143720.2256627,0.0038751237701445899,5
sep-ipop-l20,12,111024,6666,1382520,861.61085383097327,,1.5900778465027647,85.239993698124664,0.31131224317022954,6
sep-ipop-l20,12,111024,6732,1467000,861.61085383097327,,21.940779247298952,2415.8992802393814,0.27245538133613345,6
sep-ipop-l20,12,111024,6798,1551480,861.61085383097327,,482.00370439092649,7342.4783294340868,0.24968424008837817,6
sep-ipop-l20,12,111024,6864,1635960,861.61085383097327,,15136.442031572229,53342.573490219169,0.2187942148083086,6
sep-ipop-l20,12,111024,6930,1720440,861.61085383097327,,370348.97354112589,954783.55424969608,0.25415792461318382,6
sep-ipop-l20,12,111024,6996,1804920,861.61085383097327,,26012730.281260226,15452.261895386355,0.029238708882603052,6
sep-ipop-l20,12,111024,7062,1889400,861.61085383097327,,514656661.90532404,17622.813328399232,0.017536406492878468,6
sep-ipop-l20,12,111024,7128,1973880,861.61085383097327,,3076679558.7566423,30733.108481993037,0.0099088774083854695,6
sep-ipop-l20,12,111024,7194,2058360,861.61085383097327,,45171005989.399002,63361.210044150816,0.0067454368280013399,6
sep-ipop-l20,12,111024,7260,2142840,861.61085383097327,,1854250213079.0891,123377.83863831082,0.0078271453265399762,6
sep-ipop-l20,12,111024,7326,2227320,861.61085383097327,,126005431113843.44,49456.205280786955,0.0099294979905498702,6
sep-ipop-l20,12,111024,7392,2311800,861.61085383097327,,720140484711594,1207384.7769113465,0.0048958066754168535,6
sep-ipop-l20,12,111024,7458,2396280,861.61085383097327,,2612360720862731.5,19426768.06944973,0.0042128999708165088,6
sep-ipop-l20,12,111024,7524,2480760,861.61085383097327,,13861540444573892,5557291716.2657022,0.0049307057522686437,6
sep-ipop-l20,12,111024,7590,2565240,861.61085383097327,,73910620068379392,2466293420.2347093,0.0037956812478136472,6
sep-ipop-l20,12,111024,7656,2649720,861.61085383097327,,2.1031713045699453e+17,1996624221.9384592,0.0021023251198023251,6
sep-ipop-l20,12,111024,7722,2734200,861.61085383097327,,1.8389373762737245e+17,9057210107.3293076,0.0021362839652626286,6
sep-ipop-l20,12,111024,7788,2889080,861.61085383097327,,5.2319800689808318,374.06268603826078,0.3213966213118391,7
sep-ipop-l20,12,111024,7854,3058040,861.61085383097327,,78.234890747501424,1472.1350963631626,0.27399307990383859,7
sep-ipop-l20,12,111024,7920,3227000,861.61085383097327,,3255.9451903192612,5542.3194470633925,0.27409268937992937,7
sep-ipop-l20,12,111024,7986,3395960,861.61085383097327,,214141.81057370183,13031.897186710436,0.25029953349901463,7
sep-ipop-l20,12,111024,8052,3564920,861.61085383097327,,16818908.390890736,4596.7608295640039,0.14423969521180285,7
sep-ipop-l20,12,111024,8118,3733880,861.61085383097327,,2088962351.6490631,1862.8755292371363,0.079411276094087491,7
sep-ipop-l20,12,111024,8155,3828600,861.55211893717444,,31037281037.946232,3977.7997620991232,0.071265559374339038,7
sep-ipop-l20,12,111024,8158,3836280,861.03814697265625,,38120710118.882835,2815.0832141781407,0.062743125641442715,7
sep-ipop-l20,12,111024,8168,3861880,859.2054545084635,,91267981768.941422,2164.0938448133843,0.063194789020638964,7
sep-ipop-l20,12,111024,8181,3895160,856.9991671244303,,239848128353.54037,3238.7132672206153,0.060902920120242489,7
sep-ipop-l20,12,111024,8188,3913080,856.13683954874671,,397132359926.08215,3419.5376286918117,0.056971865902280171,7
sep-ipop-l20,12,111024,8198,3938680,853.69871775309241,,878040340154.0675,3145.059070084234,0.055385611904400951,7
sep-ipop-l20,12,111024,8211,3971960,852.50375239054358,,2285099382980.9321,2988.9453849639663,0.052797581451648021,7
sep-ipop-l20,12,111024,8220,3995000,851.5456326802572,,4165784934045.6528,2762.7004861451946,0.046352080900846936,7
sep-ipop-l20,12,111024,8231,4023160,850.33998616536462,,9255721085919.7773,2327.0419366283713,0.043540444582315693,7
sep-ipop-l20,12,111024,8238,4041080,850.1636632283529,,15545922269179.908,2243.7842266808302,0.042270241046485364,7
sep-ipop-l20,12,111024,8250,4071800,849.03922526041663,,34096803824835.062,2227.7984918269135,0.037632701625203116,7
sep-ipop-l20,12,111024,8259,4094840,848.48873901367188,,67772192269388.633,2928.6741763312416,0.040774869325501395,7
sep-ipop-l20,12,111024,8267,4115320,848.10114796956384,,118690542938232.12,2373.7306984069046,0.036849701893647752,7
sep-ipop-l20,12,111024,8280,4148600,847.26027806599939,,310633525604304.5,2243.9538044429805,0.038059613766008867,7
sep-ipop-l20,12,111024,8293,4181880,846.30319976806641,,1037374771166634.4,2252.1772438792336,0.044570539636270064,7
sep-ipop-l20,12,111024,8297,4192120,846.29715983072913,,1555089404900293.8,1995.8123408121721,0.04806489876950782,7
sep-ipop-l20,12,111024,8307,4217720,845.32280731201172,,3897488078232193.5,1947.6929146911029,0.052869830647494724,7
sep-ipop-l20,12,111024,8319,4248440,842.91078440348304,,13354411796859740,1496.3796458487068,0.061846979673227026,7
sep-ipop-l20,12,111024,8327,4268920,841.24682235717773,,27951221485476196,1281.6672832199479,0.063019288969057147,7
sep-ipop-l20,12,111024,8341,4304760,836.59648768107093,,85864271011200208,1445.5446230351508,0.064898825654974193,7
sep-ipop-l20,12,111024,8347,4320120,833.49049377441406,,1.277203510187736e+17,1743.5419582508707,0.062485513211021068,7
sep-ipop-l20,12,111024,8361,4355960,831.2503331502279,,3.4368870675049709e+17,3154.2477116272557,0.052986098371607331,7
sep-ipop-l20,12,111024,8367,4371320,829.91828664143884,,5.3354408504631802e+17,4058.2742319806398,0.052343590396263344,7
sep-ipop-l20,12,111024,8376,4394360,828.31062698364258,,9.7318115216967398e+17,4810.8413280100376,0.046456481300899993,7
sep-ipop-l20,12,111024,8389,4427640,826.61173629760742,,2.4767216880661591e+18,4952.9178462431491,0.039399857429078269,7
sep-ipop-l20,12,111024,8397,4448120,825.24564107259118,,4.3513869214829271e+18,7399.9005906015373,0.042996414030034874,7
sep-ipop-l20,12,111024,8406,4471160,824.63859685262048,,8.7515781321342249e+18,6323.6146460221971,0.040450033602561969,7
sep-ipop-l20,12,111024,8420,4507000,822.84805806477868,,2.2440232494342902e+19,8401.6107805982811,0.037177980905642692,7
sep-ipop-l20,12,111024,8429,4530040,822.49711481730139,,3.9010694696320205e+19,9766.1892775095857,0.032686220926627256,7
sep-ipop-l20,12,111024,8437,4550520,821.90405400594079,,6.4537701848307671e+19,8531.7508052428911,0.03186485467623603,7
sep-ipop-l20,12,111024,8446,4573560,821.19451141357422,,1.1380650988314675e+20,13610.296590143629,0.033006212055973996,7
sep-ipop-l20,12,111024,8458,4604280,820.57207616170251,,2.1138727895664145e+20,14243.858426853129,0.030443804061175417,7
sep-ipop-l20,12,111024,8468,4629880,820.02529271443689,,3.5126316922411247e+20,10897.282284153036,0.02603746178965427,7
sep-ipop-l20,12,111024,8476,4650360,819.74018732706702,,5.4055873469038481e+20,15384.099280996814,0.027745106519109344,7
sep-ipop-l20,12,111024,8487,4678520,819.06635665893555,,9.2828809903926424e+20,31363.203341386896,0.025844364658888098,7
sep-ipop-l20,12,111024,8496,4701560,818.90786234537757,,1.5152992784618734e+21,35471.264801926482,0.025010058456450143,7
sep-ipop-l20,12,111024,8508,4732280,818.35255177815759,,2.6038993141746956e+21,62488.555678599107,0.023430345919594201,7
sep-ipop-l20,12,111024,8515,4750200,818.13043085734046,,3.4187952039157726e+21,83971.7213131842,0.023756040356012059,7
sep-ipop-l20,12,111024,8526,4778360,817.8771756490072,,5.1982701142403564e+21,129063.90751906265,0.021363089288053395,7
sep-ipop-l20,12,111024,8535,4801400,817.77122624715173,,7.1760703537048348e+21,133389.22748060033,0.02000138992486878,7
sep-ipop-l20,12,111024,8549,4837240,817.28698857625329,,1.1293633126722074e+22,130144.50102878496,0.017241020501801086,7
sep-ipop-l20,12,111024,8557,4857720,817.031504313151,,1.493523901519358e+22,189164.70285272153,0.01767268271726101,7
sep-ipop-l20,12,111024,8567,4883320,817.0188878377279,,1.7603526969462895e+22,235424.30548457484,0.016758400192556179,7
sep-ipop-l20,12,111024,8580,4916600,816.83668390909827,,2.0307941403029584e+22,498383.52052438387,0.014991291286045575,7
sep-ipop-l20,12,111024,8585,4929400,816.63431549072266,,2.1017195156113006e+22,865563.45834007405,0.014695961768248732,7
sep-ipop-l20,12,111024,8596,4957560,816.52492777506507,,2.8083564238592027e+22,1331846.2155632519,0.013634558538874365,7
sep-ipop-l20,12,111024,8608,4988280,816.43133926391602,,3.5936510769550133e+22,3004745.9898525248,0.013881721518535442,7
sep-ipop-l20,12,111024,8618,5013880,816.34504318237305,,4.5595674947742136e+22,5109817.9972512508,0.013672999322874404,7
sep-ipop-l20,12,111024,8626,5034360,816.30779266357422,,5.9739961936575489e+22,17463059.709823236,0.015032855844134848,7
sep-ipop-l20,12,111024,8635,5057400,816.25867970784509,,8.0483046553189198e+22,19171763.252097271,0.013685727987672838,7
sep-ipop-l20,12,111024,8644,5080440,816.23444493611657,,9.9272050542751278e+22,24746331.876405653,0.013331296945409604,7
sep-ipop-l20,12,111024,8662,5126520,816.18013000488281,,1.2848179708117629e+23,89815911.877186269,0.011969916076595068,7
sep-ipop-l20,12,111024,8664,5131640,816.17411422729492,,1.3441334811705081e+23,93980978.376466483,0.012285047761067487,7
sep-ipop-l20,12,111024,8679,5170040,816.15791066487634,,1.5212669577950581e+23,131736810.52457598,0.010729785045329935,7
sep-ipop-l20,12,111024,8686,5187960,816.15044911702478,,1.5690853410659035e+23,189166544.82422057,0.010776435747926926,7
sep-ipop-l20,12,111024,8704,5234040,816.12010192871094,,1.8101770246697282e+23,195206354.71101037,0.010938992728751417,7
sep-ipop-l20,12,111024,8714,5259640,816.11559677124023,,1.8712880751828389e+23,317041942.52394408,0.01170652216445732,7
sep-ipop-l20,12,111024,8725,5287800,816.10579935709632,,2.1310333325642098e+23,280625900.48848712,0.011295610599630128,7
sep-ipop-l20,12,111024,8778,5423480,816.09622701009118,,2.899978430020965e+23,619033558.38553035,0.010997090629316964,7
sep-ipop-l20,12,111024,8799,5477240,816.09489822387695,,2.9749665848411107e+23,787109464.86541784,0.010592427237695497,7
sep-ipop-l20,12,111024,8829,5554040,816.09197489420569,,3.3228724561636246e+23,635530428.06261575,0.0097152009824779638,7
sep-ipop-l20,12,111024,8838,5577080,816.09104792277014,,3.1818150803581133e+23,515247712.62751442,0.0088570797528380301,7
sep-ipop-l20,12,111024,8844,5592440,816.08803049723304,,3.1113106195610784e+23,519647115.88204908,0.0084067199165958461,7
sep-ipop-l20,12,111024,8854,5618040,816.08766428629554,,3.2595652099273978e+23,468901294.94934577,0.0077762620500076264,7
sep-ipop-l20,12,111024,8872,5664120,816.08674748738611,,3.4410421135094186e+23,592548626.54429829,0.0080438921633266668,7
sep-ipop-l20,12,111024,8909,5758840,816.08550008138025,,3.2753057055182992e+23,592403480.66201043,0.0062163526474364869,7
sep-ipop-l20,12,111024,8924,5797240,816.08434295654297,,3.3732517028189047e+23,834687312.40246081,0.0070089775132158852,7
sep-ipop-l20,12,111024,8934,5822840,816.08260981241858,,3.4027515517706726e+23,1473411670.1680789,0.0076459331303921664,7
sep-ipop-l20,12,111024,8969,5912440,816.08251317342126,,3.3713731544049525e+23,2401816100.8671694,0.0068407738341100888,7
sep-ipop-l20,12,111024,8976,5930360,816.08251317342126,,3.3425276468272016e+23,3357908353.913672,0.0066564331503240993,7
sep-ipop-l20,12,111024,8998,5986680,816.08245340983069,,3.7030429647914951e+23,2862892341.7915916,0.0070342304589378233,7
sep-ipop-l20,12,111024,9012,6022520,816.08242162068689,,5.2573633358681682e+23,3572954530.3498201,0.009319470485713072,7
sep-ipop-l20,12,111024,9029,6066040,816.07928212483728,,8.9818815789364471e+23,2952769365.1771355,0.012284194702232422,7
sep-ipop-l20,12,111024,9032,6073720,816.07925033569336,,9.7026865557386067e+23,2312459495.4611344,0.011551044471753088,7
sep-ipop-l20,12,111024,9042,6099320,816.0661735534668,,1.3041108780785759e+24,1214850323.8307106,0.011351960379003828,7
sep-ipop-l20,12,111024,9063,6153080,816.06614176432288,,1.8708876803588045e+24,749775141.82829964,0.012370928949175257,7
sep-ipop-l20,12,111024,9081,6199160,816.06575775146484,,3.2421926567295834e+24,3182774975.8087511,0.011042142294453574,7
sep-ipop-l20,12,111024,9108,6268280,816.06575775146484,,3.4319867112999426e+24,9805471450.7351284,0.0098725395316737879,7
sep-ipop-l20,12,111024,9174,6437240,816.06575775146484,,2.7951300117500298e+24,22264321426.172722,0.0087187559966730808,7
sep-ipop-l20-w102,12,111024,1,20,6705.9475631713867,,0.27907104438462249,1.1103701269668542,0.28439249430932034,0
sep-ipop-l20-w102,12,111024,10,200,5564.2558492024737,,0.24317059147094586,1.4716740612594994,0.25875676794760899,0
sep-ipop-l20-w102,12,111024,255,5100,1192.9197273254395,,0.038983854193300436,25.468468402816239,0.046022845540857012,0
sep-ipop-l20-w102,12,111024,1254,26960,1121.3075129191081,,0.070111364112531646,15.89079287330034,0.080981406695181127,1
sep-ipop-l20-w102,12,111024,1914,53360,1121.3075129191081,,0.004292465958209259,1181298.2063521508,0.0042186669447301815,1
sep-ipop-l20-w102,12,111024,2442,77560,1121.3075129191081,,0.14663535098546457,56.527234680942719,0.14513882965312938,2
sep-ipop-l20-w102,12,111024,2772,103960,1121.3075129191081,,0.090916626841839099,2899.857010174273,0.011654737210101436,2
sep-ipop-l20-w102,12,111024,3102,130360,1121.3075129191081,,0.042019848440551323,30483368.839924525,0.0051502852479855298,2
sep-ipop-l20-w102,12,111024,3366,158120,1121.3075129191081,,0.55022037654135614,435.58684816016944,0.18599978324275504,3
sep-ipop-l20-w102,12,111024,3498,179240,1121.3075129191081,,2.5529131663190028,63909.374087848846,0.19784550217030752,3
sep-ipop-l20-w102,12,111024,3649,203400,1106.9500961303711,,82.545663128487533,947.50605623289994,0.041607146215026522,3
sep-ipop-l20-w102,12,111024,3807,228680,1093.4367243448894,,89.174723084865889,84581.025112447198,0.0076288442171523673,3
sep-ipop-l20-w102,12,111024,3972,255080,1092.7137959798176,,2326.8026247983826,5814904.0589051014,0.0071756446220654036,3
sep-ipop-l20-w102,12,111024,4125,279560,1090.0953521728516,,32244.767281542088,6258064.5150830382,0.0049141606084659104,3
sep-ipop-l20-w102,12,111024,4290,305960,1090.0588277180989,,11860.244552132053,418679155.963884,0.0015310529607528056,3
sep-ipop-l20-w102,12,111024,4422,347880,1090.0588277180989,,22.398847126346734,1678.5831614471219,0.19504752272038944,4
sep-ipop-l20-w102,12,111024,4447,355880,1041.945088704427,,59.555709224258642,3866.0597855242236,0.1384811423956426,4
sep-ipop-l20-w102,12,111024,4526,381160,983.5652961730957,,2328.5494359404997,25085.768109268334,0.058880770943417184,4
sep-ipop-l20-w102,12,111024,4606,406760,971.10773468017578,,55710.259142343071,190688.57838692714,0.038047539603254243,4
sep-ipop-l20-w102,12,111024,4686,432360,969.51846186319983,,183887.20952488962,43221086.30419828,0.035485466814541754,4
sep-ipop-l20-w102,12,111024,4766,457960,969.39148585001624,,276956.15975129418,21556878089.833298,0.028021412238671287,4
sep-ipop-l20-w102,12,111024,4884,495720,969.38563919067383,,528570.6439522123,40230529839.410957,0.017533144381806542,4
sep-ipop-l20-w102,12,111024,4950,529640,969.38563919067383,,1.8855651032883234,166.57425416701628,0.27422874958266918,5
sep-ipop-l20-w102,12,111024,5016,571880,969.38563919067383,,11.206542166911877,3799.4737194310696,0.24139970357873419,5
sep-ipop-l20-w102,12,111024,5082,614120,969.38563919067383,,316.54688648044998,4339.156411610792,0.23431831054951621,5
sep-ipop-l20-w102,12,111024,5148,656360,969.38563919067383,,6386.0166734248778,16450.829460267272,0.084083370676113225,5
sep-ipop-l20-w102,12,111024,5214,698600,969.38563919067383,,42250.859290063454,764530.53009271901,0.04677182802804903,5
sep-ipop-l20-w102,12,111024,5280,740840,969.38563919067383,,250336.52857843434,187680070.87506676,0.051396574865950902,5
sep-ipop-l20-w102,12,111024,5346,783080,969.38563919067383,,1575019.1885304493,4698790647.0999775,0.042148700521122844,5
sep-ipop-l20-w102,12,111024,5412,825320,969.38563919067383,,17090202.483528435,5218979876.0249958,0.055422982797237341,5
sep-ipop-l20-w102,12,111024,5478,867560,969.38563919067383,,8487595525.2772903,426573.3844803737,0.054212429240372291,5
sep-ipop-l20-w102,12,111024,5544,909800,969.38563919067383,,55303528635.218216,753364.35299543524,0.050929260136783984,5
sep-ipop-l20-w102,12,111024,5610,952040,969.38563919067383,,114076012349.97,179859110.3256616,0.024720187638188632,5
sep-ipop-l20-w102,12,111024,5676,994280,969.38563919067383,,600300002972.30212,10728873986.886753,0.043444904364111546,5
sep-ipop-l20-w102,12,111024,5742,1036520,969.38563919067383,,1628377421051.927,15362670921.786953,0.04379635671626568,5
sep-ipop-l20-w102,12,111024,5808,1097320,969.38563919067383,,1.271371705175081,14.213689220812514,0.32330192110435785,6
sep-ipop-l20-w102,12,111024,5874,1181800,969.38563919067383,,17.563252404334435,1193.3670463738804,0.25060291285919856,6
sep-ipop-l20-w102,12,111024,5940,1266280,969.38563919067383,,485.3543390675265,33609.738117824047,0.23230976234277498,6
sep-ipop-l20-w102,12,111024,6006,1350760,969.38563919067383,,14677.463699405533,37008.728034293046,0.26294464897389025,6
sep-ipop-l20-w102,12,111024,6072,1435240,969.38563919067383,,1536874.8718790871,11426.706946207178,0.26398456119675984,6
sep-ipop-l20-w102,12,111024,6138,1519720,969.38563919067383,,59062587.128797896,82447.790083201427,0.25043987149601765,6
sep-ipop-l20-w102,12,111024,6204,1604200,969.38563919067383,,5432180046.5062418,56546.517680416415,0.27018337916283663,6
sep-ipop-l20-w102,12,111024,6270,1688680,969.38563919067383,,367581120630.4527,16723.702547283072,0.11662839902905904,6
sep-ipop-l20-w102,12,111024,6328,1762920,969.2325770060221,,23164072692372.504,2653.1750216302285,0.046500867825811289,6
sep-ipop-l20-w102,12,111024,6342,1780840,964.76137797037757,,49996049700500.875,2626.1324627039112,0.033874039839096891,6
sep-ipop-l20-w102,12,111024,6362,1806440,963.17079162597656,,139229820967905.67,4106.1114797498185,0.025460335492454161,6
sep-ipop-l20-w102,12,111024,6381,1830760,961.18797175089514,,319221232623225.5,3076.8008717813823,0.019900532037709098,6
sep-ipop-l20-w102,12,111024,6402,1857640,960.01514434814453,,696797377351328.88,5213.6243506665305,0.018530332180710374,6
sep-ipop-l20-w102,12,111024,6425,1887080,958.57871754964196,,973752976053658.25,9207.12070333269,0.0153048297476664,6
sep-ipop-l20-w102,12,111024,6439,1905000,957.91318893432617,,1433626552545706.5,11475.669984618822,0.014087302545280908,6
sep-ipop-l20-w102,12,111024,6462,1934440,957.13128407796228,,2600444052137970,4265.1606605059706,0.0071840727407819459,6
sep-ipop-l20-w102,12,111024,6492,1972840,956.76853942871094,,6343678852899079,9002.9070032010059,0.0053665098021083817,6
sep-ipop-l20-w102,12,111024,6500,1983080,956.64815521240234,,7743975532582017,23496.178484046239,0.005168053460289178,6
sep-ipop-l20-w102,12,111024,6519,2007400,956.39251454671228,,14893206494392940,32015.549495940009,0.0046289550885257168,6
sep-ipop-l20-w102,12,111024,6551,2048360,956.20341491699219,,23308163298233116,2335013.5390157364,0.0047456047594903279,6
sep-ipop-l20-w102,12,111024,6561,2061160,956.15790303548181,,28664111566594680,3829638.3925661477,0.0041168603313729646,6
sep-ipop-l20-w102,12,111024,6581,2086760,955.99687957763672,,47299403515471536,7869229.6437447779,0.0042420952143867284,6
sep-ipop-l20-w102,12,111024,6599,2109800,955.8880716959635,,64439626478455448,4481961.6193637978,0.003181278523377214,6
sep-ipop-l20-w102,12,111024,6619,2135400,955.83797073364258,,83713786164046208,23660704.465654947,0.0033175982897218213,6
sep-ipop-l20-w102,12,111024,6654,2180200,955.8150533040365,,1.2123391440649824e+17,36197768.895017833,0.0026372146245449151,6
sep-ipop-l20-w102,12,111024,6658,2185320,955.81029001871741,,1.3074245469987227e+17,39568258.919914328,0.0028287000416812131,6
sep-ipop-l20-w102,12,111024,6682,2216040,955.8028233846029,,2.082713411330079e+17,132452365.04800962,0.0032226030053997766,6
sep-ipop-l20-w102,12,111024,6701,2240360,955.80049514770508,,2.6871333088370266e+17,249563848.26680073,0.0035110070103285028,6
sep-ipop-l20-w102,12,111024,6728,2274920,955.79617055257165,,4.2761292779942989e+17,6551031982.1534452,0.0048516587299827149,6
sep-ipop-l20-w102,12,111024,6744,2295400,955.79521179199219,,4.6255816313729299e+17,4452119180.7085342,0.0041706855790380123,6
sep-ipop-l20-w102,12,111024,6798,2364520,955.79521179199219,,1.1596478708110121e+18,10953071995.514605,0.0033529854494730371,6
sep-ipop-l20-w102,12,111024,6864,2472040,955.79521179199219,,1.182710624887551,11.503416094777005,0.53368919514209845,7
sep-ipop-l20-w102,12,111024,6930,2641000,955.79521179199219,,14.864768308948694,1378.59146721261,0.24064008952625804,7
sep-ipop-l20-w102,12,111024,6996,2809960,955.79521179199219,,408.41271144714688,11637.120620761767,0.25781714134987377,7
sep-ipop-l20-w102,12,111024,7062,2978920,955.79521179199219,,39308.136046878353,7933.4297871209037,0.23316324548060821,7
sep-ipop-l20-w102,12,111024,7128,3147880,955.79521179199219,,1048398.1350064687,43764.040015422179,0.24356088911660415,7
sep-ipop-l20-w102,12,111024,7194,3316840,955.79521179199219,,65825461.934330069,209808.75995800056,0.25428705460485318,7
sep-ipop-l20-w102,12,111024,7260,3485800,955.79521179199219,,1272250932.7002256,990516.4436997344,0.20381794792843944,7
sep-ipop-l20-w102,12,111024,7326,3654760,955.79521179199219,,279793226726.71448,3590.6089254095323,0.11871514418522267,7
sep-ipop-l20-w102,12,111024,7392,3823720,955.79521179199219,,96579573009751.734,1775.9657457761327,0.20524918363769099,7
sep-ipop-l20-w102,12,111024,7458,3992680,955.79521179199219,,7045599586213327,2005.3541958743424,0.10726559552211147,7
sep-ipop-l20-w102,12,111024,7475,4036200,953.87493260701501,,16553523903804826,1571.4775766043706,0.082580922492704975,7
sep-ipop-l20-w102,12,111024,7479,4046440,950.26338704427087,,20181522975534920,1811.4905518389505,0.080264655566789342,7
sep-ipop-l20-w102,12,111024,7488,4069480,946.43601226806641,,37032076409441440,2230.6527471781933,0.082747036945026844,7
sep-ipop-l20-w102,12,111024,7496,4089960,940.38779067993164,,57181172438724128,2465.165817854333,0.078897630606410016,7
sep-ipop-l20-w102,12,111024,7507,4118120,935.40339914957679,,1.0414175924522379e+17,2924.2051871861645,0.068012961692762747,7
sep-ipop-l20-w102,12,111024,7517,4143720,933.38741683959961,,2.0850524630229958e+17,4452.6824211956855,0.071769801160418881,7
sep-ipop-l20-w102,12,111024,7534,4187240,930.12609990437829,,9.33452148618224e+17,3799.7654478956347,0.073391737019450995,7
sep-ipop-l20-w102,12,111024,7537,4194920,928.23550160725915,,1.1112296711301498e+18,4737.6885928541524,0.074898111247404933,7
sep-ipop-l20-w102,12,111024,7546,4217960,926.11645762125647,,1.8084784810496883e+18,5125.1976767433052,0.063341871605216177,7
sep-ipop-l20-w102,12,111024,7556,4243560,923.96117528279626,,2.7184553040997018e+18,5918.4914436228773,0.051993412451114121,7
sep-ipop-l20-w102,12,111024,7570,4279400,922.11796315511071,,5.3932477906929797e+18,5846.4552675470495,0.038752326857323632,7
sep-ipop-l20-w102,12,111024,7576,4294760,921.86334101359046,,6.6454426985670748e+18,4949.1165838581373,0.033382980811667434,7
sep-ipop-l20-w102,12,111024,7586,4320360,921.45292027791345,,9.9726192139795149e+18,5470.6122237419122,0.029979442627514431,7
sep-ipop-l20-w102,12,111024,7598,4351080,920.86962636311853,,1.5901820609772321e+19,6787.4784979833448,0.027676036376098619,7
sep-ipop-l20-w102,12,111024,7605,4369000,920.74679183959961,,2.1220216202379575e+19,7785.918364204972,0.028272454778382635,7
sep-ipop-l20-w102,12,111024,7615,4394600,920.38609059651696,,2.956345612379385e+19,9207.0489886541473,0.026095479752354975,7
sep-ipop-l20-w102,12,111024,7628,4427880,919.91886011759436,,4.0078280191387845e+19,9117.5331449767382,0.025012630682811603,7
sep-ipop-l20-w102,12,111024,7646,4473960,919.36647796630859,,6.9190514612256268e+19,16428.508333559039,0.02080401815050725,7
sep-ipop-l20-w102,12,111024,7656,4499560,919.09024047851562,,8.723717725409937e+19,64083.236992943785,0.017979447687093451,7
sep-ipop-l20-w102,12,111024,7665,4522600,918.75357055664062,,1.2027831287291757e+20,135536.75793012304,0.014812747992852355,7
sep-ipop-l20-w102,12,111024,7675,4548200,918.42190297444665,,1.738721428936492e+20,156746.53591836692,0.010140430749672101,7
sep-ipop-l20-w102,12,111024,7689,4584040,917.90929667154944,,2.7999668912639735e+20,432984.76128951303,0.0097470288013934061,7
sep-ipop-l20-w102,12,111024,7696,4601960,917.83467864990234,,3.4310633661064767e+20,567120.28842294205,0.0078369216856205102,7
sep-ipop-l20-w102,12,111024,7705,4625000,917.70422490437829,,4.7175274153677449e+20,788883.22136399685,0.0074104918412602723,7
sep-ipop-l20-w102,12,111024,7718,4658280,917.46397399902344,,6.678277401534983e+20,2006681.1371350961,0.0076980661199455474,7
sep-ipop-l20-w102,12,111024,7732,4694120,917.41085942586267,,1.0008402514184351e+21,4145986.627356404,0.0076651744463830983,7
sep-ipop-l20-w102,12,111024,7735,4701800,917.40544764200843,,1.018374323508087e+21,4152081.5637769564,0.0068680858160036573,7
sep-ipop-l20-w102,12,111024,7744,4724840,917.30310694376624,,1.1398613277226166e+21,6468336.3025518032,0.0067117844607521068,7
sep-ipop-l20-w102,12,111024,7756,4755560,917.20444742838538,,1.3955119117346205e+21,14754583.464224834,0.0072068613825243266,7
sep-ipop-l20-w102,12,111024,7764,4776040,917.14378484090173,,1.7503074513243246e+21,19283808.582028016,0.0074988396956228555,7
sep-ipop-l20-w102,12,111024,7774,4801640,917.12043635050452,,2.3450994710081587e+21,34977771.49987974,0.0076163559612129174,7
sep-ipop-l20-w102,12,111024,7784,4827240,917.07810465494788,,3.1898281949287956e+21,56617135.475082099,0.0071157328025521788,7
sep-ipop-l20-w102,12,111024,7801,4870760,917.02801005045569,,6.0059589528323139e+21,59257711.431385495,0.0074211058907243579,7
sep-ipop-l20-w102,12,111024,7804,4878440,917.01915995279944,,6.7850455979821766e+21,71288665.459153667,0.007749147897841078,7
sep-ipop-l20-w102,12,111024,7815,4906600,917.00375493367517,,1.1279926548251504e+22,69437675.712387636,0.0077536409114876024,7
sep-ipop-l20-w102,12,111024,7826,4934760,916.97794850667321,,1.7783345179154666e+22,77853983.640548497,0.0075752515562219225,7
sep-ipop-l20-w102,12,111024,7839,4968040,916.94527689615882,,3.2016047130675153e+22,88299552.79985024,0.0075596837729093739,7
sep-ipop-l20-w102,12,111024,7845,4983400,916.91179402669275,,4.3374115565076832e+22,97433329.685232893,0.0080788914016682659,7
sep-ipop-l20-w102,12,111024,7854,5006440,916.91179402669275,,6.384185015170504e+22,76867749.687985897,0.0072241170292778999,7
sep-ipop-l20-w102,12,111024,7873,5055080,916.88142395019531,,1.5174340132756235e+23,71199452.235577479,0.0073763037074723861,7
sep-ipop-l20-w102,12,111024,7886,5088360,916.86425908406579,,2.4729226069920504e+23,77636195.275509879,0.0070715891086518736,7
sep-ipop-l20-w102,12,111024,7895,5111400,916.845713297526,,3.4426253500709163e+23,69112353.450014666,0.0068149304135398754,7
sep-ipop-l20-w102,12,111024,7904,5134440,916.833241780599,,4.4683264044478816e+23,80989902.373527661,0.006506165594279272,7
sep-ipop-l20-w102,12,111024,7914,5160040,916.80448659261071,,5.522080084499613e+23,114568517.00136384,0.0068778122896310792,7
sep-ipop-l20-w102,12,111024,7923,5183080,916.79431788126624,,6.4951728822296544e+23,97260499.676046923,0.0061274676187685157,7
sep-ipop-l20-w102,12,111024,7933,5208680,916.75385411580407,,8.3351109022921158e+23,117780312.2260907,0.0066440204946016631,7
sep-ipop-l20-w102,12,111024,7945,5239400,916.74496459960938,,1.0221967420608621e+24,107076049.70946275,0.0062877574586162818,7
sep-ipop-l20-w102,12,111024,7953,5259880,916.74060567220056,,1.1947856223257177e+24,93164888.525501475,0.0057991734353578508,7
sep-ipop-l20-w102,12,111024,7969,5300840,916.73000335693359,,1.4555281934850112e+24,129048282.49160461,0.0050070205301682765,7
sep-ipop-l20-w102,12,111024,7986,5344360,916.73000335693359,,1.6339491760225412e+24,174302405.6032626,0.0046031517326964875,7
sep-ipop-l20-w102,12,111024,8052,5513320,916.73000335693359,,1.5620293200530698e+24,532141795.87595361,0.0053247617090204872,7
sep-ipop-l20-w102,12,111024,8118,5802600,916.73000335693359,,2.5500722267699087,24.280310218498197,0.33891124979830667,8
sep-ipop-l20-w102,12,111024,8184,6140520,916.73000335693359,,51.821934773271117,4664.2061930465679,0.25996802943607844,8
sep-ipop-l20-w102,12,111024,8250,6478440,916.73000335693359,,4490.5300005143581,937.98749561947636,0.30317550080894429,8
sep-ipop,12,111024,1,1024,4032.3495546976724,,0.28814809187268375,6.4099322104649348,0.11080793356081989,0
sep-ipop,12,111024,5,5120,2151.918098449707,,0.89479667384228678,43.588405864560237,0.79729553717145507,0
sep-ipop,12,111024,10,10240,1624.5207557678223,,1.2026321669822886,86.530447575022649,1.099534513632608,0
sep-ipop,12,111024,20,20480,1624.5207557678223,,2.4642628610418207,7.9586664847709141,0.37827232779561676,0
sep-ipop,12,111024,25,25600,1624.5207557678223,,2.85558636930618,6.5194079387264772,0.29771088900388892,0
sep-ipop,12,111024,40,40960,1571.2855580647786,,4.5059656710076403,139.11040488664176,0.25096122991854664,0
sep-ipop,12,111024,50,51200,1501.2319094340007,,7.0104682375384195,340.14696331910613,0.24975523833515875,0
sep-ipop,12,111024,75,76800,1377.3084691365559,,16.169389466815634,645.08248941281397,0.26292936176567533,0
sep-ipop,12,111024,80,81920,1358.3710505167644,,19.026683155489696,686.89269748972924,0.25901350864667722,0
sep-ipop,12,111024,100,102400,1297.6502469380696,,39.663190990184994,1967.8083188172416,0.27836450252543499,0
sep-ipop,12,111024,125,128000,1216.5386199951172,,110.3009741311797,6574.6956126493596,0.2557344813640246,0
sep-ipop,12,111024,149,152576,1151.1928838094075,,384.33204105746216,6367.2499843627711,0.24558352522776011,0
sep-ipop,12,111024,160,163840,1116.6148440043132,,759.45832342374422,6508.10170253654,0.25563335908541401,0
sep-ipop,12,111024,174,178176,1092.4848531087239,,1313.0188752405147,10394.233975934507,0.23230234978859454,0
sep-ipop,12,111024,199,203776,1070.1048685709636,,4364.2418360546653,26779.021479505584,0.25573004873693428,0
sep-ipop,12,111024,224,229376,1056.837100982666,,15867.101053966011,72529.937340873919,0.24668183990224871,0
sep-ipop,12,111024,249,254976,1051.9463157653809,,77531.513523495174,66182.262489402041,0.24407647593342185,0
sep-ipop,12,111024,255,261120,1049.5553906758626,,113050.04932839843,76918.584060315334,0.24700129533258983,0
sep-ipop,12,111024,273,279552,1043.847038269043,,385312.94754283456,54648.355466060166,0.24536349572331936,0
sep-ipop,12,111024,298,305152,1036.0320688883464,,2223149.569835254,58771.809110462869,0.26417029740837539,0
sep-ipop,12,111024,323,330752,1021.396556854248,,12399173.423455009,44614.139031578496,0.25846776134055782,0
sep-ipop,12,111024,348,356352,1005.490675608317,,65054271.955186218,27905.495033923966,0.24305229796157066,0
sep-ipop,12,111024,373,381952,991.2443631490072,,264102768.34999654,39777.598481428977,0.22772511850037241,0
sep-ipop,12,111024,397,406528,980.92452621459961,,918174188.03110707,80094.158821507546,0.2244362187973635,0
sep-ipop,12,111024,422,432128,975.65065511067712,,1834383733.4142461,276242.46284534206,0.22229951693508374,0
sep-ipop,12,111024,447,457728,974.50647354125977,,3098295032.7035937,867152.30805172084,0.19933435418807122,0
sep-ipop,12,111024,472,483328,973.01156616210938,,5810102870.3060379,7224798.1107812747,0.18379890575061783,0
sep-ipop,12,111024,497,508928,972.15805053710938,,10312353768.644714,4861882.5787632205,0.095086600615782182,0
sep-ipop,12,111024,521,533504,971.9342155456543,,16153858559.007626,17866053.62825451,0.07873792775855612,0
sep-ipop,12,111024,546,559104,971.85039901733398,,24077940152.803604,398174705.64052683,0.069916173029569456,0
sep-ipop,12,111024,571,584704,971.79997762044275,,47788442485.661186,4186230827.0397811,0.084988455243455038,0
sep-ipop,12,111024,596,610304,971.76605606079102,,130987785957.74361,6516118848.340991,0.09898654671435253,0
sep-ipop,12,111024,621,635904,971.75150171915686,,363237433370.31451,5030480214.6296997,0.085355805010232447,0
sep-ipop,12,111024,645,660480,971.56948089599609,,771772337202.34326,4193329316.7251921,0.076861388331106686,0
sep-ipop,12,111024,670,686080,971.56948089599609,,1018042457647.0502,6433935092.2004519,0.066206520895041171,0
sep-ipop,12,111024,695,711680,971.56948089599609,,1535611161407.5457,11937268877.059011,0.086094338588966604,0
sep-ipop,12,111024,720,737280,971.56948089599609,,2882533716858.0161,33971163233.709904,0.083331007233001561,0
sep-ipop,12,111024,745,762880,971.56948089599609,,7641918103019.8652,94152012542.39621,0.091660939641879935,0
sep-ipop,12,111024,769,787456,971.56948089599609,,16459305521102.064,205220934405.68372,0.092283240055622981,0
sep-ipop,12,111024,794,813056,971.56948089599609,,23622437798420.395,110314802509.09747,0.05637909891920475,0
sep-ipop,12,111024,819,838656,971.56948089599609,,27598529105931.492,203251984677.30975,0.062213844193971808,0
sep-ipop,12,111024,844,864256,971.56948089599609,,27347709141640.449,158218134641.61148,0.049204029732399984,0
sep-ipop,12,111024,869,889856,971.56948089599609,,25441402159212.457,174208132108.69266,0.0414218209950468,0
sep-ipop,12,111024,893,914432,971.56948089599609,,24481784665002.578,792657859475.75415,0.040739091091170229,0
sep-ipop,12,111024,918,940032,971.56948089599609,,25355983210579.648,404052604952.63855,0.030577023184431642,0
sep-ipop,12,111024,935,965632,971.56948089599609,,0.69452511154561192,14.110721518877853,0.96786077483214283,1
sep-ipop,12,111024,948,992256,971.56948089599609,,1.0315175419119318,15.497344916638559,0.59528758778532787,1
sep-ipop,12,111024,960,1016832,971.56948089599609,,1.2979144567852761,15.606754861836009,0.35754577508443053,1
sep-ipop,12,111024,972,1041408,971.56948089599609,,2.2096663181340328,107.62953277634482,0.32414642196287635,1
sep-ipop,12,111024,985,1068032,971.56948089599609,,4.3256783183197181,241.98283728259236,0.29813511985977242,1
sep-ipop,12,111024,997,1092608,971.56948089599609,,6.0672328456187596,1040.4512483505418,0.27908446301366213,1
sep-ipop,12,111024,1010,1119232,971.56948089599609,,10.128545757077124,1583.0347853492187,0.26768928253764496,1
sep-ipop,12,111024,1022,1143808,971.56948089599609,,17.331447249478195,1507.5682058173873,0.26253456577147166,1
sep-ipop,12,111024,1035,1170432,971.56948089599609,,27.680922467102118,2139.1941136190394,0.25800083704566695,1
sep-ipop,12,111024,1047,1195008,971.56948089599609,,48.201811021226732,3374.0189196186375,0.26877387577331141,1
sep-ipop,12,111024,1059,1219584,971.56948089599609,,98.030339088266842,5246.58625470889,0.27174620421252033,1
sep-ipop,12,111024,1072,1246208,971.56948089599609,,199.58505363055758,12440.269447155213,0.25229931723457372,1
sep-ipop,12,111024,1084,1270784,971.56948089599609,,437.35477278856087,20876.127312189583,0.26224591681051662,1
sep-ipop,12,111024,1097,1297408,971.56948089599609,,1078.2000509766995,24691.823927691843,0.25848674929157256,1
sep-ipop,12,111024,1109,1321984,971.56948089599609,,2262.4165905752393,33195.356450065883,0.24983654670667974,1
sep-ipop,12,111024,1121,1346560,971.56948089599609,,4746.7291535624518,43235.026275223099,0.24630279120201301,1
sep-ipop,12,111024,1134,1373184,971.56948089599609,,9725.0797193097587,67246.522793651864,0.24084355260369361,1
sep-ipop,12,111024,1146,1397760,971.56948089599609,,17814.893572589513,69580.785443735906,0.23771703399158164,1
sep-ipop,12,111024,1159,1424384,971.56948089599609,,29589.518375096552,69000.455587022385,0.21461755931118637,1
sep-ipop,12,111024,1171,1448960,971.56948089599609,,42922.331156623688,90420.543342000281,0.2103945620027235,1
sep-ipop,12,111024,1183,1473536,971.56948089599609,,85121.830798796815,98505.873305391273,0.26002792091844418,1
sep-ipop,12,111024,1196,1500160,971.56948089599609,,201992.90979697273,42629.896874304301,0.25300376297020472,1
sep-ipop,12,111024,1208,1524736,971.56948089599609,,548434.81003111519,35978.820828575677,0.27849457597772986,1
sep-ipop,12,111024,1221,1551360,971.56948089599609,,1849099.1181423953,14145.307737102979,0.3025466522273132,1
sep-ipop,12,111024,1233,1575936,971.56948089599609,,5868831.156875453,4625.5796074131913,0.31909804372695261,1
sep-ipop,12,111024,1245,1600512,971.56948089599609,,15165615.31900667,2087.9768538974563,0.31075584547787921,1
sep-ipop,12,111024,1258,1627136,971.56948089599609,,33127793.277294353,2873.3821138492681,0.27467015913035042,1
sep-ipop,12,111024,1270,1651712,971.56948089599609,,59407385.954475515,4484.9058617519377,0.26262401711675987,1
sep-ipop,12,111024,1283,1678336,971.56948089599609,,108623577.37490466,10035.880710567164,0.22845991642584873,1
sep-ipop,12,111024,1295,1702912,971.56948089599609,,203421667.12829599,9886.8558896349896,0.17808226762593987,1
sep-ipop,12,111024,1307,1727488,971.56948089599609,,394741346.00033921,13019.071690622497,0.15234475698686889,1
sep-ipop,12,111024,1320,1754112,971.56948089599609,,758434228.19801641,13310.434253924019,0.14030878272915812,1
sep-ipop,12,111024,1332,1778688,971.56948089599609,,1701882762.8797102,11386.92189963015,0.15174767541848569,1
sep-ipop,12,111024,1345,1805312,971.56948089599609,,4148236968.6871696,11617.49254089655,0.14332209734857501,1
sep-ipop,12,111024,1357,1829888,971.56948089599609,,8651382583.5555573,17470.854319910082,0.15851520802214156,1
sep-ipop,12,111024,1369,1854464,971.08594004313147,,19319882707.856987,18269.643766277793,0.14505238094093542,1
sep-ipop,12,111024,1382,1881088,969.73806635538733,,35757663880.485252,29672.703896960742,0.12459845843692322,1
sep-ipop,12,111024,1394,1905664,968.23958841959632,,64833991120.031036,27754.569581901651,0.11598339588832234,1
sep-ipop,12,111024,1407,1932288,967.50434494018555,,148541374770.38419,16232.935642869003,0.089191551301771588,1
sep-ipop,12,111024,1419,1956864,966.63473637898767,,341693418348.32928,8061.1669572058063,0.070864100950803574,1
sep-ipop,12,111024,1431,1981440,964.99721654256189,,736291592996.02832,7810.6546734768199,0.057153487859164347,1
sep-ipop,12,111024,1444,2008064,963.59550984700525,,1466792297729.259,12548.972169969211,0.051612612884157943,1
sep-ipop,12,111024,1456,2032640,962.78474680582679,,2542945867099.8809,7861.8804515511956,0.039071202315899521,1
sep-ipop,12,111024,1469,2059264,962.03366088867188,,4546932594924.3818,6463.7840935250879,0.031882389277413811,1
sep-ipop,12,111024,1481,2083840,961.62310918172204,,6290005949420.7812,8419.8324656805926,0.031711831865741648,1
sep-ipop,12,111024,1493,2108416,961.07552337646484,,8806590290346.623,9338.3319071853566,0.027941803830947437,1
sep-ipop,12,111024,1506,2135040,960.84405644734704,,12516774739606.781,9157.8942513522597,0.024366994921306829,1
sep-ipop,12,111024,1518,2159616,960.42614618937171,,14098044251821.814,13995.061701981957,0.022449034334717288,1
sep-ipop,12,111024,1531,2186240,960.12760925292969,,18053015192901.074,17958.685990721046,0.021174878241114869,1
sep-ipop,12,111024,1543,2210816,959.87241236368811,,23162161337279.328,35171.287978340282,0.020277426306215905,1
sep-ipop,12,111024,1555,2235392,959.72800699869788,,30689226836399.441,56122.661941193379,0.018826350557589713,1
sep-ipop,12,111024,1568,2262016,959.4423713684082,,36077939761861.062,97192.255023211983,0.015567864146856802,1
sep-ipop,12,111024,1580,2286592,959.41064961751306,,39794784802861.07,341284.70662344253,0.01176116367208687,1
sep-ipop,12,111024,1593,2313216,959.25944900512695,,49107992857962.461,979307.98441995098,0.013060773566467735,1
sep-ipop,12,111024,1605,2337792,959.16022872924805,,68574472608560.344,1519717.0639478976,0.011969162003778145,1
sep-ipop,12,111024,1617,2362368,959.11599858601892,,81874457799338.641,2655829.3306502495,0.010052501740414457,1
sep-ipop,12,111024,1630,2388992,959.02457936604821,,99303314926881.594,4160240.3800839018,0.0093884558272221003,1
sep-ipop,12,111024,1642,2413568,958.94977442423499,,145777117336971.88,6101586.0109863477,0.011160913406712693,1
sep-ipop,12,111024,1655,2440192,958.88057708740234,,210215699057135.66,4961524.7108537415,0.0089943132479823763,1
sep-ipop,12,111024,1667,2464768,958.86354446411133,,256023036747741.66,5712543.9630948128,0.0089735835284473174,1
sep-ipop,12,111024,1679,2489344,958.80755742390954,,315975578557117.81,4307547.6729913075,0.0073261298528595389,1
sep-ipop,12,111024,1692,2515968,958.78847503662109,,417499379713592,3443698.6533183577,0.0060661658492878936,1
sep-ipop,12,111024,1704,2540544,958.78831481933594,,533860768862232.69,3513844.2165008783,0.0053601547193820615,1
sep-ipop,12,111024,1717,2567168,958.77054214477539,,703233826042871.12,7718834.0492344154,0.0043630584007136155,1
sep-ipop,12,111024,1729,2591744,958.7663688659668,,961125795808151.62,10875349.630656792,0.0047471997620728377,1
sep-ipop,12,111024,1741,2616320,958.74810028076172,,1231507546317375.8,9321646.4124142937,0.0038837510069465245,1
sep-ipop,12,111024,1754,2642944,958.72771835327148,,1834326525401209.2,11508703.572631652,0.0048788158122792481,1
sep-ipop,12,111024,1766,2667520,958.7167078653971,,2642378942203230.5,12267269.41276163,0.0046466424016900123,1
sep-ipop,12,111024,1779,2694144,958.70871225992835,,3366703183270036,15143202.783616325,0.0036758957069990472,1
sep-ipop,12,111024,1791,2718720,958.70871225992835,,3970086511240154,42751373.30531951,0.0038105854003675724,1
sep-ipop,12,111024,1803,2743296,958.70871225992835,,4422908491859887.5,49663282.170618378,0.0034265551860312069,1
sep-ipop,12,111024,1816,2769920,958.70871225992835,,5722140440022025,59441948.666314654,0.0035576859724411819,1
sep-ipop,12,111024,1828,2794496,958.70871225992835,,7708174443269572,74874062.02678977,0.003734414949408519,1
sep-ipop,12,111024,1841,2821120,958.63859176635742,,10504653431123288,100672482.58250563,0.0043453648955222761,1
sep-ipop,12,111024,1853,2845696,958.63859176635742,,15179335179214788,80614514.140440553,0.0042245268121853452,1
sep-ipop,12,111024,1865,2870272,958.63859176635742,,19544602125930748,118734990.94505548,0.0036491610050897508,1
sep-ipop,12,111024,1878,2896896,958.63859176635742,,23894624265813724,161286779.53731576,0.0038670963580292928,1
sep-ipop,12,111024,1890,2921472,958.63859176635742,,27028128196405000,137443098.79296875,0.0034022526333426974,1
sep-ipop,12,111024,1903,2948096,958.63859176635742,,40149938279143984,165177602.28359202,0.004065505623256401,1
sep-ipop,12,111024,1915,2972672,958.63859176635742,,58648028323859856,218131574.7613292,0.0042033165786274067,1
sep-ipop,12,111024,1927,2997248,958.63859176635742,,62012755072670688,197758528.42593631,0.0037577134194810491,1
sep-ipop,12,111024,1940,3023872,958.63859176635742,,77295288987779984,242214586.03683388,0.0040123060884228309,1
sep-ipop,12,111024,1952,3048448,958.63859176635742,,75248605510059648,218484370.36481193,0.0032541991180418538,1
sep-ipop,12,111024,1965,3075072,958.63859176635742,,77536810804237872,341518039.45964956,0.0028075495407574379,1
sep-ipop,12,111024,1977,3099648,958.63859176635742,,71872417126483136,391997691.38351136,0.0023044066457091799,1
sep-ipop,12,111024,1989,3124224,958.63859176635742,,73734493211004000,255386742.94122303,0.0021690016508624553,1
sep-ipop,12,111024,2002,3150848,958.63859176635742,,73128518174871920,517857748.92095518,0.0027034121406450647,1
sep-ipop,12,111024,2014,3175424,958.63859176635742,,70564884903105288,384863011.40640914,0.0019008908189560366,1
sep-ipop,12,111024,2027,3202048,958.63859176635742,,66276527198407008,390191226.56201565,0.0017285998618512782,1
sep-ipop,12,111024,2039,3226624,958.63859176635742,,65113059411976144,469432564.41473651,0.0016568221457685223,1
sep-ipop,12,111024,2051,3251200,958.63859176635742,,62307205780748976,578419137.35452247,0.0017107552751853064,1
sep-ipop,12,111024,2061,3277824,958.63859176635742,,0.6234750667619543,2.8878769168493523,0.76633547438682914,2
sep-ipop,12,111024,2067,3302400,958.63859176635742,,0.89015714282276681,9.9089298931907592,0.88002260453490644,2
sep-ipop,12,111024,2074,3331072,958.63859176635742,,1.1445645307977967,11.762469573931472,0.71181044300197516,2
sep-ipop,12,111024,2080,3355648,958.63859176635742,,1.3048658845181142,15.409769905013873,0.52499203414748008,2
sep-ipop,12,111024,2086,3380224,958.63859176635742,,1.473287286217611,13.380478516925292,0.43219275965321025,2
sep-ipop,12,111024,2092,3404800,958.63859176635742,,1.8241328603284368,13.570449436711481,0.39220027850471212,2
sep-ipop,12,111024,2098,3429376,958.63859176635742,,2.2382062984937385,16.348995889333747,0.34038717636998655,2
sep-ipop,12,111024,2105,3458048,958.63859176635742,,2.9875662461149735,47.957739671942477,0.32749943963129896,2
sep-ipop,12,111024,2111,3482624,958.63859176635742,,4.1020783211528888,90.109262703158961,0.32529052027052147,2
sep-ipop,12,111024,2117,3507200,958.63859176635742,,5.637298517096017,135.94188966134502,0.32745363066124183,2
sep-ipop,12,111024,2123,3531776,958.63859176635742,,7.8546675783900497,170.90901502789143,0.34227238923962733,2
sep-ipop,12,111024,2129,3556352,958.63859176635742,,10.303972745551102,181.88199628519095,0.31679926033587591,2
sep-ipop,12,111024,2136,3585024,958.63859176635742,,13.511228162236508,417.09613665459489,0.31969812171023659,2
sep-ipop,12,111024,2142,3609600,958.63859176635742,,15.197552296515575,803.60680167367616,0.29866507904440354,2
sep-ipop,12,111024,2148,3634176,958.63859176635742,,18.216908684387743,1472.249916660079,0.30838508784191615,2
sep-ipop,12,111024,2154,3658752,958.63859176635742,,21.625999583580601,1761.1937340856996,0.28553029482373865,2
sep-ipop,12,111024,2160,3683328,958.63859176635742,,30.645262687039448,2101.2916956847771,0.30448454225163812,2
sep-ipop,12,111024,2167,3712000,958.63859176635742,,49.49622465247684,1572.1344729019581,0.31540043474122242,2
sep-ipop,12,111024,2173,3736576,958.63859176635742,,69.280019689389334,1698.4274297581449,0.30574110185790143,2
sep-ipop,12,111024,2179,3761152,958.63859176635742,,96.860923376714837,1959.2457810247274,0.28522278600358369,2
sep-ipop,12,111024,2185,3785728,958.63859176635742,,124.2359973669266,3114.9809532859713,0.26892273138884321,2
sep-ipop,12,111024,2191,3810304,958.63859176635742,,156.03062501617873,4790.2174688121495,0.26723226332594208,2
sep-ipop,12,111024,2198,3838976,958.63859176635742,,228.34459270253959,5103.399652189084,0.26579597939936611,2
sep-ipop,12,111024,2204,3863552,958.63859176635742,,312.69765441702435,4738.5037111570909,0.25821187000606494,2
sep-ipop,12,111024,2210,3888128,958.63859176635742,,393.58835902575242,5283.8351243896768,0.26331919442982021,2
sep-ipop,12,111024,2216,3912704,958.63859176635742,,517.84910338250791,5722.2809278442037,0.26161280320014479,2
sep-ipop,12,111024,2222,3937280,958.63859176635742,,780.86057833584675,5305.6843151550647,0.27714746571107501,2
sep-ipop,12,111024,2229,3965952,958.63859176635742,,1091.9767767109515,5529.2660992063284,0.27614373217798394,2
sep-ipop,12,111024,2235,3990528,958.63859176635742,,1616.4329206332741,6671.3955826185284,0.29191699358603512,2
sep-ipop,12,111024,2241,4015104,958.63859176635742,,2752.0874786603899,5161.9424516704366,0.30181463917665674,2
sep-ipop,12,111024,2247,4039680,958.63859176635742,,3684.6980862662544,5069.8390471506173,0.26810528575125986,2
sep-ipop,12,111024,2253,4064256,958.63859176635742,,5552.1510264335775,4665.9225896868311,0.28677459634709684,2
sep-ipop,12,111024,2260,4092928,958.63859176635742,,9158.9689974106259,4310.6970752890247,0.30759815581122418,2
sep-ipop,12,111024,2266,4117504,958.63859176635742,,15861.734021096789,3957.3710840774588,0.31657402666569973,2
sep-ipop,12,111024,2272,4142080,958.63859176635742,,26105.145689510384,3171.2141043639213,0.31492352283129821,2
sep-ipop,12,111024,2278,4166656,958.63859176635742,,44643.486914246379,2586.1671701150194,0.31299538663917942,2
sep-ipop,12,111024,2284,4191232,958.63859176635742,,70493.475401896198,2982.6194311379509,0.30723874474989671,2
sep-ipop,12,111024,2291,4219904,958.63859176635742,,111878.11620703407,3523.0777236860508,0.28398898358569835,2
sep-ipop,12,111024,2297,4244480,958.63859176635742,,164985.86691099138,4652.0588328497633,0.28432684715514095,2
sep-ipop,12,111024,2303,4269056,958.63859176635742,,237736.95452813205,5415.5638240281769,0.27263631342122147,2
sep-ipop,12,111024,2309,4293632,958.63859176635742,,326381.62347950641,7366.2456217085673,0.26044722241445539,2
sep-ipop,12,111024,2315,4318208,958.63859176635742,,451652.53891985782,9996.1826677459285,0.24863987694041448,2
sep-ipop,12,111024,2322,4346880,958.63859176635742,,752709.06340995978,10276.042286456503,0.26588237958327382,2
sep-ipop,12,111024,2328,4371456,958.63859176635742,,1210776.5870767641,9306.6209742254832,0.28595243020003941,2
sep-ipop,12,111024,2334,4396032,958.63859176635742,,1877000.0478514582,5414.779954268447,0.27894657085762353,2
sep-ipop,12,111024,2340,4420608,958.63859176635742,,2935282.3132400028,4915.8576691559801,0.29022129055882162,2
sep-ipop,12,111024,2346,4445184,958.63859176635742,,4238533.6050674766,4667.193555853316,0.27248131749167986,2
sep-ipop,12,111024,2353,4473856,958.63859176635742,,6928580.1763395565,4805.2177302739647,0.27821072474052483,2
sep-ipop,12,111024,2359,4498432,958.63859176635742,,10642231.845962487,5658.3163848637241,0.27135231414744565,2
sep-ipop,12,111024,2365,4523008,958.63859176635742,,15990698.280158354,5749.5510176502312,0.25900409906729605,2
sep-ipop,12,111024,2371,4547584,958.63859176635742,,26105068.979245882,6221.6509255051124,0.28651698709370527,2
sep-ipop,12,111024,2377,4572160,958.63859176635742,,41028879.733166695,5279.4092863272645,0.28301476778712126,2
sep-ipop,12,111024,2384,4600832,958.63859176635742,,65051542.734618604,6484.3930292316427,0.28285000115004255,2
sep-ipop,12,111024,2390,4625408,958.63859176635742,,102992281.36259967,6501.3848989911039,0.27759952222677992,2
sep-ipop,12,111024,2396,4649984,954.08999252319336,,168798475.33755973,6100.1843329096228,0.29337218584793501,2
sep-ipop,12,111024,2402,4674560,951.61409250895179,,265978658.045243,6258.5282611605135,0.28029681842304693,2
sep-ipop,12,111024,2408,4699136,947.39256286621094,,401159673.82557911,10728.072950203505,0.26938761438696346,2
sep-ipop,12,111024,2415,4727808,943.4556770324707,,645240298.05314314,13887.523078622236,0.26190458098102282,2
sep-ipop,12,111024,2421,4752384,939.60102081298828,,953499323.63603497,18574.061826635701,0.26472434893411045,2
sep-ipop,12,111024,2427,4776960,935.94336446126306,,1273004242.0228727,27218.867800598495,0.24405605766101737,2
sep-ipop,12,111024,2433,4801536,933.89285278320312,,1845149463.9909651,41521.95875653479,0.25994464981216336,2
sep-ipop,12,111024,2439,4826112,931.47478612264001,,2955457326.5472288,32421.900102146858,0.24924308826759919,2
sep-ipop,12,111024,2446,4854784,928.59634272257483,,5046320513.5520811,34445.113380260096,0.26079011856489576,2
sep-ipop,12,111024,2452,4879360,925.92832565307617,,7672791900.4729881,34016.916961987023,0.2517328524336836,2
sep-ipop,12,111024,2458,4903936,922.46854400634766,,11380528672.257946,46327.629325901304,0.25289052864374212,2
sep-ipop,12,111024,2464,4928512,922.46854400634766,,17428302026.542442,47321.366231274471,0.25500960851933629,2
sep-ipop,12,111024,2470,4953088,921.05210749308264,,25250321272.310917,61452.921725156353,0.25731856219046495,2
sep-ipop,12,111024,2477,4981760,919.75270589192712,,39742941613.791649,60098.996748497506,0.24720710785301231,2
sep-ipop,12,111024,2483,5006336,918.36255645751953,,60617776744.85508,87555.51642167916,0.2556357409189009,2
sep-ipop,12,111024,2489,5030912,917.45125198364258,,91416477867.001495,82479.593875821505,0.25290628190409381,2
sep-ipop,12,111024,2495,5055488,917.22429021199548,,139364602126.44385,96054.639730248775,0.25270287204996428,2
sep-ipop,12,111024,2501,5080064,915.84463882446289,,206856658080.32437,102846.76184513539,0.2500640378798083,2
sep-ipop,12,111024,2508,5108736,914.48625946044922,,317703978887.76398,121096.22111746157,0.24109247423189145,2
sep-ipop,12,111024,2514,5133312,913.71177291870117,,463899757372.4574,122299.40438849165,0.24070506980574302,2
sep-ipop,12,111024,2520,5157888,913.71177291870117,,664187139683.61011,138617.57463828838,0.23211066362199975,2
sep-ipop,12,111024,2526,5182464,912.76689529418945,,901230405070.62244,132822.60060413089,0.2208889505534278,2
sep-ipop,12,111024,2532,5207040,911.44626235961914,,1249971232758.1301,123738.91649035267,0.20470206445220571,2
sep-ipop,12,111024,2539,5235712,910.41250991821289,,2142865636367.0986,86834.124443506211,0.20070143226325793,2
sep-ipop,12,111024,2545,5260288,908.58952967325843,,4276775818549.4302,27557.932057352918,0.17624063977079851,2
sep-ipop,12,111024,2551,5284864,908.58952967325843,,7420279273510.8174,12424.362633673594,0.13798573062474842,2
sep-ipop,12,111024,2557,5309440,906.17536926269531,,12084510429123.631,8339.6172299721093,0.11431665440716948,2
sep-ipop,12,111024,2563,5334016,905.36702855428064,,19795617292891.988,5445.4063592290031,0.090934099600573359,2
sep-ipop,12,111024,2570,5362688,903.68500773111975,,31897479606719.449,4860.1906465849588,0.080552292524346855,2
sep-ipop,12,111024,2576,5387264,902.85834884643555,,48780510163107.555,3365.5756552899584,0.06623108955166418,2
sep-ipop,12,111024,2582,5411840,900.98987579345703,,71344738275581.641,3186.2762670311658,0.055730042991662669,2
sep-ipop,12,111024,2588,5436416,899.17997233072913,,105818329064528.61,2468.1874185163942,0.047663108465655239,2
sep-ipop,12,111024,2595,5465088,898.32335917154944,,173695229993736.44,2193.3940532597603,0.042501637532442973,2
sep-ipop,12,111024,2601,5489664,897.25947443644202,,261729182523552.91,1861.8998825697436,0.037307905161182438,2
sep-ipop,12,111024,2607,5514240,896.08099873860681,,381071688110393.38,1412.6021269896471,0.032324920349381434,2
sep-ipop,12,111024,2613,5538816,896.04768880208337,,562866721996710.75,1547.9955898526525,0.031685874472562263,2
sep-ipop,12,111024,2619,5563392,895.69614283243811,,816136554647472.25,1517.7730851108361,0.030098673204069015,2
sep-ipop,12,111024,2626,5592064,895.05007171630859,,1347414699012157.2,1285.2729001098412,0.027834482574455362,2
sep-ipop,12,111024,2632,5616640,894.23660151163733,,1967653341789552.8,1387.6196324390833,0.027527884654207368,2
sep-ipop,12,111024,2638,5641216,893.61610285441077,,2820057117754056.5,1218.9753166426754,0.024602384321214792,2
sep-ipop,12,111024,2644,5665792,893.44592157999671,,4009662111645181,1449.4621403460012,0.024218650484340281,2
sep-ipop,12,111024,2650,5690368,892.77620824178064,,5301730123713209,1564.0779845143272,0.022618586980874836,2
sep-ipop,12,111024,2657,5719040,892.28483200073242,,7797212782877164,1867.8767451225001,0.022615489048885561,2
sep-ipop,12,111024,2663,5743616,892.04561233520508,,10461545852281116,1486.8383173496377,0.02106783912818189,2
sep-ipop,12,111024,2669,5768192,891.58020782470703,,12854131428247414,1736.0355030070593,0.019513716180382428,2
sep-ipop,12,111024,2675,5792768,891.31215413411462,,16801126194144526,1796.0040091986077,0.01968529384238378,2
sep-ipop,12,111024,2681,5817344,890.99407958984375,,20861665376222644,2624.4505901028883,0.018611454620897763,2
sep-ipop,12,111024,2688,5846016,890.65513483683264,,25701865672346628,4826.1073667691471,0.01798793973984629,2
sep-ipop,12,111024,2694,5870592,890.08648554484046,,30904558162848304,9071.6544774254817,0.017687818666149029,2
sep-ipop,12,111024,2700,5895168,890.05221811930335,,36495519802120064,12366.554152027584,0.017742963978132228,2
sep-ipop,12,111024,2706,5919744,889.68720753987634,,43591156816759776,19302.41339869066,0.019016130544618079,2
sep-ipop,12,111024,2712,5944320,889.39201227823889,,55304000148454904,17364.250937622346,0.018292986997047945,2
sep-ipop,12,111024,2719,5972992,889.00844065348304,,74482395110606048,19616.022245749256,0.019662822223375846,2
sep-ipop,12,111024,2725,5997568,888.69436136881507,,91478123747011056,22012.771070679904,0.019121664389963985,2
sep-ipop,12,111024,2731,6022144,888.19927724202478,,1.1241392620235816e+17,28190.636461711267,0.019504838141320129,2
sep-ipop,12,111024,2737,6046720,888.19927724202478,,1.3168080400381258e+17,26663.683894574162,0.017402610391271871,2
sep-ipop,12,111024,2743,6071296,887.83565139770508,,1.5750837126811277e+17,30323.763768301214,0.016539704325299769,2
sep-ipop,12,111024,2750,6099968,887.77492014567054,,2.136339093425287e+17,88783.866740777492,0.016645221840754707,2
sep-ipop,12,111024,2756,6124544,887.76597213745117,,2.6407057714249914e+17,152039.7806230647,0.016047345267243027,2
sep-ipop,12,111024,2762,6149120,887.54067484537757,,3.1915919235158253e+17,263475.83667274046,0.016027205797159896,2
sep-ipop,12,111024,2768,6173696,887.54067484537757,,3.7863637128125171e+17,295789.33624212089,0.013996656385741752,2
sep-ipop,12,111024,2774,6198272,887.50202306111657,,4.6709742536010278e+17,501116.20694749418,0.013803100480625727,2
sep-ipop,12,111024,2781,6226944,887.35686874389648,,5.8937439385603738e+17,613151.53603024117,0.012968965082531888,2
sep-ipop,12,111024,2787,6251520,887.35686874389648,,7.3145145657691891e+17,977253.7399451352,0.013931928300967065,2
sep-ipop,12,111024,2793,6276096,887.35686874389648,,8.8038126849847987e+17,935422.57884744275,0.011754212327369739,2
sep-ipop,12,111024,2799,6300672,887.1412455240885,,1.0027784350155697e+18,1163411.3963583584,0.010888404225105468,2
sep-ipop,12,111024,2805,6325248,887.1412455240885,,1.0652433896719329e+18,1168521.2425658109,0.0088082737685082658,2
sep-ipop,12,111024,2812,6353920,887.1412455240885,,1.1557993123179415e+18,1198469.4179168849,0.0070732006077527431,2
sep-ipop,12,111024,2818,6378496,887.1412455240885,,1.2590950575342804e+18,1188707.6448974127,0.0061408364971373853,2
sep-ipop,12,111024,2824,6403072,887.1412455240885,,1.3008423699200023e+18,1111425.1265267127,0.0051684457267997842,2
sep-ipop,12,111024,2830,6427648,887.03635025024414,,1.3877956013909522e+18,1069018.5136491226,0.0048789579558996144,2
sep-ipop,12,111024,2836,6452224,886.95758310953772,,1.6411324053089452e+18,1150865.317601036,0.0050084522342790172,2
sep-ipop,12,111024,2843,6480896,886.84188334147132,,1.8129115425221542e+18,1132343.875262364,0.00465324448428145,2
sep-ipop,12,111024,2848,6501376,886.81441243489587,,2.0352962150915904e+18,1385191.2227595148,0.0047595676333332176,2
sep-ipop-w60,12,111024,1,1024,4032.3495546976724,,0.28814809187268375,6.4099322104649348,0.11080793356081989,0
sep-ipop-w60,12,111024,5,5120,2151.918098449707,,0.89479667384228678,43.588405864560237,0.79729553717145507,0
sep-ipop-w60,12,111024,10,10240,1624.5207557678223,,1.2026321669822886,86.530447575022649,1.099534513632608,0
sep-ipop-w60,12,111024,20,20480,1624.5207557678223,,2.4642628610418207,7.9586664847709141,0.37827232779561676,0
sep-ipop-w60,12,111024,25,25600,1624.5207557678223,,2.85558636930618,6.5194079387264772,0.29771088900388892,0
sep-ipop-w60,12,111024,40,40960,1571.2855580647786,,4.5059656710076403,139.11040488664176,0.25096122991854664,0
sep-ipop-w60,12,111024,50,51200,1501.2319094340007,,7.0104682375384195,340.14696331910613,0.24975523833515875,0
sep-ipop-w60,12,111024,75,76800,1377.3084691365559,,16.169389466815634,645.08248941281397,0.26292936176567533,0
sep-ipop-w60,12,111024,80,81920,1358.3710505167644,,19.026683155489696,686.89269748972924,0.25901350864667722,0
sep-ipop-w60,12,111024,100,102400,1297.6502469380696,,39.663190990184994,1967.8083188172416,0.27836450252543499,0
sep-ipop-w60,12,111024,125,128000,1216.5386199951172,,110.3009741311797,6574.6956126493596,0.2557344813640246,0
sep-ipop-w60,12,111024,149,152576,1151.1928838094075,,384.33204105746216,6367.2499843627711,0.24558352522776011,0
sep-ipop-w60,12,111024,160,163840,1116.6148440043132,,759.45832342374422,6508.10170253654,0.25563335908541401,0
sep-ipop-w60,12,111024,174,178176,1092.4848531087239,,1313.0188752405147,10394.233975934507,0.23230234978859454,0
sep-ipop-w60,12,111024,199,203776,1070.1048685709636,,4364.2418360546653,26779.021479505584,0.25573004873693428,0
sep-ipop-w60,12,111024,224,229376,1056.837100982666,,15867.101053966011,72529.937340873919,0.24668183990224871,0
sep-ipop-w60,12,111024,249,254976,1051.9463157653809,,77531.513523495174,66182.262489402041,0.24407647593342185,0
sep-ipop-w60,12,111024,255,261120,1049.5553906758626,,113050.04932839843,76918.584060315334,0.24700129533258983,0
sep-ipop-w60,12,111024,273,279552,1043.847038269043,,385312.94754283456,54648.355466060166,0.24536349572331936,0
sep-ipop-w60,12,111024,298,305152,1036.0320688883464,,2223149.569835254,58771.809110462869,0.26417029740837539,0
sep-ipop-w60,12,111024,323,330752,1021.396556854248,,12399173.423455009,44614.139031578496,0.25846776134055782,0
sep-ipop-w60,12,111024,348,356352,1005.490675608317,,65054271.955186218,27905.495033923966,0.24305229796157066,0
sep-ipop-w60,12,111024,373,381952,991.2443631490072,,264102768.34999654,39777.598481428977,0.22772511850037241,0
sep-ipop-w60,12,111024,397,406528,980.92452621459961,,918174188.03110707,80094.158821507546,0.2244362187973635,0
sep-ipop-w60,12,111024,422,432128,975.65065511067712,,1834383733.4142461,276242.46284534206,0.22229951693508374,0
sep-ipop-w60,12,111024,447,457728,974.50647354125977,,3098295032.7035937,867152.30805172084,0.19933435418807122,0
sep-ipop-w60,12,111024,472,483328,973.01156616210938,,5810102870.3060379,7224798.1107812747,0.18379890575061783,0
sep-ipop-w60,12,111024,497,508928,972.15805053710938,,10312353768.644714,4861882.5787632205,0.095086600615782182,0
sep-ipop-w60,12,111024,521,533504,971.9342155456543,,16153858559.007626,17866053.62825451,0.07873792775855612,0
sep-ipop-w60,12,111024,546,559104,971.85039901733398,,24077940152.803604,398174705.64052683,0.069916173029569456,0
sep-ipop-w60,12,111024,571,584704,971.79997762044275,,47788442485.661186,4186230827.0397811,0.084988455243455038,0
sep-ipop-w60,12,111024,596,610304,971.76605606079102,,130987785957.74361,6516118848.340991,0.09898654671435253,0
sep-ipop-w60,12,111024,621,635904,971.75150171915686,,363237433370.31451,5030480214.6296997,0.085355805010232447,0
sep-ipop-w60,12,111024,645,660480,971.56948089599609,,771772337202.34326,4193329316.7251921,0.076861388331106686,0
sep-ipop-w60,12,111024,670,686080,971.56948089599609,,1018042457647.0502,6433935092.2004519,0.066206520895041171,0
sep-ipop-w60,12,111024,689,712704,971.56948089599609,,0.56880653431921091,16.044853714075618,1.0038082814407951,1
sep-ipop-w60,12,111024,701,737280,971.56948089599609,,0.96081268337735426,14.606859382262808,0.52568633942702547,1
sep-ipop-w60,12,111024,714,763904,971.56948089599609,,1.4292896953129994,18.810206539873995,0.30238556073361256,1
sep-ipop-w60,12,111024,726,788480,971.56948089599609,,2.4413575576852033,87.065684580338115,0.28196647663671254,1
sep-ipop-w60,12,111024,738,813056,971.56948089599609,,3.6938034921019498,180.64297822959122,0.24860161755997026,1
sep-ipop-w60,12,111024,751,839680,971.56948089599609,,5.2282581410839377,1383.5800212826384,0.22590375270739085,1
sep-ipop-w60,12,111024,763,864256,971.56948089599609,,7.9961958852042514,3464.5691049562552,0.23063606653481966,1
sep-ipop-w60,12,111024,776,890880,971.56948089599609,,13.844445737386378,3747.7153876487937,0.25080732518628052,1
sep-ipop-w60,12,111024,788,915456,971.56948089599609,,20.585723111646281,3574.9753717938975,0.24569273979009043,1
sep-ipop-w60,12,111024,800,940032,971.56948089599609,,36.42147731227638,4174.6021746735278,0.26701478805239476,1
sep-ipop-w60,12,111024,813,966656,971.56948089599609,,72.320221425424322,3712.5364295314525,0.2498211480898247,1
sep-ipop-w60,12,111024,825,991232,971.56948089599609,,159.09958836515409,2341.759572277696,0.26900561334833567,1
sep-ipop-w60,12,111024,838,1017856,971.56948089599609,,368.7675699278164,1615.4259591364573,0.26701439223005435,1
sep-ipop-w60,12,111024,850,1042432,971.56948089599609,,854.97519731906482,1412.2859771484984,0.27942969160744463,1
sep-ipop-w60,12,111024,862,1067008,971.56948089599609,,1730.5158724239795,2181.5241653733219,0.26982630760585885,1
sep-ipop-w60,12,111024,875,1093632,971.56948089599609,,3529.4489709712802,4573.5133660614401,0.25911481649315254,1
sep-ipop-w60,12,111024,887,1118208,971.56948089599609,,7113.4844239029671,9424.1320147256592,0.23900438238622201,1
sep-ipop-w60,12,111024,900,1144832,971.56948089599609,,17061.968525282195,11869.04215770572,0.24043967820683274,1
sep-ipop-w60,12,111024,912,1169408,971.56948089599609,,37797.846045968639,12005.15475794026,0.25328787529348062,1
sep-ipop-w60,12,111024,924,1193984,971.56948089599609,,80763.590147533716,27134.495716320773,0.24973158713085053,1
sep-ipop-w60,12,111024,937,1220608,971.24763361612952,,166763.30546198008,42764.209645214418,0.23958136988007844,1
sep-ipop-w60,12,111024,949,1245184,966.33750406901038,,305047.35832384555,89207.834676059399,0.19678003437489669,1
sep-ipop-w60,12,111024,962,1271808,961.97148895263672,,562689.18782785046,65440.63030068377,0.13423365240170157,1
sep-ipop-w60,12,111024,974,1296384,960.49468612670898,,1146978.0157159448,54346.282425731726,0.10961002507897022,1
sep-ipop-w60,12,111024,986,1320960,956.37332661946618,,2575854.327380335,44853.209760080157,0.093267745249083128,1
sep-ipop-w60,12,111024,999,1347584,951.02054850260413,,5352755.3240867974,45755.875728785497,0.078520783649744463,1
sep-ipop-w60,12,111024,1011,1372160,951.02054850260413,,10048151.606859114,46900.978323340605,0.071717103291199957,1
sep-ipop-w60,12,111024,1024,1398784,949.95495223999023,,23983293.657695085,39202.163372340088,0.072051421120316539,1
sep-ipop-w60,12,111024,1036,1423360,949.95495223999023,,54102966.147901662,39893.604505205287,0.068295329256032072,1
sep-ipop-w60,12,111024,1048,1447936,948.37429428100586,,102617520.59254546,35713.583189065219,0.060193663037247082,1
sep-ipop-w60,12,111024,1061,1474560,947.41766993204749,,271093814.06568539,39229.599286503464,0.069997995419452591,1
sep-ipop-w60,12,111024,1073,1499136,945.44626998901367,,525904172.45622724,56232.32649379981,0.066979529701928817,1
sep-ipop-w60,12,111024,1086,1525760,945.44626998901367,,1007606052.992622,135599.10493376892,0.076542847228563832,1
sep-ipop-w60,12,111024,1098,1550336,944.14118703206384,,1687282189.9914021,237019.86359251593,0.087485735377423407,1
sep-ipop-w60,12,111024,1110,1574912,941.33987935384118,,2694954067.2950683,269588.56425439712,0.077424895887535622,1
sep-ipop-w60,12,111024,1123,1601536,929.47950744628906,,15069891515.617443,73844.024848690329,0.22660854747075848,1
sep-ipop-w60,12,111024,1135,1626112,923.66062672932946,,25502601423.071041,27342.079718871013,0.14259335150572403,1
sep-ipop-w60,12,111024,1148,1652736,919.81047439575195,,38468644233.72451,28966.387166125511,0.089080765871797127,1
sep-ipop-w60,12,111024,1160,1677312,917.99203618367517,,55570962273.687843,31323.178074544161,0.05782784313501961,1
sep-ipop-w60,12,111024,1172,1701888,916.87589899698889,,105877454537.92354,42169.649650939093,0.054897418135039948,1
sep-ipop-w60,12,111024,1185,1728512,916.73608779907227,,164486182958.96222,58508.966963351595,0.042840654781971972,1
sep-ipop-w60,12,111024,1197,1753088,916.40556081136071,,240387948134.23611,53482.73310491116,0.031834516922881043,1
sep-ipop-w60,12,111024,1210,1779712,916.09836196899414,,354910910579.48413,97574.710606288907,0.029956849307257911,1
sep-ipop-w60,12,111024,1222,1804288,915.87667973836267,,630261056980.83289,101846.50144325095,0.032813357450779596,1
sep-ipop-w60,12,111024,1234,1828864,915.62547556559241,,1075055123379.0674,86144.863354302637,0.032032651320100927,1
sep-ipop-w60,12,111024,1247,1855488,915.44864527384436,,2039323833494.8311,82642.361306285864,0.030294847839821937,1
sep-ipop-w60,12,111024,1259,1880064,915.34871419270837,,3485285460987.9282,71212.970263665818,0.027328805067854119,1
sep-ipop-w60,12,111024,1272,1906688,915.04403813680017,,5859188111841.0059,193509.24167560754,0.029037109061621581,1
sep-ipop-w60,12,111024,1284,1931264,914.97593434651696,,9796086186132.6777,281810.34599850263,0.031096724783732821,1
sep-ipop-w60,12,111024,1296,1955840,914.83293279012048,,14990909446458.541,368370.63099338667,0.024622424619673355,1
sep-ipop-w60,12,111024,1309,1982464,914.69511159261071,,20686031143581.906,893741.59776164871,0.021661082601770746,1
sep-ipop-w60,12,111024,1321,2007040,914.58421071370446,,30161008925562.418,1728417.3338395653,0.020977236931753723,1
sep-ipop-w60,12,111024,1334,2033664,914.442138671875,,39382402773752.156,3343857.8394360989,0.018661758071600552,1
sep-ipop-w60,12,111024,1346,2058240,914.38843154907227,,51006830062327.109,4367334.026649233,0.016152866748630396,1
sep-ipop-w60,12,111024,1358,2082816,914.30014165242517,,66759437000917.727,8137939.6676033977,0.017344269647962502,1
sep-ipop-w60,12,111024,1371,2109440,914.17499542236328,,105276591550638.77,6479677.1338035222,0.018684841116462406,1
sep-ipop-w60,12,111024,1383,2134016,914.06259028116858,,139637460369744.59,10958048.221564971,0.015609315402873216,1
sep-ipop-w60,12,111024,1396,2160640,914.0251795450846,,175615775603914.81,22851602.433524601,0.011596690324838243,1
sep-ipop-w60,12,111024,1408,2185216,913.96110534667969,,210669503985816.25,40610574.400680624,0.0093818406630338576,1
sep-ipop-w60,12,111024,1421,2211840,913.92291514078772,,300209835755605.06,64687172.120109059,0.010069780739187682,1
sep-ipop-w60,12,111024,1433,2236416,913.92051569620764,,466923483553887.12,71116750.479516029,0.010036124155072016,1
sep-ipop-w60,12,111024,1445,2260992,913.90121459960938,,762863666860926.12,104305376.25578098,0.011063169566508012,1
sep-ipop-w60,12,111024,1458,2287616,913.88574600219727,,1276058578512831.5,81469091.389627323,0.010324411715196427,1
sep-ipop-w60,12,111024,1470,2312192,913.87032572428382,,2023223025596653.5,89251788.772706851,0.010669900409108488,1
sep-ipop-w60,12,111024,1483,2338816,913.85827509562171,,3544617878157762.5,85039151.534879982,0.011106107428038249,1
sep-ipop-w60,12,111024,1495,2363392,913.83910751342773,,4980883500251761,161263034.91738355,0.010247197629695318,1
sep-ipop-w60,12,111024,1507,2387968,913.82831319173181,,6507351079329103,388298213.3647173,0.0091984311211097489,1
sep-ipop-w60,12,111024,1520,2414592,913.81990305582679,,7947102651162457,825199293.5850749,0.0084153139725763066,1
sep-ipop-w60,12,111024,1532,2439168,913.81716537475586,,8649142193101380,1130402584.4274299,0.0075709885409754995,1
sep-ipop-w60,12,111024,1545,2465792,913.81652323404944,,9458403341391812,1512439266.9794619,0.0072094064486106562,1
sep-ipop-w60,12,111024,1557,2490368,913.8157958984375,,10551067888031990,821197764.0169518,0.0055581342344647741,1
sep-ipop-w60,12,111024,1569,2514944,913.8157958984375,,12123619871367410,768606912.14578724,0.0048988507357495643,1
sep-ipop-w60,12,111024,1582,2541568,913.8157958984375,,11025110239715030,467039866.55947256,0.0040334168477627105,1
sep-ipop-w60,12,111024,1594,2566144,913.8157958984375,,10809703842594094,544805853.50896609,0.0034250704325515888,1
sep-ipop-w60,12,111024,1607,2592768,913.8157958984375,,10588536570678598,487550154.59418213,0.0032230032483270624,1
sep-ipop-w60,12,111024,1617,2617344,913.8157958984375,,0.47995570031371565,2.2259854356646587,0.56633314886960617,2
sep-ipop-w60,12,111024,1623,2641920,913.8157958984375,,0.82485525375068236,9.1845170731308023,1.0588441214621647,2
sep-ipop-w60,12,111024,1630,2670592,913.8157958984375,,1.06581072666545,13.866289593452477,0.90041740060377295,2
sep-ipop-w60,12,111024,1636,2695168,913.8157958984375,,1.2712372652660366,14.908413596077903,0.73086602003574852,2
sep-ipop-w60,12,111024,1642,2719744,913.8157958984375,,1.4736048941508448,15.396276242949906,0.55849075809479654,2
sep-ipop-w60,12,111024,1648,2744320,913.8157958984375,,1.6202804821650658,15.53162483027991,0.44019370027741672,2
sep-ipop-w60,12,111024,1654,2768896,913.8157958984375,,1.9706946413372606,16.713507035307924,0.40389674394098057,2
sep-ipop-w60,12,111024,1661,2797568,913.8157958984375,,2.7704091439323819,38.888561028526119,0.36384308262831588,2
sep-ipop-w60,12,111024,1667,2822144,913.8157958984375,,3.7731023525657572,106.40686582925971,0.3364931461654222,2
sep-ipop-w60,12,111024,1673,2846720,913.8157958984375,,5.3208971897109727,161.28875210562379,0.32942258172096911,2
sep-ipop-w60,12,111024,1679,2871296,913.8157958984375,,7.5822007594849676,272.5892772839652,0.33036269563678333,2
sep-ipop-w60,12,111024,1685,2895872,913.8157958984375,,10.769397698249385,293.98518425606107,0.33347829933906775,2
sep-ipop-w60,12,111024,1692,2924544,913.8157958984375,,15.175976126430944,433.05846278632021,0.33134559056311175,2
sep-ipop-w60,12,111024,1698,2949120,913.8157958984375,,17.698663162104022,770.56444376170884,0.30863694230024347,2
sep-ipop-w60,12,111024,1704,2973696,913.8157958984375,,20.331771717373844,1117.2339543902833,0.28959791923972555,2
sep-ipop-w60,12,111024,1710,2998272,913.8157958984375,,24.060734119754045,1609.9247025561926,0.29653436500686353,2
sep-ipop-w60,12,111024,1716,3022848,913.8157958984375,,29.598650960010019,1666.9023825007746,0.28042506782048243,2
sep-ipop-w60,12,111024,1723,3051520,913.8157958984375,,46.111180330487315,1678.2192471139203,0.30759316018592886,2
sep-ipop-w60,12,111024,1729,3076096,913.8157958984375,,67.157706979230255,1351.1626526931998,0.30980533760838991,2
sep-ipop-w60,12,111024,1735,3100672,913.8157958984375,,90.672698460124394,1400.7002393599294,0.28840798478240742,2
sep-ipop-w60,12,111024,1741,3125248,913.8157958984375,,122.48567650275048,1692.0517065369904,0.28505935210725764,2
sep-ipop-w60,12,111024,1747,3149824,913.8157958984375,,164.38229323611162,2077.1753768587701,0.27661375661092369,2
sep-ipop-w60,12,111024,1754,3178496,913.8157958984375,,243.35793335855919,2506.1466199441734,0.29939350014691102,2
sep-ipop-w60,12,111024,1760,3203072,913.8157958984375,,354.49815432501265,2323.5624644597092,0.28826943341450434,2
sep-ipop-w60,12,111024,1766,3227648,913.8157958984375,,483.97376189949716,2777.3609760549934,0.28204002878572104,2
sep-ipop-w60,12,111024,1772,3252224,913.8157958984375,,633.34430764852641,3726.8889452468266,0.27232121164835071,2
sep-ipop-w60,12,111024,1778,3276800,913.8157958984375,,836.66268498309216,5287.3873689672682,0.26389088582003639,2
sep-ipop-w60,12,111024,1785,3305472,913.8157958984375,,1281.8653886428183,5004.6987796702142,0.265406984004465,2
sep-ipop-w60,12,111024,1791,3330048,913.8157958984375,,1863.0335192266232,5025.7754317143936,0.27710524775793549,2
sep-ipop-w60,12,111024,1797,3354624,913.8157958984375,,2883.4383126384209,3905.1989678024297,0.29550335953470197,2
sep-ipop-w60,12,111024,1803,3379200,913.8157958984375,,4873.1868305288262,3165.6896459617037,0.3190799198966402,2
sep-ipop-w60,12,111024,1809,3403776,913.8157958984375,,7644.0126723048652,2830.2028775769654,0.29943155172155889,2
sep-ipop-w60,12,111024,1816,3432448,913.8157958984375,,13106.567182181057,3370.3851743828509,0.29552146891536368,2
sep-ipop-w60,12,111024,1822,3457024,913.8157958984375,,19116.465243014005,4106.4326617313836,0.28525018199006474,2
sep-ipop-w60,12,111024,1828,3481600,913.8157958984375,,29122.88134465339,5610.917597454004,0.29250661881888762,2
sep-ipop-w60,12,111024,1834,3506176,913.8157958984375,,41395.438450940601,9235.599963098135,0.2749165738464539,2
sep-ipop-w60,12,111024,1840,3530752,913.8157958984375,,59717.138117486975,10540.119964878064,0.2701054931077233,2
sep-ipop-w60,12,111024,1847,3559424,913.8157958984375,,88318.34240750724,15602.953765717835,0.26068066838889531,2
sep-ipop-w60,12,111024,1853,3584000,913.8157958984375,,125489.36137690306,20781.801470411032,0.26820906425732338,2
sep-ipop-w60,12,111024,1859,3608576,913.8157958984375,,171630.49773564772,21809.681057174555,0.26736531681407333,2
sep-ipop-w60,12,111024,1865,3633152,913.8157958984375,,237860.18578685404,24621.155216857955,0.26250355566616368,2
sep-ipop-w60,12,111024,1871,3657728,913.8157958984375,,324696.50713443599,26175.958020698206,0.26981171100222978,2
sep-ipop-w60,12,111024,1878,3686400,913.8157958984375,,509299.15783266706,27392.180373298375,0.26979559027227978,2
sep-ipop-w60,12,111024,1884,3710976,913.8157958984375,,758903.05268150475,31059.161408828684,0.27062820599052906,2
sep-ipop-w60,12,111024,1890,3735552,913.8157958984375,,1072391.2243492552,41598.73882838487,0.25678850744729642,2
sep-ipop-w60,12,111024,1896,3760128,913.8157958984375,,1535232.0330374211,54880.338304861878,0.26166046437085205,2
sep-ipop-w60,12,111024,1902,3784704,913.8157958984375,,2099261.5665492313,54554.694797975186,0.24682381636065942,2
sep-ipop-w60,12,111024,1909,3813376,913.8157958984375,,3006936.9822311872,70390.125868663585,0.25178747332091983,2
sep-ipop-w60,12,111024,1915,3837952,913.8157958984375,,4222558.4197201375,83056.173885051714,0.26395269513009012,2
sep-ipop-w60,12,111024,1921,3862528,913.8157958984375,,5686158.9081908036,81826.413301585111,0.24499544671200155,2
sep-ipop-w60,12,111024,1927,3887104,913.8157958984375,,8285136.9694187474,82724.905831515018,0.26655563851856567,2
sep-ipop-w60,12,111024,1933,3911680,913.8157958984375,,11781675.51170584,63542.524125909869,0.25624672585847513,2
sep-ipop-w60,12,111024,1940,3940352,913.8157958984375,,20207128.417231575,38166.389798057324,0.27706547542606924,2
sep-ipop-w60,12,111024,1946,3964928,913.8157958984375,,31874388.026091803,28268.850976042046,0.27986164298588762,2
sep-ipop-w60,12,111024,1952,3989504,913.8157958984375,,53221355.342700422,24391.012671094973,0.28865244602408979,2
sep-ipop-w60,12,111024,1958,4014080,913.8157958984375,,98719860.889815584,16037.368796407574,0.29086557828189774,2
sep-ipop-w60,12,111024,1964,4038656,913.8157958984375,,159283523.74250236,14030.013320649989,0.27319751653314223,2
sep-ipop-w60,12,111024,1971,4067328,913.8157958984375,,239425697.13187644,16257.993754848572,0.25395690803144638,2
sep-ipop-w60,12,111024,1977,4091904,913.8157958984375,,335791277.19447255,18665.076011553505,0.24489506844452991,2
sep-ipop-w60,12,111024,1983,4116480,913.8157958984375,,453927684.74931657,27884.595118669953,0.24039334249913427,2
sep-ipop-w60,12,111024,1989,4141056,913.8157958984375,,600415422.96705508,32681.421978291037,0.23282387111375355,2
sep-ipop-w60,12,111024,1995,4165632,913.8157958984375,,804214522.05240238,36607.748921570288,0.23242702428578271,2
sep-ipop-w60,12,111024,2002,4194304,913.8157958984375,,1303932938.2862778,36489.537163210305,0.26269172838675509,2
sep-ipop-w60,12,111024,2008,4218880,913.8157958984375,,2218216836.2372432,25347.673513224549,0.27401571028031635,2
sep-ipop-w60,12,111024,2014,4243456,913.8157958984375,,3531892261.7486706,15813.192818209889,0.26859006068914831,2
sep-ipop-w60,12,111024,2020,4268032,913.8157958984375,,4913737013.9617233,16263.548733929034,0.24937011769156989,2
sep-ipop-w60,12,111024,2026,4292608,913.8157958984375,,6685482666.441206,22692.1335772819,0.25175422150009646,2
sep-ipop-w60,12,111024,2033,4321280,913.8157958984375,,9771255854.791729,28296.226738569592,0.23829159916975717,2
sep-ipop-w60,12,111024,2039,4345856,913.8157958984375,,14851149720.996912,45443.278269048438,0.2674962959368663,2
sep-ipop-w60,12,111024,2045,4370432,913.8157958984375,,23734985220.868443,38926.695746445337,0.25649701978145156,2
sep-ipop-w60,12,111024,2051,4395008,913.8157958984375,,39318982144.135612,40244.790742496836,0.26084379702771138,2
sep-ipop-w60,12,111024,2058,4423680,913.8157958984375,,73258002028.742508,32235.373401927609,0.26162202897208464,2
sep-ipop-w60,12,111024,2064,4448256,913.8157958984375,,143166168684.16727,25128.849326140724,0.28336833984628945,2
sep-ipop-w60,12,111024,2070,4472832,913.8157958984375,,324646351892.17499,15511.270718519783,0.32544759709535898,2
sep-ipop-w60,12,111024,2076,4497408,913.8157958984375,,661508094514.01672,7667.0165135332136,0.30942448753958607,2
sep-ipop-w60,12,111024,2082,4521984,913.8157958984375,,1026287853871.881,9519.9986718590608,0.29188659676557166,2
sep-ipop-w60,12,111024,2089,4550656,913.8157958984375,,1313546905514.5286,12652.771828546862,0.24869797230857291,2
sep-ipop-w60,12,111024,2095,4575232,913.8157958984375,,1616396402123.0591,23062.970671208448,0.23077534734957508,2
sep-ipop-w60,12,111024,2101,4599808,913.8157958984375,,2015632018105.4709,37277.547370479297,0.22591685298531561,2
sep-ipop-w60,12,111024,2107,4624384,913.8157958984375,,2637184837225.5781,58154.34218560734,0.23267949924229955,2
sep-ipop-w60,12,111024,2113,4648960,913.8157958984375,,3713673871875.4985,76721.746399497933,0.23562196901783355,2
sep-ipop-w60,12,111024,2120,4677632,913.8157958984375,,4620249791034.1094,106945.77016840941,0.217774711471167,2
sep-ipop-w60,12,111024,2126,4702208,913.8157958984375,,6589738224504.7412,123807.54246022318,0.23388803440544023,2
sep-ipop-w60,12,111024,2132,4726784,913.8157958984375,,11294224857503.938,109182.77332882198,0.25474378700125799,2
sep-ipop-w60,12,111024,2138,4751360,913.8157958984375,,17107822531799.773,49280.355283068289,0.23082726817503568,2
sep-ipop-w60,12,111024,2144,4775936,913.8157958984375,,26368983079479.828,25991.968590040167,0.2220615334313896,2
sep-ipop-w60,12,111024,2151,4804608,913.8157958984375,,60025957432872.484,9776.0680177907998,0.22777078808871964,2
sep-ipop-w60,12,111024,2157,4829184,913.8157958984375,,110297292375978.83,4286.5030375109645,0.18957588517180274,2
sep-ipop-w60,12,111024,2163,4853760,913.8157958984375,,177094736434359,3373.6654721327714,0.17930196500032369,2
sep-ipop-w60,12,111024,2169,4878336,913.8157958984375,,266994077673642.94,3436.1299608803806,0.16415063854506123,2
sep-ipop-w60,12,111024,2175,4902912,913.8157958984375,,398184178399579.12,3917.4487880111915,0.14435223600264235,2
sep-ipop-w60,12,111024,2182,4931584,910.82049051920569,,602116184998758.75,6938.5272826719001,0.12072827839909482,2
sep-ipop-w60,12,111024,2188,4956160,905.64050038655603,,803395174034831.25,10810.755214014351,0.098301938830634872,2
sep-ipop-w60,12,111024,2194,4980736,902.99000422159827,,1139779932940214.2,13803.843037394097,0.083173223718171208,2
sep-ipop-w60,12,111024,2200,5005312,900.87247721354163,,1563039561106928.5,14463.527875454154,0.071028152100500772,2
sep-ipop-w60,12,111024,2206,5029888,899.46978251139319,,2126458743275350.5,18132.56513082259,0.057963356298139243,2
sep-ipop-w60,12,111024,2213,5058560,898.22727203369141,,3158329172792224,23577.820525970274,0.055472355483733159,2
sep-ipop-w60,12,111024,2219,5083136,897.35163243611657,,4328497285208874,24112.504354375204,0.05021751104882282,2
sep-ipop-w60,12,111024,2225,5107712,896.39233779907227,,5404058735255018,28638.265234344413,0.042042265957627965,2
sep-ipop-w60,12,111024,2231,5132288,895.72910944620764,,7375775882435425,26148.317384897557,0.037970425435422596,2
sep-ipop-w60,12,111024,2237,5156864,895.16140492757165,,9871953345677428,32476.29522747549,0.038752704677482527,2
sep-ipop-w60,12,111024,2244,5185536,895.16140492757165,,13618999809303120,31769.949034330053,0.035272983302786977,2
sep-ipop-w60,12,111024,2250,5210112,894.89310201009118,,17177128757427562,35198.321404552713,0.031531381076973369,2
sep-ipop-w60,12,111024,2256,5234688,894.89310201009118,,20837789730479264,33488.118258634568,0.029478017161508972,2
sep-ipop-w60,12,111024,2262,5259264,894.56713231404626,,26656914538806908,37351.072659113917,0.029905713762773664,2
sep-ipop-w60,12,111024,2268,5283840,893.93810272216797,,32049502063392704,43830.676304815672,0.027960799548118462,2
sep-ipop-w60,12,111024,2275,5312512,893.93810272216797,,38301765896726520,51148.048381185734,0.025996825345189562,2
sep-ipop-w60,12,111024,2281,5337088,893.89999771118164,,44846650207578408,102394.77852252174,0.025798972895698633,2
sep-ipop-w60,12,111024,2287,5361664,893.76469421386719,,48961785003281376,184670.59877479722,0.023926162693169065,2
sep-ipop-w60,12,111024,2293,5386240,893.7149988810221,,56992264411156656,171659.8549123249,0.02072781835097371,2
sep-ipop-w60,12,111024,2299,5410816,893.32641728719079,,65494703383743720,242904.26275427447,0.019056065853685848,2
sep-ipop-w60,12,111024,2306,5439488,893.1410802205404,,80213610495149856,294658.85085033881,0.01831429087807462,2
sep-ipop-w60,12,111024,2312,5464064,892.74717330932617,,89851703926010832,342194.41404983634,0.016011342900330839,2
sep-ipop-w60,12,111024,2318,5488640,892.70060475667321,,1.0186211630220341e+17,473175.97818353539,0.016253206261542797,2
sep-ipop-w60,12,111024,2324,5513216,892.41967519124353,,1.1785909111309109e+17,451831.87458378793,0.014750899142746134,2
sep-ipop-w60,12,111024,2330,5537792,892.41571680704749,,1.4049238381035762e+17,552509.14004690445,0.015411307354629098,2
sep-ipop-w60,12,111024,2337,5566464,892.31384023030603,,1.709915838900991e+17,669718.09084622283,0.014790481769816399,2
sep-ipop-w60,12,111024,2343,5591040,892.12693659464514,,2.0269484544079722e+17,987974.52678974939,0.01486537100905673,2
sep-ipop-w60,12,111024,2349,5615616,892.07927831014001,,2.5384726094133046e+17,1055195.383839628,0.01615023611462188,2
sep-ipop-w60,12,111024,2355,5640192,891.98462422688806,,3.1264889139607558e+17,1251123.9740795458,0.015873734286915298,2
sep-ipop-w60,12,111024,2361,5664768,891.94384002685547,,4.0611305915660698e+17,1232113.9129956071,0.015601367572287179,2
sep-ipop-w60,12,111024,2368,5693440,891.87454605102539,,5.2026114217409235e+17,1067704.6230277985,0.014650357565984552,2
sep-ipop-w60,12,111024,2374,5718016,891.83500417073571,,6.0976548174541542e+17,1630091.5808955885,0.014119626001198829,2
sep-ipop-w60,12,111024,2380,5742592,891.77293268839514,,7.3631190130345638e+17,1495942.9875593523,0.013535993146879921,2
sep-ipop-w60,12,111024,2386,5767168,891.71935399373376,,7.879973966648521e+17,1625550.9826035809,0.011966905024401045,2
sep-ipop-w60,12,111024,2392,5791744,891.71930948893225,,8.5209338331311923e+17,1514767.18077735,0.010447353570183809,2
sep-ipop-w60,12,111024,2399,5820416,891.68997192382812,,1.0076898022375552e+18,2225260.8292310326,0.01155318431918125,2
sep-ipop-w60,12,111024,2405,5844992,891.66127522786462,,1.2024252930558707e+18,2501317.4809952779,0.011252032925593188,2
sep-ipop-w60,12,111024,2411,5869568,891.62819290161133,,1.3411120460623839e+18,2960280.9716855111,0.010664980607502584,2
sep-ipop-w60,12,111024,2417,5894144,891.60658645629883,,1.4257708504230254e+18,2643130.7995910775,0.0088227239190288125,2
sep-ipop-w60,12,111024,2423,5918720,891.57227961222327,,1.6307394717070267e+18,3272312.3115457008,0.0088614072964603389,2
sep-ipop-w60,12,111024,2430,5947392,891.53244654337561,,1.8400431801279373e+18,3815940.3558502314,0.008737868588874537,2
sep-ipop-w60,12,111024,2436,5971968,891.49274317423499,,2.2932214396201902e+18,3194786.1225136556,0.009127712611097202,2
sep-ipop-w60,12,111024,2442,5996544,891.45971425374353,,2.7686778985180861e+18,3282745.5768824071,0.0088692955409507591,2
sep-ipop-w60,12,111024,2448,6021120,891.45162836710608,,3.3428106267378263e+18,3770595.3732365114,0.0090447919116863635,2
sep-ipop-w60,12,111024,2454,6045696,891.42170588175452,,4.1926309108074982e+18,3721523.0719832815,0.0086668380890782045,2
sep-ipop-w60,12,111024,2461,6074368,891.38680394490564,,5.1854693478080338e+18,4404877.0615078257,0.0088747906610769419,2
sep-ipop-w60,12,111024,2467,6098944,891.36321385701501,,6.1433144942443776e+18,4530513.4421194391,0.0085489272348971204,2
sep-ipop-w60,12,111024,2473,6123520,891.34652074178064,,7.762622844093524e+18,4818822.1061774669,0.0088753176300129712,2
sep-ipop-w60,12,111024,2479,6148096,891.31990051269531,,9.0747325322450227e+18,4353429.0555824498,0.0079002217167773291,2
sep-ipop-w60,12,111024,2485,6172672,891.31489308675134,,1.0175672190230069e+19,5817961.2063436182,0.0080067558370591606,2
sep-ipop-w60,12,111024,2492,6201344,891.27907307942712,,1.3607842661058056e+19,7893231.8304966651,0.0091057082579218268,2
sep-ipop-w60,12,111024,2498,6225920,891.26505025227868,,1.704365017005399e+19,7045703.2003438128,0.0084788907511362446,2
sep-ipop-w60,12,111024,2504,6250496,891.26130167643225,,1.9022956819769344e+19,7231821.4430322591,0.0073971412073447502,2
sep-ipop-w60,12,111024,2510,6275072,891.24654006958008,,2.1060384098833146e+19,11828871.88605044,0.0077574481536087665,2
sep-ipop-w60,12,111024,2516,6299648,891.24654006958008,,2.2543858462402171e+19,16129283.1878077,0.0071331316697290899,2
sep-ipop-w60,12,111024,2523,6328320,891.24494679768884,,2.4406050307313054e+19,19526567.816700589,0.0064589319187567983,2
sep-ipop-w60,12,111024,2529,6352896,891.24016952514648,,2.8746512640420835e+19,25389800.353809465,0.0069267356068819751,2
sep-ipop-w60,12,111024,2535,6377472,891.23540751139319,,3.3783586724725572e+19,47217294.529109344,0.0073789587371030398,2
sep-ipop-w60,12,111024,2541,6402048,891.21986262003577,,3.9762785980774892e+19,115941520.28344905,0.0083562993139155578,2
sep-ipop-w60,12,111024,2547,6426624,891.21443684895837,,4.4679727953484685e+19,199186154.67303246,0.0080055377135781862,2
sep-ipop-w60,12,111024,2554,6455296,891.20255025227868,,6.2991509669735866e+19,280860409.54232407,0.0095283533301619965,2
sep-ipop-w60,12,111024,2560,6479872,891.19958368937171,,9.0815881418738237e+19,125908773.00382988,0.0078700701854587957,2
sep-ipop-w60,12,111024,2566,6502400,891.19581858317054,,9.6855414252549898e+19,157091211.02494505,0.0068570608303204503,2
