arm,block,seed,iteration,evaluations,bestCost,populationSpread,sigma,conditionNumber,distributionExtent,restart
sep-ipop-l20,1,112001,1,20,34324.750593821205,,0.27208292234936909,1.0439724407781967,0.26787882083721964,0
sep-ipop-l20,1,112001,255,5100,1079.0371144612629,,0.019219064985616222,227.52391134078471,0.031869576461172777,0
sep-ipop-l20,1,112001,1320,26400,951.29561869303382,,0.00019162602228804898,383042.57809021778,0.00022944472882846401,0
sep-ipop-l20,1,112001,2178,53360,951.29455184936523,,0.067032082686892161,1616.563199379174,0.028104703756554099,1
sep-ipop-l20,1,112001,2772,77120,951.29455184936523,,0.0038301136672810564,34122082.407619372,0.0018554338841454744,1
sep-ipop-l20,1,112001,3432,106720,951.29455184936523,,0.15396370305460699,128.16707826365334,0.16750593572228648,2
sep-ipop-l20,1,112001,3696,127840,951.29455184936523,,0.4519443677862871,38032.761626832194,0.089268511673036066,2
sep-ipop-l20,1,112001,4026,154240,951.29455184936523,,0.35430961673785016,1520981.3162025693,0.0061063138121045619,2
sep-ipop-l20,1,112001,4356,180640,951.29455184936523,,0.45590129665433499,19156518.524386063,0.00096561680300840866,2
sep-ipop-l20,1,112001,4686,213120,951.29455184936523,,0.32837276389995174,2242.7407965194484,0.17283192338020981,3
sep-ipop-l20,1,112001,4818,234240,951.29455184936523,,2.5462703721525832,60092.964405882172,0.23077052069298098,3
sep-ipop-l20,1,112001,4950,255360,951.29455184936523,,100.82911686197345,2068.1439561899119,0.12291304994051717,3
sep-ipop-l20,1,112001,5148,287040,951.29455184936523,,32860.809259435751,2851.8444991449387,0.14109677121696995,3
sep-ipop-l20,1,112001,5263,305440,939.81816355387366,,200772.27889825526,1074.7205329703806,0.021091178132591197,3
sep-ipop-l20,1,112001,5425,331360,934.79217147827148,,268287.19422149088,538840.09916370001,0.0078539656072286034,3
sep-ipop-l20,1,112001,5582,356480,934.63708368937171,,178106.45310090896,277744328.63793761,0.0022572359961279512,3
sep-ipop-l20,1,112001,5742,390720,934.56848653157556,,1.5839742373185051,467.84083825801588,0.25269248754961632,4
sep-ipop-l20,1,112001,5808,411840,934.56848653157556,,9.5148033901296234,21926.928500397524,0.22717768030899296,4
sep-ipop-l20,1,112001,5874,432960,934.56848653157556,,420.85541170914075,52525.68896085005,0.25837864669899663,4
sep-ipop-l20,1,112001,6006,475200,934.56848653157556,,449766.65702293522,49827.987330196767,0.22632426040394979,4
sep-ipop-l20,1,112001,6072,496320,934.56848653157556,,8919595.7851315327,18362.719839651629,0.10405199007488894,4
sep-ipop-l20,1,112001,6138,517440,934.56848653157556,,247481705.59092221,3484.9445727112889,0.053610156442745388,4
sep-ipop-l20,1,112001,6204,538560,934.56848653157556,,2592437472.0423355,8484.0360436635619,0.024349988425375734,4
sep-ipop-l20,1,112001,6270,559680,934.56848653157556,,3224644409.1145864,290184.41280100023,0.013962268703858709,4
sep-ipop-l20,1,112001,6402,601920,934.56848653157556,,15673470891.801659,79694215.222389698,0.0044920201688136438,4
sep-ipop-l20,1,112001,6468,623040,934.56848653157556,,26110796458.659058,1911664654.7070141,0.0024057809372598237,4
sep-ipop-l20,1,112001,6534,644160,934.56848653157556,,33577377954.073513,21175184642.672546,0.0034135371644828283,4
sep-ipop-l20,1,112001,6600,679040,934.56848653157556,,2.0695178728289871,458.22496739339607,0.29870635178735716,5
sep-ipop-l20,1,112001,6666,721280,934.56848653157556,,25.249923758688034,2234.2737320218921,0.28946484842581521,5
sep-ipop-l20,1,112001,6732,763520,934.56848653157556,,427.47358035513042,12017.115785639508,0.23820584311780094,5
sep-ipop-l20,1,112001,6772,789120,932.64831670125329,,2744.924642265994,68394.046294955522,0.22087311678231575,5
sep-ipop-l20,1,112001,6810,813440,888.40831756591797,,22846.994006745554,198566.83890492265,0.26544689206371397,5
sep-ipop-l20,1,112001,6849,838400,873.30851364135742,,136840.83414153874,1231996.6933173526,0.24577913155117259,5
sep-ipop-l20,1,112001,6891,865280,843.16774749755859,,2001487.4700632533,21846.418031667323,0.056335291299394505,5
sep-ipop-l20,1,112001,6929,889600,832.87556330362952,,11110668.28903327,10686.801697223615,0.024393791371128543,5
sep-ipop-l20,1,112001,6968,914560,829.43400573730469,,34181297.057008386,18838.058485789461,0.017315649786692984,5
sep-ipop-l20,1,112001,7008,940160,826.77492650349939,,117824527.10054058,82918.405581323837,0.010002483714694376,5
sep-ipop-l20,1,112001,7048,965760,825.7008056640625,,625453352.14477897,106301.8829411528,0.0070778688831223974,5
sep-ipop-l20,1,112001,7087,990720,824.48308944702148,,5011667263.6903505,117712.42039862426,0.0069296281285477117,5
sep-ipop-l20,1,112001,7128,1016960,823.91432189941406,,12673678876.092447,621854.54182670184,0.0046655169726933596,5
sep-ipop-l20,1,112001,7167,1041920,823.74430592854821,,16725439360.136168,2207752.9783392735,0.0037035146641233741,5
sep-ipop-l20,1,112001,7207,1067520,823.67688624064124,,35295291297.223137,14425249.92614175,0.0042017264463836638,5
sep-ipop-l20,1,112001,7259,1100800,823.61054356892907,,204522329215.56052,186038460.10164768,0.0049013973137294218,5
sep-ipop-l20,1,112001,7289,1120000,823.6050923665365,,266880350519.68555,271823156.58538342,0.00341242936474758,5
sep-ipop-l20,1,112001,7326,1143680,823.603993733724,,379450849621.94946,408451981.15400064,0.0039757300483099075,5
sep-ipop-l20,1,112001,7392,1185920,823.60364532470703,,833539167091.62585,944400846.20470798,0.0029298422936879396,5
sep-ipop-l20,1,112001,7458,1228160,823.60364532470703,,802828022499.6012,1802880885.8561881,0.0027159632081872895,5
sep-ipop-l20,1,112001,7524,1270400,823.60364532470703,,1258780448346.9504,1952593358.2605605,0.0022387152717777176,5
sep-ipop-l20,1,112001,7590,1321600,823.60364532470703,,0.82554723770855454,9.4955224932629996,0.53403779090226933,6
sep-ipop-l20,1,112001,7656,1406080,823.60364532470703,,8.783067034042908,5145.333129103471,0.2727763863458903,6
sep-ipop-l20,1,112001,7722,1490560,823.60364532470703,,170.21758369717418,5099.2798167207402,0.25680076318039285,6
sep-ipop-l20,1,112001,7788,1575040,823.60364532470703,,16658.96308925944,2638.5193526485991,0.2656743833592437,6
sep-ipop-l20,1,112001,7854,1659520,823.60364532470703,,377290.55994221679,62554.27463853042,0.16438614344962593,6
sep-ipop-l20,1,112001,7920,1744000,823.60364532470703,,6387651.5538517069,70607.332880479706,0.050138929702184976,6
sep-ipop-l20,1,112001,7986,1828480,823.60364532470703,,34561063.28393127,1163393.3654460944,0.043939203578572159,6
sep-ipop-l20,1,112001,8052,1912960,823.60364532470703,,92814324.910516709,67495920.363431484,0.038380917983778857,6
sep-ipop-l20,1,112001,8118,1997440,823.60364532470703,,342475199.11452746,1366265273.8454094,0.045516187332651198,6
sep-ipop-l20,1,112001,8184,2081920,823.60364532470703,,1567605570.4918573,14884934584.762726,0.04369147055316383,6
sep-ipop-l20,1,112001,8250,2166400,823.60364532470703,,2342728511.9874864,78844627979.919754,0.034275114001748513,6
sep-ipop-l20,1,112001,8316,2250880,823.60364532470703,,2167682883.8735013,1620457471684.7861,0.031602015832533234,6
sep-ipop-l20,1,112001,8382,2335360,823.60364532470703,,1929809954.2397506,2263721578913.0923,0.031273856259158794,6
sep-ipop-l20,1,112001,8448,2487680,823.60364532470703,,4.5105013984844158,169.53996919839341,0.3202838460193741,7
sep-ipop-l20,1,112001,8514,2656640,823.60364532470703,,66.442780454870586,1840.0357322299628,0.24639207303176125,7
sep-ipop-l20,1,112001,8580,2825600,823.60364532470703,,2776.4618551208928,1748.9650984391546,0.28399630727515091,7
sep-ipop-l20,1,112001,8646,2994560,823.60364532470703,,174652.81646625148,65725.581719088106,0.26819863519084108,7
sep-ipop-l20,1,112001,8712,3163520,823.60364532470703,,11109319.054605411,129115.28700918172,0.15286262895832367,7
sep-ipop-l20,1,112001,8778,3332480,823.60364532470703,,321114141.21594113,34670.660663469804,0.023578945335788509,7
sep-ipop-l20,1,112001,8844,3501440,823.60364532470703,,3429275266.3179717,25119.230223941686,0.015783742298916208,7
sep-ipop-l20,1,112001,8910,3670400,823.60364532470703,,16606911521.508215,42643.322479710558,0.015834587954558357,7
sep-ipop-l20,1,112001,8976,3839360,823.60364532470703,,77473190738.95192,48432.432529485297,0.0065195157254512815,7
sep-ipop-l20,1,112001,9042,4008320,823.60364532470703,,97724696362.249039,702994.46445645427,0.0046853020581857042,7
sep-ipop-l20,1,112001,9108,4177280,823.60364532470703,,210651685843.6893,30252569.074910056,0.0060365350239051192,7
sep-ipop-l20,1,112001,9174,4346240,823.60364532470703,,3963381249440.8174,226247195.36196423,0.007746958690868869,7
sep-ipop-l20,1,112001,9240,4515200,823.60364532470703,,61820664920324.977,321417375.86090159,0.0083745244808984456,7
sep-ipop-l20,1,112001,9306,4684160,823.60364532470703,,511552436102141.56,664776181.04155719,0.0083358709974733301,7
sep-ipop-l20,1,112001,9372,4853120,823.60364532470703,,1163880531989563,7472108164.9175816,0.0054014416749684196,7
sep-ipop-l20,1,112001,9438,5022080,823.60364532470703,,1110659739983594.9,7304224272.724246,0.0048699256525664468,7
sep-ipop-l20,1,112001,9504,5191040,823.60364532470703,,1059128302787841.6,5587595269.4909458,0.0042866485152565845,7
sep-ipop-l20,1,112001,9570,5360000,823.60364532470703,,1133523394905553.8,8355070987.0860529,0.005083281551414476,7
sep-ipop-l20,1,112001,9636,5528960,823.60364532470703,,1136719880629169,3795638923.9727807,0.0032554602065435071,7
sep-ipop-l20,1,112001,9702,5697920,823.60364532470703,,1455915554664386,3658103487.7385244,0.0042270390041150114,7
sep-ipop-l20,1,112001,9768,5866880,823.60364532470703,,1371848509998523,4130029617.6714654,0.0037720790613364405,7
sep-ipop-l20,1,112001,9834,6035840,823.60364532470703,,1202929390640796.8,3957950961.207058,0.0035227223863925098,7
sep-ipop-l20,1,112001,9900,6307200,823.60364532470703,,1.844443947741925,17.259743249035207,0.42726383164602272,8
sep-ipop-l20-w102,1,112001,1,20,34324.750593821205,,0.27208292234936909,1.0439724407781967,0.26787882083721964,0
sep-ipop-l20-w102,1,112001,255,5100,1079.0371144612629,,0.019219064985616222,227.52391134078471,0.031869576461172777,0
sep-ipop-l20-w102,1,112001,1320,27660,951.30499140421546,,0.15710902188066381,7.6521920692498613,0.16072399856031611,1
sep-ipop-l20-w102,1,112001,1914,51420,951.30499140421546,,0.0063870980482182062,18697.786091729613,0.003368319826637415,1
sep-ipop-l20-w102,1,112001,2508,79860,951.30499140421546,,0.13639732942129976,629.98169242302379,0.14424752237575711,2
sep-ipop-l20-w102,1,112001,2782,101780,944.12108103434241,,1.0872063358841784,4041.5606060578789,0.071904022877180146,2
sep-ipop-l20-w102,1,112001,3099,127140,911.9925753275553,,1.8324119052899357,19938.300809520693,0.0057061126300061724,2
sep-ipop-l20-w102,1,112001,3421,152900,911.27684275309241,,0.50690259397124726,61697386.745901734,0.0012982808600114526,2
sep-ipop-l20-w102,1,112001,3630,178660,911.27678171793616,,0.89069525161276575,1579.578914205201,0.23910180002147124,3
sep-ipop-l20-w102,1,112001,3828,210340,911.27678171793616,,24.450675054242414,156578.09469932024,0.18594623859031065,3
sep-ipop-l20-w102,1,112001,3960,231460,911.27678171793616,,186.36340866584476,2424052.5460701357,0.071874731897043478,3
sep-ipop-l20-w102,1,112001,4158,263140,911.27678171793616,,146.46233180064772,10470793.841839984,0.0029379463648020669,3
sep-ipop-l20-w102,1,112001,4290,284260,911.27678171793616,,923.62940684894068,183410902.3161203,0.0057480008917349164,3
sep-ipop-l20-w102,1,112001,4422,309700,911.27678171793616,,0.69737898176076063,34.626688455884,0.2564215160012327,4
sep-ipop-l20-w102,1,112001,4488,330820,911.27678171793616,,5.2707547283202052,2050.7695589413133,0.26257914992258879,4
sep-ipop-l20-w102,1,112001,4620,373060,911.27678171793616,,1240.3564902037922,89365.873104207509,0.15080726944143236,4
sep-ipop-l20-w102,1,112001,4686,394180,911.27678171793616,,43566.302852830006,3815.1321676163052,0.055831874870071165,4
sep-ipop-l20-w102,1,112001,4752,415300,911.27678171793616,,616792.23914179974,22184.850124105807,0.038321054247931724,4
sep-ipop-l20-w102,1,112001,4818,436420,911.27678171793616,,6654189.040192415,92637.298247293322,0.017228506384940053,4
sep-ipop-l20-w102,1,112001,4884,457540,911.27678171793616,,29657185.850086413,53735.651202693669,0.0068532714548064514,4
sep-ipop-l20-w102,1,112001,5016,499780,911.27678171793616,,177236197.3025063,8141645.7777656224,0.0029004163809722436,4
sep-ipop-l20-w102,1,112001,5082,520900,911.27678171793616,,315379132.06645906,1506628712.3716483,0.0036171512571455608,4
sep-ipop-l20-w102,1,112001,5148,542020,911.27678171793616,,911339722.51322627,10967860950.959417,0.0042494354689297719,4
sep-ipop-l20-w102,1,112001,5214,580100,911.27678171793616,,1.8574591973435288,231.62798652518228,0.26287344449896732,5
sep-ipop-l20-w102,1,112001,5280,622340,911.27678171793616,,17.999923096602732,7938.6204646860251,0.27703556179659089,5
sep-ipop-l20-w102,1,112001,5346,664580,911.27678171793616,,430.91795181307975,1701.5814744329844,0.11218885164223438,5
sep-ipop-l20-w102,1,112001,5412,706820,911.27678171793616,,13748.554730728907,5170.0502882586252,0.10759716930528319,5
sep-ipop-l20-w102,1,112001,5478,749060,911.27678171793616,,313590.9168817735,4369.7494519562943,0.033381311180167898,5
sep-ipop-l20-w102,1,112001,5544,791300,911.27678171793616,,1193154.6029972299,26991.703799123217,0.014249505586640466,5
sep-ipop-l20-w102,1,112001,5610,833540,911.27678171793616,,4239148.0351390997,81499.631688659283,0.0046628302728022823,5
sep-ipop-l20-w102,1,112001,5676,875780,911.27678171793616,,13401800.958006533,26340189.606323175,0.005217723759743398,5
sep-ipop-l20-w102,1,112001,5742,918020,911.27678171793616,,58998520.243373029,228402536.79916465,0.0068465631474845983,5
sep-ipop-l20-w102,1,112001,5808,960260,911.27678171793616,,216532272.02693477,362331118.71370929,0.0066009012113893116,5
sep-ipop-l20-w102,1,112001,5874,1019140,911.27678171793616,,1.14476693069131,18.776696587565926,0.31058385037277292,6
sep-ipop-l20-w102,1,112001,5940,1103620,911.27678171793616,,10.643542578810349,4219.0076927347727,0.23987560520314999,6
sep-ipop-l20-w102,1,112001,6006,1188100,911.27678171793616,,475.28003892838552,8338.685693845915,0.28065311032467671,6
sep-ipop-l20-w102,1,112001,6072,1272580,911.27678171793616,,26912.692320729708,20052.574225435634,0.22757216741368252,6
sep-ipop-l20-w102,1,112001,6138,1357060,911.27678171793616,,740777.723198878,153092.98062024821,0.24313475614227592,6
sep-ipop-l20-w102,1,112001,6204,1441540,911.27678171793616,,14665357.048698584,24459.930710184577,0.04987411150895172,6
sep-ipop-l20-w102,1,112001,6270,1526020,911.27678171793616,,98280170.048700869,655931.07692175906,0.015342573771921006,6
sep-ipop-l20-w102,1,112001,6336,1610500,911.27678171793616,,525903191.6158306,2441953.1701177745,0.0060725415813360729,6
sep-ipop-l20-w102,1,112001,6402,1694980,911.27678171793616,,3466725246.1198711,12856897.325716347,0.0068130282711313366,6
sep-ipop-l20-w102,1,112001,6468,1779460,911.27678171793616,,73949463471.538406,332199975.70007515,0.011408889533254352,6
sep-ipop-l20-w102,1,112001,6534,1863940,911.27678171793616,,4743363366925.8643,33547144.053448498,0.011218722254984027,6
sep-ipop-l20-w102,1,112001,6600,1948420,911.27678171793616,,389771211703578.88,6128767.7145320158,0.01098401354038055,6
sep-ipop-l20-w102,1,112001,6666,2032900,911.27678171793616,,48867943643465896,280214.54495786323,0.013214644294729259,6
sep-ipop-l20-w102,1,112001,6732,2117380,911.27678171793616,,6.6567795232755077e+18,63583.421245545462,0.01165044434877213,6
sep-ipop-l20-w102,1,112001,6772,2168580,911.05688603719079,,2.3024403212846229e+20,483726.79209238145,0.088444355459986052,6
sep-ipop-l20-w102,1,112001,6785,2185220,899.70618438720703,,1.6047470445435987e+21,30500.098943552035,0.12404365098630607,6
sep-ipop-l20-w102,1,112001,6805,2210820,863.39380645751953,,1.4381348450674869e+22,1654.8109405088849,0.11977974613957985,6
sep-ipop-l20-w102,1,112001,6827,2238980,825.49080785115564,,3.114971272868987e+22,6919.3700733497844,0.05113243943172778,6
sep-ipop-l20-w102,1,112001,6844,2260740,820.53205108642578,,5.692332929881369e+22,7807.7519008754516,0.02358458984808463,6
sep-ipop-l20-w102,1,112001,6864,2286340,818.98232014973962,,1.0320882701456341e+23,17672.374455605655,0.013564300814515998,6
sep-ipop-l20-w102,1,112001,6890,2319620,818.18537267049157,,1.7816741287417716e+23,70305.176254052596,0.0087683242163119363,6
sep-ipop-l20-w102,1,112001,6907,2341380,817.80753835042321,,2.6396339603510001e+23,341593.30625428283,0.0088088726382823078,6
sep-ipop-l20-w102,1,112001,6930,2370820,817.54831568400061,,3.8225735101233866e+23,942687.75278315903,0.0080500498990432774,6
sep-ipop-l20-w102,1,112001,6946,2391300,817.47847493489587,,5.9689240670071472e+23,2799470.3589165797,0.0093806437131578966,6
sep-ipop-l20-w102,1,112001,6964,2414340,817.39186096191406,,1.0322394563505272e+24,7333964.7261273507,0.0082080675208724869,6
sep-ipop-l20-w102,1,112001,6987,2443780,817.29615529378259,,2.1977323850172657e+24,15645381.54993134,0.0082854891850303591,6
sep-ipop-l20-w102,1,112001,7005,2466820,817.24113464355469,,3.7597685053098968e+24,16712555.74734381,0.0082957074930984191,6
sep-ipop-l20-w102,1,112001,7023,2489860,817.20993677775061,,5.1181608811023354e+24,10843855.310388438,0.0058691636274174107,6
sep-ipop-l20-w102,1,112001,7046,2519300,817.17753219604492,,6.2626557428184877e+24,24835568.193689719,0.0055890247253541888,6
sep-ipop-l20-w102,1,112001,7064,2542340,817.16078313191736,,6.8526583356566465e+24,48370734.50979729,0.004611260255682547,6
sep-ipop-l20-w102,1,112001,7083,2566660,817.15647379557288,,1.112614826344647e+25,1135988164.8431406,0.006238018561453504,6
sep-ipop-l20-w102,1,112001,7104,2593540,817.15400822957361,,2.3176823173716023e+25,1898373298.8337388,0.0053303289936831406,6
sep-ipop-l20-w102,1,112001,7128,2624260,817.15004984537757,,4.8250015630020522e+25,2676731568.5448341,0.0053167173355728771,6
sep-ipop-l20-w102,1,112001,7194,2708740,817.15004984537757,,6.2400799705306042e+25,49524693743.129669,0.0042652254930206565,6
sep-ipop-l20-w102,1,112001,7260,2843140,817.15004984537757,,2.0166428102898961,42.081853823367247,0.34002095906598312,7
sep-ipop-l20-w102,1,112001,7326,3012100,817.15004984537757,,31.870456306946664,1442.5426100212678,0.29585049252571027,7
sep-ipop-l20-w102,1,112001,7392,3181060,817.15004984537757,,834.06037786429192,4767.8669236029218,0.26182420627425118,7
sep-ipop-l20-w102,1,112001,7458,3350020,817.15004984537757,,43033.294415948709,7522.5819638557605,0.24695287491698459,7
sep-ipop-l20-w102,1,112001,7524,3518980,817.15004984537757,,2491579.001239507,40067.270060955532,0.26680302414238183,7
sep-ipop-l20-w102,1,112001,7590,3687940,817.15004984537757,,175382092.13181043,276110.30673363962,0.22983933306715298,7
sep-ipop-l20-w102,1,112001,7656,3856900,817.15004984537757,,21187186698.440712,42931.817541644239,0.086931256882609512,7
sep-ipop-l20-w102,1,112001,7722,4025860,817.15004984537757,,1205568228709.2097,34504.214464098746,0.028899061570710226,7
sep-ipop-l20-w102,1,112001,7788,4194820,817.15004984537757,,6325555520591.0117,196765.30354076755,0.01306877332684646,7
sep-ipop-l20-w102,1,112001,7854,4363780,817.15004984537757,,37164183875099.891,357638.65286492964,0.0051866032067603412,7
sep-ipop-l20-w102,1,112001,7920,4532740,817.15004984537757,,235548872555357.12,5758947.7216734625,0.004506835484997032,7
sep-ipop-l20-w102,1,112001,7986,4701700,817.15004984537757,,1405618981127482,16902661.757544231,0.0041154231453864216,7
sep-ipop-l20-w102,1,112001,8052,4870660,817.15004984537757,,7926158027258283,1093104871.4236488,0.0050415375350258583,7
sep-ipop-l20-w102,1,112001,8118,5039620,817.15004984537757,,11840271205301510,1851175885.1139002,0.002704584402096445,7
sep-ipop-l20-w102,1,112001,8184,5285380,817.15004984537757,,1.1538064252050877,45.547519354969317,0.60364382373288783,8
sep-ipop-l20-w102,1,112001,8250,5623300,817.15004984537757,,13.262756348427871,1749.1155294541177,0.30253461390802128,8
sep-ipop-l20-w102,1,112001,8316,5961220,817.15004984537757,,390.64924176195439,2912.336731322343,0.2895322842503979,8
sep-ipop-l20-w102,1,112001,8382,6299140,817.15004984537757,,23316.158815612813,3450.8463142226019,0.31731542483554387,8
sep-ipop-l20-w204,1,112001,1,20,34324.750593821205,,0.27208292234936909,1.0439724407781967,0.26787882083721964,0
sep-ipop-l20-w204,1,112001,255,5100,1079.0371144612629,,0.019219064985616222,227.52391134078471,0.031869576461172777,0
sep-ipop-l20-w204,1,112001,1320,26400,951.29561869303382,,0.00019162602228804898,383042.57809021778,0.00022944472882846401,0
sep-ipop-l20-w204,1,112001,2112,53100,951.29455184936523,,0.029295026635718049,13435.375261145857,0.030237258067962798,1
sep-ipop-l20-w204,1,112001,2706,76860,951.29455184936523,,0.0022041394801473641,3260647.3095096895,0.0011898382349592991,1
sep-ipop-l20-w204,1,112001,3300,105340,951.29455184936523,,0.13048178012070416,1257.5842113593576,0.13799704115704256,2
sep-ipop-l20-w204,1,112001,3630,131740,951.29455184936523,,0.13676951110302329,48761.83093036816,0.015408000010077442,2
sep-ipop-l20-w204,1,112001,3894,152860,951.29455184936523,,0.033864321984029666,139188404.43567502,0.0025441755879589529,2
sep-ipop-l20-w204,1,112001,4092,179500,951.29455184936523,,0.76838715401466029,2191.5787484276534,0.22409498301774419,3
sep-ipop-l20-w204,1,112001,4242,203500,906.24687703450525,,9.3664590756049559,44531.548303141826,0.14683493088942842,3
sep-ipop-l20-w204,1,112001,4399,228620,870.8792610168457,,28.811590618504216,80860.993050274148,0.013951549711623552,3
sep-ipop-l20-w204,1,112001,4558,254060,870.07016245524085,,35.250449898414537,170752935.93034729,0.0073793311041658446,3
sep-ipop-l20-w204,1,112001,4752,289100,870.05684789021814,,0.64080194785369993,236.16755472698293,0.31405425447342022,4
sep-ipop-l20-w204,1,112001,4818,310220,870.05684789021814,,4.9221826153821038,3557.948125537298,0.35373848304965283,4
sep-ipop-l20-w204,1,112001,4884,331340,870.05684789021814,,88.128501911925525,6022.6626043702736,0.24804649934049453,4
sep-ipop-l20-w204,1,112001,5016,373580,870.05684789021814,,31148.59491573257,19106.118217873205,0.058265980028060931,4
sep-ipop-l20-w204,1,112001,5040,381260,869.79008229573571,,70231.306540127509,18457.068344411331,0.031582402253810017,4
sep-ipop-l20-w204,1,112001,5119,406540,863.06640243530273,,1172015.566789696,14434.319963693421,0.010669984133300274,4
sep-ipop-l20-w204,1,112001,5203,433420,861.46203486124671,,3230696.0148706092,6668700.1409247648,0.006623695216460888,4
sep-ipop-l20-w204,1,112001,5280,458060,860.94823328653968,,5385437.6746503478,33171928.149999775,0.0032229716893901598,4
sep-ipop-l20-w204,1,112001,5367,485900,860.51073455810547,,34323785.507535107,719476350.81347203,0.0061579541648211214,4
sep-ipop-l20-w204,1,112001,5478,537420,860.47296651204431,,2.6327836247102216,193.00615447070538,0.24451469948392579,5
sep-ipop-l20-w204,1,112001,5544,579660,860.47296651204431,,25.88846495888864,3959.9268941462074,0.26484521013140011,5
sep-ipop-l20-w204,1,112001,5610,621900,860.47296651204431,,695.49313883921832,10594.248494293621,0.21559298783299144,5
sep-ipop-l20-w204,1,112001,5676,664140,860.47296651204431,,16773.503447597152,23572.62742937903,0.15069113806510076,5
sep-ipop-l20-w204,1,112001,5742,706380,860.47296651204431,,237539.83961838955,100893.90973377152,0.092469634981455315,5
sep-ipop-l20-w204,1,112001,5808,748620,860.47296651204431,,1861464.8474487157,177576.19701974859,0.027362490575340105,5
sep-ipop-l20-w204,1,112001,5874,790860,860.47296651204431,,5907998.9527194202,1997942.1326384987,0.013803360653882548,5
sep-ipop-l20-w204,1,112001,5940,833100,860.47296651204431,,16934004.923342343,74699390.865884259,0.00866854858905876,5
sep-ipop-l20-w204,1,112001,6006,875340,860.47296651204431,,69259166.875097185,29861334.977522541,0.0043953369578081884,5
sep-ipop-l20-w204,1,112001,6072,917580,860.47296651204431,,154513586.16894045,364274822.64223522,0.0040341702679677913,5
sep-ipop-l20-w204,1,112001,6138,959820,860.47296651204431,,212208278.86315727,1968020062.4692476,0.0046859270311421152,5
sep-ipop-l20-w204,1,112001,6204,1002060,860.47296651204431,,255889246.9242568,3767345534.6312909,0.004878046568832623,5
sep-ipop-l20-w204,1,112001,6270,1054540,860.47296651204431,,0.89608236700799204,11.435095407894119,0.64984402345842884,6
sep-ipop-l20-w204,1,112001,6336,1139020,860.47296651204431,,6.3788339291676994,4882.3838547636906,0.21130320622780924,6
sep-ipop-l20-w204,1,112001,6402,1223500,860.47296651204431,,65.67419125461484,35613.554001157965,0.24979456218172144,6
sep-ipop-l20-w204,1,112001,6468,1307980,860.47296651204431,,3305.7371439238505,20286.513322083512,0.2546756573943727,6
sep-ipop-l20-w204,1,112001,6534,1392460,860.47296651204431,,271635.04283671244,3589.4436134109619,0.31295130026787998,6
sep-ipop-l20-w204,1,112001,6600,1476940,860.47296651204431,,9798071.9683992527,11328.080898318873,0.19238025896456223,6
sep-ipop-l20-w204,1,112001,6666,1561420,860.47296651204431,,1138124502.2831113,13748.458548499797,0.26443687362964086,6
sep-ipop-l20-w204,1,112001,6715,1624140,860.06246948242188,,12786766371.484301,194527.70563556414,0.21694392510589305,6
sep-ipop-l20-w204,1,112001,6717,1626700,859.88911819458008,,15032006124.294689,200306.97261916343,0.22507356387670613,6
sep-ipop-l20-w204,1,112001,6737,1652300,856.52227147420251,,41431656380.685829,348080.92836305063,0.23601306112625112,6
sep-ipop-l20-w204,1,112001,6756,1676620,853.18340174357093,,107226098001.99066,91185.932632560158,0.10995748753356782,6
sep-ipop-l20-w204,1,112001,6777,1703500,848.39542261759436,,453138530373.79053,15567.804742583696,0.063356234937980968,6
sep-ipop-l20-w204,1,112001,6796,1727820,844.41997909545898,,1238495047894.9744,2832.0842463121662,0.035244212049503121,6
sep-ipop-l20-w204,1,112001,6816,1753420,840.35774612426758,,3230392912000.1211,3287.9398766769355,0.028929732683050349,6
sep-ipop-l20-w204,1,112001,6836,1779020,838.24601109822595,,8444123710124.9531,4477.7519087053206,0.021276535874674578,6
sep-ipop-l20-w204,1,112001,6858,1807180,836.729258219401,,27455275530995.816,5865.8217190452333,0.024256027883566681,6
sep-ipop-l20-w204,1,112001,6875,1828940,835.56947708129883,,75113941476759.109,9332.7678627058849,0.025347642174673151,6
sep-ipop-l20-w204,1,112001,6895,1854540,834.28335698445642,,173205479291593.91,17327.400437838383,0.018339012077931351,6
sep-ipop-l20-w204,1,112001,6916,1881420,833.70353698730469,,441916549703188.19,31691.001431198012,0.018030744881707354,6
sep-ipop-l20-w204,1,112001,6936,1907020,832.98925145467126,,1469613496221673.8,49704.248023007342,0.023137885120453106,6
sep-ipop-l20-w204,1,112001,6961,1939020,832.47643534342444,,3893816092645065.5,41869.706258437298,0.015586912368825433,6
sep-ipop-l20-w204,1,112001,6976,1958220,832.05199940999353,,5395937645339309,37924.453382490217,0.011237817267798898,6
sep-ipop-l20-w204,1,112001,6994,1981260,831.79045232137048,,7445470054922929,92534.120880289367,0.0091141001332888851,6
sep-ipop-l20-w204,1,112001,7017,2010700,831.53706105550134,,13269800183869598,282552.88930472016,0.006031199227443107,6
sep-ipop-l20-w204,1,112001,7036,2035020,831.41819636027014,,22369667483184916,578519.7721452876,0.0053947729625870786,6
sep-ipop-l20-w204,1,112001,7054,2058060,831.29611587524414,,39314626988080120,1093677.1080634936,0.0052877478367346275,6
sep-ipop-l20-w204,1,112001,7076,2086220,831.23319625854492,,56824063513936280,2399410.4337319038,0.0039061061659391261,6
sep-ipop-l20-w204,1,112001,7098,2114380,831.18764877319336,,83582758925580768,16443836.686780589,0.003620187218810883,6
sep-ipop-l20-w204,1,112001,7116,2137420,831.16523615519202,,1.4079032859596197e+17,50498512.327347286,0.0040272443120780337,6
sep-ipop-l20-w204,1,112001,7135,2161740,831.15700785319007,,2.1840535326028947e+17,149189908.81018925,0.0043336298613512519,6
sep-ipop-l20-w204,1,112001,7169,2205260,831.13786315917969,,5.3175087783055014e+17,109870414.5041417,0.0035783700449597078,6
sep-ipop-l20-w204,1,112001,7185,2225740,831.13672256469727,,6.4218318083310771e+17,166311181.31837916,0.002893209114443602,6
sep-ipop-l20-w204,1,112001,7194,2237260,831.13672256469727,,6.590154831403223e+17,206070754.87621087,0.0028096844394366895,6
sep-ipop-l20-w204,1,112001,7260,2321740,831.13672256469727,,1.1339342803012753e+18,164058465.95965329,0.0022518949169803254,6
sep-ipop-l20-w204,1,112001,7326,2406220,831.13672256469727,,1.2535153673875505e+18,98929169.833968073,0.0015183533029033613,6
sep-ipop-l20-w204,1,112001,7392,2494540,831.13672256469727,,0.54215735772515061,4.6865119690347186,0.84641412516094738,7
sep-ipop-l20-w204,1,112001,7458,2663500,831.13672256469727,,8.0040723060011079,294.11090051778859,0.30177245626730537,7
sep-ipop-l20-w204,1,112001,7524,2832460,831.13672256469727,,124.41907097055628,1925.6756325120273,0.27877394185992366,7
sep-ipop-l20-w204,1,112001,7590,3001420,831.13672256469727,,6930.8022742921521,12416.501697969336,0.26754647447381891,7
sep-ipop-l20-w204,1,112001,7656,3170380,831.13672256469727,,234559.26343658147,52624.468425593535,0.27257961338231829,7
sep-ipop-l20-w204,1,112001,7722,3339340,831.13672256469727,,14718625.649363922,93863.775522063195,0.23520648895700855,7
sep-ipop-l20-w204,1,112001,7788,3508300,831.13672256469727,,1278343439.3040755,31976.854346941051,0.24663337114918762,7
sep-ipop-l20-w204,1,112001,7854,3677260,831.13672256469727,,82518462429.997833,2306.5006638229256,0.051718395023091043,7
sep-ipop-l20-w204,1,112001,7920,3846220,831.13672256469727,,13537694318978.309,7335.0483225901444,0.045553361628613502,7
sep-ipop-l20-w204,1,112001,7986,4015180,831.13672256469727,,1825714576434044,10974.767759355791,0.034524091415032911,7
sep-ipop-l20-w204,1,112001,8052,4184140,831.13672256469727,,3.4015655114905184e+17,10209.487355627249,0.037422343847626841,7
sep-ipop-l20-w204,1,112001,8118,4353100,831.13672256469727,,3.1376175630917411e+19,9244.1824672561925,0.027496371309361552,7
sep-ipop-l20-w204,1,112001,8184,4522060,831.13672256469727,,1.6072577215735307e+21,10640.246245705574,0.020214472913043794,7
sep-ipop-l20-w204,1,112001,8250,4691020,831.13672256469727,,4.1051799974732081e+22,4836.8188232930643,0.012929096712485039,7
sep-ipop-l20-w204,1,112001,8316,4859980,831.13672256469727,,2.6709530102676828e+24,5061.4270559020415,0.014089995814259125,7
sep-ipop-l20-w204,1,112001,8382,5028940,831.13672256469727,,1.5356258363210404e+26,7026.7625231160846,0.012235565995140557,7
sep-ipop-l20-w204,1,112001,8448,5197900,831.13672256469727,,2.404668026991257e+27,102891.880620866,0.01121031037903648,7
sep-ipop-l20-w204,1,112001,8514,5366860,831.13672256469727,,1.1311531345066819e+28,246184.82121986939,0.0055214101589818286,7
sep-ipop-l20-w204,1,112001,8580,5535820,831.13672256469727,,5.0370899685736207e+28,2327610.7181080179,0.0056314086386108535,7
sep-ipop-l20-w204,1,112001,8646,5704780,831.13672256469727,,1.5589942345988358e+30,2480830.8448096011,0.0059691190739295545,7
sep-ipop-l20-w204,1,112001,8712,5873740,831.13672256469727,,4.9201888855114067e+31,17663135.298071679,0.0067059800383445656,7
sep-ipop-l20-w204,1,112001,8778,6042700,831.13672256469727,,2.4393104728015318e+33,11457402.758073183,0.006637512951001923,7
sep-ipop-l20-w204,1,112001,8844,6211660,831.13672256469727,,9.7786875530370288e+34,16943941.178098556,0.0060150270547324634,7
sep-ipop-l20-w204,1,112001,8910,6380620,831.13672256469727,,3.610879584287248e+36,15300238.432569522,0.006001323807120677,7
sep-ipop-l20-w816,1,112001,1,20,34324.750593821205,,0.27208292234936909,1.0439724407781967,0.26787882083721964,0
sep-ipop-l20-w816,1,112001,255,5100,1079.0371144612629,,0.019219064985616222,227.52391134078471,0.031869576461172777,0
sep-ipop-l20-w816,1,112001,1320,26400,951.29561869303382,,0.00019162602228804898,383042.57809021778,0.00022944472882846401,0
sep-ipop-l20-w816,1,112001,2178,53360,951.29455184936523,,0.067032082686892161,1616.563199379174,0.028104703756554099,1
sep-ipop-l20-w816,1,112001,2772,77120,951.29455184936523,,0.0038301136672810564,34122082.407619372,0.0018554338841454744,1
sep-ipop-l20-w816,1,112001,3432,106720,951.29455184936523,,0.15396370305460699,128.16707826365334,0.16750593572228648,2
sep-ipop-l20-w816,1,112001,3696,127840,951.29455184936523,,0.4519443677862871,38032.761626832194,0.089268511673036066,2
sep-ipop-l20-w816,1,112001,4026,154240,951.29455184936523,,0.35430961673785016,1520981.3162025693,0.0061063138121045619,2
sep-ipop-l20-w816,1,112001,4356,180640,951.29455184936523,,0.45590129665433499,19156518.524386063,0.00096561680300840866,2
sep-ipop-l20-w816,1,112001,4686,213120,951.29455184936523,,0.32837276389995174,2242.7407965194484,0.17283192338020981,3
sep-ipop-l20-w816,1,112001,4818,234240,951.29455184936523,,2.5462703721525832,60092.964405882172,0.23077052069298098,3
sep-ipop-l20-w816,1,112001,4950,255360,951.29455184936523,,100.82911686197345,2068.1439561899119,0.12291304994051717,3
sep-ipop-l20-w816,1,112001,5148,287040,951.29455184936523,,32860.809259435751,2851.8444991449387,0.14109677121696995,3
sep-ipop-l20-w816,1,112001,5263,305440,939.81816355387366,,200772.27889825526,1074.7205329703806,0.021091178132591197,3
sep-ipop-l20-w816,1,112001,5425,331360,934.79217147827148,,268287.19422149088,538840.09916370001,0.0078539656072286034,3
sep-ipop-l20-w816,1,112001,5582,356480,934.63708368937171,,178106.45310090896,277744328.63793761,0.0022572359961279512,3
sep-ipop-l20-w816,1,112001,5742,390720,934.56848653157556,,1.5839742373185051,467.84083825801588,0.25269248754961632,4
sep-ipop-l20-w816,1,112001,5808,411840,934.56848653157556,,9.5148033901296234,21926.928500397524,0.22717768030899296,4
sep-ipop-l20-w816,1,112001,5874,432960,934.56848653157556,,420.85541170914075,52525.68896085005,0.25837864669899663,4
sep-ipop-l20-w816,1,112001,6006,475200,934.56848653157556,,449766.65702293522,49827.987330196767,0.22632426040394979,4
sep-ipop-l20-w816,1,112001,6072,496320,934.56848653157556,,8919595.7851315327,18362.719839651629,0.10405199007488894,4
sep-ipop-l20-w816,1,112001,6138,517440,934.56848653157556,,247481705.59092221,3484.9445727112889,0.053610156442745388,4
sep-ipop-l20-w816,1,112001,6204,538560,934.56848653157556,,2592437472.0423355,8484.0360436635619,0.024349988425375734,4
sep-ipop-l20-w816,1,112001,6270,559680,934.56848653157556,,3224644409.1145864,290184.41280100023,0.013962268703858709,4
sep-ipop-l20-w816,1,112001,6402,601920,934.56848653157556,,15673470891.801659,79694215.222389698,0.0044920201688136438,4
sep-ipop-l20-w816,1,112001,6468,623040,934.56848653157556,,26110796458.659058,1911664654.7070141,0.0024057809372598237,4
sep-ipop-l20-w816,1,112001,6534,644160,934.56848653157556,,33577377954.073513,21175184642.672546,0.0034135371644828283,4
sep-ipop-l20-w816,1,112001,6600,679040,934.56848653157556,,2.0695178728289871,458.22496739339607,0.29870635178735716,5
sep-ipop-l20-w816,1,112001,6666,721280,934.56848653157556,,25.249923758688034,2234.2737320218921,0.28946484842581521,5
sep-ipop-l20-w816,1,112001,6732,763520,934.56848653157556,,427.47358035513042,12017.115785639508,0.23820584311780094,5
sep-ipop-l20-w816,1,112001,6772,789120,932.64831670125329,,2744.924642265994,68394.046294955522,0.22087311678231575,5
sep-ipop-l20-w816,1,112001,6810,813440,888.40831756591797,,22846.994006745554,198566.83890492265,0.26544689206371397,5
sep-ipop-l20-w816,1,112001,6849,838400,873.30851364135742,,136840.83414153874,1231996.6933173526,0.24577913155117259,5
sep-ipop-l20-w816,1,112001,6891,865280,843.16774749755859,,2001487.4700632533,21846.418031667323,0.056335291299394505,5
sep-ipop-l20-w816,1,112001,6929,889600,832.87556330362952,,11110668.28903327,10686.801697223615,0.024393791371128543,5
sep-ipop-l20-w816,1,112001,6968,914560,829.43400573730469,,34181297.057008386,18838.058485789461,0.017315649786692984,5
sep-ipop-l20-w816,1,112001,7008,940160,826.77492650349939,,117824527.10054058,82918.405581323837,0.010002483714694376,5
sep-ipop-l20-w816,1,112001,7048,965760,825.7008056640625,,625453352.14477897,106301.8829411528,0.0070778688831223974,5
sep-ipop-l20-w816,1,112001,7087,990720,824.48308944702148,,5011667263.6903505,117712.42039862426,0.0069296281285477117,5
sep-ipop-l20-w816,1,112001,7128,1016960,823.91432189941406,,12673678876.092447,621854.54182670184,0.0046655169726933596,5
sep-ipop-l20-w816,1,112001,7167,1041920,823.74430592854821,,16725439360.136168,2207752.9783392735,0.0037035146641233741,5
sep-ipop-l20-w816,1,112001,7207,1067520,823.67688624064124,,35295291297.223137,14425249.92614175,0.0042017264463836638,5
sep-ipop-l20-w816,1,112001,7259,1100800,823.61054356892907,,204522329215.56052,186038460.10164768,0.0049013973137294218,5
sep-ipop-l20-w816,1,112001,7289,1120000,823.6050923665365,,266880350519.68555,271823156.58538342,0.00341242936474758,5
sep-ipop-l20-w816,1,112001,7326,1143680,823.603993733724,,379450849621.94946,408451981.15400064,0.0039757300483099075,5
sep-ipop-l20-w816,1,112001,7392,1185920,823.60364532470703,,833539167091.62585,944400846.20470798,0.0029298422936879396,5
sep-ipop-l20-w816,1,112001,7458,1228160,823.60364532470703,,802828022499.6012,1802880885.8561881,0.0027159632081872895,5
sep-ipop-l20-w816,1,112001,7524,1270400,823.60364532470703,,1258780448346.9504,1952593358.2605605,0.0022387152717777176,5
sep-ipop-l20-w816,1,112001,7590,1321600,823.60364532470703,,0.82554723770855454,9.4955224932629996,0.53403779090226933,6
sep-ipop-l20-w816,1,112001,7656,1406080,823.60364532470703,,8.783067034042908,5145.333129103471,0.2727763863458903,6
sep-ipop-l20-w816,1,112001,7722,1490560,823.60364532470703,,170.21758369717418,5099.2798167207402,0.25680076318039285,6
sep-ipop-l20-w816,1,112001,7788,1575040,823.60364532470703,,16658.96308925944,2638.5193526485991,0.2656743833592437,6
sep-ipop-l20-w816,1,112001,7854,1659520,823.60364532470703,,377290.55994221679,62554.27463853042,0.16438614344962593,6
sep-ipop-l20-w816,1,112001,7920,1744000,823.60364532470703,,6387651.5538517069,70607.332880479706,0.050138929702184976,6
sep-ipop-l20-w816,1,112001,7986,1828480,823.60364532470703,,34561063.28393127,1163393.3654460944,0.043939203578572159,6
sep-ipop-l20-w816,1,112001,8052,1912960,823.60364532470703,,92814324.910516709,67495920.363431484,0.038380917983778857,6
sep-ipop-l20-w816,1,112001,8118,1997440,823.60364532470703,,342475199.11452746,1366265273.8454094,0.045516187332651198,6
sep-ipop-l20-w816,1,112001,8184,2081920,823.60364532470703,,1567605570.4918573,14884934584.762726,0.04369147055316383,6
sep-ipop-l20-w816,1,112001,8250,2166400,823.60364532470703,,2342728511.9874864,78844627979.919754,0.034275114001748513,6
sep-ipop-l20-w816,1,112001,8316,2250880,823.60364532470703,,2167682883.8735013,1620457471684.7861,0.031602015832533234,6
sep-ipop-l20-w816,1,112001,8382,2335360,823.60364532470703,,1929809954.2397506,2263721578913.0923,0.031273856259158794,6
sep-ipop-l20-w816,1,112001,8448,2487680,823.60364532470703,,4.5105013984844158,169.53996919839341,0.3202838460193741,7
sep-ipop-l20-w816,1,112001,8514,2656640,823.60364532470703,,66.442780454870586,1840.0357322299628,0.24639207303176125,7
sep-ipop-l20-w816,1,112001,8580,2825600,823.60364532470703,,2776.4618551208928,1748.9650984391546,0.28399630727515091,7
sep-ipop-l20-w816,1,112001,8646,2994560,823.60364532470703,,174652.81646625148,65725.581719088106,0.26819863519084108,7
sep-ipop-l20-w816,1,112001,8712,3163520,823.60364532470703,,11109319.054605411,129115.28700918172,0.15286262895832367,7
sep-ipop-l20-w816,1,112001,8778,3332480,823.60364532470703,,321114141.21594113,34670.660663469804,0.023578945335788509,7
sep-ipop-l20-w816,1,112001,8844,3501440,823.60364532470703,,3429275266.3179717,25119.230223941686,0.015783742298916208,7
sep-ipop-l20-w816,1,112001,8910,3670400,823.60364532470703,,16606911521.508215,42643.322479710558,0.015834587954558357,7
sep-ipop-l20-w816,1,112001,8976,3839360,823.60364532470703,,77473190738.95192,48432.432529485297,0.0065195157254512815,7
sep-ipop-l20-w816,1,112001,9042,4008320,823.60364532470703,,97724696362.249039,702994.46445645427,0.0046853020581857042,7
sep-ipop-l20-w816,1,112001,9108,4177280,823.60364532470703,,210651685843.6893,30252569.074910056,0.0060365350239051192,7
sep-ipop-l20-w816,1,112001,9174,4346240,823.60364532470703,,3963381249440.8174,226247195.36196423,0.007746958690868869,7
sep-ipop-l20-w816,1,112001,9240,4515200,823.60364532470703,,61820664920324.977,321417375.86090159,0.0083745244808984456,7
sep-ipop-l20-w816,1,112001,9306,4684160,823.60364532470703,,511552436102141.56,664776181.04155719,0.0083358709974733301,7
sep-ipop-l20-w816,1,112001,9372,4853120,823.60364532470703,,1163880531989563,7472108164.9175816,0.0054014416749684196,7
sep-ipop-l20-w816,1,112001,9438,5022080,823.60364532470703,,1110659739983594.9,7304224272.724246,0.0048699256525664468,7
sep-ipop-l20-w816,1,112001,9504,5191040,823.60364532470703,,1059128302787841.6,5587595269.4909458,0.0042866485152565845,7
sep-ipop-l20-w816,1,112001,9570,5360000,823.60364532470703,,1133523394905553.8,8355070987.0860529,0.005083281551414476,7
sep-ipop-l20-w816,1,112001,9636,5528960,823.60364532470703,,1136719880629169,3795638923.9727807,0.0032554602065435071,7
sep-ipop-l20-w816,1,112001,9702,5697920,823.60364532470703,,1455915554664386,3658103487.7385244,0.0042270390041150114,7
sep-ipop-l20-w816,1,112001,9768,5866880,823.60364532470703,,1371848509998523,4130029617.6714654,0.0037720790613364405,7
sep-ipop-l20-w816,1,112001,9834,6035840,823.60364532470703,,1202929390640796.8,3957950961.207058,0.0035227223863925098,7
sep-ipop-l20-w816,1,112001,9900,6307200,823.60364532470703,,1.844443947741925,17.259743249035207,0.42726383164602272,8
sep-ipop-l20-w204-min01,1,112001,1,20,34324.750593821205,,0.27208292234936909,1.0439724407781967,0.26787882083721964,0
sep-ipop-l20-w204-min01,1,112001,255,5100,1079.0371144612629,,0.019219064985616222,227.52391134078471,0.031869576461172777,0
sep-ipop-l20-w204-min01,1,112001,1320,27440,951.29890314737952,,0.11087821929743272,16.334625200181655,0.13145593141031348,1
sep-ipop-l20-w204-min01,1,112001,1914,51200,951.29890314737952,,0.20567012864354389,1814.060753043909,0.052347819364479992,1
sep-ipop-l20-w204-min01,1,112001,2574,79000,937.70874786376953,,0.25757181954057196,5.3325437686249906,0.23265193215801672,2
sep-ipop-l20-w204-min01,1,112001,2904,105400,937.70874786376953,,0.44214031858740027,2158.3595227683945,0.057441698820859942,2
sep-ipop-l20-w204-min01,1,112001,3234,131800,937.70874786376953,,0.10780844584313615,4133031.6073060599,0.0086648720856552543,2
sep-ipop-l20-w204-min01,1,112001,3498,159240,937.70874786376953,,0.39359385699685412,327.96116003813313,0.16054582319647623,3
sep-ipop-l20-w204-min01,1,112001,3630,180360,937.70874786376953,,2.9889363457931193,12561.583232872057,0.17246951890569853,3
sep-ipop-l20-w204-min01,1,112001,3816,210120,937.49857457478845,,80.291397099001799,8559.1464114157043,0.016270897633324788,3
sep-ipop-l20-w204-min01,1,112001,3933,228840,931.55367406209314,,298.6515060329944,13755.989754401613,0.011127433072802874,3
sep-ipop-l20-w204-min01,1,112001,4092,254280,928.04188537597656,,3123.9444113334084,1090327.6137582972,0.005362713909997617,3
sep-ipop-l20-w204-min01,1,112001,4249,279400,927.55052312215173,,12136.85427003744,22431591.32869285,0.0051112975754137122,3
sep-ipop-l20-w204-min01,1,112001,4422,307080,927.47652689615882,,11619.890491449147,543956325.07201838,0.0019761515140769791,3
sep-ipop-l20-w204-min01,1,112001,4554,342440,927.47652689615882,,4.3596246893717678,8954.9604687955834,0.23583783447942702,4
sep-ipop-l20-w204-min01,1,112001,4620,363560,927.47652689615882,,89.338694225475408,3068.2119949868438,0.22112148244523561,4
sep-ipop-l20-w204-min01,1,112001,4686,384680,927.47652689615882,,2041.3070947459125,17101.482118303418,0.21291238342048011,4
sep-ipop-l20-w204-min01,1,112001,4755,406760,916.82190577189124,,58242.662173180863,6944.951904189189,0.079857300631251737,4
sep-ipop-l20-w204-min01,1,112001,4835,432360,877.92018508911133,,1681005.8062878863,5923.0895623020715,0.037420267343103608,4
sep-ipop-l20-w204-min01,1,112001,4913,457320,846.99972407023108,,142457297.87159058,10370.355490928385,0.049215798802569981,4
sep-ipop-l20-w204-min01,1,112001,4993,482920,840.53516133626306,,650337508.93305039,40391.420635265546,0.012089637321315896,4
sep-ipop-l20-w204-min01,1,112001,5072,508200,837.85946019490564,,34301262545.455502,422667.66392111121,0.019176892560818497,4
sep-ipop-l20-w204-min01,1,112001,5158,535720,837.17513402303064,,72590319992.183823,3971110.0199628416,0.0039360083971423298,4
sep-ipop-l20-w204-min01,1,112001,5233,559720,837.08542887369788,,172666129907.25516,401631661.66024494,0.0043044326899186972,4
sep-ipop-l20-w204-min01,1,112001,5346,595880,837.07606252034509,,641723415028.73047,3539140622.9112048,0.0033825468527167199,4
sep-ipop-l20-w204-min01,1,112001,5412,617000,837.07606252034509,,878663838079.28149,6529310394.4731836,0.0035935420734758516,4
sep-ipop-l20-w204-min01,1,112001,5478,658280,837.07606252034509,,3.7486480397898871,1114.4738961206813,0.25276981914046587,5
sep-ipop-l20-w204-min01,1,112001,5544,700520,837.07606252034509,,36.486811588720592,32542.249657273926,0.26069624966485988,5
sep-ipop-l20-w204-min01,1,112001,5610,742760,837.07606252034509,,3000.9593380203542,10407.732503697927,0.30231326657689883,5
sep-ipop-l20-w204-min01,1,112001,5676,785000,837.07606252034509,,78640.919050051409,25878.60033008951,0.24146160371069597,5
sep-ipop-l20-w204-min01,1,112001,5742,827240,837.07606252034509,,1091451.8116749502,123043.56395765548,0.21425366903172141,5
sep-ipop-l20-w204-min01,1,112001,5808,869480,837.07606252034509,,15842588.680067262,2479639.694505583,0.21628553658663852,5
sep-ipop-l20-w204-min01,1,112001,5874,911720,837.07606252034509,,237164064.37772682,1006198.28512176,0.21993518038396567,5
sep-ipop-l20-w204-min01,1,112001,5940,953960,837.07606252034509,,3043834050.7591119,376993.49791911879,0.12534020809581575,5
sep-ipop-l20-w204-min01,1,112001,6006,996200,837.07606252034509,,52258294846.072083,111476.13904360024,0.053358519443395855,5
sep-ipop-l20-w204-min01,1,112001,6072,1038440,837.07606252034509,,1785213633067.4172,1788071.1185410134,0.053718830047974862,5
sep-ipop-l20-w204-min01,1,112001,6138,1080680,837.07606252034509,,10938811682073.262,4661823.1355110137,0.01416642769714333,5
sep-ipop-l20-w204-min01,1,112001,6204,1122920,837.07606252034509,,31472894228157.414,84171557.455371469,0.013727218753359006,5
sep-ipop-l20-w204-min01,1,112001,6270,1165160,837.07606252034509,,79645635758542.328,2790210738.9111638,0.01251790345721894,5
sep-ipop-l20-w204-min01,1,112001,6336,1207400,837.07606252034509,,126231550198413.8,1695643203.1916478,0.0098430964903809051,5
sep-ipop-l20-w204-min01,1,112001,6402,1249640,837.07606252034509,,162263156949062.41,5720323179.2752018,0.010271362725383862,5
sep-ipop-l20-w204-min01,1,112001,6468,1304040,837.07606252034509,,1.0388317498576076,10.899697124192949,0.5125351233665737,6
sep-ipop-l20-w204-min01,1,112001,6534,1388520,837.07606252034509,,12.165712253345459,1552.4839955087268,0.28636240932018253,6
sep-ipop-l20-w204-min01,1,112001,6600,1473000,837.07606252034509,,186.50342505489726,3002.8127190821569,0.2632529651589044,6
sep-ipop-l20-w204-min01,1,112001,6666,1557480,837.07606252034509,,7773.0867960467549,3727.9855563820342,0.1656378644318619,6
sep-ipop-l20-w204-min01,1,112001,6732,1641960,837.07606252034509,,269746.941363347,6241.9059137979402,0.066536837984874586,6
sep-ipop-l20-w204-min01,1,112001,6798,1726440,837.07606252034509,,10927290.3635392,3961.2979513959913,0.033672231078647405,6
sep-ipop-l20-w204-min01,1,112001,6864,1810920,837.07606252034509,,146638477.38004616,26085.622569222647,0.01570050008392462,6
sep-ipop-l20-w204-min01,1,112001,6930,1895400,837.07606252034509,,385516812.07160741,477397.18008049368,0.004943954772346589,6
sep-ipop-l20-w204-min01,1,112001,6996,1979880,837.07606252034509,,1088174527.3283365,15881507.254773874,0.0056045996462600759,6
sep-ipop-l20-w204-min01,1,112001,7062,2064360,837.07606252034509,,3289846720.8158092,618315899.12358522,0.0045423542930409615,6
sep-ipop-l20-w204-min01,1,112001,7128,2148840,837.07606252034509,,12208675600.600191,1357979098.3304749,0.0047379692672830436,6
sep-ipop-l20-w204-min01,1,112001,7194,2233320,837.07606252034509,,31688705686.997555,1187763323.3126853,0.0040058534137013954,6
sep-ipop-l20-w204-min01,1,112001,7260,2317800,837.07606252034509,,26800941197.419708,1357956423.0783861,0.0025105978327432665,6
sep-ipop-l20-w204-min01,1,112001,7326,2477800,837.07606252034509,,4.8737914366339332,443.22760533218963,0.30155792463359138,7
sep-ipop-l20-w204-min01,1,112001,7392,2646760,837.07606252034509,,89.648816396620305,3791.0003408465914,0.27048572171329111,7
sep-ipop-l20-w204-min01,1,112001,7458,2815720,837.07606252034509,,4875.8035280799832,1304.6760772062507,0.29242511052222697,7
sep-ipop-l20-w204-min01,1,112001,7524,2984680,837.07606252034509,,164016.61783850973,133203.50447940681,0.26409149750047017,7
sep-ipop-l20-w204-min01,1,112001,7590,3153640,837.07606252034509,,8939973.0021959208,45799.762491651731,0.12700275705195549,7
sep-ipop-l20-w204-min01,1,112001,7656,3322600,837.07606252034509,,626704912.87134635,15241.157628559402,0.035278700618620935,7
sep-ipop-l20-w204-min01,1,112001,7722,3491560,837.07606252034509,,7802186853.0981665,14300.124823671596,0.013963291298087934,7
sep-ipop-l20-w204-min01,1,112001,7788,3660520,837.07606252034509,,89720303685.601349,66601.056695717503,0.011306586786132498,7
sep-ipop-l20-w204-min01,1,112001,7854,3829480,837.07606252034509,,820313068453.75659,1979318.325297771,0.0079895326402292868,7
sep-ipop-l20-w204-min01,1,112001,7920,3998440,837.07606252034509,,5453773916689.2441,5698252.6884329077,0.0063064592038156392,7
sep-ipop-l20-w204-min01,1,112001,7986,4167400,837.07606252034509,,24149747820317.73,20084024.413385708,0.006950707146460359,7
sep-ipop-l20-w204-min01,1,112001,8052,4336360,837.07606252034509,,59150948872324.727,1308611349.3608179,0.0060993097330742201,7
sep-ipop-l20-w204-min01,1,112001,8118,4505320,837.07606252034509,,168797851951727.34,1548344687.5612078,0.0056049406482709743,7
sep-ipop-l20-w204-min01,1,112001,8184,4674280,837.07606252034509,,194987570735561,4726063749.7001162,0.0049482965665062243,7
sep-ipop-l20-w204-min01,1,112001,8250,4843240,837.07606252034509,,162450824523574.94,3011939585.9485936,0.0041048047477024669,7
sep-ipop-l20-w204-min01,1,112001,8316,5168360,837.07606252034509,,5.6811055624561924,75.261726808090131,0.33269006544480184,8
sep-ipop-l20-w204-min01,1,112001,8382,5506280,837.07606252034509,,100.76109161760493,1066.5714694960575,0.27716072287379323,8
sep-ipop-l20-w204-min01,1,112001,8448,5844200,837.07606252034509,,5956.1856831722844,4901.1405071998097,0.28055204715279602,8
sep-ipop-l20-w204-min01,1,112001,8514,6182120,837.07606252034509,,568086.71520327579,1934.158223406788,0.16917631518317919,8
sep-ipop,1,112001,1,1024,10247.735514322916,,0.2878285000245967,8.9618481771900331,0.12112846104187729,0
sep-ipop,1,112001,5,5120,1980.7073949178059,,0.83968165312692244,61.745551701577227,0.84898245906165648,0
sep-ipop,1,112001,10,10240,1699.922945658366,,1.3135115734913563,117.51933889789076,1.3416126012359908,0
sep-ipop,1,112001,20,20480,1699.922945658366,,2.1691942060879925,7.3430095158370348,0.34608869578346751,0
sep-ipop,1,112001,25,25600,1659.4338518778484,,2.6114861787491352,7.963954199618299,0.29924971807767864,0
sep-ipop,1,112001,40,40960,1540.2509956359863,,3.9577528046855472,75.382342514799149,0.2460746280688737,0
sep-ipop,1,112001,50,51200,1450.6141217549641,,8.0409879838403366,117.73453193651788,0.31758672320509945,0
sep-ipop,1,112001,75,76800,1389.7838973999023,,17.05090184763333,1512.4705874469457,0.25489712349494675,0
sep-ipop,1,112001,80,81920,1375.9050610860188,,18.968738226454249,2600.7911754748848,0.23786530678966342,0
sep-ipop,1,112001,100,102400,1355.4945869445801,,39.006155907488562,8923.7936672857813,0.237988478649789,0
sep-ipop,1,112001,125,128000,1333.2313245137532,,88.459374617962851,10922.820241842946,0.23718857638832855,0
sep-ipop,1,112001,149,152576,1315.8101348876953,,258.81833701786763,20661.925868426642,0.23429141443242421,0
sep-ipop,1,112001,160,163840,1310.1478385925293,,342.06120766942661,37668.899455356317,0.21738332845306932,0
sep-ipop,1,112001,174,178176,1303.8245900472004,,579.08361559108255,32960.159034329234,0.21954351578873502,0
sep-ipop,1,112001,199,203776,1295.4896036783855,,1970.9311301759997,29703.698526566477,0.23553833410985453,0
sep-ipop,1,112001,224,229376,1291.0979626973469,,5328.4018031672249,147922.42357868204,0.22875436573368069,0
sep-ipop,1,112001,249,254976,1286.2251040140789,,14713.092369969761,107453.88386766508,0.24606371207237876,0
sep-ipop,1,112001,255,261120,1283.5599403381348,,22462.87191577852,69985.760856672845,0.26966038801012537,0
sep-ipop,1,112001,273,279552,1270.1923777262371,,118457.11357595939,14969.172710997631,0.28656650146140539,0
sep-ipop,1,112001,298,305152,1190.8501052856445,,1192454.7661727804,3055.8172643195126,0.26645764161968877,0
sep-ipop,1,112001,323,330752,1135.1259892781575,,5162858.5413161945,9045.9421804469093,0.25948778181271392,0
sep-ipop,1,112001,348,356352,1103.580847422282,,15734414.726343693,18978.22019863682,0.24083134637611325,0
sep-ipop,1,112001,373,381952,1069.3125826517742,,64802299.659248739,37505.169655556092,0.22749012186152856,0
sep-ipop,1,112001,397,406528,1048.4277483622234,,255794596.37853664,38583.844625987658,0.23844778883951093,0
sep-ipop,1,112001,422,432128,1013.9436620076498,,1088105371.1855977,39695.260304603187,0.21741201422766396,0
sep-ipop,1,112001,447,457728,966.40083567301429,,8515040660.509408,4163.7674780220923,0.12071571434746745,0
sep-ipop,1,112001,472,483328,931.20344543457031,,33171712701.914234,3794.9193694646024,0.086170499392248093,0
sep-ipop,1,112001,497,508928,906.90628560384118,,149148235545.34027,5093.401235738882,0.079226164207979899,0
sep-ipop,1,112001,521,533504,893.64997990926111,,758318456289.95471,5352.9079499008894,0.07377640275919356,0
sep-ipop,1,112001,546,559104,870.47355779012048,,5419692916561.9678,3959.5221977196429,0.062545646424463711,0
sep-ipop,1,112001,571,584704,860.78743871053064,,21408241459551.098,5792.368910236838,0.039348457648814443,0
sep-ipop,1,112001,596,610304,855.70399602254236,,114352931765980.28,8439.2704800139418,0.038394038416176939,0
sep-ipop,1,112001,621,635904,851.75889587402344,,492501192810487,4554.4958591169261,0.034156546658961125,0
sep-ipop,1,112001,645,660480,848.18448511759436,,917758600258694.62,6586.6065205673858,0.022134666698421356,0
sep-ipop,1,112001,670,686080,847.12585703531897,,1832468827208223.5,21335.596327578107,0.017014023858413441,0
sep-ipop,1,112001,695,711680,846.22803497314453,,4153756871391401,83737.590904414305,0.015293923532446787,0
sep-ipop,1,112001,720,737280,845.70058822631836,,6597485507030438,104615.71503521297,0.0091049201292387628,0
sep-ipop,1,112001,745,762880,845.45734914143884,,8048219031085772,806535.75195109576,0.0069047237759639552,0
sep-ipop,1,112001,769,787456,845.37891896565759,,14869468134985456,2993732.0890185307,0.0072894173235212838,0
sep-ipop,1,112001,794,813056,845.30582427978516,,28475686673305024,28815136.508785401,0.0075886269086754537,0
sep-ipop,1,112001,819,838656,845.10057195027673,,50427476023391008,27687903.533279896,0.0051880955274472727,0
sep-ipop,1,112001,844,864256,845.08096949259436,,81146987334779072,25403760.294958115,0.0048176625498409084,0
sep-ipop,1,112001,869,889856,845.08096949259436,,1.1562168999162197e+17,1203358689.9157324,0.004875454137643509,0
sep-ipop,1,112001,893,914432,845.08096949259436,,1.7935625310915504e+17,1951778895.493814,0.0036013908555680776,0
sep-ipop,1,112001,918,940032,845.01335906982422,,2.3931384630075066e+17,3108812766.919951,0.0027985912654269938,0
sep-ipop,1,112001,943,965632,845.01335906982422,,2.7429423603785078e+17,10801725890.85438,0.0029929025684708771,0
sep-ipop,1,112001,968,991232,845.01335906982422,,2.6673520567715533e+17,9150253757.4376392,0.0022583301587835152,0
sep-ipop,1,112001,993,1016832,845.01335906982422,,2.4455033712064557e+17,25803948226.195621,0.0022201981286083545,0
sep-ipop,1,112001,1017,1041408,845.01335906982422,,2.4861075146024938e+17,16982790367.537388,0.0020066365701840528,0
sep-ipop,1,112001,1031,1068032,845.01335906982422,,0.83901169978997125,25.57542684981216,0.96406289220620944,1
sep-ipop,1,112001,1043,1092608,845.01335906982422,,1.1365675110847162,30.326923671687435,0.51925741913852996,1
sep-ipop,1,112001,1056,1119232,845.01335906982422,,1.5014360162413112,19.957352770933618,0.3704686337416766,1
sep-ipop,1,112001,1068,1143808,845.01335906982422,,2.529178709392145,63.387669397323606,0.32717869049727871,1
sep-ipop,1,112001,1081,1170432,845.01335906982422,,3.9506097517627912,140.13228384797881,0.26740815161023918,1
sep-ipop,1,112001,1093,1195008,845.01335906982422,,5.8175406921846822,990.50433137912614,0.26238906669282241,1
sep-ipop,1,112001,1105,1219584,845.01335906982422,,7.6191830218530301,4571.3484679487001,0.24237175917590872,1
sep-ipop,1,112001,1118,1246208,845.01335906982422,,11.017795854561156,8472.6781271549535,0.2382313419534097,1
sep-ipop,1,112001,1130,1270784,845.01335906982422,,20.192448019967454,10734.748939842559,0.26272583333897176,1
sep-ipop,1,112001,1143,1297408,845.01335906982422,,35.964117950312549,7157.8120755875725,0.27311738036817684,1
sep-ipop,1,112001,1155,1321984,845.01335906982422,,61.028394275444306,9722.3860767582555,0.25218725344654314,1
sep-ipop,1,112001,1167,1346560,845.01335906982422,,110.84634699996413,6815.1383945681291,0.2716397125663918,1
sep-ipop,1,112001,1180,1373184,845.01335906982422,,267.88439140723762,4367.6490760883198,0.30650663881861634,1
sep-ipop,1,112001,1192,1397760,845.01335906982422,,605.94066770804091,3357.0849325719146,0.32691800815143168,1
sep-ipop,1,112001,1205,1424384,845.01335906982422,,1542.8152431428216,2486.284090813424,0.30592140983497462,1
sep-ipop,1,112001,1217,1448960,845.01335906982422,,3375.3163995958344,2768.9387674383756,0.3049715556730086,1
sep-ipop,1,112001,1229,1473536,845.01335906982422,,7258.1238434660336,2630.2113476225086,0.27181933527343577,1
sep-ipop,1,112001,1242,1500160,845.01335906982422,,17011.050600524472,4530.6475044465014,0.30667364317315993,1
sep-ipop,1,112001,1254,1524736,845.01335906982422,,35946.584660816268,5650.0525480417773,0.27718579534337812,1
sep-ipop,1,112001,1267,1551360,845.01335906982422,,75392.577436632128,9925.6262334232379,0.27001093673461096,1
sep-ipop,1,112001,1279,1575936,845.01335906982422,,142685.02052396451,7973.6119726956003,0.22691283719615735,1
sep-ipop,1,112001,1291,1600512,845.01335906982422,,321851.83178614441,5613.7349372415028,0.17933740348213797,1
sep-ipop,1,112001,1304,1627136,845.01335906982422,,910089.1023166799,2727.3082658254234,0.19079471064585271,1
sep-ipop,1,112001,1316,1651712,845.01335906982422,,1515947.1911814548,2787.4856538486674,0.12029779979565762,1
sep-ipop,1,112001,1329,1678336,845.01335906982422,,3028257.6031121421,3325.7985678286645,0.077132879594560513,1
sep-ipop,1,112001,1341,1702912,845.01335906982422,,5268877.8556366609,3692.5136034184452,0.052104696466038353,1
sep-ipop,1,112001,1353,1727488,845.01335906982422,,11227743.079780377,2912.8687324212351,0.043500104021510104,1
sep-ipop,1,112001,1366,1754112,845.01335906982422,,27130578.025461927,3652.4670623933207,0.044670436839708179,1
sep-ipop,1,112001,1378,1778688,845.01335906982422,,64799063.322767317,4122.6461117200797,0.049739869217889171,1
sep-ipop,1,112001,1391,1805312,845.01335906982422,,152503965.8830184,3553.9713535121068,0.045818055601925124,1
sep-ipop,1,112001,1403,1829888,845.01335906982422,,332184181.94949996,3327.5665669458922,0.044107439419780771,1
sep-ipop,1,112001,1415,1854464,845.01335906982422,,750149738.5427599,3921.3277056450302,0.044510025215457542,1
sep-ipop,1,112001,1428,1881088,845.01335906982422,,1846947248.4592047,3714.3457269335709,0.040491072005752492,1
sep-ipop,1,112001,1440,1905664,845.01335906982422,,4041330400.0691342,3057.5590561238687,0.037439860617613396,1
sep-ipop,1,112001,1453,1932288,845.01335906982422,,10088378397.041471,2897.0468795056872,0.034126313069656841,1
sep-ipop,1,112001,1465,1956864,845.01335906982422,,22116172520.662075,2980.8341758864553,0.032151859990117965,1
sep-ipop,1,112001,1477,1981440,845.01335906982422,,47077059685.593353,3697.1235903966071,0.030165584021613363,1
sep-ipop,1,112001,1490,2008064,845.01335906982422,,112894251120.51329,8586.308763129422,0.029323211633918753,1
sep-ipop,1,112001,1502,2032640,845.01335906982422,,260401422518.80051,28569.823035412202,0.030348731709512553,1
sep-ipop,1,112001,1515,2059264,845.01335906982422,,616560328364.74414,35584.597739607751,0.028208622439536264,1
sep-ipop,1,112001,1527,2083840,845.01335906982422,,1385651969557.4761,45070.786971975707,0.028072509020616612,1
sep-ipop,1,112001,1539,2108416,845.01335906982422,,3657678789011.2007,29699.484323807552,0.030785558175901749,1
sep-ipop,1,112001,1552,2135040,845.01335906982422,,10054468890623.898,31306.909012832897,0.033488450641463927,1
sep-ipop,1,112001,1564,2159616,845.01335906982422,,25386207620262.406,31268.028734635362,0.033675003058680153,1
sep-ipop,1,112001,1577,2186240,845.01335906982422,,63918665952840.281,26360.131366201087,0.031215570346269646,1
sep-ipop,1,112001,1589,2210816,845.01335906982422,,156142045858828.12,42145.276116054236,0.033310646918820554,1
sep-ipop,1,112001,1601,2235392,845.01335906982422,,416140063899722.38,33029.861094821354,0.032773877718444047,1
sep-ipop,1,112001,1614,2262016,845.01335906982422,,1324306385625183.5,16202.882984187965,0.036455694892063184,1
sep-ipop,1,112001,1626,2286592,845.01335906982422,,5216322053681504,6342.4693208550907,0.060178415581228072,1
sep-ipop,1,112001,1639,2313216,845.01335906982422,,15353890600461568,1906.4082282612803,0.060710599174853386,1
sep-ipop,1,112001,1651,2337792,845.01335906982422,,27702111711262376,1713.0900259873904,0.039369459226361786,1
sep-ipop,1,112001,1663,2362368,845.01335906982422,,37943126665874008,1975.1075669586758,0.021930887986144679,1
sep-ipop,1,112001,1676,2388992,845.01335906982422,,49770612011269992,21608.192192109938,0.018026923271790063,1
sep-ipop,1,112001,1688,2413568,845.01335906982422,,74765361776667888,53665.039611120439,0.016574392299666126,1
sep-ipop,1,112001,1701,2440192,845.01335906982422,,99213712350708384,59597.456202126159,0.013969914063274788,1
sep-ipop,1,112001,1713,2464768,845.01335906982422,,1.477467098998e+17,55026.815988585877,0.012479942925898383,1
sep-ipop,1,112001,1725,2489344,845.01335906982422,,1.9191198948131005e+17,61936.422170555459,0.011520369886515046,1
sep-ipop,1,112001,1738,2515968,845.01335906982422,,2.557204132122129e+17,69342.831613269329,0.010802899903609949,1
sep-ipop,1,112001,1750,2540544,845.01335906982422,,2.9874657525643059e+17,111210.97429285657,0.0096017010927296007,1
sep-ipop,1,112001,1763,2567168,845.01335906982422,,3.6961171667151302e+17,265087.18544322235,0.010574669898507602,1
sep-ipop,1,112001,1775,2591744,845.01335906982422,,4.1985688177601696e+17,293643.81738439389,0.010224992413463191,1
sep-ipop,1,112001,1787,2616320,845.01335906982422,,5.0184814867546643e+17,636640.39249313809,0.0087641333696109654,1
sep-ipop,1,112001,1800,2642944,845.01335906982422,,6.2336296260195379e+17,1611640.3092665011,0.0082718998572434543,1
sep-ipop,1,112001,1812,2667520,845.01335906982422,,7.4656755388859686e+17,2907562.6128970371,0.0069774054268705076,1
sep-ipop,1,112001,1825,2694144,845.01335906982422,,9.1051672311677133e+17,5980549.7246873602,0.0079791675259011392,1
sep-ipop,1,112001,1837,2718720,845.01335906982422,,1.0697670818857504e+18,20728388.736043382,0.0079044510061429402,1
sep-ipop,1,112001,1849,2743296,845.01335906982422,,1.2899653240747891e+18,34382883.308346123,0.0076217721425047612,1
sep-ipop,1,112001,1862,2769920,845.01335906982422,,1.43052606095137e+18,42842926.201278016,0.0068898751711644951,1
sep-ipop,1,112001,1874,2794496,845.01335906982422,,1.5214094151612603e+18,59754752.226770341,0.0063460274117882231,1
sep-ipop,1,112001,1887,2821120,845.01335906982422,,1.7575751208374779e+18,77548898.15731883,0.0064265574672270603,1
sep-ipop,1,112001,1899,2845696,845.01335906982422,,2.3527375427651174e+18,63710065.351410449,0.0060903589821889939,1
sep-ipop,1,112001,1911,2870272,845.01335906982422,,3.1823890030463391e+18,81196423.558276162,0.0055747286854381248,1
sep-ipop,1,112001,1924,2896896,845.01335906982422,,4.9108734074722601e+18,235114483.10177693,0.0066372422710387598,1
sep-ipop,1,112001,1936,2921472,845.01335906982422,,6.6778594852296018e+18,296171434.0270232,0.0061911428580903715,1
sep-ipop,1,112001,1949,2948096,845.01335906982422,,8.7212819305433436e+18,517500823.92865562,0.0063451058666363956,1
sep-ipop,1,112001,1961,2972672,845.01335906982422,,1.0748179812904995e+19,1744037692.0857768,0.014588531113805685,1
sep-ipop,1,112001,1973,2997248,845.01335906982422,,1.9499754808770757e+19,219521326.15077969,0.0069074010530637154,1
sep-ipop,1,112001,1986,3023872,845.01335906982422,,3.3095825031494566e+19,194701259.51216912,0.0063219737903001203,1
sep-ipop,1,112001,1998,3048448,845.01335906982422,,3.8225707271479083e+19,165141584.569617,0.004322666406308062,1
sep-ipop,1,112001,2011,3075072,845.01335906982422,,3.9986280287161893e+19,244953141.84460574,0.004527419207036228,1
sep-ipop,1,112001,2023,3099648,845.01335906982422,,3.771383574060793e+19,211104073.48245907,0.0039415501361530821,1
sep-ipop,1,112001,2035,3124224,845.01335906982422,,3.730506138205945e+19,405015314.49885756,0.0042983421495272839,1
sep-ipop,1,112001,2048,3150848,845.01335906982422,,3.6502727061424026e+19,252879116.93727326,0.0038974638486436288,1
sep-ipop,1,112001,2060,3175424,845.01335906982422,,3.634048706033082e+19,239213411.93429613,0.0037500830787986906,1
sep-ipop,1,112001,2073,3202048,845.01335906982422,,3.9165830395688108e+19,273890980.3532604,0.0041921880700229106,1
sep-ipop,1,112001,2085,3226624,845.01335906982422,,3.9978231924581548e+19,231834409.39138061,0.0038418270884162378,1
sep-ipop,1,112001,2097,3251200,845.01335906982422,,3.95057610068504e+19,228953427.71526435,0.0035706325033134164,1
sep-ipop,1,112001,2110,3277824,845.01335906982422,,3.7679207919571501e+19,175382188.72628272,0.0031291393782527615,1
sep-ipop,1,112001,2122,3302400,845.01335906982422,,3.6044955603413156e+19,253020125.04602575,0.0033774531026924065,1
sep-ipop,1,112001,2135,3329024,845.01335906982422,,3.4777406017817678e+19,305084863.16206563,0.0029311853504218562,1
sep-ipop,1,112001,2147,3353600,845.01335906982422,,3.3951208969974862e+19,365286048.63224787,0.0031283361240866192,1
sep-ipop,1,112001,2159,3380224,845.01335906982422,,0.39595670388258619,1.4757591393790563,0.43924677412209434,2
sep-ipop,1,112001,2165,3404800,845.01335906982422,,0.83053871605685636,8.3104350381987633,0.92973109757784378,2
sep-ipop,1,112001,2171,3429376,845.01335906982422,,1.0400760713186665,14.541607378482507,0.87362272569519317,2
sep-ipop,1,112001,2178,3458048,845.01335906982422,,1.2692486454023868,15.670873672376603,0.67276372548112762,2
sep-ipop,1,112001,2184,3482624,845.01335906982422,,1.3544540076955385,17.190802791664421,0.47805788621369832,2
sep-ipop,1,112001,2190,3507200,845.01335906982422,,1.6011206486455627,13.884087077451435,0.39560309797491777,2
sep-ipop,1,112001,2196,3531776,845.01335906982422,,1.9462734979178626,15.307266760263479,0.36901724801277441,2
sep-ipop,1,112001,2202,3556352,845.01335906982422,,2.5945939339080981,33.492434501597714,0.36741963046910714,2
sep-ipop,1,112001,2209,3585024,845.01335906982422,,3.9027519126295127,94.731710566016119,0.36540613688199153,2
sep-ipop,1,112001,2215,3609600,845.01335906982422,,5.3931692402920817,142.24053407570634,0.34156752545207586,2
sep-ipop,1,112001,2221,3634176,845.01335906982422,,7.1973495638775153,199.59906029507195,0.33642025996211561,2
sep-ipop,1,112001,2227,3658752,845.01335906982422,,9.9678823055198045,233.81605753651328,0.33694754298992213,2
sep-ipop,1,112001,2233,3683328,845.01335906982422,,12.463812502946006,409.85093781128552,0.32211099828383949,2
sep-ipop,1,112001,2240,3712000,845.01335906982422,,16.290839995753988,649.77481429309205,0.32022496999574818,2
sep-ipop,1,112001,2246,3736576,845.01335906982422,,18.708219073799558,1176.4929955813527,0.30319800402203578,2
sep-ipop,1,112001,2252,3761152,845.01335906982422,,22.962137293404425,2282.390927463583,0.31110637605266428,2
sep-ipop,1,112001,2258,3785728,845.01335906982422,,27.062888087689501,2433.6452295233225,0.28113821203152889,2
sep-ipop,1,112001,2264,3810304,845.01335906982422,,41.286621655328894,2188.5491818999376,0.31918177588563484,2
sep-ipop,1,112001,2271,3838976,845.01335906982422,,67.267846988968003,1777.7031927584126,0.32435684465628878,2
sep-ipop,1,112001,2277,3863552,845.01335906982422,,102.49248640012067,1341.3917457703269,0.31533620271195451,2
sep-ipop,1,112001,2283,3888128,845.01335906982422,,134.25573740879835,1488.2841658678442,0.28340868050192047,2
sep-ipop,1,112001,2289,3912704,845.01335906982422,,182.40486560452206,1970.8846852501554,0.27204382058096882,2
sep-ipop,1,112001,2295,3937280,845.01335906982422,,242.58348326156116,2554.3313219933793,0.26980112402241985,2
sep-ipop,1,112001,2302,3965952,845.01335906982422,,342.86269757986582,3247.6507979304956,0.27551446676591151,2
sep-ipop,1,112001,2308,3990528,845.01335906982422,,447.99412379660845,2847.199226220795,0.26545058348692585,2
sep-ipop,1,112001,2314,4015104,845.01335906982422,,544.41718813236389,3484.0723463339064,0.26195444251529071,2
sep-ipop,1,112001,2320,4039680,845.01335906982422,,781.13941490398634,2959.4547417264334,0.28145685354011507,2
sep-ipop,1,112001,2326,4064256,845.01335906982422,,1065.7731381817277,2605.6369138364653,0.26663327774235934,2
sep-ipop,1,112001,2333,4092928,845.01335906982422,,1607.3634115650593,3460.3170928030941,0.27607848533748358,2
sep-ipop,1,112001,2339,4117504,845.01335906982422,,2214.4130709015317,3929.1627475387299,0.27351803337360686,2
sep-ipop,1,112001,2345,4142080,845.01335906982422,,3598.0484161481713,3871.2268352600872,0.29045952748327492,2
sep-ipop,1,112001,2351,4166656,845.01335906982422,,5540.5031447496549,3306.3180082480476,0.2768839219543624,2
sep-ipop,1,112001,2357,4191232,845.01335906982422,,8031.4785071674814,3426.6852446848939,0.28632523693585443,2
sep-ipop,1,112001,2364,4219904,845.01335906982422,,12779.538178991404,3287.7947642989893,0.2998794724975925,2
sep-ipop,1,112001,2370,4244480,845.01335906982422,,19690.240042886078,3424.0560412721511,0.29533278013349623,2
sep-ipop,1,112001,2376,4269056,845.01335906982422,,30872.355558155366,3629.5611490949905,0.29171798433945223,2
sep-ipop,1,112001,2382,4293632,845.01335906982422,,46051.036913621392,3541.3884575193351,0.28724688422968642,2
sep-ipop,1,112001,2388,4318208,845.01335906982422,,70877.472684837383,3890.8585987950569,0.28885125697348724,2
sep-ipop,1,112001,2395,4346880,845.01335906982422,,122336.04067087747,3772.6439261329274,0.29845566247584815,2
sep-ipop,1,112001,2401,4371456,845.01335906982422,,211914.4818290835,3305.3551108818701,0.30357089823513589,2
sep-ipop,1,112001,2407,4396032,845.01335906982422,,368221.56562874647,2747.3788393973455,0.31169382472002821,2
sep-ipop,1,112001,2413,4420608,845.01335906982422,,597133.0072510282,2548.3814463820217,0.30327685356252199,2
sep-ipop,1,112001,2419,4445184,845.01335906982422,,892268.80057557172,3130.0735629915048,0.29135879322742297,2
sep-ipop,1,112001,2426,4473856,845.01335906982422,,1322385.4935863884,4926.5317547150526,0.28201300906228499,2
sep-ipop,1,112001,2432,4498432,845.01335906982422,,2095871.9213038408,5256.1941722260035,0.278771373166048,2
sep-ipop,1,112001,2438,4523008,845.01335906982422,,2997366.0886958134,6440.6804485531475,0.26707348273133552,2
sep-ipop,1,112001,2444,4547584,845.01335906982422,,4249077.6679676399,10200.556245574424,0.26222204458741044,2
sep-ipop,1,112001,2450,4572160,845.01335906982422,,6172506.0316685559,11293.866685202316,0.25987132159640547,2
sep-ipop,1,112001,2457,4600832,845.01335906982422,,10175866.792574938,12018.508287812836,0.28784579977072405,2
sep-ipop,1,112001,2463,4625408,845.01335906982422,,14653543.545009321,9464.4333952984598,0.26917565086999318,2
sep-ipop,1,112001,2469,4649984,845.01335906982422,,22555027.442277621,7741.0830591620161,0.27995350836090743,2
sep-ipop,1,112001,2475,4674560,845.01335906982422,,34605373.510002084,6529.7086865012952,0.28474985477290293,2
sep-ipop,1,112001,2481,4699136,845.01335906982422,,49814341.978106186,5295.1210196544816,0.26479290742944783,2
sep-ipop,1,112001,2488,4727808,845.01335906982422,,83497582.835965291,6235.7785638547857,0.27248480249666152,2
sep-ipop,1,112001,2494,4752384,845.01335906982422,,126722541.63024941,6460.7777336796516,0.26405707413860757,2
sep-ipop,1,112001,2500,4776960,845.01335906982422,,200287538.17180642,6289.1055377049233,0.27111449628167983,2
sep-ipop,1,112001,2506,4801536,845.01335906982422,,355233951.8952148,4891.630051089578,0.29624774293080031,2
sep-ipop,1,112001,2512,4826112,845.01335906982422,,537927662.36367214,4131.2307060448093,0.28032522030816454,2
sep-ipop,1,112001,2519,4854784,845.01335906982422,,780400349.24068165,4889.2597699906082,0.25177256628698558,2
sep-ipop,1,112001,2525,4879360,845.01335906982422,,1105440412.0350082,7445.9785896948651,0.2632694645705187,2
sep-ipop,1,112001,2531,4903936,845.01335906982422,,1641836408.5468533,8897.4115515351532,0.26827973678750888,2
sep-ipop,1,112001,2537,4928512,845.01335906982422,,2444332617.7431774,11416.475939167402,0.26145512454367259,2
sep-ipop,1,112001,2543,4953088,845.01335906982422,,3715596754.9240441,14794.351979064437,0.26037148301106228,2
sep-ipop,1,112001,2550,4981760,845.01335906982422,,6214833947.0325499,15268.39010153703,0.24871714452023114,2
sep-ipop,1,112001,2556,5006336,845.01335906982422,,10072574187.572802,18625.508611389232,0.26344947814391639,2
sep-ipop,1,112001,2562,5030912,845.01335906982422,,15475124091.238638,20693.609289216009,0.26005186718697948,2
sep-ipop,1,112001,2568,5055488,845.01335906982422,,25866064773.382889,21307.098883554263,0.26943188445415373,2
sep-ipop,1,112001,2574,5080064,845.01335906982422,,43489357055.950294,20000.71333510182,0.26577085314572207,2
sep-ipop,1,112001,2581,5108736,845.01335906982422,,90259021826.052704,14096.713348722773,0.28010069876380633,2
sep-ipop,1,112001,2587,5133312,845.01335906982422,,168617078571.16418,9556.5512875676086,0.28452609273857565,2
sep-ipop,1,112001,2593,5157888,845.01335906982422,,253275314723.0451,14438.054600667041,0.24936459926458482,2
sep-ipop,1,112001,2599,5182464,845.01335906982422,,339505797796.06604,23134.654885796925,0.22349142087054377,2
sep-ipop,1,112001,2605,5207040,845.01335906982422,,528770563296.21832,26952.704290151905,0.22361101771631425,2
sep-ipop,1,112001,2612,5235712,845.01335906982422,,770390830790.1272,22251.583205228271,0.16303529979392162,2
sep-ipop,1,112001,2618,5260288,845.01335906982422,,1083347000837.4216,16588.728838384435,0.12881334875143438,2
sep-ipop,1,112001,2624,5284864,845.01335906982422,,1404396365465.3247,14974.568136552465,0.09811933263288132,2
sep-ipop,1,112001,2630,5309440,845.01335906982422,,1778248443412.7415,12598.981060027274,0.076074227960938795,2
sep-ipop,1,112001,2636,5334016,845.01335906982422,,2384521287226.125,13374.371358367509,0.070278484317429696,2
sep-ipop,1,112001,2643,5362688,845.01335906982422,,3528586608419.5386,12898.592093220677,0.062086984568514539,2
sep-ipop,1,112001,2649,5387264,845.01335906982422,,5238081829017.1416,11749.079900603989,0.058017403111358765,2
sep-ipop,1,112001,2655,5411840,845.01335906982422,,7245701851115.1182,12239.197906020221,0.051538851441521163,2
sep-ipop,1,112001,2661,5436416,845.01335906982422,,9874375448979.2402,21508.417456839114,0.047848171720805938,2
sep-ipop,1,112001,2668,5465088,845.01335906982422,,13797140137100.643,43453.05336276169,0.042716424336373883,2
sep-ipop,1,112001,2674,5489664,845.01335906982422,,17402908339617.689,83245.197566128656,0.041469682557480431,2
sep-ipop,1,112001,2680,5514240,845.01335906982422,,22053784619483.258,81910.6565806992,0.036202639934215332,2
sep-ipop,1,112001,2686,5538816,845.01335906982422,,28505148379592.703,93511.994273736826,0.035230965321840828,2
sep-ipop,1,112001,2692,5563392,845.01335906982422,,35184879530756.57,91411.924129469291,0.029721508531861795,2
sep-ipop,1,112001,2699,5592064,845.01335906982422,,44776108408627.68,146509.95545246312,0.030325930214479997,2
sep-ipop,1,112001,2705,5616640,845.01335906982422,,57931827166574.039,165327.35780762136,0.028227242878842328,2
sep-ipop,1,112001,2711,5641216,845.01335906982422,,77785094185323.531,216366.29934555749,0.029843757759708649,2
sep-ipop,1,112001,2717,5665792,845.01335906982422,,99245922704306.531,210380.33333808163,0.027619954188508038,2
sep-ipop,1,112001,2723,5690368,845.01335906982422,,118916848927966.23,247644.14150909177,0.026118532534869291,2
sep-ipop,1,112001,2730,5719040,845.01335906982422,,146771587136853.94,325743.19520152389,0.026110301966856958,2
sep-ipop,1,112001,2736,5743616,845.01335906982422,,174667175967893.16,443604.81622047169,0.02725282544599715,2
sep-ipop,1,112001,2742,5768192,845.01335906982422,,211808207150979.84,454498.74489134306,0.026272031565537337,2
sep-ipop,1,112001,2748,5792768,845.01335906982422,,251514795931414.31,446245.98055719101,0.024078044842210662,2
sep-ipop,1,112001,2754,5817344,845.01335906982422,,294020895436275.38,589913.1343514917,0.024049136147731433,2
sep-ipop,1,112001,2761,5846016,845.01335906982422,,356694755188999.75,603394.18574986316,0.02184311006210406,2
sep-ipop,1,112001,2767,5870592,845.01335906982422,,413513107878768.81,597136.63989138789,0.019800902246902476,2
sep-ipop,1,112001,2773,5895168,845.01335906982422,,472734717247272.44,523827.63496098795,0.017348893891042605,2
sep-ipop,1,112001,2779,5919744,845.01335906982422,,529599090341406.75,526211.52209826617,0.013950148629987833,2
sep-ipop,1,112001,2785,5944320,845.01335906982422,,655150552290154.12,702084.57364410337,0.014989869216613294,2
sep-ipop,1,112001,2792,5972992,845.01335906982422,,779589111412478.5,611881.97375141468,0.012120757052119948,2
sep-ipop,1,112001,2798,5997568,845.01335906982422,,992170968136855.62,505300.91807223845,0.010757116294955181,2
sep-ipop,1,112001,2804,6022144,845.01335906982422,,1223123301549867.2,881836.39695612586,0.010471025556154524,2
sep-ipop,1,112001,2810,6046720,845.01335906982422,,1469121194514069.8,1935656.5319546117,0.0099876085529450927,2
sep-ipop,1,112001,2816,6071296,845.01335906982422,,1855205994590452,3620772.9684292739,0.010458803395394853,2
sep-ipop,1,112001,2823,6099968,845.01335906982422,,2371860529655760,7166353.9447250161,0.010491439795822911,2
sep-ipop,1,112001,2829,6124544,845.01335906982422,,2719894635599145.5,12823763.863780744,0.010251770889295179,2
sep-ipop,1,112001,2835,6149120,845.01335906982422,,3048348269842098.5,17616317.603833966,0.01004315830343935,2
sep-ipop,1,112001,2841,6173696,845.01335906982422,,3378388003255977,36700163.874329366,0.010792854930533616,2
sep-ipop,1,112001,2847,6198272,845.01335906982422,,3794312211807553.5,93286388.855081961,0.011069928736459107,2
sep-ipop,1,112001,2854,6226944,845.01335906982422,,4433933526922525.5,203686820.87567335,0.011315574366109729,2
sep-ipop,1,112001,2860,6251520,845.01335906982422,,4917189153980038,297094248.52613902,0.012282865537003546,2
sep-ipop,1,112001,2866,6276096,845.01335906982422,,5089155266071010,324035370.94886023,0.011195860753105207,2
sep-ipop,1,112001,2872,6300672,845.01335906982422,,5539025830849103,453495827.07618451,0.011556505792131444,2
sep-ipop,1,112001,2878,6325248,845.01335906982422,,6100950192581260,477256689.06019247,0.011859583896604875,2
sep-ipop,1,112001,2885,6353920,845.01335906982422,,6471664059399637,462805537.71698904,0.010690703414245172,2
sep-ipop,1,112001,2891,6378496,845.01335906982422,,7277824449495929,417012015.71140945,0.010000853158425749,2
sep-ipop,1,112001,2897,6403072,845.01335906982422,,8271928224603862,308988670.54803014,0.0090751257214350192,2
sep-ipop,1,112001,2903,6427648,845.01335906982422,,10983115184349672,486879054.68394566,0.0089975656377974458,2
sep-ipop,1,112001,2909,6452224,845.01335906982422,,13969063985917740,480590627.31825411,0.0077614129902291154,2
sep-ipop,1,112001,2916,6480896,845.01335906982422,,18322925006573532,695999190.67852306,0.0076789388343958655,2
sep-ipop,1,112001,2921,6501376,845.01335906982422,,20989142362040032,854861897.24774742,0.0074806948075883256,2
sep-ipop-w60,1,112001,1,1024,10247.735514322916,,0.2878285000245967,8.9618481771900331,0.12112846104187729,0
sep-ipop-w60,1,112001,5,5120,1980.7073949178059,,0.83968165312692244,61.745551701577227,0.84898245906165648,0
sep-ipop-w60,1,112001,10,10240,1699.922945658366,,1.3135115734913563,117.51933889789076,1.3416126012359908,0
sep-ipop-w60,1,112001,20,20480,1699.922945658366,,2.1691942060879925,7.3430095158370348,0.34608869578346751,0
sep-ipop-w60,1,112001,25,25600,1659.4338518778484,,2.6114861787491352,7.963954199618299,0.29924971807767864,0
sep-ipop-w60,1,112001,40,40960,1540.2509956359863,,3.9577528046855472,75.382342514799149,0.2460746280688737,0
sep-ipop-w60,1,112001,50,51200,1450.6141217549641,,8.0409879838403366,117.73453193651788,0.31758672320509945,0
sep-ipop-w60,1,112001,75,76800,1389.7838973999023,,17.05090184763333,1512.4705874469457,0.25489712349494675,0
sep-ipop-w60,1,112001,80,81920,1375.9050610860188,,18.968738226454249,2600.7911754748848,0.23786530678966342,0
sep-ipop-w60,1,112001,100,102400,1355.4945869445801,,39.006155907488562,8923.7936672857813,0.237988478649789,0
sep-ipop-w60,1,112001,125,128000,1333.2313245137532,,88.459374617962851,10922.820241842946,0.23718857638832855,0
sep-ipop-w60,1,112001,149,152576,1315.8101348876953,,258.81833701786763,20661.925868426642,0.23429141443242421,0
sep-ipop-w60,1,112001,160,163840,1310.1478385925293,,342.06120766942661,37668.899455356317,0.21738332845306932,0
sep-ipop-w60,1,112001,174,178176,1303.8245900472004,,579.08361559108255,32960.159034329234,0.21954351578873502,0
sep-ipop-w60,1,112001,199,203776,1295.4896036783855,,1970.9311301759997,29703.698526566477,0.23553833410985453,0
sep-ipop-w60,1,112001,224,229376,1291.0979626973469,,5328.4018031672249,147922.42357868204,0.22875436573368069,0
sep-ipop-w60,1,112001,249,254976,1286.2251040140789,,14713.092369969761,107453.88386766508,0.24606371207237876,0
sep-ipop-w60,1,112001,255,261120,1283.5599403381348,,22462.87191577852,69985.760856672845,0.26966038801012537,0
sep-ipop-w60,1,112001,273,279552,1270.1923777262371,,118457.11357595939,14969.172710997631,0.28656650146140539,0
sep-ipop-w60,1,112001,298,305152,1190.8501052856445,,1192454.7661727804,3055.8172643195126,0.26645764161968877,0
sep-ipop-w60,1,112001,323,330752,1135.1259892781575,,5162858.5413161945,9045.9421804469093,0.25948778181271392,0
sep-ipop-w60,1,112001,348,356352,1103.580847422282,,15734414.726343693,18978.22019863682,0.24083134637611325,0
sep-ipop-w60,1,112001,373,381952,1069.3125826517742,,64802299.659248739,37505.169655556092,0.22749012186152856,0
sep-ipop-w60,1,112001,397,406528,1048.4277483622234,,255794596.37853664,38583.844625987658,0.23844778883951093,0
sep-ipop-w60,1,112001,422,432128,1013.9436620076498,,1088105371.1855977,39695.260304603187,0.21741201422766396,0
sep-ipop-w60,1,112001,447,457728,966.40083567301429,,8515040660.509408,4163.7674780220923,0.12071571434746745,0
sep-ipop-w60,1,112001,472,483328,931.20344543457031,,33171712701.914234,3794.9193694646024,0.086170499392248093,0
sep-ipop-w60,1,112001,497,508928,906.90628560384118,,149148235545.34027,5093.401235738882,0.079226164207979899,0
sep-ipop-w60,1,112001,521,533504,893.64997990926111,,758318456289.95471,5352.9079499008894,0.07377640275919356,0
sep-ipop-w60,1,112001,546,559104,870.47355779012048,,5419692916561.9678,3959.5221977196429,0.062545646424463711,0
sep-ipop-w60,1,112001,571,584704,860.78743871053064,,21408241459551.098,5792.368910236838,0.039348457648814443,0
sep-ipop-w60,1,112001,596,610304,855.70399602254236,,114352931765980.28,8439.2704800139418,0.038394038416176939,0
sep-ipop-w60,1,112001,621,635904,851.75889587402344,,492501192810487,4554.4958591169261,0.034156546658961125,0
sep-ipop-w60,1,112001,645,660480,848.18448511759436,,917758600258694.62,6586.6065205673858,0.022134666698421356,0
sep-ipop-w60,1,112001,670,686080,847.12585703531897,,1832468827208223.5,21335.596327578107,0.017014023858413441,0
sep-ipop-w60,1,112001,695,711680,846.22803497314453,,4153756871391401,83737.590904414305,0.015293923532446787,0
sep-ipop-w60,1,112001,720,737280,845.70058822631836,,6597485507030438,104615.71503521297,0.0091049201292387628,0
sep-ipop-w60,1,112001,745,762880,845.45734914143884,,8048219031085772,806535.75195109576,0.0069047237759639552,0
sep-ipop-w60,1,112001,769,787456,845.37891896565759,,14869468134985456,2993732.0890185307,0.0072894173235212838,0
sep-ipop-w60,1,112001,794,813056,845.30582427978516,,28475686673305024,28815136.508785401,0.0075886269086754537,0
sep-ipop-w60,1,112001,819,838656,845.10057195027673,,50427476023391008,27687903.533279896,0.0051880955274472727,0
sep-ipop-w60,1,112001,844,864256,845.08096949259436,,81146987334779072,25403760.294958115,0.0048176625498409084,0
sep-ipop-w60,1,112001,869,889856,845.08096949259436,,1.1562168999162197e+17,1203358689.9157324,0.004875454137643509,0
sep-ipop-w60,1,112001,888,915456,845.08096949259436,,0.74309756444206265,8.0248763473250229,0.94121761037633722,1
sep-ipop-w60,1,112001,900,940032,845.08096949259436,,1.0152855080443337,24.969620543872054,0.51448753650965062,1
sep-ipop-w60,1,112001,913,966656,845.08096949259436,,1.5116830038619149,24.034890730489092,0.36205888768448097,1
sep-ipop-w60,1,112001,925,991232,845.08096949259436,,2.3568421306688085,73.509602542417866,0.30727208250893329,1
sep-ipop-w60,1,112001,938,1017856,845.08096949259436,,3.8431649516646127,269.07045430811877,0.2861852295377319,1
sep-ipop-w60,1,112001,950,1042432,845.08096949259436,,5.5898251742965064,1215.1536621359344,0.24578809787724029,1
sep-ipop-w60,1,112001,962,1067008,845.08096949259436,,8.7381445027069802,3679.1800895560218,0.26442787966125747,1
sep-ipop-w60,1,112001,975,1093632,845.08096949259436,,13.085074817667435,5879.4472055495107,0.2658538543136208,1
sep-ipop-w60,1,112001,987,1118208,845.08096949259436,,22.133323390222071,6125.4148414305337,0.28250976158950436,1
sep-ipop-w60,1,112001,1000,1144832,845.08096949259436,,47.163160994153728,5529.9434872095362,0.31090157751968794,1
sep-ipop-w60,1,112001,1012,1169408,845.08096949259436,,87.092584570438788,4888.4602047976923,0.26342853661298488,1
sep-ipop-w60,1,112001,1024,1193984,845.08096949259436,,170.01762718980845,8515.1774978179656,0.26507156217950428,1
sep-ipop-w60,1,112001,1037,1220608,845.08096949259436,,361.21133184264892,15473.592130992662,0.2734007398995873,1
sep-ipop-w60,1,112001,1049,1245184,845.08096949259436,,872.79320008028776,7585.826238718475,0.29400966665879691,1
sep-ipop-w60,1,112001,1062,1271808,845.08096949259436,,2370.4690231540244,4358.2307141604824,0.30225522044483688,1
sep-ipop-w60,1,112001,1074,1296384,845.08096949259436,,5788.972721021004,3303.3856861976719,0.28301448000033969,1
sep-ipop-w60,1,112001,1086,1320960,845.08096949259436,,11932.196203462934,3791.9284459897435,0.28226169120483607,1
sep-ipop-w60,1,112001,1099,1347584,845.08096949259436,,19524.591879961288,5512.9645816869988,0.23820775785992507,1
sep-ipop-w60,1,112001,1111,1372160,845.08096949259436,,30510.458530114116,18902.439438154357,0.24273649668979264,1
sep-ipop-w60,1,112001,1124,1398784,845.08096949259436,,58006.067680406493,53128.700302134908,0.26502772104433764,1
sep-ipop-w60,1,112001,1136,1423360,845.08096949259436,,112938.83381430633,44335.799655895578,0.23836758218393619,1
sep-ipop-w60,1,112001,1148,1447936,845.08096949259436,,189804.2502491567,91948.293942882272,0.23323943322515003,1
sep-ipop-w60,1,112001,1161,1474560,845.08096949259436,,346794.68982074119,224684.52530882298,0.24364741115035496,1
sep-ipop-w60,1,112001,1173,1499136,845.08096949259436,,615872.13120771712,429478.92652570072,0.23060382188580286,1
sep-ipop-w60,1,112001,1186,1525760,845.08096949259436,,1100801.297926503,651343.04159518902,0.24682285944299953,1
sep-ipop-w60,1,112001,1198,1550336,845.08096949259436,,2011242.7948461226,704015.10105358355,0.2072609790523138,1
sep-ipop-w60,1,112001,1210,1574912,845.08096949259436,,6065814.3039075648,133166.30311435627,0.19043210733574589,1
sep-ipop-w60,1,112001,1223,1601536,845.08096949259436,,15708387.551052306,26474.621820547341,0.1190313217862649,1
sep-ipop-w60,1,112001,1235,1626112,845.08096949259436,,25010544.774552595,9608.2178929769634,0.059604149877366265,1
sep-ipop-w60,1,112001,1248,1652736,845.08096949259436,,37486023.871600017,8313.657268147208,0.038059580787555905,1
sep-ipop-w60,1,112001,1260,1677312,845.08096949259436,,45990598.871640064,13958.605590294788,0.027661843286609374,1
sep-ipop-w60,1,112001,1272,1701888,845.08096949259436,,62205718.098497994,24627.087126653321,0.028843961285834413,1
sep-ipop-w60,1,112001,1285,1728512,845.08096949259436,,86390890.87521404,115588.50728725805,0.027699401451176171,1
sep-ipop-w60,1,112001,1297,1753088,845.08096949259436,,115433641.36531976,271105.41578299413,0.024861123808695089,1
sep-ipop-w60,1,112001,1310,1779712,845.08096949259436,,151809697.13282275,459151.65868143947,0.023807548381411723,1
sep-ipop-w60,1,112001,1322,1804288,845.08096949259436,,211332659.31584284,1123371.1747460593,0.024350263374053122,1
sep-ipop-w60,1,112001,1334,1828864,845.08096949259436,,292302751.96159232,2289825.3698887788,0.018688308660853806,1
sep-ipop-w60,1,112001,1347,1855488,845.08096949259436,,348517567.04796624,5528587.3504896341,0.016736127956338897,1
sep-ipop-w60,1,112001,1359,1880064,845.08096949259436,,482416685.43138641,8402353.55361671,0.017367195715720495,1
sep-ipop-w60,1,112001,1372,1906688,845.08096949259436,,658244279.10247874,9669840.499412531,0.016976218612829778,1
sep-ipop-w60,1,112001,1384,1931264,845.08096949259436,,982550341.82201052,17397138.29274337,0.016492514689572135,1
sep-ipop-w60,1,112001,1396,1955840,845.08096949259436,,1546020967.1056874,35705006.098706201,0.017724023494556113,1
sep-ipop-w60,1,112001,1409,1982464,845.08096949259436,,2636880468.9222903,48211807.566090681,0.010492570261581449,1
sep-ipop-w60,1,112001,1421,2007040,845.08096949259436,,4916685831.5226583,67359218.837028429,0.0084245693773958054,1
sep-ipop-w60,1,112001,1434,2033664,845.08096949259436,,11685764265.883678,85198362.339613944,0.011351292103132299,1
sep-ipop-w60,1,112001,1446,2058240,845.08096949259436,,20089821411.415779,72814003.965983286,0.0078477604164203917,1
sep-ipop-w60,1,112001,1458,2082816,845.08096949259436,,32864818593.420788,62275958.565882698,0.0060560229774329977,1
sep-ipop-w60,1,112001,1471,2109440,845.08096949259436,,53508929342.071228,59372659.410581686,0.0053293128593872429,1
sep-ipop-w60,1,112001,1483,2134016,845.08096949259436,,73269223740.837875,92975731.010908663,0.0059267738425645205,1
sep-ipop-w60,1,112001,1496,2160640,845.08096949259436,,84043312790.351517,72969976.869517803,0.0048750603113536803,1
sep-ipop-w60,1,112001,1508,2185216,845.08096949259436,,96338344583.362656,52840491.992523417,0.0043311301196601697,1
sep-ipop-w60,1,112001,1521,2211840,845.08096949259436,,145980524612.17471,88547804.044819742,0.0053416370236429242,1
sep-ipop-w60,1,112001,1533,2236416,845.08096949259436,,200696456898.0304,51838975.225548357,0.0044215411437999157,1
sep-ipop-w60,1,112001,1545,2260992,845.08096949259436,,254163973852.91809,62619443.343337074,0.0041934892648171308,1
sep-ipop-w60,1,112001,1558,2287616,845.08096949259436,,345791275260.19501,44936856.187952824,0.0041959833375359848,1
sep-ipop-w60,1,112001,1570,2312192,845.08096949259436,,503985796564.89038,85271885.486676395,0.0048897727683205362,1
sep-ipop-w60,1,112001,1583,2338816,845.08096949259436,,821067263368.26111,98810324.902011395,0.0050892473933577872,1
sep-ipop-w60,1,112001,1595,2363392,845.08096949259436,,1391121317491.7898,115096849.71955039,0.0055824542209102464,1
sep-ipop-w60,1,112001,1607,2387968,845.08096949259436,,2579472378078.2095,95831334.654492274,0.005679038309181577,1
sep-ipop-w60,1,112001,1620,2414592,845.08096949259436,,5391248418293.8896,87907546.560694873,0.0054763940002335787,1
sep-ipop-w60,1,112001,1632,2439168,845.08096949259436,,9776075456993.6758,108029540.63039996,0.0057155520368477025,1
sep-ipop-w60,1,112001,1645,2465792,845.08096949259436,,21824130077543.195,98617802.584573448,0.0060814063531719987,1
sep-ipop-w60,1,112001,1657,2490368,845.08096949259436,,41402146846449.828,92811127.859665126,0.0055081091030316272,1
sep-ipop-w60,1,112001,1669,2514944,845.08096949259436,,81675988168337.828,80820614.566531792,0.005672478087580559,1
sep-ipop-w60,1,112001,1682,2541568,845.08096949259436,,169403103566994.69,89585528.166630596,0.005752002692208367,1
sep-ipop-w60,1,112001,1694,2566144,845.08096949259436,,333948536667723,101882866.93644077,0.0059336185456938719,1
sep-ipop-w60,1,112001,1707,2592768,845.08096949259436,,707052622185751.5,95761536.288887396,0.0059765916809079601,1
sep-ipop-w60,1,112001,1719,2617344,845.08096949259436,,1335422351763932.5,95695241.227997154,0.0057932653702916078,1
sep-ipop-w60,1,112001,1731,2641920,845.08096949259436,,2609588719237242,116511085.48088776,0.0068197479613303132,1
sep-ipop-w60,1,112001,1744,2668544,845.08096949259436,,5562935442075531,89111381.995280549,0.0063103226604902763,1
sep-ipop-w60,1,112001,1756,2693120,845.08096949259436,,10677076086868772,120240805.51509933,0.0064947063698323508,1
sep-ipop-w60,1,112001,1769,2719744,845.08096949259436,,19966027050144608,96129554.487315878,0.0061410674849902754,1
sep-ipop-w60,1,112001,1781,2744320,845.08096949259436,,36349815668184336,99861205.870095313,0.0058992887180994184,1
sep-ipop-w60,1,112001,1793,2768896,845.08096949259436,,70342157037295848,104312217.82085425,0.0065776831464077843,1
sep-ipop-w60,1,112001,1806,2795520,845.08096949259436,,1.3153708648561077e+17,106410452.63314205,0.0060665435555143426,1
sep-ipop-w60,1,112001,1818,2820096,845.08096949259436,,2.4444802054108445e+17,104021478.90806313,0.0057072920202274691,1
sep-ipop-w60,1,112001,1831,2846720,845.08096949259436,,4.4381684205150643e+17,90652503.214805007,0.0057222751589106604,1
sep-ipop-w60,1,112001,1843,2871296,845.08096949259436,,8.0383474172369984e+17,118132705.82271624,0.006447100453813543,1
sep-ipop-w60,1,112001,1855,2895872,845.08096949259436,,1.2993751003930926e+18,114194696.96872136,0.006186387317777234,1
sep-ipop-w60,1,112001,1868,2922496,845.08096949259436,,2.297519489104404e+18,128292135.87164278,0.0059397817065714653,1
sep-ipop-w60,1,112001,1880,2947072,845.08096949259436,,4.045831651371798e+18,107018402.07033347,0.0063136603014612592,1
sep-ipop-w60,1,112001,1893,2973696,845.08096949259436,,7.1158148205026621e+18,119828272.18822326,0.0063015275930783151,1
sep-ipop-w60,1,112001,1905,2998272,845.08096949259436,,1.1619576422933766e+19,125526327.3377637,0.006115842279299114,1
sep-ipop-w60,1,112001,1917,3022848,845.08096949259436,,1.8317322214872719e+19,140042104.53336266,0.0055831409484251408,1
sep-ipop-w60,1,112001,1930,3049472,845.08096949259436,,2.6826315906380116e+19,137653680.41784015,0.0057074552614621073,1
sep-ipop-w60,1,112001,1942,3074048,845.08096949259436,,3.2264033506160259e+19,159674785.50622371,0.0055386975944495213,1
sep-ipop-w60,1,112001,1955,3100672,845.08096949259436,,3.8460427942699221e+19,156941214.43987882,0.0050218049801570202,1
sep-ipop-w60,1,112001,1967,3125248,845.08096949259436,,4.6727120629644009e+19,198580470.86450887,0.0052368835144292929,1
sep-ipop-w60,1,112001,1979,3149824,845.08096949259436,,6.2655715733606244e+19,233054037.82566258,0.0057186617359037155,1
sep-ipop-w60,1,112001,1992,3176448,845.08096949259436,,9.2725433087305581e+19,191064780.79536328,0.0046393790023363003,1
sep-ipop-w60,1,112001,2004,3201024,845.08096949259436,,1.0541092927552289e+20,215345288.73285744,0.0036671441435688805,1
sep-ipop-w60,1,112001,2017,3227648,845.08096949259436,,1.0024897088835622e+20,253655217.31196985,0.0032030368762286411,1
sep-ipop-w60,1,112001,2029,3252224,845.08096949259436,,9.6785049423060828e+19,322034808.2137301,0.0033928782065982444,1
sep-ipop-w60,1,112001,2041,3276800,845.08096949259436,,9.6551030643135824e+19,367679440.8686437,0.0033835554858559617,1
sep-ipop-w60,1,112001,2054,3303424,845.08096949259436,,9.9061673746979553e+19,350739985.13437754,0.0035169632575438032,1
sep-ipop-w60,1,112001,2061,3330048,845.08096949259436,,0.67369569314611821,13.144941101446458,1.1019558185444263,2
sep-ipop-w60,1,112001,2067,3354624,845.08096949259436,,0.89537274992078275,14.062735478138732,0.84312881153417063,2
sep-ipop-w60,1,112001,2073,3379200,845.08096949259436,,1.1014923813625268,14.207211236252661,0.64042446363038141,2
sep-ipop-w60,1,112001,2079,3403776,845.08096949259436,,1.2642840131581596,14.175495774331319,0.48616313083824464,2
sep-ipop-w60,1,112001,2086,3432448,845.08096949259436,,1.5297431007290383,13.06829539396437,0.38786129854338253,2
sep-ipop-w60,1,112001,2092,3457024,845.08096949259436,,1.9541996458052973,14.080967526605422,0.35675566708546236,2
sep-ipop-w60,1,112001,2098,3481600,845.08096949259436,,2.4850339813677,32.477743313757642,0.32327497896213708,2
sep-ipop-w60,1,112001,2104,3506176,845.08096949259436,,3.1347624035222355,54.778626311132719,0.30066445685806986,2
sep-ipop-w60,1,112001,2110,3530752,845.08096949259436,,4.4656103368022784,77.16129407605365,0.31787431336898864,2
sep-ipop-w60,1,112001,2117,3559424,845.08096949259436,,6.3844459379242791,117.34239445377266,0.32104306957576689,2
sep-ipop-w60,1,112001,2123,3584000,845.08096949259436,,8.3381862416048449,193.5154079421041,0.31757728336576652,2
sep-ipop-w60,1,112001,2129,3608576,845.08096949259436,,10.204386307271436,322.83154635538631,0.30937885061610015,2
sep-ipop-w60,1,112001,2135,3633152,845.08096949259436,,12.084662053831201,715.69287157870156,0.30299381160387051,2
sep-ipop-w60,1,112001,2141,3657728,845.08096949259436,,14.216995932237731,1278.3535947648213,0.30291696685618119,2
sep-ipop-w60,1,112001,2148,3686400,845.08096949259436,,18.112116727882036,2140.9771684479306,0.31181554940891665,2
sep-ipop-w60,1,112001,2154,3710976,845.08096949259436,,25.963990012512685,1855.5941879035338,0.3114571157247219,2
sep-ipop-w60,1,112001,2160,3735552,845.08096949259436,,39.635998576004482,1363.5252237286088,0.29698026974310482,2
sep-ipop-w60,1,112001,2166,3760128,845.08096949259436,,57.14441114365512,1297.5041829516395,0.2884056152734884,2
sep-ipop-w60,1,112001,2172,3784704,845.08096949259436,,73.422478940906615,1685.7211697982327,0.26578742497236318,2
sep-ipop-w60,1,112001,2179,3813376,845.08096949259436,,105.00026325945322,2768.4209461428368,0.27528995023589858,2
sep-ipop-w60,1,112001,2185,3837952,845.08096949259436,,144.01812955693569,2803.9790098689355,0.27487789740878604,2
sep-ipop-w60,1,112001,2191,3862528,845.08096949259436,,193.17122834032403,2722.5031743892614,0.2759689544238263,2
sep-ipop-w60,1,112001,2197,3887104,845.08096949259436,,268.39424000936407,2617.6941429917692,0.28618017940852575,2
sep-ipop-w60,1,112001,2203,3911680,845.08096949259436,,356.62070970746618,3060.4907684477844,0.2780626566421403,2
sep-ipop-w60,1,112001,2210,3940352,845.08096949259436,,489.16100236785411,2894.0664973090243,0.24843968234378427,2
sep-ipop-w60,1,112001,2216,3964928,845.08096949259436,,645.89696548516201,3734.576773082933,0.25200130276297067,2
sep-ipop-w60,1,112001,2222,3989504,845.08096949259436,,847.63769823938048,5033.4122941520282,0.24677548284975759,2
sep-ipop-w60,1,112001,2228,4014080,845.08096949259436,,1137.635578783827,4937.3712418826035,0.24709762319644377,2
sep-ipop-w60,1,112001,2234,4038656,845.08096949259436,,1743.7654995551241,4557.4610042517779,0.27310499079818823,2
sep-ipop-w60,1,112001,2241,4067328,845.08096949259436,,3200.6358218082896,3031.6253500444773,0.29991780549803143,2
sep-ipop-w60,1,112001,2247,4091904,845.08096949259436,,5214.536090882415,2248.4754947075712,0.29355790852680197,2
sep-ipop-w60,1,112001,2253,4116480,845.08096949259436,,7908.971885508281,1705.4920762408451,0.28714807979859669,2
sep-ipop-w60,1,112001,2259,4141056,845.08096949259436,,12254.851143959275,2063.1693409449817,0.30343470302109815,2
sep-ipop-w60,1,112001,2265,4165632,845.08096949259436,,18241.145715830411,2368.1180774092313,0.27903317194292582,2
sep-ipop-w60,1,112001,2272,4194304,845.08096949259436,,29693.246375294832,3676.6897520939683,0.28766978625780543,2
sep-ipop-w60,1,112001,2278,4218880,845.08096949259436,,45371.308321292112,4083.4648587530619,0.28791691732301705,2
sep-ipop-w60,1,112001,2284,4243456,845.08096949259436,,67501.359036667345,4697.7772709372894,0.27799436751293688,2
sep-ipop-w60,1,112001,2290,4268032,845.08096949259436,,104778.16279557251,6027.0633685837647,0.29512569167424224,2
sep-ipop-w60,1,112001,2296,4292608,845.08096949259436,,144309.28143245121,6382.8442165575934,0.27204761306477299,2
sep-ipop-w60,1,112001,2303,4321280,845.08096949259436,,218712.53172309435,6893.7597741202226,0.266076485599473,2
sep-ipop-w60,1,112001,2309,4345856,845.08096949259436,,330740.44509202306,8892.2396194567809,0.27517421773291634,2
sep-ipop-w60,1,112001,2315,4370432,845.08096949259436,,518604.61158948933,8727.4045671854183,0.27822853473584269,2
sep-ipop-w60,1,112001,2321,4395008,845.08096949259436,,841731.16438614251,10385.70300330347,0.27828009604821669,2
sep-ipop-w60,1,112001,2328,4423680,845.08096949259436,,1374475.3904781251,10646.973252491371,0.27192413798124765,2
sep-ipop-w60,1,112001,2334,4448256,845.08096949259436,,2084819.0780904302,10221.712755120521,0.26641843770803142,2
sep-ipop-w60,1,112001,2340,4472832,845.08096949259436,,3270654.8259680611,11371.093258797202,0.27499048384352176,2
sep-ipop-w60,1,112001,2346,4497408,845.08096949259436,,4948489.7190760933,12833.85747725213,0.26620315506313874,2
sep-ipop-w60,1,112001,2352,4521984,845.08096949259436,,7377603.898896046,16643.998288979255,0.27268947281222466,2
sep-ipop-w60,1,112001,2359,4550656,845.08096949259436,,11923342.144379001,16898.041520612209,0.25614364899316494,2
sep-ipop-w60,1,112001,2365,4575232,845.08096949259436,,18111475.518456832,19879.642456637554,0.26087459664837059,2
sep-ipop-w60,1,112001,2371,4599808,845.08096949259436,,27710924.365595445,25203.573758357634,0.2630421831780822,2
sep-ipop-w60,1,112001,2377,4624384,845.08096949259436,,42067710.470620155,25297.478904803542,0.26054962433772816,2
sep-ipop-w60,1,112001,2383,4648960,845.08096949259436,,65581649.56941554,31926.877388764377,0.26766140413154116,2
sep-ipop-w60,1,112001,2390,4677632,845.08096949259436,,120007193.26568569,29221.908307709477,0.27014538219627371,2
sep-ipop-w60,1,112001,2396,4702208,845.08096949259436,,191181289.70189157,30218.810670251474,0.27247240030372277,2
sep-ipop-w60,1,112001,2402,4726784,845.08096949259436,,296682467.6598081,25924.596149880334,0.26053060177491416,2
sep-ipop-w60,1,112001,2408,4751360,845.08096949259436,,475292821.68446511,31817.539456888699,0.27838146849882406,2
sep-ipop-w60,1,112001,2414,4775936,845.08096949259436,,727793130.28111255,29458.820382026679,0.25062515664397683,2
sep-ipop-w60,1,112001,2421,4804608,845.08096949259436,,1185098000.549094,26038.034339326521,0.2265040715253947,2
sep-ipop-w60,1,112001,2427,4829184,845.08096949259436,,1820543390.1854408,30803.840179330968,0.2217810481079738,2
sep-ipop-w60,1,112001,2433,4853760,845.08096949259436,,2681533098.796185,27909.174177642959,0.19506263722573383,2
sep-ipop-w60,1,112001,2439,4878336,845.08096949259436,,4258063564.8085041,22453.705408428625,0.18932330212084017,2
sep-ipop-w60,1,112001,2445,4902912,845.08096949259436,,7364345021.4910135,19961.758638957162,0.18617580204703216,2
sep-ipop-w60,1,112001,2452,4931584,845.08096949259436,,13036729017.628405,12448.790301803254,0.14993176762985017,2
sep-ipop-w60,1,112001,2458,4956160,845.08096949259436,,20418926848.134903,11158.857564330638,0.13501179969333879,2
sep-ipop-w60,1,112001,2464,4980736,845.08096949259436,,28926673622.039673,8614.4445149556377,0.10061878193669546,2
sep-ipop-w60,1,112001,2470,5005312,845.08096949259436,,40386692762.439537,9282.370751466864,0.088285084213083356,2
sep-ipop-w60,1,112001,2476,5029888,845.08096949259436,,59277278682.843033,9891.2883004290597,0.080595763483954988,2
sep-ipop-w60,1,112001,2483,5058560,845.08096949259436,,95943047303.482376,10704.758722138502,0.071486313346115521,2
sep-ipop-w60,1,112001,2489,5083136,845.08096949259436,,138569026655.08893,10706.554324289709,0.062762980368061397,2
sep-ipop-w60,1,112001,2495,5107712,845.08096949259436,,205559210295.97504,15752.367605262127,0.059201708347963983,2
sep-ipop-w60,1,112001,2501,5132288,845.08096949259436,,304872177205.00348,16894.384157296357,0.05443769383093211,2
sep-ipop-w60,1,112001,2507,5156864,845.08096949259436,,456211054551.51123,17584.394256515301,0.05188209964755993,2
sep-ipop-w60,1,112001,2514,5185536,845.08096949259436,,702126940080.32446,20120.343000887911,0.045723184385866873,2
sep-ipop-w60,1,112001,2520,5210112,845.08096949259436,,1024939056802.8295,27738.408996065158,0.044554020699035191,2
sep-ipop-w60,1,112001,2526,5234688,845.08096949259436,,1643657191623.5859,29709.486902993209,0.045416564633293223,2
sep-ipop-w60,1,112001,2532,5259264,845.08096949259436,,2377509344427.5815,37029.182607953982,0.043988294133574135,2
sep-ipop-w60,1,112001,2538,5283840,845.08096949259436,,3450187531616.8584,39128.406199249242,0.041649776842119526,2
sep-ipop-w60,1,112001,2545,5312512,845.08096949259436,,5525887284717.3271,40812.273898249216,0.041251095771729918,2
sep-ipop-w60,1,112001,2551,5337088,845.08096949259436,,8246468429107.959,36801.665228412523,0.039652918689191054,2
sep-ipop-w60,1,112001,2557,5361664,845.08096949259436,,12605726976065.078,42437.452822116014,0.041490206918029883,2
sep-ipop-w60,1,112001,2563,5386240,845.08096949259436,,18156620836092.539,50596.698505083594,0.038783106737873448,2
sep-ipop-w60,1,112001,2569,5410816,845.08096949259436,,25537137182638.477,62519.954048264335,0.034853855062415201,2
sep-ipop-w60,1,112001,2576,5439488,845.08096949259436,,36601757391078.25,67394.852840556967,0.033834019309850527,2
sep-ipop-w60,1,112001,2582,5464064,845.08096949259436,,51379310789054.094,75727.397346928672,0.034308596128710289,2
sep-ipop-w60,1,112001,2588,5488640,845.08096949259436,,68116442801221.359,68592.308391632352,0.030930882340759882,2
sep-ipop-w60,1,112001,2594,5513216,845.08096949259436,,90369134048740.484,69348.687046784034,0.030036246266663225,2
sep-ipop-w60,1,112001,2600,5537792,845.08096949259436,,117937925680149.97,77257.757124514974,0.030168437498751609,2
sep-ipop-w60,1,112001,2607,5566464,845.08096949259436,,141032179014565.44,85386.783831924506,0.026829178137594147,2
sep-ipop-w60,1,112001,2613,5591040,845.08096949259436,,164802292797482.09,80193.694236264113,0.024396535280530176,2
sep-ipop-w60,1,112001,2619,5615616,845.08096949259436,,191332266051963.12,63377.326835380547,0.022191766604370812,2
sep-ipop-w60,1,112001,2625,5640192,845.08096949259436,,235024115467610.03,64862.133920601234,0.023716894278260698,2
sep-ipop-w60,1,112001,2631,5664768,845.08096949259436,,305910857769645.19,68987.70963788715,0.025094705598570372,2
sep-ipop-w60,1,112001,2638,5693440,845.08096949259436,,400058081376916.69,116874.66439034071,0.024457225333136597,2
sep-ipop-w60,1,112001,2644,5718016,845.08096949259436,,470460784750403.62,229037.38582601442,0.023438180601850454,2
sep-ipop-w60,1,112001,2650,5742592,845.08096949259436,,583734608142875.62,296752.78247256437,0.022506933610028802,2
sep-ipop-w60,1,112001,2656,5767168,845.08096949259436,,712211009148285.38,419769.42444860935,0.023820801439990043,2
sep-ipop-w60,1,112001,2662,5791744,845.08096949259436,,910483328831303.38,435261.71212402737,0.023904653737752721,2
sep-ipop-w60,1,112001,2669,5820416,845.08096949259436,,1259859076723446,647383.27279328962,0.024364807044748464,2
sep-ipop-w60,1,112001,2675,5844992,845.08096949259436,,1566729280089486.8,691273.92750492482,0.022293628386178956,2
sep-ipop-w60,1,112001,2681,5869568,845.08096949259436,,2089771082569444.5,1054161.7201419275,0.023958555623971128,2
sep-ipop-w60,1,112001,2687,5894144,845.08096949259436,,2780343880538362.5,960663.94506369263,0.023248251295927443,2
sep-ipop-w60,1,112001,2693,5918720,845.08096949259436,,3981037979294085.5,985053.76198658103,0.023789330379002233,2
sep-ipop-w60,1,112001,2700,5947392,844.99609756469727,,5895596162153239,982081.26522659068,0.02405147590968245,2
sep-ipop-w60,1,112001,2706,5971968,844.90278625488281,,7757692863231298,812421.57251721434,0.021915238626165796,2
sep-ipop-w60,1,112001,2712,5996544,844.77545038859046,,9568229269370364,998961.74130083248,0.02187067248843352,2
sep-ipop-w60,1,112001,2718,6021120,844.67955144246423,,11335579051898258,1269109.4149952575,0.021177547607991471,2
sep-ipop-w60,1,112001,2724,6045696,844.67955144246423,,14031699256608048,1610721.3092559953,0.021380906458004372,2
sep-ipop-w60,1,112001,2731,6074368,844.64063898722327,,16896057214546414,1860665.3844619053,0.020757610927609482,2
sep-ipop-w60,1,112001,2737,6098944,844.44770177205407,,20145155331506620,2271384.3366648867,0.020458883929555711,2
sep-ipop-w60,1,112001,2743,6123520,844.44770177205407,,24143315641534092,2751831.4029919682,0.022884941667907395,2
sep-ipop-w60,1,112001,2749,6148096,844.43919626871741,,29191203283218692,2694939.9419560172,0.021214544696101286,2
sep-ipop-w60,1,112001,2755,6172672,844.3622830708822,,35902115360726636,3069195.0601157262,0.022176047205257954,2
sep-ipop-w60,1,112001,2762,6201344,844.21786626180017,,50539405755285448,2557083.6767683821,0.021716770078697954,2
sep-ipop-w60,1,112001,2768,6225920,844.18910217285156,,66147452712985464,2549689.6755173076,0.019179294450933883,2
sep-ipop-w60,1,112001,2774,6250496,844.15931955973304,,79300831417408080,2193183.77254397,0.016134920715719609,2
sep-ipop-w60,1,112001,2780,6275072,844.08376693725586,,96643488838203824,2213463.8312221249,0.014368307351581011,2
sep-ipop-w60,1,112001,2786,6299648,844.04481506347656,,1.1951499324376138e+17,1731197.2514043495,0.011978311351708765,2
sep-ipop-w60,1,112001,2793,6328320,844.03619511922204,,1.4429715519067782e+17,1339768.2297531054,0.0090911436397389609,2
sep-ipop-w60,1,112001,2799,6352896,843.99298985799157,,1.7045124914229827e+17,1179881.909869821,0.0085685496998753729,2
sep-ipop-w60,1,112001,2805,6377472,843.94643529256189,,2.0272516163835798e+17,1328726.0865915993,0.0084789693190132874,2
sep-ipop-w60,1,112001,2811,6402048,843.94311396280921,,2.4945895856217674e+17,1518672.8501213246,0.0088024400122599586,2
sep-ipop-w60,1,112001,2817,6426624,843.91215260823571,,2.9739619129725235e+17,1605228.0025465924,0.0088139318241706611,2
sep-ipop-w60,1,112001,2824,6455296,843.91215260823571,,3.5921481767070867e+17,1833011.9169586974,0.0078719095306881755,2
sep-ipop-w60,1,112001,2830,6479872,843.91215260823571,,4.6019281185465843e+17,2144991.6505265939,0.0083156320866227922,2
sep-ipop-w60,1,112001,2836,6502400,843.87547175089514,,5.6383683728119955e+17,2258623.6971242223,0.0078403729326710705,2
sep-ipop-w121,1,112001,1,1024,10247.735514322916,,0.2878285000245967,8.9618481771900331,0.12112846104187729,0
sep-ipop-w121,1,112001,5,5120,1980.7073949178059,,0.83968165312692244,61.745551701577227,0.84898245906165648,0
sep-ipop-w121,1,112001,10,10240,1699.922945658366,,1.3135115734913563,117.51933889789076,1.3416126012359908,0
sep-ipop-w121,1,112001,20,20480,1699.922945658366,,2.1691942060879925,7.3430095158370348,0.34608869578346751,0
sep-ipop-w121,1,112001,25,25600,1659.4338518778484,,2.6114861787491352,7.963954199618299,0.29924971807767864,0
sep-ipop-w121,1,112001,40,40960,1540.2509956359863,,3.9577528046855472,75.382342514799149,0.2460746280688737,0
sep-ipop-w121,1,112001,50,51200,1450.6141217549641,,8.0409879838403366,117.73453193651788,0.31758672320509945,0
sep-ipop-w121,1,112001,75,76800,1389.7838973999023,,17.05090184763333,1512.4705874469457,0.25489712349494675,0
sep-ipop-w121,1,112001,80,81920,1375.9050610860188,,18.968738226454249,2600.7911754748848,0.23786530678966342,0
sep-ipop-w121,1,112001,100,102400,1355.4945869445801,,39.006155907488562,8923.7936672857813,0.237988478649789,0
sep-ipop-w121,1,112001,125,128000,1333.2313245137532,,88.459374617962851,10922.820241842946,0.23718857638832855,0
sep-ipop-w121,1,112001,149,152576,1315.8101348876953,,258.81833701786763,20661.925868426642,0.23429141443242421,0
sep-ipop-w121,1,112001,160,163840,1310.1478385925293,,342.06120766942661,37668.899455356317,0.21738332845306932,0
sep-ipop-w121,1,112001,174,178176,1303.8245900472004,,579.08361559108255,32960.159034329234,0.21954351578873502,0
sep-ipop-w121,1,112001,199,203776,1295.4896036783855,,1970.9311301759997,29703.698526566477,0.23553833410985453,0
sep-ipop-w121,1,112001,224,229376,1291.0979626973469,,5328.4018031672249,147922.42357868204,0.22875436573368069,0
sep-ipop-w121,1,112001,249,254976,1286.2251040140789,,14713.092369969761,107453.88386766508,0.24606371207237876,0
sep-ipop-w121,1,112001,255,261120,1283.5599403381348,,22462.87191577852,69985.760856672845,0.26966038801012537,0
sep-ipop-w121,1,112001,273,279552,1270.1923777262371,,118457.11357595939,14969.172710997631,0.28656650146140539,0
sep-ipop-w121,1,112001,298,305152,1190.8501052856445,,1192454.7661727804,3055.8172643195126,0.26645764161968877,0
sep-ipop-w121,1,112001,323,330752,1135.1259892781575,,5162858.5413161945,9045.9421804469093,0.25948778181271392,0
sep-ipop-w121,1,112001,348,356352,1103.580847422282,,15734414.726343693,18978.22019863682,0.24083134637611325,0
sep-ipop-w121,1,112001,373,381952,1069.3125826517742,,64802299.659248739,37505.169655556092,0.22749012186152856,0
sep-ipop-w121,1,112001,397,406528,1048.4277483622234,,255794596.37853664,38583.844625987658,0.23844778883951093,0
sep-ipop-w121,1,112001,422,432128,1013.9436620076498,,1088105371.1855977,39695.260304603187,0.21741201422766396,0
sep-ipop-w121,1,112001,447,457728,966.40083567301429,,8515040660.509408,4163.7674780220923,0.12071571434746745,0
sep-ipop-w121,1,112001,472,483328,931.20344543457031,,33171712701.914234,3794.9193694646024,0.086170499392248093,0
sep-ipop-w121,1,112001,497,508928,906.90628560384118,,149148235545.34027,5093.401235738882,0.079226164207979899,0
sep-ipop-w121,1,112001,521,533504,893.64997990926111,,758318456289.95471,5352.9079499008894,0.07377640275919356,0
sep-ipop-w121,1,112001,546,559104,870.47355779012048,,5419692916561.9678,3959.5221977196429,0.062545646424463711,0
sep-ipop-w121,1,112001,571,584704,860.78743871053064,,21408241459551.098,5792.368910236838,0.039348457648814443,0
sep-ipop-w121,1,112001,596,610304,855.70399602254236,,114352931765980.28,8439.2704800139418,0.038394038416176939,0
sep-ipop-w121,1,112001,621,635904,851.75889587402344,,492501192810487,4554.4958591169261,0.034156546658961125,0
sep-ipop-w121,1,112001,645,660480,848.18448511759436,,917758600258694.62,6586.6065205673858,0.022134666698421356,0
sep-ipop-w121,1,112001,670,686080,847.12585703531897,,1832468827208223.5,21335.596327578107,0.017014023858413441,0
sep-ipop-w121,1,112001,695,711680,846.22803497314453,,4153756871391401,83737.590904414305,0.015293923532446787,0
sep-ipop-w121,1,112001,720,737280,845.70058822631836,,6597485507030438,104615.71503521297,0.0091049201292387628,0
sep-ipop-w121,1,112001,745,762880,845.45734914143884,,8048219031085772,806535.75195109576,0.0069047237759639552,0
sep-ipop-w121,1,112001,769,787456,845.37891896565759,,14869468134985456,2993732.0890185307,0.0072894173235212838,0
sep-ipop-w121,1,112001,794,813056,845.30582427978516,,28475686673305024,28815136.508785401,0.0075886269086754537,0
sep-ipop-w121,1,112001,819,838656,845.10057195027673,,50427476023391008,27687903.533279896,0.0051880955274472727,0
sep-ipop-w121,1,112001,844,864256,845.08096949259436,,81146987334779072,25403760.294958115,0.0048176625498409084,0
sep-ipop-w121,1,112001,869,889856,845.08096949259436,,1.1562168999162197e+17,1203358689.9157324,0.004875454137643509,0
sep-ipop-w121,1,112001,893,914432,845.08096949259436,,1.7935625310915504e+17,1951778895.493814,0.0036013908555680776,0
sep-ipop-w121,1,112001,918,940032,845.01335906982422,,2.3931384630075066e+17,3108812766.919951,0.0027985912654269938,0
sep-ipop-w121,1,112001,943,965632,845.01335906982422,,2.7429423603785078e+17,10801725890.85438,0.0029929025684708771,0
sep-ipop-w121,1,112001,968,991232,845.01335906982422,,2.6673520567715533e+17,9150253757.4376392,0.0022583301587835152,0
sep-ipop-w121,1,112001,993,1016832,845.01335906982422,,2.4455033712064557e+17,25803948226.195621,0.0022201981286083545,0
sep-ipop-w121,1,112001,1017,1041408,845.01335906982422,,2.4861075146024938e+17,16982790367.537388,0.0020066365701840528,0
sep-ipop-w121,1,112001,1031,1068032,845.01335906982422,,0.83901169978997125,25.57542684981216,0.96406289220620944,1
sep-ipop-w121,1,112001,1043,1092608,845.01335906982422,,1.1365675110847162,30.326923671687435,0.51925741913852996,1
sep-ipop-w121,1,112001,1056,1119232,845.01335906982422,,1.5014360162413112,19.957352770933618,0.3704686337416766,1
sep-ipop-w121,1,112001,1068,1143808,845.01335906982422,,2.529178709392145,63.387669397323606,0.32717869049727871,1
sep-ipop-w121,1,112001,1081,1170432,845.01335906982422,,3.9506097517627912,140.13228384797881,0.26740815161023918,1
sep-ipop-w121,1,112001,1093,1195008,845.01335906982422,,5.8175406921846822,990.50433137912614,0.26238906669282241,1
sep-ipop-w121,1,112001,1105,1219584,845.01335906982422,,7.6191830218530301,4571.3484679487001,0.24237175917590872,1
sep-ipop-w121,1,112001,1118,1246208,845.01335906982422,,11.017795854561156,8472.6781271549535,0.2382313419534097,1
sep-ipop-w121,1,112001,1130,1270784,845.01335906982422,,20.192448019967454,10734.748939842559,0.26272583333897176,1
sep-ipop-w121,1,112001,1143,1297408,845.01335906982422,,35.964117950312549,7157.8120755875725,0.27311738036817684,1
sep-ipop-w121,1,112001,1155,1321984,845.01335906982422,,61.028394275444306,9722.3860767582555,0.25218725344654314,1
sep-ipop-w121,1,112001,1167,1346560,845.01335906982422,,110.84634699996413,6815.1383945681291,0.2716397125663918,1
sep-ipop-w121,1,112001,1180,1373184,845.01335906982422,,267.88439140723762,4367.6490760883198,0.30650663881861634,1
sep-ipop-w121,1,112001,1192,1397760,845.01335906982422,,605.94066770804091,3357.0849325719146,0.32691800815143168,1
sep-ipop-w121,1,112001,1205,1424384,845.01335906982422,,1542.8152431428216,2486.284090813424,0.30592140983497462,1
sep-ipop-w121,1,112001,1217,1448960,845.01335906982422,,3375.3163995958344,2768.9387674383756,0.3049715556730086,1
sep-ipop-w121,1,112001,1229,1473536,845.01335906982422,,7258.1238434660336,2630.2113476225086,0.27181933527343577,1
sep-ipop-w121,1,112001,1242,1500160,845.01335906982422,,17011.050600524472,4530.6475044465014,0.30667364317315993,1
sep-ipop-w121,1,112001,1254,1524736,845.01335906982422,,35946.584660816268,5650.0525480417773,0.27718579534337812,1
sep-ipop-w121,1,112001,1267,1551360,845.01335906982422,,75392.577436632128,9925.6262334232379,0.27001093673461096,1
sep-ipop-w121,1,112001,1279,1575936,845.01335906982422,,142685.02052396451,7973.6119726956003,0.22691283719615735,1
sep-ipop-w121,1,112001,1291,1600512,845.01335906982422,,321851.83178614441,5613.7349372415028,0.17933740348213797,1
sep-ipop-w121,1,112001,1304,1627136,845.01335906982422,,910089.1023166799,2727.3082658254234,0.19079471064585271,1
sep-ipop-w121,1,112001,1316,1651712,845.01335906982422,,1515947.1911814548,2787.4856538486674,0.12029779979565762,1
sep-ipop-w121,1,112001,1329,1678336,845.01335906982422,,3028257.6031121421,3325.7985678286645,0.077132879594560513,1
sep-ipop-w121,1,112001,1341,1702912,845.01335906982422,,5268877.8556366609,3692.5136034184452,0.052104696466038353,1
sep-ipop-w121,1,112001,1353,1727488,845.01335906982422,,11227743.079780377,2912.8687324212351,0.043500104021510104,1
sep-ipop-w121,1,112001,1366,1754112,845.01335906982422,,27130578.025461927,3652.4670623933207,0.044670436839708179,1
sep-ipop-w121,1,112001,1378,1778688,845.01335906982422,,64799063.322767317,4122.6461117200797,0.049739869217889171,1
sep-ipop-w121,1,112001,1391,1805312,845.01335906982422,,152503965.8830184,3553.9713535121068,0.045818055601925124,1
sep-ipop-w121,1,112001,1403,1829888,845.01335906982422,,332184181.94949996,3327.5665669458922,0.044107439419780771,1
sep-ipop-w121,1,112001,1415,1854464,845.01335906982422,,750149738.5427599,3921.3277056450302,0.044510025215457542,1
sep-ipop-w121,1,112001,1428,1881088,845.01335906982422,,1846947248.4592047,3714.3457269335709,0.040491072005752492,1
sep-ipop-w121,1,112001,1440,1905664,845.01335906982422,,4041330400.0691342,3057.5590561238687,0.037439860617613396,1
sep-ipop-w121,1,112001,1453,1932288,845.01335906982422,,10088378397.041471,2897.0468795056872,0.034126313069656841,1
sep-ipop-w121,1,112001,1465,1956864,845.01335906982422,,22116172520.662075,2980.8341758864553,0.032151859990117965,1
sep-ipop-w121,1,112001,1477,1981440,845.01335906982422,,47077059685.593353,3697.1235903966071,0.030165584021613363,1
sep-ipop-w121,1,112001,1490,2008064,845.01335906982422,,112894251120.51329,8586.308763129422,0.029323211633918753,1
sep-ipop-w121,1,112001,1502,2032640,845.01335906982422,,260401422518.80051,28569.823035412202,0.030348731709512553,1
sep-ipop-w121,1,112001,1515,2059264,845.01335906982422,,616560328364.74414,35584.597739607751,0.028208622439536264,1
sep-ipop-w121,1,112001,1527,2083840,845.01335906982422,,1385651969557.4761,45070.786971975707,0.028072509020616612,1
sep-ipop-w121,1,112001,1539,2108416,845.01335906982422,,3657678789011.2007,29699.484323807552,0.030785558175901749,1
sep-ipop-w121,1,112001,1552,2135040,845.01335906982422,,10054468890623.898,31306.909012832897,0.033488450641463927,1
sep-ipop-w121,1,112001,1564,2159616,845.01335906982422,,25386207620262.406,31268.028734635362,0.033675003058680153,1
sep-ipop-w121,1,112001,1577,2186240,845.01335906982422,,63918665952840.281,26360.131366201087,0.031215570346269646,1
sep-ipop-w121,1,112001,1589,2210816,845.01335906982422,,156142045858828.12,42145.276116054236,0.033310646918820554,1
sep-ipop-w121,1,112001,1601,2235392,845.01335906982422,,416140063899722.38,33029.861094821354,0.032773877718444047,1
sep-ipop-w121,1,112001,1614,2262016,845.01335906982422,,1324306385625183.5,16202.882984187965,0.036455694892063184,1
sep-ipop-w121,1,112001,1626,2286592,845.01335906982422,,5216322053681504,6342.4693208550907,0.060178415581228072,1
sep-ipop-w121,1,112001,1639,2313216,845.01335906982422,,15353890600461568,1906.4082282612803,0.060710599174853386,1
sep-ipop-w121,1,112001,1651,2337792,845.01335906982422,,27702111711262376,1713.0900259873904,0.039369459226361786,1
sep-ipop-w121,1,112001,1663,2362368,845.01335906982422,,37943126665874008,1975.1075669586758,0.021930887986144679,1
sep-ipop-w121,1,112001,1676,2388992,845.01335906982422,,49770612011269992,21608.192192109938,0.018026923271790063,1
sep-ipop-w121,1,112001,1688,2413568,845.01335906982422,,74765361776667888,53665.039611120439,0.016574392299666126,1
sep-ipop-w121,1,112001,1701,2440192,845.01335906982422,,99213712350708384,59597.456202126159,0.013969914063274788,1
sep-ipop-w121,1,112001,1713,2464768,845.01335906982422,,1.477467098998e+17,55026.815988585877,0.012479942925898383,1
sep-ipop-w121,1,112001,1725,2489344,845.01335906982422,,1.9191198948131005e+17,61936.422170555459,0.011520369886515046,1
sep-ipop-w121,1,112001,1738,2515968,845.01335906982422,,2.557204132122129e+17,69342.831613269329,0.010802899903609949,1
sep-ipop-w121,1,112001,1750,2540544,845.01335906982422,,2.9874657525643059e+17,111210.97429285657,0.0096017010927296007,1
sep-ipop-w121,1,112001,1763,2567168,845.01335906982422,,3.6961171667151302e+17,265087.18544322235,0.010574669898507602,1
sep-ipop-w121,1,112001,1775,2591744,845.01335906982422,,4.1985688177601696e+17,293643.81738439389,0.010224992413463191,1
sep-ipop-w121,1,112001,1787,2616320,845.01335906982422,,5.0184814867546643e+17,636640.39249313809,0.0087641333696109654,1
sep-ipop-w121,1,112001,1800,2642944,845.01335906982422,,6.2336296260195379e+17,1611640.3092665011,0.0082718998572434543,1
sep-ipop-w121,1,112001,1812,2667520,845.01335906982422,,7.4656755388859686e+17,2907562.6128970371,0.0069774054268705076,1
sep-ipop-w121,1,112001,1825,2694144,845.01335906982422,,9.1051672311677133e+17,5980549.7246873602,0.0079791675259011392,1
sep-ipop-w121,1,112001,1837,2718720,845.01335906982422,,1.0697670818857504e+18,20728388.736043382,0.0079044510061429402,1
sep-ipop-w121,1,112001,1849,2743296,845.01335906982422,,1.2899653240747891e+18,34382883.308346123,0.0076217721425047612,1
sep-ipop-w121,1,112001,1862,2769920,845.01335906982422,,1.43052606095137e+18,42842926.201278016,0.0068898751711644951,1
sep-ipop-w121,1,112001,1874,2794496,845.01335906982422,,1.5214094151612603e+18,59754752.226770341,0.0063460274117882231,1
sep-ipop-w121,1,112001,1887,2821120,845.01335906982422,,1.7575751208374779e+18,77548898.15731883,0.0064265574672270603,1
sep-ipop-w121,1,112001,1899,2845696,845.01335906982422,,2.3527375427651174e+18,63710065.351410449,0.0060903589821889939,1
sep-ipop-w121,1,112001,1911,2870272,845.01335906982422,,3.1823890030463391e+18,81196423.558276162,0.0055747286854381248,1
sep-ipop-w121,1,112001,1924,2896896,845.01335906982422,,4.9108734074722601e+18,235114483.10177693,0.0066372422710387598,1
sep-ipop-w121,1,112001,1936,2921472,845.01335906982422,,6.6778594852296018e+18,296171434.0270232,0.0061911428580903715,1
sep-ipop-w121,1,112001,1949,2948096,845.01335906982422,,8.7212819305433436e+18,517500823.92865562,0.0063451058666363956,1
sep-ipop-w121,1,112001,1961,2972672,845.01335906982422,,1.0748179812904995e+19,1744037692.0857768,0.014588531113805685,1
sep-ipop-w121,1,112001,1973,2997248,845.01335906982422,,1.9499754808770757e+19,219521326.15077969,0.0069074010530637154,1
sep-ipop-w121,1,112001,1986,3023872,845.01335906982422,,3.3095825031494566e+19,194701259.51216912,0.0063219737903001203,1
sep-ipop-w121,1,112001,1998,3048448,845.01335906982422,,3.8225707271479083e+19,165141584.569617,0.004322666406308062,1
sep-ipop-w121,1,112001,2011,3075072,845.01335906982422,,3.9986280287161893e+19,244953141.84460574,0.004527419207036228,1
sep-ipop-w121,1,112001,2023,3099648,845.01335906982422,,3.771383574060793e+19,211104073.48245907,0.0039415501361530821,1
sep-ipop-w121,1,112001,2035,3124224,845.01335906982422,,3.730506138205945e+19,405015314.49885756,0.0042983421495272839,1
sep-ipop-w121,1,112001,2048,3150848,845.01335906982422,,3.6502727061424026e+19,252879116.93727326,0.0038974638486436288,1
sep-ipop-w121,1,112001,2060,3175424,845.01335906982422,,3.634048706033082e+19,239213411.93429613,0.0037500830787986906,1
sep-ipop-w121,1,112001,2073,3202048,845.01335906982422,,3.9165830395688108e+19,273890980.3532604,0.0041921880700229106,1
sep-ipop-w121,1,112001,2085,3226624,845.01335906982422,,3.9978231924581548e+19,231834409.39138061,0.0038418270884162378,1
sep-ipop-w121,1,112001,2097,3251200,845.01335906982422,,3.95057610068504e+19,228953427.71526435,0.0035706325033134164,1
sep-ipop-w121,1,112001,2110,3277824,845.01335906982422,,3.7679207919571501e+19,175382188.72628272,0.0031291393782527615,1
sep-ipop-w121,1,112001,2118,3304448,845.01335906982422,,0.66567562360023869,7.4686862993226439,1.0485009736684392,2
sep-ipop-w121,1,112001,2124,3329024,845.01335906982422,,0.85464769649900241,16.017801667540908,0.99674082748072945,2
sep-ipop-w121,1,112001,2130,3353600,845.01335906982422,,1.0508991149283564,15.120345729896421,0.77423987130597316,2
sep-ipop-w121,1,112001,2137,3382272,845.01335906982422,,1.3273087290846892,18.245633854932798,0.61514959257918578,2
sep-ipop-w121,1,112001,2143,3406848,845.01335906982422,,1.4913387782270326,17.791223425155778,0.4471094306060921,2
sep-ipop-w121,1,112001,2149,3431424,845.01335906982422,,1.9290845085173001,18.569222666047928,0.40092752485328015,2
sep-ipop-w121,1,112001,2155,3456000,845.01335906982422,,2.6120510376653843,41.353293331314518,0.36438014325814466,2
sep-ipop-w121,1,112001,2161,3480576,845.01335906982422,,3.6022420676558431,89.174023183181447,0.34000707416310183,2
sep-ipop-w121,1,112001,2168,3509248,845.01335906982422,,5.1147606811002637,164.5176014997738,0.32160294453015575,2
sep-ipop-w121,1,112001,2174,3533824,845.01335906982422,,7.1825585442170699,191.02532721849482,0.3156482425585917,2
sep-ipop-w121,1,112001,2180,3558400,845.01335906982422,,10.195708367822528,258.82143375428979,0.33499113715816908,2
sep-ipop-w121,1,112001,2186,3582976,845.01335906982422,,12.898103130003415,354.65487609521034,0.31257377262321306,2
sep-ipop-w121,1,112001,2192,3607552,845.01335906982422,,15.48877444897099,638.87788671072201,0.3065129206608338,2
sep-ipop-w121,1,112001,2199,3636224,845.01335906982422,,18.44331836354861,1259.6181966314068,0.30980176229913736,2
sep-ipop-w121,1,112001,2205,3660800,845.01335906982422,,20.774761353871909,1519.5123523962188,0.28582137856073614,2
sep-ipop-w121,1,112001,2211,3685376,845.01335906982422,,22.899118922788933,2637.865145193327,0.2945371432306263,2
sep-ipop-w121,1,112001,2217,3709952,845.01335906982422,,33.101419191431589,2496.7029044484821,0.33209435609083893,2
sep-ipop-w121,1,112001,2223,3734528,845.01335906982422,,50.027176894368345,1726.0072228862473,0.31066559935933385,2
sep-ipop-w121,1,112001,2230,3763200,845.01335906982422,,75.999826525313324,1443.2506277941186,0.31203858258311623,2
sep-ipop-w121,1,112001,2236,3787776,845.01335906982422,,101.76267229459424,1134.4695444583101,0.27931259138245801,2
sep-ipop-w121,1,112001,2242,3812352,845.01335906982422,,133.57866806793484,1699.4341042629235,0.27238277865030391,2
sep-ipop-w121,1,112001,2248,3836928,845.01335906982422,,169.55064414331972,1989.2579107463428,0.25396941086163677,2
sep-ipop-w121,1,112001,2254,3861504,845.01335906982422,,224.39091973234187,2068.0213833190169,0.26280625704587612,2
sep-ipop-w121,1,112001,2261,3890176,845.01335906982422,,294.21681256984056,2261.3059361625033,0.25347140900920856,2
sep-ipop-w121,1,112001,2267,3914752,845.01335906982422,,387.2861033052547,2763.0970831592563,0.26379086080362435,2
sep-ipop-w121,1,112001,2273,3939328,845.01335906982422,,538.93794683591545,2812.4220311313452,0.27150922582434406,2
sep-ipop-w121,1,112001,2279,3963904,845.01335906982422,,801.15656171506657,3130.4775423163865,0.28846700581980561,2
sep-ipop-w121,1,112001,2285,3988480,845.01335906982422,,1116.7199894544995,3456.4374536866794,0.27751631865671911,2
sep-ipop-w121,1,112001,2292,4017152,845.01335906982422,,1714.0082901522362,3565.2759272314206,0.28556399795431681,2
sep-ipop-w121,1,112001,2298,4041728,845.01335906982422,,2613.9686327486411,3306.9388443487842,0.30018261422485631,2
sep-ipop-w121,1,112001,2304,4066304,845.01335906982422,,3854.6535115169368,2986.615019848824,0.28291199079335011,2
sep-ipop-w121,1,112001,2310,4090880,845.01335906982422,,6103.3337628890185,2542.4597311087687,0.29011644010445403,2
sep-ipop-w121,1,112001,2316,4115456,845.01335906982422,,9452.2658534653146,2685.2928949763323,0.30009812813659742,2
sep-ipop-w121,1,112001,2323,4144128,845.01335906982422,,16120.791488971785,2823.3079874823757,0.30178981810143884,2
sep-ipop-w121,1,112001,2329,4168704,845.01335906982422,,24358.799176198492,3250.4363083705721,0.29284633999009346,2
sep-ipop-w121,1,112001,2335,4193280,845.01335906982422,,37421.07482903856,3370.4612689672449,0.29313763966541567,2
sep-ipop-w121,1,112001,2341,4217856,845.01335906982422,,53059.450767127106,3911.5205603602026,0.27649615014905027,2
sep-ipop-w121,1,112001,2347,4242432,845.01335906982422,,79323.288720519864,4727.7462101284154,0.27780075634410001,2
sep-ipop-w121,1,112001,2354,4271104,845.01335906982422,,123885.05909870246,6217.2328566000197,0.274833702488118,2
sep-ipop-w121,1,112001,2360,4295680,845.01335906982422,,178066.30923881545,7516.1115414473552,0.26184502079838179,2
sep-ipop-w121,1,112001,2366,4320256,845.01335906982422,,260254.55003825639,9092.3065084058762,0.26713675146610816,2
sep-ipop-w121,1,112001,2372,4344832,845.01335906982422,,370457.14737601014,9509.4408614922922,0.25831938617872735,2
sep-ipop-w121,1,112001,2378,4369408,845.01335906982422,,494774.00056369638,11501.846108023883,0.24494573471306669,2
sep-ipop-w121,1,112001,2385,4398080,845.01335906982422,,706089.05357509258,13725.944138242434,0.25005375018120651,2
sep-ipop-w121,1,112001,2391,4422656,845.01335906982422,,945985.3641505905,15424.430566663883,0.25337418026834063,2
sep-ipop-w121,1,112001,2397,4447232,845.01335906982422,,1414593.7676923242,17230.588942446768,0.27237465476264833,2
sep-ipop-w121,1,112001,2403,4471808,845.01335906982422,,2019419.279290023,22020.493009585982,0.26709264246511455,2
sep-ipop-w121,1,112001,2409,4496384,845.01335906982422,,2827783.605467665,30352.506561541191,0.25820832467940141,2
sep-ipop-w121,1,112001,2416,4525056,845.01335906982422,,4429424.2635839703,41652.919701664388,0.26098095766073642,2
sep-ipop-w121,1,112001,2422,4549632,845.01335906982422,,6582672.1944172131,50791.273158014286,0.25581068883571745,2
sep-ipop-w121,1,112001,2428,4574208,845.01335906982422,,9854490.8775280304,50737.395571572408,0.25096261531077241,2
sep-ipop-w121,1,112001,2434,4598784,845.01335906982422,,15101416.615468727,53386.751148070718,0.25718779736922198,2
sep-ipop-w121,1,112001,2440,4623360,845.01335906982422,,29693935.580541909,30327.924961007702,0.2872493757649221,2
sep-ipop-w121,1,112001,2447,4652032,845.01335906982422,,52380059.552178003,19316.185049901687,0.2768595494504183,2
sep-ipop-w121,1,112001,2453,4676608,845.01335906982422,,77767549.952197939,13970.317142555363,0.25792247306889321,2
sep-ipop-w121,1,112001,2459,4701184,845.01335906982422,,110555194.82551876,18297.889544025387,0.2587033564518777,2
sep-ipop-w121,1,112001,2465,4725760,845.01335906982422,,157266886.90351984,20734.703860497579,0.23911143450713682,2
sep-ipop-w121,1,112001,2471,4750336,845.01335906982422,,220323300.13067073,30370.69751696875,0.24070946856731867,2
sep-ipop-w121,1,112001,2478,4779008,845.01335906982422,,330806715.09680718,45164.923409837145,0.24684479844417526,2
sep-ipop-w121,1,112001,2484,4803584,845.01335906982422,,487503556.7524665,67583.962661078025,0.24240292630967439,2
sep-ipop-w121,1,112001,2490,4828160,845.01335906982422,,720932535.31120658,91124.737862242604,0.24486537189982172,2
sep-ipop-w121,1,112001,2496,4852736,845.01335906982422,,1068216679.7322842,115547.02264018253,0.2458997467445341,2
sep-ipop-w121,1,112001,2502,4877312,845.01335906982422,,1649387790.4965158,115256.22318767203,0.25611279165650402,2
sep-ipop-w121,1,112001,2509,4905984,845.01335906982422,,2632382539.2855492,95768.786684025254,0.23862104021262195,2
sep-ipop-w121,1,112001,2515,4930560,845.01335906982422,,3824572063.7539792,134935.70761190896,0.25135279647727565,2
sep-ipop-w121,1,112001,2521,4955136,845.01335906982422,,5620092723.1363058,108294.64566950884,0.2385996182026551,2
sep-ipop-w121,1,112001,2527,4979712,845.01335906982422,,8128395593.4665136,82029.722213141256,0.23301455916027888,2
sep-ipop-w121,1,112001,2533,5004288,845.01335906982422,,12628619805.276049,39387.265763983662,0.21778096234176161,2
sep-ipop-w121,1,112001,2540,5032960,845.01335906982422,,25364633866.286457,15741.417892841313,0.20808719886556665,2
sep-ipop-w121,1,112001,2546,5057536,845.01335906982422,,42931294610.081886,6769.4403984513856,0.17816077938124369,2
sep-ipop-w121,1,112001,2552,5082112,845.01335906982422,,65144837400.968224,4191.1468269988727,0.13980508747353387,2
sep-ipop-w121,1,112001,2558,5106688,845.01335906982422,,89339310687.614197,2565.9722097773483,0.10205149505831805,2
sep-ipop-w121,1,112001,2564,5131264,845.01335906982422,,125318976812.91251,2270.5603898996214,0.078290464157491621,2
sep-ipop-w121,1,112001,2571,5159936,845.01335906982422,,189983477450.71954,3190.6729770119573,0.060759017706890468,2
sep-ipop-w121,1,112001,2577,5184512,845.01335906982422,,343744775320.125,3963.1907863298666,0.070128192927525507,2
sep-ipop-w121,1,112001,2583,5209088,845.01335906982422,,997016756132.0564,3326.5973235112501,0.11606294601621585,2
sep-ipop-w121,1,112001,2589,5233664,845.01335906982422,,2467727243063.1787,2277.6225588551838,0.16395711685534628,2
sep-ipop-w121,1,112001,2595,5258240,845.01335906982422,,3453617986709.4106,2269.9183994120144,0.13826333820636874,2
sep-ipop-w121,1,112001,2602,5286912,845.01335906982422,,5181925509689.4053,3212.3876855494905,0.1224768666027332,2
sep-ipop-w121,1,112001,2608,5311488,845.01335906982422,,7329047214960.6934,4382.3241510369207,0.1044017619113677,2
sep-ipop-w121,1,112001,2614,5336064,845.01335906982422,,11030155112863.865,4895.3234166122666,0.09426670073442725,2
sep-ipop-w121,1,112001,2620,5360640,845.01335906982422,,17211439518882.975,7661.5702678935004,0.095868785091444295,2
sep-ipop-w121,1,112001,2626,5385216,845.01335906982422,,37062579163764.945,8988.2023100862934,0.12177474356757986,2
sep-ipop-w121,1,112001,2633,5413888,845.01335906982422,,62263524716211.539,9264.3853149332772,0.10903590888111221,2
sep-ipop-w121,1,112001,2639,5438464,845.01335906982422,,79561997049002.688,12216.334846609685,0.083701880680115318,2
sep-ipop-w121,1,112001,2645,5463040,845.01335906982422,,103683282205154.84,13040.500859143132,0.066492238785627711,2
sep-ipop-w121,1,112001,2651,5487616,845.01335906982422,,134767317468157.92,17136.52407218708,0.056745247967492918,2
sep-ipop-w121,1,112001,2657,5512192,845.01335906982422,,192000635276712.69,17865.975713181226,0.053090123705246441,2
sep-ipop-w121,1,112001,2664,5540864,845.01335906982422,,281963473072042.69,23748.825834483767,0.046146257301363153,2
sep-ipop-w121,1,112001,2670,5565440,845.01335906982422,,376972144354984.81,22701.402012386388,0.040296379532650708,2
sep-ipop-w121,1,112001,2676,5590016,845.01335906982422,,530308562421713.69,24795.153981850624,0.037937552333812519,2
sep-ipop-w121,1,112001,2682,5614592,845.01335906982422,,767219520441692,29007.872179652852,0.039055653942296181,2
sep-ipop-w121,1,112001,2688,5639168,845.01335906982422,,1082958640059168.6,32612.351253532772,0.03771061083864486,2
sep-ipop-w121,1,112001,2695,5667840,845.01335906982422,,1647227921312769.5,70593.667179672178,0.037488312285712394,2
sep-ipop-w121,1,112001,2701,5692416,845.01335906982422,,2303599946072101,116057.9940408507,0.035610927692425035,2
sep-ipop-w121,1,112001,2707,5716992,845.01335906982422,,3136738363404977,168811.06604625552,0.033321020284540585,2
sep-ipop-w121,1,112001,2713,5741568,845.01335906982422,,4285107232750994.5,183838.00444758136,0.032191834143635661,2
sep-ipop-w121,1,112001,2719,5766144,845.01335906982422,,5448607389728968,214669.10880350167,0.0292125983982231,2
sep-ipop-w121,1,112001,2726,5794816,845.01335906982422,,7577369452923845,264053.10068200901,0.030079799722334842,2
sep-ipop-w121,1,112001,2732,5819392,845.01335906982422,,9502375016196304,241996.66114093267,0.028456318951261248,2
sep-ipop-w121,1,112001,2738,5843968,845.01335906982422,,11633739266949254,239736.77124546489,0.026931249271053285,2
sep-ipop-w121,1,112001,2744,5868544,845.01335906982422,,14193120975961548,230257.70530242118,0.024254718335450922,2
sep-ipop-w121,1,112001,2750,5893120,845.01335906982422,,18191652983968268,246710.07837615121,0.024622787733025543,2
sep-ipop-w121,1,112001,2757,5921792,845.01335906982422,,23871400596665692,312927.04332292866,0.025504432141296184,2
sep-ipop-w121,1,112001,2763,5946368,845.01335906982422,,31320847632063092,278144.6730328782,0.0266257790117824,2
sep-ipop-w121,1,112001,2769,5970944,845.01335906982422,,39999845868451712,288581.13401470188,0.025492502283569342,2
sep-ipop-w121,1,112001,2775,5995520,845.01335906982422,,50699567813595944,360275.4010188739,0.027060671893343661,2
sep-ipop-w121,1,112001,2781,6020096,845.01335906982422,,68611076261191336,516024.64687621192,0.028136822169938725,2
sep-ipop-w121,1,112001,2788,6048768,845.01335906982422,,93399669225737984,741056.64028869977,0.027520687114681433,2
sep-ipop-w121,1,112001,2794,6073344,845.01335906982422,,1.2387395218870154e+17,882959.54078551964,0.024882353636602978,2
sep-ipop-w121,1,112001,2800,6097920,845.01335906982422,,1.6241884126191408e+17,1185359.7410591408,0.023379745503582097,2
sep-ipop-w121,1,112001,2806,6122496,845.01335906982422,,2.1102429573554589e+17,1857092.2902990363,0.021311971135232161,2
sep-ipop-w121,1,112001,2812,6147072,845.01335906982422,,2.758361888736423e+17,1418489.021926783,0.014704703679415804,2
sep-ipop-w121,1,112001,2819,6175744,845.01335906982422,,3.7449045426152723e+17,2229918.4432803318,0.014847986862606247,2
sep-ipop-w121,1,112001,2825,6200320,845.01335906982422,,4.9197703412377382e+17,2550823.4991984167,0.013883204171215628,2
sep-ipop-w121,1,112001,2831,6224896,845.01335906982422,,6.1163910678755482e+17,2298328.5990955341,0.012357063253022606,2
sep-ipop-w121,1,112001,2837,6249472,845.01335906982422,,7.6314446846770458e+17,2421576.2540079798,0.012011146769923041,2
sep-ipop-w121,1,112001,2843,6274048,845.01335906982422,,8.9042970234657459e+17,2543685.5257585961,0.011366309844189666,2
sep-ipop-w121,1,112001,2850,6302720,845.01335906982422,,1.05087450078789e+18,2210731.8951867032,0.010143332240640382,2
sep-ipop-w121,1,112001,2856,6327296,845.01335906982422,,1.2473939442912602e+18,2868839.250416033,0.01019451541017798,2
sep-ipop-w121,1,112001,2862,6351872,845.01335906982422,,1.4283840001973332e+18,2753949.9306814452,0.010003305989237326,2
sep-ipop-w121,1,112001,2868,6376448,845.01335906982422,,1.6673969264889661e+18,2541419.351038842,0.0097450163336539886,2
sep-ipop-w121,1,112001,2874,6401024,845.01335906982422,,1.922630809129271e+18,3160779.2172206868,0.0097853384609989085,2
sep-ipop-w121,1,112001,2881,6429696,845.01335906982422,,2.3898295710910756e+18,2960433.2769728345,0.0095451783972048832,2
sep-ipop-w121,1,112001,2887,6454272,845.01335906982422,,2.8080252253029243e+18,2382324.177420151,0.0094142987746951411,2
sep-ipop-w121,1,112001,2893,6478848,845.01335906982422,,3.2935181655478282e+18,1969435.1926608975,0.0093573180580799088,2
sep-ipop-w121,1,112001,2899,6502400,845.01335906982422,,3.7096867267437005e+18,2240617.0978595037,0.0097343973072886742,2
sep-ipop-w484,1,112001,1,1024,10247.735514322916,,0.2878285000245967,8.9618481771900331,0.12112846104187729,0
sep-ipop-w484,1,112001,5,5120,1980.7073949178059,,0.83968165312692244,61.745551701577227,0.84898245906165648,0
sep-ipop-w484,1,112001,10,10240,1699.922945658366,,1.3135115734913563,117.51933889789076,1.3416126012359908,0
sep-ipop-w484,1,112001,20,20480,1699.922945658366,,2.1691942060879925,7.3430095158370348,0.34608869578346751,0
sep-ipop-w484,1,112001,25,25600,1659.4338518778484,,2.6114861787491352,7.963954199618299,0.29924971807767864,0
sep-ipop-w484,1,112001,40,40960,1540.2509956359863,,3.9577528046855472,75.382342514799149,0.2460746280688737,0
sep-ipop-w484,1,112001,50,51200,1450.6141217549641,,8.0409879838403366,117.73453193651788,0.31758672320509945,0
sep-ipop-w484,1,112001,75,76800,1389.7838973999023,,17.05090184763333,1512.4705874469457,0.25489712349494675,0
sep-ipop-w484,1,112001,80,81920,1375.9050610860188,,18.968738226454249,2600.7911754748848,0.23786530678966342,0
sep-ipop-w484,1,112001,100,102400,1355.4945869445801,,39.006155907488562,8923.7936672857813,0.237988478649789,0
sep-ipop-w484,1,112001,125,128000,1333.2313245137532,,88.459374617962851,10922.820241842946,0.23718857638832855,0
sep-ipop-w484,1,112001,149,152576,1315.8101348876953,,258.81833701786763,20661.925868426642,0.23429141443242421,0
sep-ipop-w484,1,112001,160,163840,1310.1478385925293,,342.06120766942661,37668.899455356317,0.21738332845306932,0
sep-ipop-w484,1,112001,174,178176,1303.8245900472004,,579.08361559108255,32960.159034329234,0.21954351578873502,0
sep-ipop-w484,1,112001,199,203776,1295.4896036783855,,1970.9311301759997,29703.698526566477,0.23553833410985453,0
sep-ipop-w484,1,112001,224,229376,1291.0979626973469,,5328.4018031672249,147922.42357868204,0.22875436573368069,0
sep-ipop-w484,1,112001,249,254976,1286.2251040140789,,14713.092369969761,107453.88386766508,0.24606371207237876,0
sep-ipop-w484,1,112001,255,261120,1283.5599403381348,,22462.87191577852,69985.760856672845,0.26966038801012537,0
sep-ipop-w484,1,112001,273,279552,1270.1923777262371,,118457.11357595939,14969.172710997631,0.28656650146140539,0
sep-ipop-w484,1,112001,298,305152,1190.8501052856445,,1192454.7661727804,3055.8172643195126,0.26645764161968877,0
sep-ipop-w484,1,112001,323,330752,1135.1259892781575,,5162858.5413161945,9045.9421804469093,0.25948778181271392,0
sep-ipop-w484,1,112001,348,356352,1103.580847422282,,15734414.726343693,18978.22019863682,0.24083134637611325,0
sep-ipop-w484,1,112001,373,381952,1069.3125826517742,,64802299.659248739,37505.169655556092,0.22749012186152856,0
sep-ipop-w484,1,112001,397,406528,1048.4277483622234,,255794596.37853664,38583.844625987658,0.23844778883951093,0
sep-ipop-w484,1,112001,422,432128,1013.9436620076498,,1088105371.1855977,39695.260304603187,0.21741201422766396,0
sep-ipop-w484,1,112001,447,457728,966.40083567301429,,8515040660.509408,4163.7674780220923,0.12071571434746745,0
sep-ipop-w484,1,112001,472,483328,931.20344543457031,,33171712701.914234,3794.9193694646024,0.086170499392248093,0
sep-ipop-w484,1,112001,497,508928,906.90628560384118,,149148235545.34027,5093.401235738882,0.079226164207979899,0
sep-ipop-w484,1,112001,521,533504,893.64997990926111,,758318456289.95471,5352.9079499008894,0.07377640275919356,0
sep-ipop-w484,1,112001,546,559104,870.47355779012048,,5419692916561.9678,3959.5221977196429,0.062545646424463711,0
sep-ipop-w484,1,112001,571,584704,860.78743871053064,,21408241459551.098,5792.368910236838,0.039348457648814443,0
sep-ipop-w484,1,112001,596,610304,855.70399602254236,,114352931765980.28,8439.2704800139418,0.038394038416176939,0
sep-ipop-w484,1,112001,621,635904,851.75889587402344,,492501192810487,4554.4958591169261,0.034156546658961125,0
sep-ipop-w484,1,112001,645,660480,848.18448511759436,,917758600258694.62,6586.6065205673858,0.022134666698421356,0
sep-ipop-w484,1,112001,670,686080,847.12585703531897,,1832468827208223.5,21335.596327578107,0.017014023858413441,0
sep-ipop-w484,1,112001,695,711680,846.22803497314453,,4153756871391401,83737.590904414305,0.015293923532446787,0
sep-ipop-w484,1,112001,720,737280,845.70058822631836,,6597485507030438,104615.71503521297,0.0091049201292387628,0
sep-ipop-w484,1,112001,745,762880,845.45734914143884,,8048219031085772,806535.75195109576,0.0069047237759639552,0
sep-ipop-w484,1,112001,769,787456,845.37891896565759,,14869468134985456,2993732.0890185307,0.0072894173235212838,0
sep-ipop-w484,1,112001,794,813056,845.30582427978516,,28475686673305024,28815136.508785401,0.0075886269086754537,0
sep-ipop-w484,1,112001,819,838656,845.10057195027673,,50427476023391008,27687903.533279896,0.0051880955274472727,0
sep-ipop-w484,1,112001,844,864256,845.08096949259436,,81146987334779072,25403760.294958115,0.0048176625498409084,0
sep-ipop-w484,1,112001,869,889856,845.08096949259436,,1.1562168999162197e+17,1203358689.9157324,0.004875454137643509,0
sep-ipop-w484,1,112001,893,914432,845.08096949259436,,1.7935625310915504e+17,1951778895.493814,0.0036013908555680776,0
sep-ipop-w484,1,112001,918,940032,845.01335906982422,,2.3931384630075066e+17,3108812766.919951,0.0027985912654269938,0
sep-ipop-w484,1,112001,943,965632,845.01335906982422,,2.7429423603785078e+17,10801725890.85438,0.0029929025684708771,0
sep-ipop-w484,1,112001,968,991232,845.01335906982422,,2.6673520567715533e+17,9150253757.4376392,0.0022583301587835152,0
sep-ipop-w484,1,112001,993,1016832,845.01335906982422,,2.4455033712064557e+17,25803948226.195621,0.0022201981286083545,0
sep-ipop-w484,1,112001,1017,1041408,845.01335906982422,,2.4861075146024938e+17,16982790367.537388,0.0020066365701840528,0
sep-ipop-w484,1,112001,1031,1068032,845.01335906982422,,0.83901169978997125,25.57542684981216,0.96406289220620944,1
sep-ipop-w484,1,112001,1043,1092608,845.01335906982422,,1.1365675110847162,30.326923671687435,0.51925741913852996,1
sep-ipop-w484,1,112001,1056,1119232,845.01335906982422,,1.5014360162413112,19.957352770933618,0.3704686337416766,1
sep-ipop-w484,1,112001,1068,1143808,845.01335906982422,,2.529178709392145,63.387669397323606,0.32717869049727871,1
sep-ipop-w484,1,112001,1081,1170432,845.01335906982422,,3.9506097517627912,140.13228384797881,0.26740815161023918,1
sep-ipop-w484,1,112001,1093,1195008,845.01335906982422,,5.8175406921846822,990.50433137912614,0.26238906669282241,1
sep-ipop-w484,1,112001,1105,1219584,845.01335906982422,,7.6191830218530301,4571.3484679487001,0.24237175917590872,1
sep-ipop-w484,1,112001,1118,1246208,845.01335906982422,,11.017795854561156,8472.6781271549535,0.2382313419534097,1
sep-ipop-w484,1,112001,1130,1270784,845.01335906982422,,20.192448019967454,10734.748939842559,0.26272583333897176,1
sep-ipop-w484,1,112001,1143,1297408,845.01335906982422,,35.964117950312549,7157.8120755875725,0.27311738036817684,1
sep-ipop-w484,1,112001,1155,1321984,845.01335906982422,,61.028394275444306,9722.3860767582555,0.25218725344654314,1
sep-ipop-w484,1,112001,1167,1346560,845.01335906982422,,110.84634699996413,6815.1383945681291,0.2716397125663918,1
sep-ipop-w484,1,112001,1180,1373184,845.01335906982422,,267.88439140723762,4367.6490760883198,0.30650663881861634,1
sep-ipop-w484,1,112001,1192,1397760,845.01335906982422,,605.94066770804091,3357.0849325719146,0.32691800815143168,1
sep-ipop-w484,1,112001,1205,1424384,845.01335906982422,,1542.8152431428216,2486.284090813424,0.30592140983497462,1
sep-ipop-w484,1,112001,1217,1448960,845.01335906982422,,3375.3163995958344,2768.9387674383756,0.3049715556730086,1
sep-ipop-w484,1,112001,1229,1473536,845.01335906982422,,7258.1238434660336,2630.2113476225086,0.27181933527343577,1
sep-ipop-w484,1,112001,1242,1500160,845.01335906982422,,17011.050600524472,4530.6475044465014,0.30667364317315993,1
sep-ipop-w484,1,112001,1254,1524736,845.01335906982422,,35946.584660816268,5650.0525480417773,0.27718579534337812,1
sep-ipop-w484,1,112001,1267,1551360,845.01335906982422,,75392.577436632128,9925.6262334232379,0.27001093673461096,1
sep-ipop-w484,1,112001,1279,1575936,845.01335906982422,,142685.02052396451,7973.6119726956003,0.22691283719615735,1
sep-ipop-w484,1,112001,1291,1600512,845.01335906982422,,321851.83178614441,5613.7349372415028,0.17933740348213797,1
sep-ipop-w484,1,112001,1304,1627136,845.01335906982422,,910089.1023166799,2727.3082658254234,0.19079471064585271,1
sep-ipop-w484,1,112001,1316,1651712,845.01335906982422,,1515947.1911814548,2787.4856538486674,0.12029779979565762,1
sep-ipop-w484,1,112001,1329,1678336,845.01335906982422,,3028257.6031121421,3325.7985678286645,0.077132879594560513,1
sep-ipop-w484,1,112001,1341,1702912,845.01335906982422,,5268877.8556366609,3692.5136034184452,0.052104696466038353,1
sep-ipop-w484,1,112001,1353,1727488,845.01335906982422,,11227743.079780377,2912.8687324212351,0.043500104021510104,1
sep-ipop-w484,1,112001,1366,1754112,845.01335906982422,,27130578.025461927,3652.4670623933207,0.044670436839708179,1
sep-ipop-w484,1,112001,1378,1778688,845.01335906982422,,64799063.322767317,4122.6461117200797,0.049739869217889171,1
sep-ipop-w484,1,112001,1391,1805312,845.01335906982422,,152503965.8830184,3553.9713535121068,0.045818055601925124,1
sep-ipop-w484,1,112001,1403,1829888,845.01335906982422,,332184181.94949996,3327.5665669458922,0.044107439419780771,1
sep-ipop-w484,1,112001,1415,1854464,845.01335906982422,,750149738.5427599,3921.3277056450302,0.044510025215457542,1
sep-ipop-w484,1,112001,1428,1881088,845.01335906982422,,1846947248.4592047,3714.3457269335709,0.040491072005752492,1
sep-ipop-w484,1,112001,1440,1905664,845.01335906982422,,4041330400.0691342,3057.5590561238687,0.037439860617613396,1
sep-ipop-w484,1,112001,1453,1932288,845.01335906982422,,10088378397.041471,2897.0468795056872,0.034126313069656841,1
sep-ipop-w484,1,112001,1465,1956864,845.01335906982422,,22116172520.662075,2980.8341758864553,0.032151859990117965,1
sep-ipop-w484,1,112001,1477,1981440,845.01335906982422,,47077059685.593353,3697.1235903966071,0.030165584021613363,1
sep-ipop-w484,1,112001,1490,2008064,845.01335906982422,,112894251120.51329,8586.308763129422,0.029323211633918753,1
sep-ipop-w484,1,112001,1502,2032640,845.01335906982422,,260401422518.80051,28569.823035412202,0.030348731709512553,1
sep-ipop-w484,1,112001,1515,2059264,845.01335906982422,,616560328364.74414,35584.597739607751,0.028208622439536264,1
sep-ipop-w484,1,112001,1527,2083840,845.01335906982422,,1385651969557.4761,45070.786971975707,0.028072509020616612,1
sep-ipop-w484,1,112001,1539,2108416,845.01335906982422,,3657678789011.2007,29699.484323807552,0.030785558175901749,1
sep-ipop-w484,1,112001,1552,2135040,845.01335906982422,,10054468890623.898,31306.909012832897,0.033488450641463927,1
sep-ipop-w484,1,112001,1564,2159616,845.01335906982422,,25386207620262.406,31268.028734635362,0.033675003058680153,1
sep-ipop-w484,1,112001,1577,2186240,845.01335906982422,,63918665952840.281,26360.131366201087,0.031215570346269646,1
sep-ipop-w484,1,112001,1589,2210816,845.01335906982422,,156142045858828.12,42145.276116054236,0.033310646918820554,1
sep-ipop-w484,1,112001,1601,2235392,845.01335906982422,,416140063899722.38,33029.861094821354,0.032773877718444047,1
sep-ipop-w484,1,112001,1614,2262016,845.01335906982422,,1324306385625183.5,16202.882984187965,0.036455694892063184,1
sep-ipop-w484,1,112001,1626,2286592,845.01335906982422,,5216322053681504,6342.4693208550907,0.060178415581228072,1
sep-ipop-w484,1,112001,1639,2313216,845.01335906982422,,15353890600461568,1906.4082282612803,0.060710599174853386,1
sep-ipop-w484,1,112001,1651,2337792,845.01335906982422,,27702111711262376,1713.0900259873904,0.039369459226361786,1
sep-ipop-w484,1,112001,1663,2362368,845.01335906982422,,37943126665874008,1975.1075669586758,0.021930887986144679,1
sep-ipop-w484,1,112001,1676,2388992,845.01335906982422,,49770612011269992,21608.192192109938,0.018026923271790063,1
sep-ipop-w484,1,112001,1688,2413568,845.01335906982422,,74765361776667888,53665.039611120439,0.016574392299666126,1
sep-ipop-w484,1,112001,1701,2440192,845.01335906982422,,99213712350708384,59597.456202126159,0.013969914063274788,1
sep-ipop-w484,1,112001,1713,2464768,845.01335906982422,,1.477467098998e+17,55026.815988585877,0.012479942925898383,1
sep-ipop-w484,1,112001,1725,2489344,845.01335906982422,,1.9191198948131005e+17,61936.422170555459,0.011520369886515046,1
sep-ipop-w484,1,112001,1738,2515968,845.01335906982422,,2.557204132122129e+17,69342.831613269329,0.010802899903609949,1
sep-ipop-w484,1,112001,1750,2540544,845.01335906982422,,2.9874657525643059e+17,111210.97429285657,0.0096017010927296007,1
sep-ipop-w484,1,112001,1763,2567168,845.01335906982422,,3.6961171667151302e+17,265087.18544322235,0.010574669898507602,1
sep-ipop-w484,1,112001,1775,2591744,845.01335906982422,,4.1985688177601696e+17,293643.81738439389,0.010224992413463191,1
sep-ipop-w484,1,112001,1787,2616320,845.01335906982422,,5.0184814867546643e+17,636640.39249313809,0.0087641333696109654,1
sep-ipop-w484,1,112001,1800,2642944,845.01335906982422,,6.2336296260195379e+17,1611640.3092665011,0.0082718998572434543,1
sep-ipop-w484,1,112001,1812,2667520,845.01335906982422,,7.4656755388859686e+17,2907562.6128970371,0.0069774054268705076,1
sep-ipop-w484,1,112001,1825,2694144,845.01335906982422,,9.1051672311677133e+17,5980549.7246873602,0.0079791675259011392,1
sep-ipop-w484,1,112001,1837,2718720,845.01335906982422,,1.0697670818857504e+18,20728388.736043382,0.0079044510061429402,1
sep-ipop-w484,1,112001,1849,2743296,845.01335906982422,,1.2899653240747891e+18,34382883.308346123,0.0076217721425047612,1
sep-ipop-w484,1,112001,1862,2769920,845.01335906982422,,1.43052606095137e+18,42842926.201278016,0.0068898751711644951,1
sep-ipop-w484,1,112001,1874,2794496,845.01335906982422,,1.5214094151612603e+18,59754752.226770341,0.0063460274117882231,1
sep-ipop-w484,1,112001,1887,2821120,845.01335906982422,,1.7575751208374779e+18,77548898.15731883,0.0064265574672270603,1
sep-ipop-w484,1,112001,1899,2845696,845.01335906982422,,2.3527375427651174e+18,63710065.351410449,0.0060903589821889939,1
sep-ipop-w484,1,112001,1911,2870272,845.01335906982422,,3.1823890030463391e+18,81196423.558276162,0.0055747286854381248,1
sep-ipop-w484,1,112001,1924,2896896,845.01335906982422,,4.9108734074722601e+18,235114483.10177693,0.0066372422710387598,1
sep-ipop-w484,1,112001,1936,2921472,845.01335906982422,,6.6778594852296018e+18,296171434.0270232,0.0061911428580903715,1
sep-ipop-w484,1,112001,1949,2948096,845.01335906982422,,8.7212819305433436e+18,517500823.92865562,0.0063451058666363956,1
sep-ipop-w484,1,112001,1961,2972672,845.01335906982422,,1.0748179812904995e+19,1744037692.0857768,0.014588531113805685,1
sep-ipop-w484,1,112001,1973,2997248,845.01335906982422,,1.9499754808770757e+19,219521326.15077969,0.0069074010530637154,1
sep-ipop-w484,1,112001,1986,3023872,845.01335906982422,,3.3095825031494566e+19,194701259.51216912,0.0063219737903001203,1
sep-ipop-w484,1,112001,1998,3048448,845.01335906982422,,3.8225707271479083e+19,165141584.569617,0.004322666406308062,1
sep-ipop-w484,1,112001,2011,3075072,845.01335906982422,,3.9986280287161893e+19,244953141.84460574,0.004527419207036228,1
sep-ipop-w484,1,112001,2023,3099648,845.01335906982422,,3.771383574060793e+19,211104073.48245907,0.0039415501361530821,1
sep-ipop-w484,1,112001,2035,3124224,845.01335906982422,,3.730506138205945e+19,405015314.49885756,0.0042983421495272839,1
sep-ipop-w484,1,112001,2048,3150848,845.01335906982422,,3.6502727061424026e+19,252879116.93727326,0.0038974638486436288,1
sep-ipop-w484,1,112001,2060,3175424,845.01335906982422,,3.634048706033082e+19,239213411.93429613,0.0037500830787986906,1
sep-ipop-w484,1,112001,2073,3202048,845.01335906982422,,3.9165830395688108e+19,273890980.3532604,0.0041921880700229106,1
sep-ipop-w484,1,112001,2085,3226624,845.01335906982422,,3.9978231924581548e+19,231834409.39138061,0.0038418270884162378,1
sep-ipop-w484,1,112001,2097,3251200,845.01335906982422,,3.95057610068504e+19,228953427.71526435,0.0035706325033134164,1
sep-ipop-w484,1,112001,2110,3277824,845.01335906982422,,3.7679207919571501e+19,175382188.72628272,0.0031291393782527615,1
sep-ipop-w484,1,112001,2122,3302400,845.01335906982422,,3.6044955603413156e+19,253020125.04602575,0.0033774531026924065,1
sep-ipop-w484,1,112001,2135,3329024,845.01335906982422,,3.4777406017817678e+19,305084863.16206563,0.0029311853504218562,1
sep-ipop-w484,1,112001,2147,3353600,845.01335906982422,,3.3951208969974862e+19,365286048.63224787,0.0031283361240866192,1
sep-ipop-w484,1,112001,2159,3380224,845.01335906982422,,0.39595670388258619,1.4757591393790563,0.43924677412209434,2
sep-ipop-w484,1,112001,2165,3404800,845.01335906982422,,0.83053871605685636,8.3104350381987633,0.92973109757784378,2
sep-ipop-w484,1,112001,2171,3429376,845.01335906982422,,1.0400760713186665,14.541607378482507,0.87362272569519317,2
sep-ipop-w484,1,112001,2178,3458048,845.01335906982422,,1.2692486454023868,15.670873672376603,0.67276372548112762,2
sep-ipop-w484,1,112001,2184,3482624,845.01335906982422,,1.3544540076955385,17.190802791664421,0.47805788621369832,2
sep-ipop-w484,1,112001,2190,3507200,845.01335906982422,,1.6011206486455627,13.884087077451435,0.39560309797491777,2
sep-ipop-w484,1,112001,2196,3531776,845.01335906982422,,1.9462734979178626,15.307266760263479,0.36901724801277441,2
sep-ipop-w484,1,112001,2202,3556352,845.01335906982422,,2.5945939339080981,33.492434501597714,0.36741963046910714,2
sep-ipop-w484,1,112001,2209,3585024,845.01335906982422,,3.9027519126295127,94.731710566016119,0.36540613688199153,2
sep-ipop-w484,1,112001,2215,3609600,845.01335906982422,,5.3931692402920817,142.24053407570634,0.34156752545207586,2
sep-ipop-w484,1,112001,2221,3634176,845.01335906982422,,7.1973495638775153,199.59906029507195,0.33642025996211561,2
sep-ipop-w484,1,112001,2227,3658752,845.01335906982422,,9.9678823055198045,233.81605753651328,0.33694754298992213,2
sep-ipop-w484,1,112001,2233,3683328,845.01335906982422,,12.463812502946006,409.85093781128552,0.32211099828383949,2
sep-ipop-w484,1,112001,2240,3712000,845.01335906982422,,16.290839995753988,649.77481429309205,0.32022496999574818,2
sep-ipop-w484,1,112001,2246,3736576,845.01335906982422,,18.708219073799558,1176.4929955813527,0.30319800402203578,2
sep-ipop-w484,1,112001,2252,3761152,845.01335906982422,,22.962137293404425,2282.390927463583,0.31110637605266428,2
sep-ipop-w484,1,112001,2258,3785728,845.01335906982422,,27.062888087689501,2433.6452295233225,0.28113821203152889,2
sep-ipop-w484,1,112001,2264,3810304,845.01335906982422,,41.286621655328894,2188.5491818999376,0.31918177588563484,2
sep-ipop-w484,1,112001,2271,3838976,845.01335906982422,,67.267846988968003,1777.7031927584126,0.32435684465628878,2
sep-ipop-w484,1,112001,2277,3863552,845.01335906982422,,102.49248640012067,1341.3917457703269,0.31533620271195451,2
sep-ipop-w484,1,112001,2283,3888128,845.01335906982422,,134.25573740879835,1488.2841658678442,0.28340868050192047,2
sep-ipop-w484,1,112001,2289,3912704,845.01335906982422,,182.40486560452206,1970.8846852501554,0.27204382058096882,2
sep-ipop-w484,1,112001,2295,3937280,845.01335906982422,,242.58348326156116,2554.3313219933793,0.26980112402241985,2
sep-ipop-w484,1,112001,2302,3965952,845.01335906982422,,342.86269757986582,3247.6507979304956,0.27551446676591151,2
sep-ipop-w484,1,112001,2308,3990528,845.01335906982422,,447.99412379660845,2847.199226220795,0.26545058348692585,2
sep-ipop-w484,1,112001,2314,4015104,845.01335906982422,,544.41718813236389,3484.0723463339064,0.26195444251529071,2
sep-ipop-w484,1,112001,2320,4039680,845.01335906982422,,781.13941490398634,2959.4547417264334,0.28145685354011507,2
sep-ipop-w484,1,112001,2326,4064256,845.01335906982422,,1065.7731381817277,2605.6369138364653,0.26663327774235934,2
sep-ipop-w484,1,112001,2333,4092928,845.01335906982422,,1607.3634115650593,3460.3170928030941,0.27607848533748358,2
sep-ipop-w484,1,112001,2339,4117504,845.01335906982422,,2214.4130709015317,3929.1627475387299,0.27351803337360686,2
sep-ipop-w484,1,112001,2345,4142080,845.01335906982422,,3598.0484161481713,3871.2268352600872,0.29045952748327492,2
sep-ipop-w484,1,112001,2351,4166656,845.01335906982422,,5540.5031447496549,3306.3180082480476,0.2768839219543624,2
sep-ipop-w484,1,112001,2357,4191232,845.01335906982422,,8031.4785071674814,3426.6852446848939,0.28632523693585443,2
sep-ipop-w484,1,112001,2364,4219904,845.01335906982422,,12779.538178991404,3287.7947642989893,0.2998794724975925,2
sep-ipop-w484,1,112001,2370,4244480,845.01335906982422,,19690.240042886078,3424.0560412721511,0.29533278013349623,2
sep-ipop-w484,1,112001,2376,4269056,845.01335906982422,,30872.355558155366,3629.5611490949905,0.29171798433945223,2
sep-ipop-w484,1,112001,2382,4293632,845.01335906982422,,46051.036913621392,3541.3884575193351,0.28724688422968642,2
sep-ipop-w484,1,112001,2388,4318208,845.01335906982422,,70877.472684837383,3890.8585987950569,0.28885125697348724,2
sep-ipop-w484,1,112001,2395,4346880,845.01335906982422,,122336.04067087747,3772.6439261329274,0.29845566247584815,2
sep-ipop-w484,1,112001,2401,4371456,845.01335906982422,,211914.4818290835,3305.3551108818701,0.30357089823513589,2
sep-ipop-w484,1,112001,2407,4396032,845.01335906982422,,368221.56562874647,2747.3788393973455,0.31169382472002821,2
sep-ipop-w484,1,112001,2413,4420608,845.01335906982422,,597133.0072510282,2548.3814463820217,0.30327685356252199,2
sep-ipop-w484,1,112001,2419,4445184,845.01335906982422,,892268.80057557172,3130.0735629915048,0.29135879322742297,2
sep-ipop-w484,1,112001,2426,4473856,845.01335906982422,,1322385.4935863884,4926.5317547150526,0.28201300906228499,2
sep-ipop-w484,1,112001,2432,4498432,845.01335906982422,,2095871.9213038408,5256.1941722260035,0.278771373166048,2
sep-ipop-w484,1,112001,2438,4523008,845.01335906982422,,2997366.0886958134,6440.6804485531475,0.26707348273133552,2
sep-ipop-w484,1,112001,2444,4547584,845.01335906982422,,4249077.6679676399,10200.556245574424,0.26222204458741044,2
sep-ipop-w484,1,112001,2450,4572160,845.01335906982422,,6172506.0316685559,11293.866685202316,0.25987132159640547,2
sep-ipop-w484,1,112001,2457,4600832,845.01335906982422,,10175866.792574938,12018.508287812836,0.28784579977072405,2
sep-ipop-w484,1,112001,2463,4625408,845.01335906982422,,14653543.545009321,9464.4333952984598,0.26917565086999318,2
sep-ipop-w484,1,112001,2469,4649984,845.01335906982422,,22555027.442277621,7741.0830591620161,0.27995350836090743,2
sep-ipop-w484,1,112001,2475,4674560,845.01335906982422,,34605373.510002084,6529.7086865012952,0.28474985477290293,2
sep-ipop-w484,1,112001,2481,4699136,845.01335906982422,,49814341.978106186,5295.1210196544816,0.26479290742944783,2
sep-ipop-w484,1,112001,2488,4727808,845.01335906982422,,83497582.835965291,6235.7785638547857,0.27248480249666152,2
sep-ipop-w484,1,112001,2494,4752384,845.01335906982422,,126722541.63024941,6460.7777336796516,0.26405707413860757,2
sep-ipop-w484,1,112001,2500,4776960,845.01335906982422,,200287538.17180642,6289.1055377049233,0.27111449628167983,2
sep-ipop-w484,1,112001,2506,4801536,845.01335906982422,,355233951.8952148,4891.630051089578,0.29624774293080031,2
sep-ipop-w484,1,112001,2512,4826112,845.01335906982422,,537927662.36367214,4131.2307060448093,0.28032522030816454,2
sep-ipop-w484,1,112001,2519,4854784,845.01335906982422,,780400349.24068165,4889.2597699906082,0.25177256628698558,2
sep-ipop-w484,1,112001,2525,4879360,845.01335906982422,,1105440412.0350082,7445.9785896948651,0.2632694645705187,2
sep-ipop-w484,1,112001,2531,4903936,845.01335906982422,,1641836408.5468533,8897.4115515351532,0.26827973678750888,2
sep-ipop-w484,1,112001,2537,4928512,845.01335906982422,,2444332617.7431774,11416.475939167402,0.26145512454367259,2
sep-ipop-w484,1,112001,2543,4953088,845.01335906982422,,3715596754.9240441,14794.351979064437,0.26037148301106228,2
sep-ipop-w484,1,112001,2550,4981760,845.01335906982422,,6214833947.0325499,15268.39010153703,0.24871714452023114,2
sep-ipop-w484,1,112001,2556,5006336,845.01335906982422,,10072574187.572802,18625.508611389232,0.26344947814391639,2
sep-ipop-w484,1,112001,2562,5030912,845.01335906982422,,15475124091.238638,20693.609289216009,0.26005186718697948,2
sep-ipop-w484,1,112001,2568,5055488,845.01335906982422,,25866064773.382889,21307.098883554263,0.26943188445415373,2
sep-ipop-w484,1,112001,2574,5080064,845.01335906982422,,43489357055.950294,20000.71333510182,0.26577085314572207,2
sep-ipop-w484,1,112001,2581,5108736,845.01335906982422,,90259021826.052704,14096.713348722773,0.28010069876380633,2
sep-ipop-w484,1,112001,2587,5133312,845.01335906982422,,168617078571.16418,9556.5512875676086,0.28452609273857565,2
sep-ipop-w484,1,112001,2593,5157888,845.01335906982422,,253275314723.0451,14438.054600667041,0.24936459926458482,2
sep-ipop-w484,1,112001,2599,5182464,845.01335906982422,,339505797796.06604,23134.654885796925,0.22349142087054377,2
sep-ipop-w484,1,112001,2605,5207040,845.01335906982422,,528770563296.21832,26952.704290151905,0.22361101771631425,2
sep-ipop-w484,1,112001,2612,5235712,845.01335906982422,,770390830790.1272,22251.583205228271,0.16303529979392162,2
sep-ipop-w484,1,112001,2618,5260288,845.01335906982422,,1083347000837.4216,16588.728838384435,0.12881334875143438,2
sep-ipop-w484,1,112001,2624,5284864,845.01335906982422,,1404396365465.3247,14974.568136552465,0.09811933263288132,2
sep-ipop-w484,1,112001,2630,5309440,845.01335906982422,,1778248443412.7415,12598.981060027274,0.076074227960938795,2
sep-ipop-w484,1,112001,2636,5334016,845.01335906982422,,2384521287226.125,13374.371358367509,0.070278484317429696,2
sep-ipop-w484,1,112001,2643,5362688,845.01335906982422,,3528586608419.5386,12898.592093220677,0.062086984568514539,2
sep-ipop-w484,1,112001,2649,5387264,845.01335906982422,,5238081829017.1416,11749.079900603989,0.058017403111358765,2
sep-ipop-w484,1,112001,2655,5411840,845.01335906982422,,7245701851115.1182,12239.197906020221,0.051538851441521163,2
sep-ipop-w484,1,112001,2661,5436416,845.01335906982422,,9874375448979.2402,21508.417456839114,0.047848171720805938,2
sep-ipop-w484,1,112001,2668,5465088,845.01335906982422,,13797140137100.643,43453.05336276169,0.042716424336373883,2
sep-ipop-w484,1,112001,2674,5489664,845.01335906982422,,17402908339617.689,83245.197566128656,0.041469682557480431,2
sep-ipop-w484,1,112001,2680,5514240,845.01335906982422,,22053784619483.258,81910.6565806992,0.036202639934215332,2
sep-ipop-w484,1,112001,2686,5538816,845.01335906982422,,28505148379592.703,93511.994273736826,0.035230965321840828,2
sep-ipop-w484,1,112001,2692,5563392,845.01335906982422,,35184879530756.57,91411.924129469291,0.029721508531861795,2
sep-ipop-w484,1,112001,2699,5592064,845.01335906982422,,44776108408627.68,146509.95545246312,0.030325930214479997,2
sep-ipop-w484,1,112001,2705,5616640,845.01335906982422,,57931827166574.039,165327.35780762136,0.028227242878842328,2
sep-ipop-w484,1,112001,2711,5641216,845.01335906982422,,77785094185323.531,216366.29934555749,0.029843757759708649,2
sep-ipop-w484,1,112001,2717,5665792,845.01335906982422,,99245922704306.531,210380.33333808163,0.027619954188508038,2
sep-ipop-w484,1,112001,2723,5690368,845.01335906982422,,118916848927966.23,247644.14150909177,0.026118532534869291,2
sep-ipop-w484,1,112001,2730,5719040,845.01335906982422,,146771587136853.94,325743.19520152389,0.026110301966856958,2
sep-ipop-w484,1,112001,2736,5743616,845.01335906982422,,174667175967893.16,443604.81622047169,0.02725282544599715,2
sep-ipop-w484,1,112001,2742,5768192,845.01335906982422,,211808207150979.84,454498.74489134306,0.026272031565537337,2
sep-ipop-w484,1,112001,2748,5792768,845.01335906982422,,251514795931414.31,446245.98055719101,0.024078044842210662,2
sep-ipop-w484,1,112001,2754,5817344,845.01335906982422,,294020895436275.38,589913.1343514917,0.024049136147731433,2
sep-ipop-w484,1,112001,2761,5846016,845.01335906982422,,356694755188999.75,603394.18574986316,0.02184311006210406,2
sep-ipop-w484,1,112001,2767,5870592,845.01335906982422,,413513107878768.81,597136.63989138789,0.019800902246902476,2
sep-ipop-w484,1,112001,2773,5895168,845.01335906982422,,472734717247272.44,523827.63496098795,0.017348893891042605,2
sep-ipop-w484,1,112001,2779,5919744,845.01335906982422,,529599090341406.75,526211.52209826617,0.013950148629987833,2
sep-ipop-w484,1,112001,2785,5944320,845.01335906982422,,655150552290154.12,702084.57364410337,0.014989869216613294,2
sep-ipop-w484,1,112001,2792,5972992,845.01335906982422,,779589111412478.5,611881.97375141468,0.012120757052119948,2
sep-ipop-w484,1,112001,2798,5997568,845.01335906982422,,992170968136855.62,505300.91807223845,0.010757116294955181,2
sep-ipop-w484,1,112001,2804,6022144,845.01335906982422,,1223123301549867.2,881836.39695612586,0.010471025556154524,2
sep-ipop-w484,1,112001,2810,6046720,845.01335906982422,,1469121194514069.8,1935656.5319546117,0.0099876085529450927,2
sep-ipop-w484,1,112001,2816,6071296,845.01335906982422,,1855205994590452,3620772.9684292739,0.010458803395394853,2
sep-ipop-w484,1,112001,2823,6099968,845.01335906982422,,2371860529655760,7166353.9447250161,0.010491439795822911,2
sep-ipop-w484,1,112001,2829,6124544,845.01335906982422,,2719894635599145.5,12823763.863780744,0.010251770889295179,2
sep-ipop-w484,1,112001,2835,6149120,845.01335906982422,,3048348269842098.5,17616317.603833966,0.01004315830343935,2
sep-ipop-w484,1,112001,2841,6173696,845.01335906982422,,3378388003255977,36700163.874329366,0.010792854930533616,2
sep-ipop-w484,1,112001,2847,6198272,845.01335906982422,,3794312211807553.5,93286388.855081961,0.011069928736459107,2
sep-ipop-w484,1,112001,2854,6226944,845.01335906982422,,4433933526922525.5,203686820.87567335,0.011315574366109729,2
sep-ipop-w484,1,112001,2860,6251520,845.01335906982422,,4917189153980038,297094248.52613902,0.012282865537003546,2
sep-ipop-w484,1,112001,2866,6276096,845.01335906982422,,5089155266071010,324035370.94886023,0.011195860753105207,2
sep-ipop-w484,1,112001,2872,6300672,845.01335906982422,,5539025830849103,453495827.07618451,0.011556505792131444,2
sep-ipop-w484,1,112001,2878,6325248,845.01335906982422,,6100950192581260,477256689.06019247,0.011859583896604875,2
sep-ipop-w484,1,112001,2885,6353920,845.01335906982422,,6471664059399637,462805537.71698904,0.010690703414245172,2
sep-ipop-w484,1,112001,2891,6378496,845.01335906982422,,7277824449495929,417012015.71140945,0.010000853158425749,2
sep-ipop-w484,1,112001,2897,6403072,845.01335906982422,,8271928224603862,308988670.54803014,0.0090751257214350192,2
sep-ipop-w484,1,112001,2903,6427648,845.01335906982422,,10983115184349672,486879054.68394566,0.0089975656377974458,2
sep-ipop-w484,1,112001,2909,6452224,845.01335906982422,,13969063985917740,480590627.31825411,0.0077614129902291154,2
sep-ipop-w484,1,112001,2916,6480896,845.01335906982422,,18322925006573532,695999190.67852306,0.0076789388343958655,2
sep-ipop-w484,1,112001,2921,6501376,845.01335906982422,,20989142362040032,854861897.24774742,0.0074806948075883256,2
sep-ipop-l20,2,112002,1,20,7984.758870442708,,0.27903495084848473,1.1291605789950252,0.28717113593933585,0
sep-ipop-l20,2,112002,5,100,2010.5945485432942,,0.26354568658476413,1.400074269817885,0.28713075122532528,0
sep-ipop-l20,2,112002,80,1600,1895.2166786193848,,0.13709311533486696,3.2459306002922159,0.15805125371853818,0
sep-ipop-l20,2,112002,1320,26400,1191.7685724894206,,0.00043030559492027268,915489173.73033512,0.0014524080064352045,0
sep-ipop-l20,2,112002,2376,52300,1191.58118947347,,0.023593590630386775,990.91228308260418,0.026373451762957474,1
sep-ipop-l20,2,112002,3036,78700,1191.58118947347,,0.0041420080186836405,51145770.122032791,0.0039329873061799371,1
sep-ipop-l20,2,112002,3630,102460,1191.58118947347,,0.00058542761448273424,1235624887.586874,0.00050383609438140083,1
sep-ipop-l20,2,112002,3941,127180,1070.8800481160481,,0.32529490431695574,567.79272404931771,0.028997486811595818,2
sep-ipop-l20,2,112002,4259,152620,1023.512254079183,,3.3142901319651079,2904.2624231740224,0.0066841827595580331,2
sep-ipop-l20,2,112002,4620,181500,1022.3934987386068,,0.15055086744355378,141994058.41344017,0.00024487345676367088,2
sep-ipop-l20,2,112002,4818,211180,1022.3934987386068,,3.1183706905419228,4153.1820537957328,0.30056438285774983,3
sep-ipop-l20,2,112002,4950,232300,1022.3934987386068,,40.12973086207829,195405.66280732921,0.27049766020360749,3
sep-ipop-l20,2,112002,5087,254220,1005.5085881551107,,379.46898381453542,26063.165304178383,0.040894322630251563,3
sep-ipop-l20,2,112002,5248,279980,1000.470598856608,,587.3230146981507,1399635.918870959,0.022680689083600096,3
sep-ipop-l20,2,112002,5405,305100,1000.0940488179525,,675.71102182574271,19541988616.941502,0.021029132502015414,3
sep-ipop-l20,2,112002,5544,337900,1000.0940488179525,,2.1139931684761004,712.87454480571978,0.24672193137883167,4
sep-ipop-l20,2,112002,5610,359020,1000.0940488179525,,19.255743784792198,13753.257281186097,0.24879094029230561,4
sep-ipop-l20,2,112002,5742,401260,1000.0940488179525,,3741.596954909875,11271.384739980002,0.089947050570368212,4
sep-ipop-l20,2,112002,5808,422380,1000.0940488179525,,12670.346184286786,495133.11005749082,0.055067053415143001,4
sep-ipop-l20,2,112002,5874,443500,1000.0940488179525,,135092.74428152779,1197111.5870822174,0.058815261697936334,4
sep-ipop-l20,2,112002,5940,464620,1000.0940488179525,,222697.82292871666,461694425.3361516,0.034886584948971844,4
sep-ipop-l20,2,112002,6006,485740,1000.0940488179525,,326349.71695145429,16402215874.670088,0.03176260561811093,4
sep-ipop-l20,2,112002,6138,527980,1000.0940488179525,,756867.40571745636,126147093524.15053,0.021577880230970143,4
sep-ipop-l20,2,112002,6204,549100,1000.0940488179525,,1091054.1725464875,1005469508459.9911,0.031723648040883887,4
sep-ipop-l20,2,112002,6270,580780,1000.0940488179525,,1.1526870042442083,72.921869438419563,0.27278657207215151,5
sep-ipop-l20,2,112002,6336,623020,1000.0940488179525,,13.043547945083082,2467.4538378918487,0.24471769898073562,5
sep-ipop-l20,2,112002,6402,665260,1000.0940488179525,,203.45411980079928,11940.004476333863,0.24896146229224306,5
sep-ipop-l20,2,112002,6435,686380,983.75948715209961,,954.97435771638868,1196.4095058930911,0.073412163588821799,5
sep-ipop-l20,2,112002,6474,711340,959.94417063395179,,4252.2934882417385,7062.3987345593951,0.059986017012225321,5
sep-ipop-l20,2,112002,6515,737580,928.96763483683264,,80043.14343212315,8345.5938573916301,0.090583713400632773,5
sep-ipop-l20,2,112002,6555,763180,907.65605545043945,,395956.28413878387,9439.6532373452137,0.027268548156066871,5
sep-ipop-l20,2,112002,6593,787500,904.51106389363611,,989554.62948955281,10709.916071314228,0.0098968030260951374,5
sep-ipop-l20,2,112002,6633,813100,902.76710637410486,,3450335.6996359276,37370.361297625161,0.0073649337004263581,5
sep-ipop-l20,2,112002,6678,841900,902.31632741292321,,8973296.5131444223,138187.90161892358,0.0083590827088662681,5
sep-ipop-l20,2,112002,6712,863660,902.05771382649743,,13923348.904888358,948878.21286385891,0.010675708006313751,5
sep-ipop-l20,2,112002,6758,893100,901.85085423787439,,17848346.235206168,9282143.0152392294,0.0056537186948245801,5
sep-ipop-l20,2,112002,6793,915500,901.77642822265625,,32668430.507654019,98381087.82692121,0.006441509769500752,5
sep-ipop-l20,2,112002,6832,940460,901.68580881754554,,64363113.564877495,233266896.87431258,0.0063299753974545179,5
sep-ipop-l20,2,112002,6871,965420,901.67535018920898,,100029314.51683261,865402186.95631897,0.0056350858388454512,5
sep-ipop-l20,2,112002,6930,1003180,901.61298243204749,,271765037.9470197,1332640356.2971268,0.0076932232558771345,5
sep-ipop-l20,2,112002,6996,1045420,901.61298243204749,,347521266.13370168,10776099697.654272,0.005168895016383423,5
sep-ipop-l20,2,112002,7062,1110700,901.61298243204749,,1.3634735778010492,18.057516824510103,0.30638472696196367,6
sep-ipop-l20,2,112002,7128,1195180,901.61298243204749,,13.706493131058465,7146.817873925278,0.2544062104179573,6
sep-ipop-l20,2,112002,7194,1279660,901.61298243204749,,232.623384424108,7442.3585933757486,0.27613649313815114,6
sep-ipop-l20,2,112002,7260,1364140,901.61298243204749,,8581.068711980759,4128.4789603628178,0.23767971059808324,6
sep-ipop-l20,2,112002,7326,1448620,901.61298243204749,,282906.56735361664,42137.470374858603,0.25131169049714952,6
sep-ipop-l20,2,112002,7392,1533100,901.61298243204749,,23077575.896905757,1207.116330579993,0.051337103831754209,6
sep-ipop-l20,2,112002,7458,1617580,901.61298243204749,,956428812.53733253,2078.2647038457767,0.032533515352246856,6
sep-ipop-l20,2,112002,7492,1661100,901.27947489420569,,7416543899.8180933,3935.4061768693073,0.028699763110753035,6
sep-ipop-l20,2,112002,7504,1676460,900.58369064331055,,15635774162.248764,2658.2125121892141,0.024766456354204634,6
sep-ipop-l20,2,112002,7524,1702060,898.0470975240072,,47949691866.637138,3185.0880447734171,0.021905500553926979,6
sep-ipop-l20,2,112002,7547,1731500,896.17425028483069,,175083566993.62924,4421.114223323405,0.023681646338869208,6
sep-ipop-l20,2,112002,7564,1753260,894.34253565470374,,428497526661.5658,4079.8452608095313,0.023911459261918021,6
sep-ipop-l20,2,112002,7584,1778860,893.50581868489587,,804690360825.01685,5241.8362057507356,0.017393156801685131,6
sep-ipop-l20,2,112002,7605,1805740,891.80458196004236,,1350788137975.4963,17341.999694478302,0.014582003980226591,6
sep-ipop-l20,2,112002,7625,1831340,890.62039184570312,,2383293914094.0068,72344.019684228479,0.012538911997251252,6
sep-ipop-l20,2,112002,7651,1864620,890.4837544759115,,5614654541871.7354,167055.56778420057,0.012721854740298246,6
sep-ipop-l20,2,112002,7670,1888940,890.11443837483728,,9796290765297.0293,207063.58098988706,0.010824216668565066,6
sep-ipop-l20,2,112002,7687,1910700,889.91884231567383,,15312261680611.334,455546.7608324195,0.010684663058136021,6
sep-ipop-l20,2,112002,7704,1932460,889.48200988769531,,20229890229624.594,349316.70947330288,0.0082672644925477542,6
sep-ipop-l20,2,112002,7724,1958060,889.09850819905603,,29415148115440.312,796059.01341013622,0.0080390867938379355,6
sep-ipop-l20,2,112002,7748,1988780,888.96915562947595,,51492420923194.258,1274269.6834520029,0.0083517703579090181,6
sep-ipop-l20,2,112002,7763,2007980,888.78137715657556,,80796298918870.859,2942391.9055461381,0.010317703348037775,6
sep-ipop-l20,2,112002,7785,2036140,888.63593292236328,,166696832739548.03,2537357.4574671816,0.0094544764086959381,6
sep-ipop-l20,2,112002,7805,2061740,888.52302169799805,,233631863280409.41,3946313.4781534011,0.0074230348336697975,6
sep-ipop-l20,2,112002,7822,2083500,888.3714599609375,,265285711290318.84,7643444.4425046043,0.0061604173779249921,6
sep-ipop-l20,2,112002,7842,2109100,888.28802871704102,,375872373427964.88,9727680.8464130796,0.0065373943552080082,6
sep-ipop-l20,2,112002,7862,2134700,888.20839182535804,,578332665611907.5,18336594.258431423,0.0057997049052254434,6
sep-ipop-l20,2,112002,7885,2164140,888.18274052937829,,521075571277904.38,31377045.126103945,0.0058066669008005395,6
sep-ipop-l20,2,112002,7920,2208940,888.17100143432617,,1359382713033231,68773017.141551599,0.0068209788295112385,6
sep-ipop-l20,2,112002,7963,2263980,888.1254666646322,,2849804745347425.5,360414636.73439473,0.0065860753513255063,6
sep-ipop-l20,2,112002,7986,2293420,888.1254666646322,,4255007860962859.5,321842753.32302177,0.0060424285285719083,6
sep-ipop-l20,2,112002,8052,2377900,888.1254666646322,,4350843199967791,647608118.74243331,0.0043130617384494153,6
sep-ipop-l20,2,112002,8118,2484140,888.1254666646322,,0.76874404043789835,10.470589235066967,0.7396821761053568,7
sep-ipop-l20,2,112002,8184,2653100,888.1254666646322,,8.7690257802597245,1475.6757678810823,0.29954257807006335,7
sep-ipop-l20,2,112002,8250,2822060,888.1254666646322,,286.55915774981304,2887.8934062966177,0.25295471217467796,7
sep-ipop-l20,2,112002,8316,2991020,888.1254666646322,,15318.569413142377,2726.6111030966408,0.29808467350550849,7
sep-ipop-l20,2,112002,8382,3159980,888.1254666646322,,1682342.6749911297,10344.669619399438,0.26116702007315001,7
sep-ipop-l20,2,112002,8448,3328940,888.1254666646322,,42018163.349679984,510190.20361877163,0.21790612318680108,7
sep-ipop-l20,2,112002,8514,3497900,888.1254666646322,,1610359440.1040308,1389285.1389620951,0.22279970108592517,7
sep-ipop-l20,2,112002,8580,3666860,888.1254666646322,,16363758848.720215,9993183.4445670377,0.2088454628108049,7
sep-ipop-l20,2,112002,8646,3835820,888.1254666646322,,2141978932178.4824,203667.28030937532,0.068343136965745954,7
sep-ipop-l20,2,112002,8712,4004780,888.1254666646322,,76742976262338.516,29420.94639959927,0.026096169156969461,7
sep-ipop-l20,2,112002,8778,4173740,888.1254666646322,,2100885495454294.5,62314.048080988425,0.020549261927666488,7
sep-ipop-l20,2,112002,8844,4342700,888.1254666646322,,1.3099215709520043e+17,65922.210674021146,0.022140885784414126,7
sep-ipop-l20,2,112002,8910,4511660,888.1254666646322,,1.0115756700770836e+19,79385.413243005009,0.021695827104038251,7
sep-ipop-l20,2,112002,8976,4680620,888.1254666646322,,7.2218839133125031e+20,76198.432804225406,0.019742662163955232,7
sep-ipop-l20,2,112002,9042,4849580,888.1254666646322,,4.4372662194481696e+22,110814.18073088443,0.017974610373181085,7
sep-ipop-l20,2,112002,9108,5018540,888.1254666646322,,2.1281831279417493e+24,134055.07961142354,0.017683691639019297,7
sep-ipop-l20,2,112002,9174,5187500,888.1254666646322,,6.8644914007969894e+25,130616.58214273119,0.016164819244339958,7
sep-ipop-l20,2,112002,9240,5356460,888.1254666646322,,1.6200291562971154e+27,233623.00527522358,0.01632964517152136,7
sep-ipop-l20,2,112002,9306,5525420,888.1254666646322,,2.8161587456189744e+28,1563566.4140861963,0.015272640206041506,7
sep-ipop-l20,2,112002,9372,5694380,888.1254666646322,,2.0231116317584761e+29,77200766.971642345,0.010248367234838547,7
sep-ipop-l20,2,112002,9438,5863340,888.1254666646322,,8.3281914291348938e+29,319197530.16349125,0.0080603966873342529,7
sep-ipop-l20,2,112002,9504,6032300,888.1254666646322,,3.7404247485494502e+30,4177347630.7540846,0.0076055778724506097,7
sep-ipop-l20,2,112002,9570,6201260,888.1254666646322,,4.1704457728444454e+30,34840833639.985931,0.0047319871424510709,7
sep-ipop-l20,2,112002,9636,6370220,888.1254666646322,,4.1955688760730972e+30,122651539730.6925,0.0059209284652892895,7
sep-ipop-l20-w102,2,112002,1,20,7984.758870442708,,0.27903495084848473,1.1291605789950252,0.28717113593933585,0
sep-ipop-l20-w102,2,112002,5,100,2010.5945485432942,,0.26354568658476413,1.400074269817885,0.28713075122532528,0
sep-ipop-l20-w102,2,112002,80,1600,1895.2166786193848,,0.13709311533486696,3.2459306002922159,0.15805125371853818,0
sep-ipop-l20-w102,2,112002,1254,27960,1191.7685724894206,,0.042047384596827296,413.84146622943109,0.06190455737103287,1
sep-ipop-l20-w102,2,112002,1848,51720,1191.7685724894206,,0.092269871030688858,150186.08413764229,0.031071592835215059,1
sep-ipop-l20-w102,2,112002,2376,77360,1191.7685724894206,,0.14681763521521618,341.23536643187299,0.12299157092249524,2
sep-ipop-l20-w102,2,112002,2679,101600,944.132069905599,,1.0690651789945669,40416.377064670705,0.15376048611267498,2
sep-ipop-l20-w102,2,112002,3000,127280,889.95465723673499,,2.2881317005343114,39709.611713636514,0.0064504454267489165,2
sep-ipop-l20-w102,2,112002,3318,152720,889.25490188598633,,0.59145430808288801,73740255.694516674,0.0012436785504876973,2
sep-ipop-l20-w102,2,112002,3564,183920,889.25490188598633,,0.76397846688353988,10901.57251052569,0.24202344976085147,3
sep-ipop-l20-w102,2,112002,3696,205040,889.25490188598633,,16.536309532945829,58466.391753862699,0.26345427748093081,3
sep-ipop-l20-w102,2,112002,3894,236720,889.25490188598633,,828.90857327517165,6932.4958348028786,0.05780931437131092,3
sep-ipop-l20-w102,2,112002,4026,257840,889.25490188598633,,11388.175431037578,31170.577912220149,0.050844678075592432,3
sep-ipop-l20-w102,2,112002,4224,289520,889.25490188598633,,127091.6183707108,1073698.3516810047,0.0061220692269659581,3
sep-ipop-l20-w102,2,112002,4356,310640,889.25490188598633,,493575.02975951775,999315427.41840219,0.005500557261974107,3
sep-ipop-l20-w102,2,112002,4488,344880,889.25490188598633,,3.2688935097360146,2200.3973111403334,0.2919536041453924,4
sep-ipop-l20-w102,2,112002,4554,366000,889.25490188598633,,46.833241231941585,9311.7163097706052,0.24676577237041619,4
sep-ipop-l20-w102,2,112002,4620,387120,889.25490188598633,,567.43081759622407,6146.4285027324959,0.051390985322699194,4
sep-ipop-l20-w102,2,112002,4686,408240,889.25490188598633,,31539.537864186568,2897.3075623652321,0.063586776508687826,4
sep-ipop-l20-w102,2,112002,4818,450480,889.25490188598633,,503784.73488567432,152133.99814176676,0.012848335914025505,4
sep-ipop-l20-w102,2,112002,4884,471600,889.25490188598633,,750646.29767008044,2053613.0108713713,0.0026984062444158578,4
sep-ipop-l20-w102,2,112002,4950,492720,889.25490188598633,,1291880.5470837278,95787877.237440348,0.0029031373021352791,4
sep-ipop-l20-w102,2,112002,5016,513840,889.25490188598633,,2637856.3181573255,890412994.44395363,0.0017776881496333618,4
sep-ipop-l20-w102,2,112002,5082,548400,889.25490188598633,,1.7561355361019249,110.46054288613171,0.27839778615279992,5
sep-ipop-l20-w102,2,112002,5148,590640,889.25490188598633,,15.718771163723376,3021.1671649711834,0.25534209162957977,5
sep-ipop-l20-w102,2,112002,5214,632880,889.25490188598633,,468.03697786553647,3371.2933281496539,0.29009357823816379,5
sep-ipop-l20-w102,2,112002,5280,675120,889.25490188598633,,11705.745004650229,28331.166745730592,0.26037853369257385,5
sep-ipop-l20-w102,2,112002,5346,717360,889.25490188598633,,94731.022364745673,172862.43303697612,0.14237721894502403,5
sep-ipop-l20-w102,2,112002,5412,759600,889.25490188598633,,893677.29026660859,890278.00220897654,0.059564788918555246,5
sep-ipop-l20-w102,2,112002,5478,801840,889.25490188598633,,9240455.5026183277,1690327.8694646463,0.033259169347060726,5
sep-ipop-l20-w102,2,112002,5544,844080,889.25490188598633,,715899525.10596502,2178678.7265936346,0.061307633700318359,5
sep-ipop-l20-w102,2,112002,5610,886320,889.25490188598633,,24754934665.066418,1538627.3141244443,0.056141132330007129,5
sep-ipop-l20-w102,2,112002,5676,928560,889.25490188598633,,953659947819.82727,2609093.2022554842,0.069509991488076017,5
sep-ipop-l20-w102,2,112002,5742,970800,889.25490188598633,,46492929489020.461,1032759.1028375413,0.10321199967724193,5
sep-ipop-l20-w102,2,112002,5808,1013040,889.25490188598633,,3337162725313423.5,325434.26572148333,0.12902044580157832,5
sep-ipop-l20-w102,2,112002,5874,1055280,889.25490188598633,,4.6498144382348698e+17,192035.67452719802,0.23475650518851154,5
sep-ipop-l20-w102,2,112002,5940,1097520,889.25490188598633,,4.7640855913314775e+18,240036.99165484827,0.037251151116344056,5
sep-ipop-l20-w102,2,112002,6006,1139760,889.25490188598633,,1.4659733373651362e+19,10522843.003556304,0.016185327736771598,5
sep-ipop-l20-w102,2,112002,6072,1182000,889.25490188598633,,4.5807978274580726e+19,92809886.739787936,0.0091831266067954123,5
sep-ipop-l20-w102,2,112002,6138,1224240,889.25490188598633,,3.0386817858993816e+20,128135505.33944921,0.0062686770744785243,5
sep-ipop-l20-w102,2,112002,6204,1266480,889.25490188598633,,8.1193118178188342e+20,343233838.86169678,0.0051992756972617619,5
sep-ipop-l20-w102,2,112002,6270,1308720,889.25490188598633,,7.942519129920475e+20,3411315805.0397716,0.0034883371393608807,5
sep-ipop-l20-w102,2,112002,6336,1377840,889.25490188598633,,2.2639635641871521,170.56763938543946,0.33930880089507831,6
sep-ipop-l20-w102,2,112002,6402,1462320,889.25490188598633,,24.237145420674086,2698.8407551578853,0.25120675727530478,6
sep-ipop-l20-w102,2,112002,6468,1546800,889.25490188598633,,871.35807970375845,7946.4655437311885,0.27632060952092841,6
sep-ipop-l20-w102,2,112002,6534,1631280,889.25490188598633,,18702.978402316166,116622.38510970646,0.21419645456511127,6
sep-ipop-l20-w102,2,112002,6600,1715760,889.25490188598633,,266498.12493424589,2374414.7236325522,0.22329604362859704,6
sep-ipop-l20-w102,2,112002,6666,1800240,889.25490188598633,,1267512.5335484678,369251715.63356531,0.2113180353212695,6
sep-ipop-l20-w102,2,112002,6732,1888560,889.25490188598633,,0.52850007445723812,5.3399797559119184,0.75762805460299576,7
sep-ipop-l20-w102,2,112002,6798,2057520,889.25490188598633,,6.9420133779784639,345.14583396841516,0.27528446335867174,7
sep-ipop-l20-w102,2,112002,6864,2226480,889.25490188598633,,84.583213826201458,3172.8732855332728,0.24709903151571597,7
sep-ipop-l20-w102,2,112002,6930,2395440,889.25490188598633,,8576.3901058324846,2871.3424989233872,0.32193413333232013,7
sep-ipop-l20-w102,2,112002,6996,2564400,889.25490188598633,,369951.24159070413,12398.838264214595,0.24254504034379654,7
sep-ipop-l20-w102,2,112002,7062,2733360,889.25490188598633,,18419343.830991451,6020.1646625210187,0.12279082530812163,7
sep-ipop-l20-w102,2,112002,7128,2902320,889.25490188598633,,940274172.31055915,10650.107255686202,0.061517572110366452,7
sep-ipop-l20-w102,2,112002,7194,3071280,889.25490188598633,,17761383501.673492,16685.120615218639,0.046827943736091115,7
sep-ipop-l20-w102,2,112002,7260,3240240,889.25490188598633,,84101181372.818344,162666.78421043744,0.044737145503768477,7
sep-ipop-l20-w102,2,112002,7326,3409200,889.25490188598633,,237343653132.97186,2239066.8003384611,0.049425116336782773,7
sep-ipop-l20-w102,2,112002,7392,3578160,889.25490188598633,,1178455685865.9763,6255565.8706318941,0.046858825137025106,7
sep-ipop-l20-w102,2,112002,7458,3747120,889.25490188598633,,6035849112415.3984,251845534.0344604,0.043977334038834887,7
sep-ipop-l20-w102,2,112002,7524,3916080,889.25490188598633,,27020701558946.352,1694589344.8026454,0.043975762658782128,7
sep-ipop-l20-w102,2,112002,7590,4085040,889.25490188598633,,77808586388048.562,13294412297.67701,0.046526897946292507,7
sep-ipop-l20-w102,2,112002,7656,4254000,889.25490188598633,,232986601337639.47,245877140906.23975,0.04009376559347777,7
sep-ipop-l20-w102,2,112002,7722,4574000,889.25490188598633,,3.8364740168608478,86.655641572158331,0.32726224446830016,8
sep-ipop-l20-w102,2,112002,7788,4911920,889.25490188598633,,100.77532163558244,2297.8818670768951,0.28657934162549131,8
sep-ipop-l20-w102,2,112002,7854,5249840,889.25490188598633,,3028.6055324897029,8151.3081426273911,0.27810280617512956,8
sep-ipop-l20-w102,2,112002,7920,5587760,889.25490188598633,,252999.19762649792,11312.670319420924,0.27042451576559529,8
sep-ipop-l20-w102,2,112002,7986,5925680,889.25490188598633,,16296221.492616493,49269.156605971759,0.24348799936454385,8
sep-ipop-l20-w102,2,112002,8052,6263600,889.25490188598633,,1356433815.579092,6823.7444388012273,0.060718716612481932,8
sep-ipop-l20-w204,2,112002,1,20,7984.758870442708,,0.27903495084848473,1.1291605789950252,0.28717113593933585,0
sep-ipop-l20-w204,2,112002,5,100,2010.5945485432942,,0.26354568658476413,1.400074269817885,0.28713075122532528,0
sep-ipop-l20-w204,2,112002,80,1600,1895.2166786193848,,0.13709311533486696,3.2459306002922159,0.15805125371853818,0
sep-ipop-l20-w204,2,112002,1254,25920,1191.7685724894206,,0.13517504406368636,3.9841837560049935,0.15061844825333609,1
sep-ipop-l20-w204,2,112002,1914,52320,1191.7685724894206,,0.047083373433922389,9632325.0312652141,0.085625681768648279,1
sep-ipop-l20-w204,2,112002,2574,78720,1191.7685724894206,,0.068941191727907358,190912544.89214757,0.032799833066185183,1
sep-ipop-l20-w204,2,112002,3168,102480,1191.7685724894206,,0.01660354303010968,1302831293.6034343,0.0034943086886106908,1
sep-ipop-l20-w204,2,112002,3574,127080,1124.0682131449382,,0.41351845514903562,8036.885558211864,0.27050955643636765,2
sep-ipop-l20-w204,2,112002,3892,152520,922.58991750081384,,6.2385356416400004,9381.2944630677921,0.10318618359889155,2
sep-ipop-l20-w204,2,112002,4214,178280,879.52039464314782,,4.4249821088581323,107477.00441937537,0.0030735085280540106,2
sep-ipop-l20-w204,2,112002,4554,205480,879.36867777506507,,1.2299424775177805,170037802.86549887,0.00096772107409353973,2
sep-ipop-l20-w204,2,112002,4752,236040,879.36867777506507,,2.6830274959054021,9524.7636501619309,0.20951621102002024,3
sep-ipop-l20-w204,2,112002,4884,257160,879.36867777506507,,24.583167646291699,127609.67694994941,0.1736961089803131,3
sep-ipop-l20-w204,2,112002,5082,288840,879.36867777506507,,587.97423767958344,1042176.2087678086,0.095943733731653533,3
sep-ipop-l20-w204,2,112002,5214,309960,879.36867777506507,,19159.119695380708,1126719.5586132465,0.086722878093775838,3
sep-ipop-l20-w204,2,112002,5346,331080,879.36867777506507,,11352.985148162565,341555.22778851294,0.0029061157126162485,3
sep-ipop-l20-w204,2,112002,5544,362760,879.36867777506507,,203269.82157835495,1141225834.3821237,0.0067612678198154556,3
sep-ipop-l20-w204,2,112002,5676,383880,879.36867777506507,,3033050.486967789,2172178839.9639511,0.0059755408013813793,3
sep-ipop-l20-w204,2,112002,5874,415560,879.36867777506507,,8518178.6072395127,5080907504.7697773,0.004383235010440926,3
sep-ipop-l20-w204,2,112002,6006,449160,879.36867777506507,,2.6033887326129133,743.71161979881811,0.23774978524073673,4
sep-ipop-l20-w204,2,112002,6072,470280,879.36867777506507,,29.258691499975257,8070.3501013699579,0.22835658587892807,4
sep-ipop-l20-w204,2,112002,6138,491400,879.36867777506507,,458.69278429758793,19362.929747009792,0.21131774392969524,4
sep-ipop-l20-w204,2,112002,6204,512520,879.36867777506507,,1973.5379045631612,254305.16278770601,0.19468400799438038,4
sep-ipop-l20-w204,2,112002,6270,533640,879.36867777506507,,7880.3096945676889,1250832.8088624075,0.19095737833892815,4
sep-ipop-l20-w204,2,112002,6402,575880,879.36867777506507,,1916744.7117935752,744746.3897607862,0.040593592932559701,4
sep-ipop-l20-w204,2,112002,6468,597000,879.36867777506507,,8834780.1377636921,1249742.979475589,0.031640235841059898,4
sep-ipop-l20-w204,2,112002,6534,618120,879.36867777506507,,47810476.019008502,11367183.960998554,0.019144759930715276,4
sep-ipop-l20-w204,2,112002,6600,639240,879.36867777506507,,80907931.892414525,1487728192.0292063,0.013705684518907718,4
sep-ipop-l20-w204,2,112002,6732,681480,879.36867777506507,,252581284.81259868,470714498.82015556,0.0025770222723184308,4
sep-ipop-l20-w204,2,112002,6798,702600,879.36867777506507,,322230942.13218474,1900865437.4776177,0.003202105859909645,4
sep-ipop-l20-w204,2,112002,6864,728520,879.36867777506507,,0.79935862458289342,16.781964608945405,0.63933116610074614,5
sep-ipop-l20-w204,2,112002,6930,770760,879.36867777506507,,3.894240991187619,5187.0541477574034,0.25486525585386666,5
sep-ipop-l20-w204,2,112002,6996,813000,879.36867777506507,,54.593253619973552,41029.73037210913,0.20437774613109425,5
sep-ipop-l20-w204,2,112002,7062,855240,879.36867777506507,,1484.5765839524529,15393.859295143104,0.24608473006243184,5
sep-ipop-l20-w204,2,112002,7128,897480,879.36867777506507,,85371.270092549152,2080.4232540645844,0.12877889030488573,5
sep-ipop-l20-w204,2,112002,7194,939720,879.36867777506507,,4769991.2289461652,4709.794158694941,0.077379145046353223,5
sep-ipop-l20-w204,2,112002,7260,981960,879.36867777506507,,191118538.14555705,11664.380709020032,0.080590109333124174,5
sep-ipop-l20-w204,2,112002,7326,1024200,879.36867777506507,,2145280439.7230692,6971.6154949943148,0.019403471248167596,5
sep-ipop-l20-w204,2,112002,7392,1066440,879.36867777506507,,11274153561.625174,37244.193360821613,0.0066620753189192139,5
sep-ipop-l20-w204,2,112002,7458,1108680,879.36867777506507,,65792101501.978416,13530439.738369497,0.0064301100027370191,5
sep-ipop-l20-w204,2,112002,7524,1150920,879.36867777506507,,4352534133693.3135,4989758.2962685507,0.007375633272286468,5
sep-ipop-l20-w204,2,112002,7590,1193160,879.36867777506507,,25033955081198.469,63629154.792041406,0.0043300976978028058,5
sep-ipop-l20-w204,2,112002,7656,1235400,879.36867777506507,,259861612038648.47,258462317.05488369,0.0054387708090991044,5
sep-ipop-l20-w204,2,112002,7722,1277640,879.36867777506507,,3811263416104430.5,261724106.0055646,0.006261500801394395,5
sep-ipop-l20-w204,2,112002,7788,1319880,879.36867777506507,,1.3027472533606851e+17,321872039.46326536,0.0087815296894643274,5
sep-ipop-l20-w204,2,112002,7854,1362120,879.36867777506507,,2.9865679449511059e+17,435646593.92942649,0.0038354071600293273,5
sep-ipop-l20-w204,2,112002,7920,1411400,879.36867777506507,,0.80957307549057111,10.696607419837099,0.68565238881602764,6
sep-ipop-l20-w204,2,112002,7986,1495880,879.36867777506507,,7.5407153065704104,1351.0591557350604,0.24128974089493258,6
sep-ipop-l20-w204,2,112002,8052,1580360,879.36867777506507,,157.80672442654944,14542.599932686657,0.22737475215627359,6
sep-ipop-l20-w204,2,112002,8118,1664840,879.36867777506507,,3367.3919591872336,60723.10733096848,0.24325680383248952,6
sep-ipop-l20-w204,2,112002,8184,1749320,879.36867777506507,,387899.72157389659,15265.161064892298,0.25797708379778189,6
sep-ipop-l20-w204,2,112002,8250,1833800,879.36867777506507,,25176428.103686381,9016.6168939416038,0.24368246714303368,6
sep-ipop-l20-w204,2,112002,8316,1918280,879.36867777506507,,2899358287.0178924,3303.2999507594973,0.21688191885613284,6
sep-ipop-l20-w204,2,112002,8382,2002760,879.36867777506507,,96743145882.245895,3674.0812272857584,0.09678983435673158,6
sep-ipop-l20-w204,2,112002,8448,2087240,879.36867777506507,,5079137156933.4512,2377.4920693262975,0.041345953013694918,6
sep-ipop-l20-w204,2,112002,8514,2171720,879.36867777506507,,185893970088186.78,1763.0566532030739,0.022557985239075509,6
sep-ipop-l20-w204,2,112002,8580,2256200,879.36867777506507,,700751348626989.75,21868.248692607489,0.012912811264285413,6
sep-ipop-l20-w204,2,112002,8646,2340680,879.36867777506507,,5192584666233441,42485.405221854031,0.0043124875117859394,6
sep-ipop-l20-w204,2,112002,8712,2425160,879.36867777506507,,27370468104692952,785464.61139843392,0.0030816072448356718,6
sep-ipop-l20-w204,2,112002,8778,2509640,879.36867777506507,,62319400490284512,6988968.4212854784,0.0029260587684977746,6
sep-ipop-l20-w204,2,112002,8844,2594120,879.36867777506507,,1.02879389227438e+17,270031609.10273993,0.0031096106821263789,6
sep-ipop-l20-w204,2,112002,8910,2678600,879.36867777506507,,3.7901049667330029e+17,173255991.48310208,0.0035891875014009448,6
sep-ipop-l20-w204,2,112002,8976,2763080,879.36867777506507,,1.3258077582768873e+18,4003508675.9253345,0.0026612404150836572,6
sep-ipop-l20-w204,2,112002,9042,2869320,879.36867777506507,,1.0668101818620594,29.899586270191811,0.60717132017231701,7
sep-ipop-l20-w204,2,112002,9108,3038280,879.36867777506507,,11.122336468613012,1950.7625204771791,0.26424423211080494,7
sep-ipop-l20-w204,2,112002,9174,3207240,879.36867777506507,,367.47129605443092,1550.270824987324,0.29266516180243762,7
sep-ipop-l20-w204,2,112002,9240,3376200,879.36867777506507,,11536.681950613576,6064.0080634174265,0.26250549612568197,7
sep-ipop-l20-w204,2,112002,9306,3545160,879.36867777506507,,1766603.5776719113,6098.0468087206455,0.2648312151506762,7
sep-ipop-l20-w204,2,112002,9372,3714120,879.36867777506507,,236959065.45040527,12424.2140437335,0.24472314691895913,7
sep-ipop-l20-w204,2,112002,9438,3883080,879.36867777506507,,21753132003.771729,2062.8509214924829,0.080595475837624178,7
sep-ipop-l20-w204,2,112002,9504,4052040,879.36867777506507,,699197366961.29456,3258.2043526146927,0.020263836390791053,7
sep-ipop-l20-w204,2,112002,9570,4221000,879.36867777506507,,2876792679585.502,44851.232000067241,0.02381111796452192,7
sep-ipop-l20-w204,2,112002,9636,4389960,879.36867777506507,,9877504393966.8555,97836.902121469815,0.0049084181854067745,7
sep-ipop-l20-w204,2,112002,9702,4558920,879.36867777506507,,29933297646357.211,3238035.6838505701,0.0044360924672192043,7
sep-ipop-l20-w204,2,112002,9768,4727880,879.36867777506507,,203371035938324.12,32324451.162260182,0.0041415637809550107,7
sep-ipop-l20-w204,2,112002,9834,4896840,879.36867777506507,,918988639923658.88,476494062.59295946,0.003381505640927629,7
sep-ipop-l20-w204,2,112002,9900,5065800,879.36867777506507,,1629756512063616.8,649540062.11623836,0.0025736858729451233,7
sep-ipop-l20-w204,2,112002,9966,5234760,879.36867777506507,,1724570412655258.2,673658819.77685547,0.0029574499514263882,7
sep-ipop-l20-w204,2,112002,10032,5452360,879.36867777506507,,1.1687880749805113,13.996861174301515,0.76931836312172408,8
sep-ipop-l20-w204,2,112002,10098,5790280,879.36867777506507,,23.740573026181146,1021.5629226926754,0.29939980217993767,8
sep-ipop-l20-w204,2,112002,10164,6128200,879.36867777506507,,608.74557450499708,2630.2711433567365,0.27193507598192718,8
sep-ipop-l20-w204,2,112002,10230,6466120,879.36867777506507,,39339.69360732707,8911.8640017191919,0.26181089417522613,8
sep-ipop-l20-w816,2,112002,1,20,7984.758870442708,,0.27903495084848473,1.1291605789950252,0.28717113593933585,0
sep-ipop-l20-w816,2,112002,5,100,2010.5945485432942,,0.26354568658476413,1.400074269817885,0.28713075122532528,0
sep-ipop-l20-w816,2,112002,80,1600,1895.2166786193848,,0.13709311533486696,3.2459306002922159,0.15805125371853818,0
sep-ipop-l20-w816,2,112002,1320,26400,1191.7685724894206,,0.00043030559492027268,915489173.73033512,0.0014524080064352045,0
sep-ipop-l20-w816,2,112002,2376,52300,1191.58118947347,,0.023593590630386775,990.91228308260418,0.026373451762957474,1
sep-ipop-l20-w816,2,112002,3036,78700,1191.58118947347,,0.0041420080186836405,51145770.122032791,0.0039329873061799371,1
sep-ipop-l20-w816,2,112002,3630,102460,1191.58118947347,,0.00058542761448273424,1235624887.586874,0.00050383609438140083,1
sep-ipop-l20-w816,2,112002,3941,127180,1070.8800481160481,,0.32529490431695574,567.79272404931771,0.028997486811595818,2
sep-ipop-l20-w816,2,112002,4259,152620,1023.512254079183,,3.3142901319651079,2904.2624231740224,0.0066841827595580331,2
sep-ipop-l20-w816,2,112002,4620,181500,1022.3934987386068,,0.15055086744355378,141994058.41344017,0.00024487345676367088,2
sep-ipop-l20-w816,2,112002,4818,211180,1022.3934987386068,,3.1183706905419228,4153.1820537957328,0.30056438285774983,3
sep-ipop-l20-w816,2,112002,4950,232300,1022.3934987386068,,40.12973086207829,195405.66280732921,0.27049766020360749,3
sep-ipop-l20-w816,2,112002,5087,254220,1005.5085881551107,,379.46898381453542,26063.165304178383,0.040894322630251563,3
sep-ipop-l20-w816,2,112002,5248,279980,1000.470598856608,,587.3230146981507,1399635.918870959,0.022680689083600096,3
sep-ipop-l20-w816,2,112002,5405,305100,1000.0940488179525,,675.71102182574271,19541988616.941502,0.021029132502015414,3
sep-ipop-l20-w816,2,112002,5544,337900,1000.0940488179525,,2.1139931684761004,712.87454480571978,0.24672193137883167,4
sep-ipop-l20-w816,2,112002,5610,359020,1000.0940488179525,,19.255743784792198,13753.257281186097,0.24879094029230561,4
sep-ipop-l20-w816,2,112002,5742,401260,1000.0940488179525,,3741.596954909875,11271.384739980002,0.089947050570368212,4
sep-ipop-l20-w816,2,112002,5808,422380,1000.0940488179525,,12670.346184286786,495133.11005749082,0.055067053415143001,4
sep-ipop-l20-w816,2,112002,5874,443500,1000.0940488179525,,135092.74428152779,1197111.5870822174,0.058815261697936334,4
sep-ipop-l20-w816,2,112002,5940,464620,1000.0940488179525,,222697.82292871666,461694425.3361516,0.034886584948971844,4
sep-ipop-l20-w816,2,112002,6006,485740,1000.0940488179525,,326349.71695145429,16402215874.670088,0.03176260561811093,4
sep-ipop-l20-w816,2,112002,6138,527980,1000.0940488179525,,756867.40571745636,126147093524.15053,0.021577880230970143,4
sep-ipop-l20-w816,2,112002,6204,549100,1000.0940488179525,,1091054.1725464875,1005469508459.9911,0.031723648040883887,4
sep-ipop-l20-w816,2,112002,6270,580780,1000.0940488179525,,1.1526870042442083,72.921869438419563,0.27278657207215151,5
sep-ipop-l20-w816,2,112002,6336,623020,1000.0940488179525,,13.043547945083082,2467.4538378918487,0.24471769898073562,5
sep-ipop-l20-w816,2,112002,6402,665260,1000.0940488179525,,203.45411980079928,11940.004476333863,0.24896146229224306,5
sep-ipop-l20-w816,2,112002,6435,686380,983.75948715209961,,954.97435771638868,1196.4095058930911,0.073412163588821799,5
sep-ipop-l20-w816,2,112002,6474,711340,959.94417063395179,,4252.2934882417385,7062.3987345593951,0.059986017012225321,5
sep-ipop-l20-w816,2,112002,6515,737580,928.96763483683264,,80043.14343212315,8345.5938573916301,0.090583713400632773,5
sep-ipop-l20-w816,2,112002,6555,763180,907.65605545043945,,395956.28413878387,9439.6532373452137,0.027268548156066871,5
sep-ipop-l20-w816,2,112002,6593,787500,904.51106389363611,,989554.62948955281,10709.916071314228,0.0098968030260951374,5
sep-ipop-l20-w816,2,112002,6633,813100,902.76710637410486,,3450335.6996359276,37370.361297625161,0.0073649337004263581,5
sep-ipop-l20-w816,2,112002,6678,841900,902.31632741292321,,8973296.5131444223,138187.90161892358,0.0083590827088662681,5
sep-ipop-l20-w816,2,112002,6712,863660,902.05771382649743,,13923348.904888358,948878.21286385891,0.010675708006313751,5
sep-ipop-l20-w816,2,112002,6758,893100,901.85085423787439,,17848346.235206168,9282143.0152392294,0.0056537186948245801,5
sep-ipop-l20-w816,2,112002,6793,915500,901.77642822265625,,32668430.507654019,98381087.82692121,0.006441509769500752,5
sep-ipop-l20-w816,2,112002,6832,940460,901.68580881754554,,64363113.564877495,233266896.87431258,0.0063299753974545179,5
sep-ipop-l20-w816,2,112002,6871,965420,901.67535018920898,,100029314.51683261,865402186.95631897,0.0056350858388454512,5
sep-ipop-l20-w816,2,112002,6930,1003180,901.61298243204749,,271765037.9470197,1332640356.2971268,0.0076932232558771345,5
sep-ipop-l20-w816,2,112002,6996,1045420,901.61298243204749,,347521266.13370168,10776099697.654272,0.005168895016383423,5
sep-ipop-l20-w816,2,112002,7062,1110700,901.61298243204749,,1.3634735778010492,18.057516824510103,0.30638472696196367,6
sep-ipop-l20-w816,2,112002,7128,1195180,901.61298243204749,,13.706493131058465,7146.817873925278,0.2544062104179573,6
sep-ipop-l20-w816,2,112002,7194,1279660,901.61298243204749,,232.623384424108,7442.3585933757486,0.27613649313815114,6
sep-ipop-l20-w816,2,112002,7260,1364140,901.61298243204749,,8581.068711980759,4128.4789603628178,0.23767971059808324,6
sep-ipop-l20-w816,2,112002,7326,1448620,901.61298243204749,,282906.56735361664,42137.470374858603,0.25131169049714952,6
sep-ipop-l20-w816,2,112002,7392,1533100,901.61298243204749,,23077575.896905757,1207.116330579993,0.051337103831754209,6
sep-ipop-l20-w816,2,112002,7458,1617580,901.61298243204749,,956428812.53733253,2078.2647038457767,0.032533515352246856,6
sep-ipop-l20-w816,2,112002,7492,1661100,901.27947489420569,,7416543899.8180933,3935.4061768693073,0.028699763110753035,6
sep-ipop-l20-w816,2,112002,7504,1676460,900.58369064331055,,15635774162.248764,2658.2125121892141,0.024766456354204634,6
sep-ipop-l20-w816,2,112002,7524,1702060,898.0470975240072,,47949691866.637138,3185.0880447734171,0.021905500553926979,6
sep-ipop-l20-w816,2,112002,7547,1731500,896.17425028483069,,175083566993.62924,4421.114223323405,0.023681646338869208,6
sep-ipop-l20-w816,2,112002,7564,1753260,894.34253565470374,,428497526661.5658,4079.8452608095313,0.023911459261918021,6
sep-ipop-l20-w816,2,112002,7584,1778860,893.50581868489587,,804690360825.01685,5241.8362057507356,0.017393156801685131,6
sep-ipop-l20-w816,2,112002,7605,1805740,891.80458196004236,,1350788137975.4963,17341.999694478302,0.014582003980226591,6
sep-ipop-l20-w816,2,112002,7625,1831340,890.62039184570312,,2383293914094.0068,72344.019684228479,0.012538911997251252,6
sep-ipop-l20-w816,2,112002,7651,1864620,890.4837544759115,,5614654541871.7354,167055.56778420057,0.012721854740298246,6
sep-ipop-l20-w816,2,112002,7670,1888940,890.11443837483728,,9796290765297.0293,207063.58098988706,0.010824216668565066,6
sep-ipop-l20-w816,2,112002,7687,1910700,889.91884231567383,,15312261680611.334,455546.7608324195,0.010684663058136021,6
sep-ipop-l20-w816,2,112002,7704,1932460,889.48200988769531,,20229890229624.594,349316.70947330288,0.0082672644925477542,6
sep-ipop-l20-w816,2,112002,7724,1958060,889.09850819905603,,29415148115440.312,796059.01341013622,0.0080390867938379355,6
sep-ipop-l20-w816,2,112002,7748,1988780,888.96915562947595,,51492420923194.258,1274269.6834520029,0.0083517703579090181,6
sep-ipop-l20-w816,2,112002,7763,2007980,888.78137715657556,,80796298918870.859,2942391.9055461381,0.010317703348037775,6
sep-ipop-l20-w816,2,112002,7785,2036140,888.63593292236328,,166696832739548.03,2537357.4574671816,0.0094544764086959381,6
sep-ipop-l20-w816,2,112002,7805,2061740,888.52302169799805,,233631863280409.41,3946313.4781534011,0.0074230348336697975,6
sep-ipop-l20-w816,2,112002,7822,2083500,888.3714599609375,,265285711290318.84,7643444.4425046043,0.0061604173779249921,6
sep-ipop-l20-w816,2,112002,7842,2109100,888.28802871704102,,375872373427964.88,9727680.8464130796,0.0065373943552080082,6
sep-ipop-l20-w816,2,112002,7862,2134700,888.20839182535804,,578332665611907.5,18336594.258431423,0.0057997049052254434,6
sep-ipop-l20-w816,2,112002,7885,2164140,888.18274052937829,,521075571277904.38,31377045.126103945,0.0058066669008005395,6
sep-ipop-l20-w816,2,112002,7920,2208940,888.17100143432617,,1359382713033231,68773017.141551599,0.0068209788295112385,6
sep-ipop-l20-w816,2,112002,7963,2263980,888.1254666646322,,2849804745347425.5,360414636.73439473,0.0065860753513255063,6
sep-ipop-l20-w816,2,112002,7986,2293420,888.1254666646322,,4255007860962859.5,321842753.32302177,0.0060424285285719083,6
sep-ipop-l20-w816,2,112002,8052,2377900,888.1254666646322,,4350843199967791,647608118.74243331,0.0043130617384494153,6
sep-ipop-l20-w816,2,112002,8118,2484140,888.1254666646322,,0.76874404043789835,10.470589235066967,0.7396821761053568,7
sep-ipop-l20-w816,2,112002,8184,2653100,888.1254666646322,,8.7690257802597245,1475.6757678810823,0.29954257807006335,7
sep-ipop-l20-w816,2,112002,8250,2822060,888.1254666646322,,286.55915774981304,2887.8934062966177,0.25295471217467796,7
sep-ipop-l20-w816,2,112002,8316,2991020,888.1254666646322,,15318.569413142377,2726.6111030966408,0.29808467350550849,7
sep-ipop-l20-w816,2,112002,8382,3159980,888.1254666646322,,1682342.6749911297,10344.669619399438,0.26116702007315001,7
sep-ipop-l20-w816,2,112002,8448,3328940,888.1254666646322,,42018163.349679984,510190.20361877163,0.21790612318680108,7
sep-ipop-l20-w816,2,112002,8514,3497900,888.1254666646322,,1610359440.1040308,1389285.1389620951,0.22279970108592517,7
sep-ipop-l20-w816,2,112002,8580,3666860,888.1254666646322,,16363758848.720215,9993183.4445670377,0.2088454628108049,7
sep-ipop-l20-w816,2,112002,8646,3835820,888.1254666646322,,2141978932178.4824,203667.28030937532,0.068343136965745954,7
sep-ipop-l20-w816,2,112002,8712,4004780,888.1254666646322,,76742976262338.516,29420.94639959927,0.026096169156969461,7
sep-ipop-l20-w816,2,112002,8778,4173740,888.1254666646322,,2100885495454294.5,62314.048080988425,0.020549261927666488,7
sep-ipop-l20-w816,2,112002,8844,4342700,888.1254666646322,,1.3099215709520043e+17,65922.210674021146,0.022140885784414126,7
sep-ipop-l20-w816,2,112002,8910,4511660,888.1254666646322,,1.0115756700770836e+19,79385.413243005009,0.021695827104038251,7
sep-ipop-l20-w816,2,112002,8976,4680620,888.1254666646322,,7.2218839133125031e+20,76198.432804225406,0.019742662163955232,7
sep-ipop-l20-w816,2,112002,9042,4849580,888.1254666646322,,4.4372662194481696e+22,110814.18073088443,0.017974610373181085,7
sep-ipop-l20-w816,2,112002,9108,5018540,888.1254666646322,,2.1281831279417493e+24,134055.07961142354,0.017683691639019297,7
sep-ipop-l20-w816,2,112002,9174,5187500,888.1254666646322,,6.8644914007969894e+25,130616.58214273119,0.016164819244339958,7
sep-ipop-l20-w816,2,112002,9240,5356460,888.1254666646322,,1.6200291562971154e+27,233623.00527522358,0.01632964517152136,7
sep-ipop-l20-w816,2,112002,9306,5525420,888.1254666646322,,2.8161587456189744e+28,1563566.4140861963,0.015272640206041506,7
sep-ipop-l20-w816,2,112002,9372,5694380,888.1254666646322,,2.0231116317584761e+29,77200766.971642345,0.010248367234838547,7
sep-ipop-l20-w816,2,112002,9438,5863340,888.1254666646322,,8.3281914291348938e+29,319197530.16349125,0.0080603966873342529,7
sep-ipop-l20-w816,2,112002,9504,6032300,888.1254666646322,,3.7404247485494502e+30,4177347630.7540846,0.0076055778724506097,7
sep-ipop-l20-w816,2,112002,9570,6201260,888.1254666646322,,4.1704457728444454e+30,34840833639.985931,0.0047319871424510709,7
sep-ipop-l20-w816,2,112002,9636,6370220,888.1254666646322,,4.1955688760730972e+30,122651539730.6925,0.0059209284652892895,7
sep-ipop-l20-w204-min01,2,112002,1,20,7984.758870442708,,0.27903495084848473,1.1291605789950252,0.28717113593933585,0
sep-ipop-l20-w204-min01,2,112002,5,100,2010.5945485432942,,0.26354568658476413,1.400074269817885,0.28713075122532528,0
sep-ipop-l20-w204-min01,2,112002,80,1600,1895.2166786193848,,0.13709311533486696,3.2459306002922159,0.15805125371853818,0
sep-ipop-l20-w204-min01,2,112002,1254,25920,1191.7685724894206,,0.13517504406368636,3.9841837560049935,0.15061844825333609,1
sep-ipop-l20-w204-min01,2,112002,1914,52320,1191.7685724894206,,0.047083373433922389,9632325.0312652141,0.085625681768648279,1
sep-ipop-l20-w204-min01,2,112002,2574,78720,1191.7685724894206,,0.068941191727907358,190912544.89214757,0.032799833066185183,1
sep-ipop-l20-w204-min01,2,112002,3102,103960,1191.7685724894206,,0.14490946080761469,182.47251751810461,0.14944758457619078,2
sep-ipop-l20-w204-min01,2,112002,3397,127560,1000.2678642272949,,0.9898212696472245,116286.81981651632,0.17840464583634782,2
sep-ipop-l20-w204-min01,2,112002,3710,152600,960.87098566691077,,0.67259435008463353,63142854.938365877,0.036439355972268044,2
sep-ipop-l20-w204-min01,2,112002,4025,177800,958.45526504516602,,4.836720153779952,220352183.40024573,0.019904176842112209,2
sep-ipop-l20-w204-min01,2,112002,4356,204360,958.34230295817054,,0.29665440097893975,1.6913777348064405,0.33839492719528452,3
sep-ipop-l20-w204-min01,2,112002,4554,236040,958.34230295817054,,2.4390059026298796,12876.764598883512,0.21623901650285524,3
sep-ipop-l20-w204-min01,2,112002,4686,257160,958.34230295817054,,61.855204060289203,21313.042511043204,0.21719486278182326,3
sep-ipop-l20-w204-min01,2,112002,4884,288840,958.34230295817054,,1431.5375456586564,135514.64266540448,0.15221580263413353,3
sep-ipop-l20-w204-min01,2,112002,5016,309960,958.34230295817054,,7307.9121013006879,2217274.8583080396,0.21111494121883254,3
sep-ipop-l20-w204-min01,2,112002,5148,331080,958.34230295817054,,368007.43888509687,1226370.8204360986,0.24718499256682747,3
sep-ipop-l20-w204-min01,2,112002,5346,362760,958.34230295817054,,41334240.175462522,1105531.9963755708,0.13196849279805295,3
sep-ipop-l20-w204-min01,2,112002,5478,383880,958.34230295817054,,209622065.62564775,628500.5826177072,0.013340604776285427,3
sep-ipop-l20-w204-min01,2,112002,5676,415560,958.34230295817054,,266887996.12502635,591781041.28247976,0.0059029378569810196,3
sep-ipop-l20-w204-min01,2,112002,5808,441640,958.34230295817054,,0.77284561248815642,259.09168529672422,0.28759307466953582,4
sep-ipop-l20-w204-min01,2,112002,5874,462760,958.34230295817054,,6.4118515710334743,1623.9875368660278,0.24034106103552028,4
sep-ipop-l20-w204-min01,2,112002,5940,483880,958.34230295817054,,135.91667307899661,13216.104046315995,0.24636485863928065,4
sep-ipop-l20-w204-min01,2,112002,6016,508200,925.61309305826819,,3504.1461598517371,24513.77789325664,0.088324107862164158,4
sep-ipop-l20-w204-min01,2,112002,6096,533800,883.7675666809082,,175166.15468757716,25191.142462695931,0.040966120310720229,4
sep-ipop-l20-w204-min01,2,112002,6177,559720,873.13512420654297,,9223999.077899849,18844.6082983667,0.032930855104116828,4
sep-ipop-l20-w204-min01,2,112002,6256,585000,852.75273640950525,,601521505.43852687,6395.174403574757,0.032115059295331448,4
sep-ipop-l20-w204-min01,2,112002,6333,609640,840.02208964029944,,11104797540.349424,31301.649809217626,0.024745900959674959,4
sep-ipop-l20-w204-min01,2,112002,6413,635240,836.34525553385413,,57912948810.908089,388998.26167978323,0.0092037320956945799,4
sep-ipop-l20-w204-min01,2,112002,6493,660840,835.65754318237305,,221588942328.12665,30916976.875285272,0.0045659687491268301,4
sep-ipop-l20-w204-min01,2,112002,6597,694120,835.45852661132812,,565997171521.28711,853679287.36286175,0.0031701413399444372,4
sep-ipop-l20-w204-min01,2,112002,6666,719400,835.45852661132812,,0.66990722228171207,13.811522321293662,0.5901167830284233,5
sep-ipop-l20-w204-min01,2,112002,6732,761640,835.45852661132812,,4.3745030483007499,593.22486841540217,0.25907099848619941,5
sep-ipop-l20-w204-min01,2,112002,6798,803880,835.45852661132812,,97.400831045678558,3691.3554805965323,0.22383952629579543,5
sep-ipop-l20-w204-min01,2,112002,6864,846120,835.45852661132812,,3020.1011459100127,29443.759499304804,0.20358548534809806,5
sep-ipop-l20-w204-min01,2,112002,6930,888360,835.45852661132812,,25780.240019423589,76220.117941927849,0.046018954657785043,5
sep-ipop-l20-w204-min01,2,112002,6996,930600,835.45852661132812,,131953.07516243684,5140301.5226290636,0.041687508539495599,5
sep-ipop-l20-w204-min01,2,112002,7062,972840,835.45852661132812,,2784121.6485196804,20663703.781235114,0.049697878003719456,5
sep-ipop-l20-w204-min01,2,112002,7128,1015080,835.45852661132812,,9721382.8820144441,521747909.68410015,0.04161459255487885,5
sep-ipop-l20-w204-min01,2,112002,7194,1057320,835.45852661132812,,27536863.943722337,57303037523.901031,0.038372332372884524,5
sep-ipop-l20-w204-min01,2,112002,7260,1099560,835.45852661132812,,32336114.468532059,154710058729.26196,0.039372276307036137,5
sep-ipop-l20-w204-min01,2,112002,7326,1141800,835.45852661132812,,133225063.07845779,83951391300.053085,0.03141155412892499,5
sep-ipop-l20-w204-min01,2,112002,7392,1184040,835.45852661132812,,129904222.41355303,707784538413.09741,0.027456206276453416,5
sep-ipop-l20-w204-min01,2,112002,7458,1262760,835.45852661132812,,3.698587089245347,443.62180344160424,0.31120390592378994,6
sep-ipop-l20-w204-min01,2,112002,7524,1347240,835.45852661132812,,42.515961159688906,1497.7710852890846,0.27069920434243999,6
sep-ipop-l20-w204-min01,2,112002,7590,1431720,835.45852661132812,,1380.2292384540315,2842.9211211923694,0.30713586894869815,6
sep-ipop-l20-w204-min01,2,112002,7656,1516200,835.45852661132812,,46447.545938366966,70530.125911911658,0.20863202887132734,6
sep-ipop-l20-w204-min01,2,112002,7722,1600680,835.45852661132812,,2411933.3457532492,11687.292425346986,0.051745742650526304,6
sep-ipop-l20-w204-min01,2,112002,7788,1685160,835.45852661132812,,22419871.240459014,19823.41633862794,0.020055553074541876,6
sep-ipop-l20-w204-min01,2,112002,7854,1769640,835.45852661132812,,92690883.938584059,469357.04721180419,0.0060816092939133841,6
sep-ipop-l20-w204-min01,2,112002,7920,1854120,835.45852661132812,,215189504.08624491,35640016.69340241,0.0050270204922921316,6
sep-ipop-l20-w204-min01,2,112002,7986,1938600,835.45852661132812,,857968363.40093279,21593688.742595188,0.0047982313799620618,6
sep-ipop-l20-w204-min01,2,112002,8052,2023080,835.45852661132812,,3200261370.7096004,518191670.98919541,0.0050106372328521257,6
sep-ipop-l20-w204-min01,2,112002,8118,2107560,835.45852661132812,,3634680587.1803904,822193731.62174499,0.002929592644339923,6
sep-ipop-l20-w204-min01,2,112002,8184,2226600,835.45852661132812,,1.396976475018834,21.384512136192896,0.37834444039142306,7
sep-ipop-l20-w204-min01,2,112002,8250,2395560,835.45852661132812,,16.734522640250827,2826.5438460312394,0.28830875027931036,7
sep-ipop-l20-w204-min01,2,112002,8316,2564520,835.45852661132812,,655.64507743196839,1718.3724265595099,0.28402912998512997,7
sep-ipop-l20-w204-min01,2,112002,8382,2733480,835.45852661132812,,40150.458376748677,5089.3390629038167,0.26434630331487091,7
sep-ipop-l20-w204-min01,2,112002,8448,2902440,835.45852661132812,,2434468.0220875526,169653.61482155212,0.26681251373853404,7
sep-ipop-l20-w204-min01,2,112002,8514,3071400,835.45852661132812,,184012122.00228715,141405.08521748893,0.25070176697020058,7
sep-ipop-l20-w204-min01,2,112002,8580,3240360,835.45852661132812,,12732262907.059898,374198.08958783752,0.24375550108609179,7
sep-ipop-l20-w204-min01,2,112002,8646,3409320,835.45852661132812,,588124064124.92383,1560268.1890722504,0.21918672283668686,7
sep-ipop-l20-w204-min01,2,112002,8712,3578280,835.45852661132812,,33306574482454.539,11722.04828555622,0.052899426329819275,7
sep-ipop-l20-w204-min01,2,112002,8778,3747240,835.45852661132812,,1116147003745045.2,19624.781807090199,0.02734506082321524,7
sep-ipop-l20-w204-min01,2,112002,8844,3916200,835.45852661132812,,15660191826176056,33074.594192537144,0.023170335265551879,7
sep-ipop-l20-w204-min01,2,112002,8910,4085160,835.45852661132812,,4.1065178317356653e+17,12594.815476615562,0.012162380273930413,7
sep-ipop-l20-w204-min01,2,112002,8976,4254120,835.45852661132812,,5.9372391948116951e+18,541176.92241603276,0.00912135384415972,7
sep-ipop-l20-w204-min01,2,112002,9042,4423080,835.45852661132812,,2.4333067810698895e+19,13843933.352877488,0.0072926111383501031,7
sep-ipop-l20-w204-min01,2,112002,9108,4592040,835.45852661132812,,1.1899563990464178e+20,40960394.77880314,0.0088957230441715756,7
sep-ipop-l20-w204-min01,2,112002,9174,4761000,835.45852661132812,,4.7323615809279099e+20,120513309.31830168,0.0069309181850368985,7
sep-ipop-l20-w204-min01,2,112002,9240,4929960,835.45852661132812,,1.6107163744074531e+21,906012812.51594985,0.0044627950323687243,7
sep-ipop-l20-w204-min01,2,112002,9306,5098920,835.45852661132812,,1.7362169168006697e+21,2488691451.1604099,0.0027876246297371941,7
sep-ipop-l20-w204-min01,2,112002,9372,5267880,835.45852661132812,,1.8217945228904707e+21,3470084398.2037964,0.0027741381627801342,7
sep-ipop-l20-w204-min01,2,112002,9438,5436840,835.45852661132812,,1.8191649893464966e+21,5239079003.0373363,0.0028672535662905532,7
sep-ipop-l20-w204-min01,2,112002,9504,5774760,835.45852661132812,,10.365877312241297,394.58741437587548,0.26720471095983495,8
sep-ipop-l20-w204-min01,2,112002,9570,6112680,835.45852661132812,,188.3204882888883,1761.4629885684265,0.25266125596579253,8
sep-ipop-l20-w204-min01,2,112002,9636,6450600,835.45852661132812,,16575.135315278058,2448.8833434481767,0.27625877752028205,8
sep-ipop,2,112002,1,1024,10026.645351409912,,0.29031814222906571,5.9220241001126048,0.12001749339128809,0
sep-ipop,2,112002,5,5120,1955.2368240356445,,0.78302565693176196,45.699688220793512,0.70507847666326118,0
sep-ipop,2,112002,10,10240,1704.8680241902669,,1.2427519734891037,83.761642454782361,1.1166225432656682,0
sep-ipop,2,112002,20,20480,1700.0986048380535,,2.2728193115418125,7.653745275318439,0.38531382835515737,0
sep-ipop,2,112002,25,25600,1648.8705062866211,,2.5703116235266625,8.7571863382165187,0.31710644956635653,0
sep-ipop,2,112002,40,40960,1566.1147219340007,,4.142048344193932,90.243405461023329,0.28179738031585078,0
sep-ipop,2,112002,50,51200,1488.1737365722656,,8.1121436881784952,156.63803815008703,0.27962175701148972,0
sep-ipop,2,112002,75,76800,1371.5075136820476,,16.488994836901483,718.92908661290119,0.21860222429719675,0
sep-ipop,2,112002,80,81920,1353.6064389546711,,19.787911638446584,1160.6879804383088,0.21478979402840925,0
sep-ipop,2,112002,100,102400,1337.6333554585774,,39.140236300331637,4460.2801596750651,0.2440151065641194,0
sep-ipop,2,112002,125,128000,1319.9685770670574,,97.534486780886851,11578.789214128905,0.24625453088951857,0
sep-ipop,2,112002,149,152576,1306.3423817952473,,366.04581614716528,23748.9690521595,0.25894408704170552,0
sep-ipop,2,112002,160,163840,1303.6655362447102,,497.84285461019687,54720.667353395918,0.21801798575100106,0
sep-ipop,2,112002,174,178176,1300.9237009684246,,919.93306854514799,114811.92656919091,0.23482064144963086,0
sep-ipop,2,112002,199,203776,1295.6892064412434,,2948.1099949278037,131197.31758616713,0.24486934900830754,0
sep-ipop,2,112002,224,229376,1282.4365297953289,,12184.567944405782,57761.119786519041,0.26896651250353115,0
sep-ipop,2,112002,249,254976,1225.5234845479329,,111223.17109266826,5546.0688232365692,0.29497727784972122,0
sep-ipop,2,112002,255,261120,1211.3624954223633,,180661.87578532018,4390.8901258084234,0.29485379405487733,0
sep-ipop,2,112002,273,279552,1142.1674880981445,,537901.7813201918,4399.5755098508353,0.25522308263244475,0
sep-ipop,2,112002,298,305152,1067.292350769043,,1481244.8447997896,13600.359588002757,0.22420036082642844,0
sep-ipop,2,112002,323,330752,1029.7588640848796,,4876432.5992201921,29965.738820061055,0.23702393888763171,0
sep-ipop,2,112002,348,356352,1012.0330047607422,,12864723.924779521,49270.760265475146,0.20152506076212628,0
sep-ipop,2,112002,373,381952,1002.8722254435221,,44296293.968768366,185707.02774376742,0.23289215894138654,0
sep-ipop,2,112002,397,406528,998.74546813964844,,253964005.16183636,111954.49030759885,0.28230799259866796,0
sep-ipop,2,112002,422,432128,978.92599741617835,,2301318479.9593287,33211.887828860745,0.25064642280294214,0
sep-ipop,2,112002,447,457728,959.27624003092444,,11748963643.809433,48007.307360610357,0.26281940412135379,0
sep-ipop,2,112002,472,483328,943.15803400675452,,41753595258.303802,55786.69871740626,0.22603781908720094,0
sep-ipop,2,112002,497,508928,933.21504847208655,,145770640962.82782,142488.34831403257,0.24236185660814918,0
sep-ipop,2,112002,521,533504,927.23917516072595,,743960395260.69983,74659.178023822227,0.22394088039898311,0
sep-ipop,2,112002,546,559104,910.29578526814782,,2992206721874.9946,22114.878602970639,0.10498354068514844,0
sep-ipop,2,112002,571,584704,903.54842631022132,,10146017640647.936,12848.529787925352,0.053143595526157661,0
sep-ipop,2,112002,596,610304,900.43303298950195,,37470170377487.547,11597.392221110236,0.040415287714759038,0
sep-ipop,2,112002,621,635904,898.41272226969397,,99135469510828.047,15841.436911778628,0.026155687501403041,0
sep-ipop,2,112002,645,660480,897.38033167521155,,277003294789739.81,51157.921016453023,0.023290106195928324,0
sep-ipop,2,112002,670,686080,896.65928268432617,,744202167819916,115105.65063407019,0.02230403401302937,0
sep-ipop,2,112002,695,711680,896.20708847045898,,2192060480903208.5,81025.46727935478,0.019226275717590037,0
sep-ipop,2,112002,720,737280,895.72826639811194,,5264619262033269,180660.50043590931,0.020305855383312778,0
sep-ipop,2,112002,745,762880,895.35160191853845,,8626873915586104,129939.66582764413,0.015519950861621844,0
sep-ipop,2,112002,769,787456,895.02821731567383,,13466727193102194,351746.67831625824,0.014558951761414172,0
sep-ipop,2,112002,794,813056,894.86952972412109,,20288169702442644,15361830.554870114,0.015203441002801963,0
sep-ipop,2,112002,819,838656,894.72080230712891,,74079098836020880,72543848.03433466,0.018489622510107367,0
sep-ipop,2,112002,844,864256,894.58423360188806,,3.5817437045668627e+17,22819274.401786909,0.016144030761444231,0
sep-ipop,2,112002,869,889856,894.38390986124671,,1.447513493903658e+18,32595932.466342796,0.018798977179679006,0
sep-ipop,2,112002,893,914432,894.16729227701819,,6.1743828453428828e+18,9284225.6914124358,0.017953749571254576,0
sep-ipop,2,112002,918,940032,893.93500773111975,,2.6577647066875961e+19,9894849.3725415673,0.019635513815693957,0
sep-ipop,2,112002,943,965632,893.72046661376953,,1.1432273502027842e+20,7841638.225057669,0.019646320029017859,0
sep-ipop,2,112002,968,991232,893.45189666748047,,4.2914273083987191e+20,11062643.453800594,0.01871145442064959,0
sep-ipop,2,112002,993,1016832,893.17704900105798,,1.6525416025972269e+21,6358820.7457883554,0.018194935127962084,0
sep-ipop,2,112002,1017,1041408,892.90044403076172,,5.5955341516570288e+21,13303322.67054986,0.020511648109095098,0
sep-ipop,2,112002,1042,1067008,892.74536387125647,,2.0679856251410261e+22,9837484.9144155383,0.017414862492151212,0
sep-ipop,2,112002,1067,1092608,892.48716354370117,,6.9881731858319584e+22,10463553.350352848,0.017653233862523054,0
sep-ipop,2,112002,1092,1118208,892.40521367390954,,2.3702298051470588e+23,20679302.572845828,0.019148366089839105,0
sep-ipop,2,112002,1117,1143808,892.24073155721032,,6.3422611811325772e+23,60768133.42382355,0.017204180124688457,0
sep-ipop,2,112002,1142,1169408,892.11813863118493,,1.5730706119052582e+24,149455719.88327041,0.017615605326889289,0
sep-ipop,2,112002,1166,1193984,892.06058502197266,,2.7686855990090894e+24,105674791.64663263,0.014398440378889835,0
sep-ipop,2,112002,1191,1219584,891.93842188517249,,5.7110814221833971e+24,164944939.56706375,0.014195795000757938,0
sep-ipop,2,112002,1216,1245184,891.88016382853186,,1.4005281637402845e+25,518320872.33048105,0.01757141957227492,0
sep-ipop,2,112002,1241,1270784,891.70796457926429,,3.3174730286934484e+25,235598493.21954533,0.016588022052035613,0
sep-ipop,2,112002,1266,1296384,891.61714172363281,,1.0248733716323147e+26,136910582.96519694,0.017032345698732625,0
sep-ipop,2,112002,1290,1320960,891.5561408996582,,2.0194054424106474e+26,282561217.10838324,0.016341356426009857,0
sep-ipop,2,112002,1315,1346560,891.50480016072595,,3.6547567169011793e+26,303183997.23259366,0.014397100366229166,0
sep-ipop,2,112002,1340,1372160,891.46558888753259,,6.0335533864747621e+26,751848880.00200379,0.015369651288171256,0
sep-ipop,2,112002,1365,1397760,891.46558888753259,,8.221218147919448e+26,1353538844.3557515,0.014854474359175614,0
sep-ipop,2,112002,1390,1423360,891.41808573404944,,1.0438670135588548e+27,6853623852.0872068,0.014606438033138153,0
sep-ipop,2,112002,1414,1447936,891.41808573404944,,1.2875653214561004e+27,15826143639.733721,0.012613754711278388,0
sep-ipop,2,112002,1439,1473536,891.41808573404944,,1.6970420951455796e+27,19679687753.912491,0.011665680726460372,0
sep-ipop,2,112002,1464,1499136,891.41808573404944,,2.7889238562118604e+27,21682127181.271568,0.011645644103778229,0
sep-ipop,2,112002,1489,1524736,891.41808573404944,,3.0319259599160213e+27,25837990722.652485,0.0090969786451427122,0
sep-ipop,2,112002,1514,1550336,891.41808573404944,,4.0264024718319968e+27,69503410715.735275,0.011489719956539548,0
sep-ipop,2,112002,1538,1574912,891.41808573404944,,3.3902352922143286e+27,32481366335.943604,0.0058186105210771425,0
sep-ipop,2,112002,1563,1600512,891.41808573404944,,3.8218634542492033e+27,47227696442.420227,0.0079267793280295706,0
sep-ipop,2,112002,1588,1626112,891.41808573404944,,3.834650534444272e+27,34662464391.238029,0.0076070242710387422,0
sep-ipop,2,112002,1613,1651712,891.41808573404944,,3.5724035947867676e+27,98188953712.046768,0.0091899953089994227,0
sep-ipop,2,112002,1638,1677312,891.41808573404944,,3.7363235503970364e+27,36140441665.568413,0.0080755416865963218,0
sep-ipop,2,112002,1662,1701888,891.41808573404944,,3.5593673237202016e+27,38128153630.037239,0.0071780772281479551,0
sep-ipop,2,112002,1687,1727488,891.41808573404944,,3.8493999044093211e+27,80450455138.7332,0.008437753434268138,0
sep-ipop,2,112002,1712,1753088,891.41808573404944,,3.7796026555837365e+27,82428982141.460953,0.0073159540751063972,0
sep-ipop,2,112002,1737,1778688,891.41808573404944,,3.2379040734173629e+27,61178658883.052536,0.0062501432804745764,0
sep-ipop,2,112002,1762,1804288,891.41808573404944,,3.350914544726845e+27,113476433253.62798,0.0071877627424439929,0
sep-ipop,2,112002,1786,1828864,891.41808573404944,,3.6556692697340581e+27,140670216828.91055,0.0067631238291555734,0
sep-ipop,2,112002,1802,1854464,891.41808573404944,,0.7079796659136165,12.978416966715896,0.99879553110803709,1
sep-ipop,2,112002,1815,1881088,891.41808573404944,,0.93904881230342152,8.6361755197283827,0.47735620077578728,1
sep-ipop,2,112002,1827,1905664,891.41808573404944,,1.3503427336262275,21.378612267212819,0.33526995074807164,1
sep-ipop,2,112002,1840,1932288,891.41808573404944,,2.5786498998059759,174.52505729081648,0.30501983265774618,1
sep-ipop,2,112002,1852,1956864,891.41808573404944,,4.8562487155214153,333.52351274229551,0.29930538259659234,1
sep-ipop,2,112002,1864,1981440,891.41808573404944,,7.3788987997669597,694.5176124509735,0.28994360998791924,1
sep-ipop,2,112002,1877,2008064,891.41808573404944,,9.7290910198693972,1787.311484430599,0.28401815680074394,1
sep-ipop,2,112002,1889,2032640,891.41808573404944,,16.387037039695276,3505.4881496537009,0.32508778400519156,1
sep-ipop,2,112002,1902,2059264,891.41808573404944,,32.319531733400851,1693.4420281297785,0.2895739738639983,1
sep-ipop,2,112002,1914,2083840,891.41808573404944,,50.266118353750315,2105.6394922205536,0.26640830052682807,1
sep-ipop,2,112002,1926,2108416,891.41808573404944,,86.52357446757172,2563.6155963724004,0.26035464780192991,1
sep-ipop,2,112002,1939,2135040,891.41808573404944,,173.89065598659761,2948.0103042198566,0.26005223335122118,1
sep-ipop,2,112002,1951,2159616,891.41808573404944,,335.27649785534754,3044.2456659029203,0.28775549369620046,1
sep-ipop,2,112002,1964,2186240,891.41808573404944,,764.15427302017781,2526.0922323896966,0.2890019443827706,1
sep-ipop,2,112002,1976,2210816,891.41808573404944,,1654.2134511131821,2161.7269469631174,0.29410024160010295,1
sep-ipop,2,112002,1988,2235392,891.41808573404944,,3621.7231514744444,5226.0056499874981,0.27839379514861179,1
sep-ipop,2,112002,2001,2262016,891.41808573404944,,9209.1409062793919,9516.7844065895133,0.30612745930565971,1
sep-ipop,2,112002,2013,2286592,891.41808573404944,,21879.996932408318,9416.3352396101636,0.26197533707102805,1
sep-ipop,2,112002,2026,2313216,891.41808573404944,,43005.381808999053,23921.479035573371,0.28727602579365979,1
sep-ipop,2,112002,2038,2337792,891.41808573404944,,86229.649561106329,33188.850596457516,0.26273362719272714,1
sep-ipop,2,112002,2050,2362368,891.41808573404944,,158442.88012523286,53729.519527316617,0.25432887351947775,1
sep-ipop,2,112002,2063,2388992,891.41808573404944,,365116.86927225115,86600.665560064983,0.25866952076473415,1
sep-ipop,2,112002,2075,2413568,891.41808573404944,,859969.85242281866,96541.462034666765,0.25481165936329103,1
sep-ipop,2,112002,2088,2440192,891.41808573404944,,1942191.7339187609,138324.8844073365,0.25568756089491068,1
sep-ipop,2,112002,2100,2464768,891.41808573404944,,3739566.6105255336,198863.28421040159,0.24103380162644245,1
sep-ipop,2,112002,2112,2489344,891.41808573404944,,7479451.6954182554,232952.38282308599,0.23566601290798081,1
sep-ipop,2,112002,2125,2515968,886.03571573893225,,18686886.206029914,144898.83530772119,0.21432831763326529,1
sep-ipop,2,112002,2137,2540544,880.0041287740072,,47206088.610851645,34767.866734949363,0.13206276220090804,1
sep-ipop,2,112002,2150,2567168,872.50113042195642,,114003146.42017251,24277.483316309314,0.091140501609597302,1
sep-ipop,2,112002,2162,2591744,866.99542109171546,,248060209.29988274,25205.181707223805,0.0738479453944169,1
sep-ipop,2,112002,2174,2616320,861.78391138712561,,453614790.82066584,24728.673284031869,0.050618309808884904,1
sep-ipop,2,112002,2187,2642944,859.74166361490882,,832322105.34806323,17878.397655090885,0.036897963131486876,1
sep-ipop,2,112002,2199,2667520,858.32288233439124,,1340073780.9691606,24085.431909195013,0.028958317780904966,1
sep-ipop,2,112002,2212,2694144,857.22801971435547,,2091296821.8003387,26727.493924601753,0.021217046557144903,1
sep-ipop,2,112002,2224,2718720,856.83512369791663,,3276191694.9113832,33500.414026818318,0.01949096123299009,1
sep-ipop,2,112002,2236,2743296,856.18816502889001,,4580686732.4602089,44736.344270689202,0.017565854196373312,1
sep-ipop,2,112002,2249,2769920,856.10165913899743,,6317712496.7457275,44379.412653113373,0.015621085056669528,1
sep-ipop,2,112002,2261,2794496,855.25752639770508,,8098257002.3983793,45605.518739390398,0.013273953382143383,1
sep-ipop,2,112002,2274,2821120,855.25752639770508,,11365070974.859512,50563.764689830612,0.014607321568005835,1
sep-ipop,2,112002,2286,2845696,854.87199020385742,,18282585641.932095,52054.436368842595,0.017265572255019734,1
sep-ipop,2,112002,2298,2870272,854.57266871134436,,30825144242.41238,36747.724273621847,0.016832944678382381,1
sep-ipop,2,112002,2311,2896896,854.02773539225257,,47919333647.320877,26484.844122383471,0.013079432482144437,1
sep-ipop,2,112002,2323,2921472,853.72858301798499,,72394746322.851318,30038.934141196172,0.013758597946589329,1
sep-ipop,2,112002,2336,2948096,853.39069239298499,,120034325380.00208,45266.431668578582,0.014093648646972471,1
sep-ipop,2,112002,2348,2972672,853.14253107706702,,210639280582.98996,19264.654640022298,0.009859144693040436,1
sep-ipop,2,112002,2360,2997248,852.97704569498694,,320010303113.36786,10047.379925260126,0.006385553514337494,1
sep-ipop,2,112002,2373,3023872,852.81502151489258,,481728888791.99481,36418.673239806492,0.0066080053851842744,1
sep-ipop,2,112002,2385,3048448,852.53376515706384,,901696027980.74207,44141.292742845399,0.0061681771948798245,1
sep-ipop,2,112002,2398,3075072,852.46628952026367,,1402575864452.438,35795.938925768503,0.0045795613410947109,1
sep-ipop,2,112002,2410,3099648,852.31416193644202,,1755909790789.3225,59342.720263443254,0.0047330043463191668,1
sep-ipop,2,112002,2422,3124224,852.14938481648767,,2089813325376.678,112257.52576710813,0.0046738643465944188,1
sep-ipop,2,112002,2435,3150848,852.14938481648767,,2299847518772.8682,135304.35791099063,0.0038833529930068405,1
sep-ipop,2,112002,2447,3175424,852.12826538085938,,2579070387826.0112,199995.29560769032,0.0039840063095775528,1
sep-ipop,2,112002,2460,3202048,852.06865183512366,,3000361142910.7334,359516.78936507582,0.0035869616400454811,1
sep-ipop,2,112002,2472,3226624,852.01338068644202,,3589704441335.6831,2768731.5639789137,0.003796570968533352,1
sep-ipop,2,112002,2484,3251200,851.98325856526696,,4550529490114.1113,8915848.0375820696,0.0035728492736376068,1
sep-ipop,2,112002,2497,3277824,851.97810745239258,,5127605157274.4238,10571800.08691382,0.0033277153387855089,1
sep-ipop,2,112002,2509,3302400,851.95665995279944,,8157469369421.002,16864243.735658452,0.0041431782238845975,1
sep-ipop,2,112002,2522,3329024,851.93231582641602,,10434190735297.164,18292303.367672704,0.0036366728087466561,1
sep-ipop,2,112002,2534,3353600,851.92546844482422,,13661944037951.615,58694535.059485577,0.0036948972804958348,1
sep-ipop,2,112002,2547,3380224,851.91787211100257,,15563838156517.613,426837283.72785807,0.0032711304045286026,1
sep-ipop,2,112002,2559,3404800,851.91499201456702,,18020645023116.812,778893830.34824443,0.0033498053131953433,1
sep-ipop,2,112002,2571,3429376,851.91446812947595,,20455304729556.926,941618738.42596614,0.0035454305874873912,1
sep-ipop,2,112002,2584,3456000,851.91446812947595,,29116772019584.844,864624313.92890596,0.0034853098996366853,1
sep-ipop,2,112002,2596,3480576,851.91446812947595,,38298840786439.273,837606696.51135159,0.0030186704497453432,1
sep-ipop,2,112002,2609,3507200,851.91446812947595,,47309706665800.43,1010645609.3676019,0.0035611141683812306,1
sep-ipop,2,112002,2621,3531776,851.91446812947595,,51423482879494.047,1079511695.5707586,0.0029064388572852418,1
sep-ipop,2,112002,2633,3556352,851.91446812947595,,47211332829105.68,1027527088.6833242,0.0025235772513273369,1
sep-ipop,2,112002,2646,3582976,851.91446812947595,,52374718556085.828,1170672549.7067142,0.002848686625230802,1
sep-ipop,2,112002,2658,3607552,851.91446812947595,,52419133941924.852,1181834495.5388353,0.0025299625162803542,1
sep-ipop,2,112002,2671,3634176,851.91446812947595,,53962186409072.258,1009469690.1285987,0.0024898671155100601,1
sep-ipop,2,112002,2683,3658752,851.91446812947595,,56793826401070.578,686060867.00641918,0.0021806153795624087,1
sep-ipop,2,112002,2695,3683328,851.91446812947595,,56496370598001.172,849464322.92230105,0.0022450600430194193,1
sep-ipop,2,112002,2708,3709952,851.91446812947595,,61231809006339.867,870667904.02184486,0.00247746932989402,1
sep-ipop,2,112002,2720,3734528,851.91446812947595,,63196522930236.039,824082132.07830298,0.0024692989745790507,1
sep-ipop,2,112002,2733,3761152,851.91446812947595,,60922472889252.578,1406805401.5012231,0.002552234711822966,1
sep-ipop,2,112002,2745,3785728,851.91446812947595,,60170619791690.875,1815831975.4527271,0.0024204149702056546,1
sep-ipop,2,112002,2757,3810304,851.91446812947595,,55076404508829.492,1497395104.0917861,0.0020280677922641455,1
sep-ipop,2,112002,2770,3836928,851.91446812947595,,60201205939295.75,1450638462.8841486,0.0023654913929113241,1
sep-ipop,2,112002,2782,3861504,851.91446812947595,,59399432576313.758,1999945255.8668821,0.0026009405140899741,1
sep-ipop,2,112002,2795,3888128,851.91446812947595,,58891783642196.031,1824629882.4586356,0.0025358988309004777,1
sep-ipop,2,112002,2807,3912704,851.91446812947595,,55341723447977.219,1653656935.3128824,0.0022921581744646926,1
sep-ipop,2,112002,2815,3937280,851.91446812947595,,0.63351201254862688,5.2468704815867842,1.0228234052860135,2
sep-ipop,2,112002,2822,3965952,851.91446812947595,,0.84181004072540011,22.895322707500831,1.4334231548182605,2
sep-ipop,2,112002,2828,3990528,851.91446812947595,,0.89321508192132282,34.398558698165829,1.22012304602455,2
sep-ipop,2,112002,2834,4015104,851.91446812947595,,1.0284220134392226,27.565740545489348,0.83998845273440659,2
sep-ipop,2,112002,2840,4039680,851.91446812947595,,1.178512223875178,36.809420072666782,0.67627301319386846,2
sep-ipop,2,112002,2846,4064256,851.91446812947595,,1.2437244906745801,48.031502194143961,0.52138077091629231,2
sep-ipop,2,112002,2853,4092928,851.91446812947595,,1.5126327962699089,37.123692195471278,0.4328248156696603,2
sep-ipop,2,112002,2859,4117504,851.91446812947595,,1.9351077033663417,25.2536593499871,0.39833410627668747,2
sep-ipop,2,112002,2865,4142080,851.91446812947595,,2.6418928545911347,67.238444279179248,0.38649705273856527,2
sep-ipop,2,112002,2871,4166656,851.91446812947595,,3.4871666040817435,127.55451459207856,0.3456838893962334,2
sep-ipop,2,112002,2877,4191232,851.91446812947595,,4.3711448775747472,240.55139904749461,0.34095462462654003,2
sep-ipop,2,112002,2884,4219904,851.91446812947595,,6.0437999679383694,436.19495723753033,0.35284312041960381,2
sep-ipop,2,112002,2890,4244480,851.91446812947595,,7.8102207863436419,598.74740618201179,0.33067627689562334,2
sep-ipop,2,112002,2896,4269056,851.91446812947595,,9.6932978801393865,900.22425665991636,0.30921998573705262,2
sep-ipop,2,112002,2902,4293632,851.91446812947595,,11.542478130553143,1472.6588001749928,0.31684546714426931,2
sep-ipop,2,112002,2908,4318208,851.91446812947595,,13.729013045015609,1814.7438112156149,0.31640472824207311,2
sep-ipop,2,112002,2915,4346880,851.91446812947595,,15.183326836464186,3087.0294094195183,0.29798422909244271,2
sep-ipop,2,112002,2921,4371456,851.91446812947595,,18.717210218609488,3309.1575420244098,0.30244148841611584,2
sep-ipop,2,112002,2927,4396032,851.91446812947595,,30.046846647664871,2738.720961765528,0.33152375158914599,2
sep-ipop,2,112002,2933,4420608,851.91446812947595,,47.219184888804747,1935.4214571709549,0.32109769991387177,2
sep-ipop,2,112002,2939,4445184,851.91446812947595,,69.842834965856412,1634.2854507332022,0.30542341149568852,2
sep-ipop,2,112002,2946,4473856,851.91446812947595,,103.23700016992937,1634.6137778086752,0.28170802565153225,2
sep-ipop,2,112002,2952,4498432,851.91446812947595,,140.00292419929301,1923.1574788854598,0.26960501458771108,2
sep-ipop,2,112002,2958,4523008,851.91446812947595,,213.78986442341321,2046.3852004118758,0.29267294298525004,2
sep-ipop,2,112002,2964,4547584,851.91446812947595,,338.80513808418692,1463.14519200667,0.30538689924208828,2
sep-ipop,2,112002,2970,4572160,851.91446812947595,,458.3964810873664,1404.5474057489121,0.2867600595782131,2
sep-ipop,2,112002,2977,4600832,851.91446812947595,,737.49976836509313,1528.9499763193708,0.29072387049745491,2
sep-ipop,2,112002,2983,4625408,851.91446812947595,,992.01692950544327,2084.3325683654484,0.2875451668336681,2
sep-ipop,2,112002,2989,4649984,851.91446812947595,,1351.7573729986022,2259.2582465724549,0.27499321080656419,2
sep-ipop,2,112002,2995,4674560,851.91446812947595,,1796.4603052816224,3471.7638773183899,0.27174616134309632,2
sep-ipop,2,112002,3001,4699136,851.91446812947595,,2366.283531908548,3650.5515530853636,0.25522887436831765,2
sep-ipop,2,112002,3008,4727808,851.91446812947595,,3978.6778300637366,3027.1491583337411,0.2774729052017379,2
sep-ipop,2,112002,3014,4752384,851.91446812947595,,6553.2214183642682,2074.6680045064804,0.28973963460686358,2
sep-ipop,2,112002,3020,4776960,851.91446812947595,,10385.958875908067,2092.5151216451263,0.30181683276554316,2
sep-ipop,2,112002,3026,4801536,851.91446812947595,,14656.499787769249,1980.5837050511359,0.281850416580333,2
sep-ipop,2,112002,3032,4826112,851.91446812947595,,22297.657186877059,1995.7763353251835,0.29364034984570819,2
sep-ipop,2,112002,3039,4854784,851.91446812947595,,35598.143130102442,1950.3201457113657,0.28917865987839209,2
sep-ipop,2,112002,3045,4879360,851.91446812947595,,55643.436472959147,2112.0470515340276,0.30181644652632522,2
sep-ipop,2,112002,3051,4903936,851.91446812947595,,86960.316264814886,2495.3139505739191,0.29123960554844458,2
sep-ipop,2,112002,3057,4928512,851.91446812947595,,133309.55745826624,2853.0763873610135,0.30489022709543007,2
sep-ipop,2,112002,3063,4953088,851.91446812947595,,193718.18049930155,3365.2078283174542,0.28620184088551703,2
sep-ipop,2,112002,3070,4981760,851.91446812947595,,312065.93066814583,3750.773110949232,0.29079386063396123,2
sep-ipop,2,112002,3076,5006336,851.91446812947595,,438021.96254998859,4246.7069133892701,0.26976790057679878,2
sep-ipop,2,112002,3082,5030912,851.91446812947595,,650889.13168536732,3886.3726352550598,0.27230271220042512,2
sep-ipop,2,112002,3088,5055488,851.91446812947595,,984517.73524146969,4936.1101771149106,0.28608337073427748,2
sep-ipop,2,112002,3094,5080064,851.91446812947595,,1609970.9464683854,4534.1636162977738,0.29356697378344115,2
sep-ipop,2,112002,3101,5108736,851.91446812947595,,2657571.64021707,5034.9978525922515,0.2903897224163326,2
sep-ipop,2,112002,3107,5133312,851.91446812947595,,3718366.5122613194,6489.3351943416546,0.26885539677482506,2
sep-ipop,2,112002,3113,5157888,851.91446812947595,,4983833.3306966368,9264.9832391719392,0.25075638145651324,2
sep-ipop,2,112002,3119,5182464,851.91446812947595,,6874648.1810112232,15415.157802892241,0.25068912671659938,2
sep-ipop,2,112002,3125,5207040,851.91446812947595,,9195365.1531584617,20211.463297207934,0.24340166743402983,2
sep-ipop,2,112002,3132,5235712,851.91446812947595,,12817865.598404685,31563.373362830287,0.24414427065952538,2
sep-ipop,2,112002,3138,5260288,851.91446812947595,,17555548.155370586,33824.426158860668,0.23329882460984616,2
sep-ipop,2,112002,3144,5284864,851.91446812947595,,25064690.788718384,45973.2789061445,0.25137208339570161,2
sep-ipop,2,112002,3150,5309440,851.91446812947595,,38333827.255380802,35063.80635763942,0.24454784371070948,2
sep-ipop,2,112002,3156,5334016,851.91446812947595,,63611845.676587105,16041.631812750749,0.22482287327461112,2
sep-ipop,2,112002,3163,5362688,851.91446812947595,,95791644.90009664,6392.6558665535786,0.1463509688386794,2
sep-ipop,2,112002,3169,5387264,851.91446812947595,,138211800.04380378,3924.12755094366,0.10878367768424817,2
sep-ipop,2,112002,3175,5411840,851.91446812947595,,195649312.01758334,2900.2134983435999,0.091991768432980278,2
sep-ipop,2,112002,3181,5436416,851.91446812947595,,289422667.69483727,2286.6457741719441,0.075523722947563585,2
sep-ipop,2,112002,3188,5465088,851.91446812947595,,429941543.40420133,2109.6920162436272,0.063580649333179348,2
sep-ipop,2,112002,3194,5489664,851.91446812947595,,623795850.36951947,1931.1322174319785,0.054977961408478132,2
sep-ipop,2,112002,3200,5514240,851.91446812947595,,928875236.86516559,2460.8011465975378,0.052505388536629248,2
sep-ipop,2,112002,3206,5538816,851.91446812947595,,1597842768.3825727,2713.6853607676721,0.053741940404982633,2
sep-ipop,2,112002,3212,5563392,851.91446812947595,,2319435787.1207738,2376.9086254476924,0.044509057722182971,2
sep-ipop,2,112002,3219,5592064,851.91446812947595,,3603546125.3679557,3146.5447781543776,0.038785742735479474,2
sep-ipop,2,112002,3225,5616640,851.91446812947595,,5168897162.906744,3841.6665543051595,0.034377747532549019,2
sep-ipop,2,112002,3231,5641216,851.91446812947595,,7169107923.8821316,4231.9099011221333,0.031556951823732138,2
sep-ipop,2,112002,3237,5665792,851.91446812947595,,9819825512.2990112,4155.9901211665047,0.029210188493212882,2
sep-ipop,2,112002,3243,5690368,851.91446812947595,,13531204083.982979,4868.975628760727,0.028762678822795647,2
sep-ipop,2,112002,3250,5719040,851.91446812947595,,18219555432.261044,4904.9012749940885,0.026836141005754321,2
sep-ipop,2,112002,3256,5743616,851.91446812947595,,23751387752.690277,4986.4138235831188,0.024234637752959507,2
sep-ipop,2,112002,3262,5768192,851.91446812947595,,29933592755.166615,7333.6344262769817,0.023943420246138471,2
sep-ipop,2,112002,3268,5792768,851.91446812947595,,37778946578.523003,10706.026891361094,0.023232747268532181,2
sep-ipop,2,112002,3274,5817344,851.91446812947595,,45085828372.485512,12519.965365076059,0.0218139119207107,2
sep-ipop,2,112002,3281,5846016,851.91446812947595,,61884439571.954391,14887.958917478942,0.022766178701068115,2
sep-ipop,2,112002,3287,5870592,851.91446812947595,,77345638911.649918,21514.911868562314,0.022426225117857294,2
sep-ipop,2,112002,3293,5895168,851.91446812947595,,99176852238.838638,25408.539203661614,0.021543514207786562,2
sep-ipop,2,112002,3299,5919744,851.91446812947595,,133341615963.3119,25311.95990220402,0.020771660779542785,2
sep-ipop,2,112002,3305,5944320,851.91446812947595,,167147497752.20618,25543.085736874717,0.018695104168227096,2
sep-ipop,2,112002,3312,5972992,851.91446812947595,,210567328719.49582,33324.708482810493,0.017630410024621599,2
sep-ipop,2,112002,3318,5997568,851.91446812947595,,251846487176.46518,31767.672030728048,0.015903908914575937,2
sep-ipop,2,112002,3324,6022144,851.91446812947595,,299145065010.9389,32012.895919183429,0.014478592463629963,2
sep-ipop,2,112002,3330,6046720,851.91446812947595,,360343099167.40729,40802.484105229349,0.013953804279639648,2
sep-ipop,2,112002,3336,6071296,851.91446812947595,,426644957699.05853,53418.621456054563,0.014835940876121102,2
sep-ipop,2,112002,3343,6099968,851.91446812947595,,518375932910.92847,65526.042843907366,0.014695271913465344,2
sep-ipop,2,112002,3349,6124544,851.91446812947595,,597181678311.80933,67517.903767204174,0.014006606164994122,2
sep-ipop,2,112002,3355,6149120,851.91446812947595,,671969493016.46143,90988.641080823421,0.014443310398363159,2
sep-ipop,2,112002,3361,6173696,851.91446812947595,,768213428944.66504,113105.5883166612,0.013587442052137726,2
sep-ipop,2,112002,3367,6198272,851.91446812947595,,914795353806.3269,119370.41666010115,0.011504702852481962,2
sep-ipop,2,112002,3374,6226944,851.91446812947595,,1082387175866.8104,131656.10043808215,0.0094437103643542023,2
sep-ipop,2,112002,3380,6251520,851.91446812947595,,1313561825667.1018,200027.07977077557,0.0090555413156852751,2
sep-ipop,2,112002,3386,6276096,851.91446812947595,,1590971171009.0181,376024.61547798751,0.0088523482098336916,2
sep-ipop,2,112002,3392,6300672,851.91446812947595,,1946268764775.6013,694122.11311836028,0.0089720177199136449,2
sep-ipop,2,112002,3398,6325248,851.91446812947595,,2602724050984.9526,763502.76318054367,0.0087200097883994541,2
sep-ipop,2,112002,3405,6353920,851.91446812947595,,3368205686138.9873,948098.80839435162,0.0080779591074210434,2
sep-ipop,2,112002,3411,6378496,851.91446812947595,,4254753666521.4312,1473204.0989169281,0.0082381873166925308,2
sep-ipop,2,112002,3417,6403072,851.91446812947595,,5452861887660.748,2112423.0561329224,0.0082488492168269652,2
sep-ipop,2,112002,3423,6427648,851.91446812947595,,6856210625551.9727,2491874.16670343,0.0086161808473122509,2
sep-ipop,2,112002,3429,6452224,851.91446812947595,,8753063965279.1084,3364159.4093311587,0.0087322938911721347,2
sep-ipop,2,112002,3436,6480896,851.91446812947595,,13946813929657.449,3420143.1678980608,0.0092691428098622113,2
sep-ipop,2,112002,3441,6501376,851.91446812947595,,16874615577981.262,3825661.0729507748,0.0082176636107076911,2
sep-ipop-w60,2,112002,1,1024,10026.645351409912,,0.29031814222906571,5.9220241001126048,0.12001749339128809,0
sep-ipop-w60,2,112002,5,5120,1955.2368240356445,,0.78302565693176196,45.699688220793512,0.70507847666326118,0
sep-ipop-w60,2,112002,10,10240,1704.8680241902669,,1.2427519734891037,83.761642454782361,1.1166225432656682,0
sep-ipop-w60,2,112002,20,20480,1700.0986048380535,,2.2728193115418125,7.653745275318439,0.38531382835515737,0
sep-ipop-w60,2,112002,25,25600,1648.8705062866211,,2.5703116235266625,8.7571863382165187,0.31710644956635653,0
sep-ipop-w60,2,112002,40,40960,1566.1147219340007,,4.142048344193932,90.243405461023329,0.28179738031585078,0
sep-ipop-w60,2,112002,50,51200,1488.1737365722656,,8.1121436881784952,156.63803815008703,0.27962175701148972,0
sep-ipop-w60,2,112002,75,76800,1371.5075136820476,,16.488994836901483,718.92908661290119,0.21860222429719675,0
sep-ipop-w60,2,112002,80,81920,1353.6064389546711,,19.787911638446584,1160.6879804383088,0.21478979402840925,0
sep-ipop-w60,2,112002,100,102400,1337.6333554585774,,39.140236300331637,4460.2801596750651,0.2440151065641194,0
sep-ipop-w60,2,112002,125,128000,1319.9685770670574,,97.534486780886851,11578.789214128905,0.24625453088951857,0
sep-ipop-w60,2,112002,149,152576,1306.3423817952473,,366.04581614716528,23748.9690521595,0.25894408704170552,0
sep-ipop-w60,2,112002,160,163840,1303.6655362447102,,497.84285461019687,54720.667353395918,0.21801798575100106,0
sep-ipop-w60,2,112002,174,178176,1300.9237009684246,,919.93306854514799,114811.92656919091,0.23482064144963086,0
sep-ipop-w60,2,112002,199,203776,1295.6892064412434,,2948.1099949278037,131197.31758616713,0.24486934900830754,0
sep-ipop-w60,2,112002,224,229376,1282.4365297953289,,12184.567944405782,57761.119786519041,0.26896651250353115,0
sep-ipop-w60,2,112002,249,254976,1225.5234845479329,,111223.17109266826,5546.0688232365692,0.29497727784972122,0
sep-ipop-w60,2,112002,255,261120,1211.3624954223633,,180661.87578532018,4390.8901258084234,0.29485379405487733,0
sep-ipop-w60,2,112002,273,279552,1142.1674880981445,,537901.7813201918,4399.5755098508353,0.25522308263244475,0
sep-ipop-w60,2,112002,298,305152,1067.292350769043,,1481244.8447997896,13600.359588002757,0.22420036082642844,0
sep-ipop-w60,2,112002,323,330752,1029.7588640848796,,4876432.5992201921,29965.738820061055,0.23702393888763171,0
sep-ipop-w60,2,112002,348,356352,1012.0330047607422,,12864723.924779521,49270.760265475146,0.20152506076212628,0
sep-ipop-w60,2,112002,373,381952,1002.8722254435221,,44296293.968768366,185707.02774376742,0.23289215894138654,0
sep-ipop-w60,2,112002,397,406528,998.74546813964844,,253964005.16183636,111954.49030759885,0.28230799259866796,0
sep-ipop-w60,2,112002,422,432128,978.92599741617835,,2301318479.9593287,33211.887828860745,0.25064642280294214,0
sep-ipop-w60,2,112002,447,457728,959.27624003092444,,11748963643.809433,48007.307360610357,0.26281940412135379,0
sep-ipop-w60,2,112002,472,483328,943.15803400675452,,41753595258.303802,55786.69871740626,0.22603781908720094,0
sep-ipop-w60,2,112002,497,508928,933.21504847208655,,145770640962.82782,142488.34831403257,0.24236185660814918,0
sep-ipop-w60,2,112002,521,533504,927.23917516072595,,743960395260.69983,74659.178023822227,0.22394088039898311,0
sep-ipop-w60,2,112002,546,559104,910.29578526814782,,2992206721874.9946,22114.878602970639,0.10498354068514844,0
sep-ipop-w60,2,112002,571,584704,903.54842631022132,,10146017640647.936,12848.529787925352,0.053143595526157661,0
sep-ipop-w60,2,112002,596,610304,900.43303298950195,,37470170377487.547,11597.392221110236,0.040415287714759038,0
sep-ipop-w60,2,112002,621,635904,898.41272226969397,,99135469510828.047,15841.436911778628,0.026155687501403041,0
sep-ipop-w60,2,112002,645,660480,897.38033167521155,,277003294789739.81,51157.921016453023,0.023290106195928324,0
sep-ipop-w60,2,112002,670,686080,896.65928268432617,,744202167819916,115105.65063407019,0.02230403401302937,0
sep-ipop-w60,2,112002,695,711680,896.20708847045898,,2192060480903208.5,81025.46727935478,0.019226275717590037,0
sep-ipop-w60,2,112002,720,737280,895.72826639811194,,5264619262033269,180660.50043590931,0.020305855383312778,0
sep-ipop-w60,2,112002,745,762880,895.35160191853845,,8626873915586104,129939.66582764413,0.015519950861621844,0
sep-ipop-w60,2,112002,769,787456,895.02821731567383,,13466727193102194,351746.67831625824,0.014558951761414172,0
sep-ipop-w60,2,112002,794,813056,894.86952972412109,,20288169702442644,15361830.554870114,0.015203441002801963,0
sep-ipop-w60,2,112002,819,838656,894.72080230712891,,74079098836020880,72543848.03433466,0.018489622510107367,0
sep-ipop-w60,2,112002,844,864256,894.58423360188806,,3.5817437045668627e+17,22819274.401786909,0.016144030761444231,0
sep-ipop-w60,2,112002,869,889856,894.38390986124671,,1.447513493903658e+18,32595932.466342796,0.018798977179679006,0
sep-ipop-w60,2,112002,893,914432,894.16729227701819,,6.1743828453428828e+18,9284225.6914124358,0.017953749571254576,0
sep-ipop-w60,2,112002,918,940032,893.93500773111975,,2.6577647066875961e+19,9894849.3725415673,0.019635513815693957,0
sep-ipop-w60,2,112002,943,965632,893.72046661376953,,1.1432273502027842e+20,7841638.225057669,0.019646320029017859,0
sep-ipop-w60,2,112002,968,991232,893.45189666748047,,4.2914273083987191e+20,11062643.453800594,0.01871145442064959,0
sep-ipop-w60,2,112002,993,1016832,893.17704900105798,,1.6525416025972269e+21,6358820.7457883554,0.018194935127962084,0
sep-ipop-w60,2,112002,1017,1041408,892.90044403076172,,5.5955341516570288e+21,13303322.67054986,0.020511648109095098,0
sep-ipop-w60,2,112002,1042,1067008,892.74536387125647,,2.0679856251410261e+22,9837484.9144155383,0.017414862492151212,0
sep-ipop-w60,2,112002,1067,1092608,892.48716354370117,,6.9881731858319584e+22,10463553.350352848,0.017653233862523054,0
sep-ipop-w60,2,112002,1092,1118208,892.40521367390954,,2.3702298051470588e+23,20679302.572845828,0.019148366089839105,0
sep-ipop-w60,2,112002,1117,1143808,892.24073155721032,,6.3422611811325772e+23,60768133.42382355,0.017204180124688457,0
sep-ipop-w60,2,112002,1142,1169408,892.11813863118493,,1.5730706119052582e+24,149455719.88327041,0.017615605326889289,0
sep-ipop-w60,2,112002,1166,1193984,892.06058502197266,,2.7686855990090894e+24,105674791.64663263,0.014398440378889835,0
sep-ipop-w60,2,112002,1191,1219584,891.93842188517249,,5.7110814221833971e+24,164944939.56706375,0.014195795000757938,0
sep-ipop-w60,2,112002,1216,1245184,891.88016382853186,,1.4005281637402845e+25,518320872.33048105,0.01757141957227492,0
sep-ipop-w60,2,112002,1241,1270784,891.70796457926429,,3.3174730286934484e+25,235598493.21954533,0.016588022052035613,0
sep-ipop-w60,2,112002,1266,1296384,891.61714172363281,,1.0248733716323147e+26,136910582.96519694,0.017032345698732625,0
sep-ipop-w60,2,112002,1290,1320960,891.5561408996582,,2.0194054424106474e+26,282561217.10838324,0.016341356426009857,0
sep-ipop-w60,2,112002,1315,1346560,891.50480016072595,,3.6547567169011793e+26,303183997.23259366,0.014397100366229166,0
sep-ipop-w60,2,112002,1340,1372160,891.46558888753259,,6.0335533864747621e+26,751848880.00200379,0.015369651288171256,0
sep-ipop-w60,2,112002,1365,1397760,891.46558888753259,,8.221218147919448e+26,1353538844.3557515,0.014854474359175614,0
sep-ipop-w60,2,112002,1390,1423360,891.41808573404944,,1.0438670135588548e+27,6853623852.0872068,0.014606438033138153,0
sep-ipop-w60,2,112002,1414,1447936,891.41808573404944,,1.2875653214561004e+27,15826143639.733721,0.012613754711278388,0
sep-ipop-w60,2,112002,1439,1473536,891.41808573404944,,1.6970420951455796e+27,19679687753.912491,0.011665680726460372,0
sep-ipop-w60,2,112002,1452,1499136,891.41808573404944,,0.82060271131708262,17.260959421710979,0.98480172533761678,1
sep-ipop-w60,2,112002,1465,1525760,891.41808573404944,,1.1490534472451317,6.8039148590028482,0.43641850021985062,1
sep-ipop-w60,2,112002,1477,1550336,891.41808573404944,,1.8652916306049105,39.401059812139621,0.31406901845207769,1
sep-ipop-w60,2,112002,1489,1574912,891.41808573404944,,3.4333414260333486,171.58560594124108,0.31289232549312584,1
sep-ipop-w60,2,112002,1502,1601536,891.41808573404944,,5.9479120550541884,382.21098133728833,0.30268319737977345,1
sep-ipop-w60,2,112002,1514,1626112,891.41808573404944,,8.6305127837201692,1045.9063676647554,0.32079190804289021,1
sep-ipop-w60,2,112002,1527,1652736,891.41808573404944,,11.843282904154908,2000.6213034610578,0.28151535176969117,1
sep-ipop-w60,2,112002,1539,1677312,891.41808573404944,,20.175831872539199,2398.3826346800406,0.30161664043437009,1
sep-ipop-w60,2,112002,1551,1701888,891.41808573404944,,36.852980530863462,1539.0641332528407,0.26660794659800047,1
sep-ipop-w60,2,112002,1564,1728512,891.41808573404944,,66.732269533768019,1238.8544724818664,0.25210713309181709,1
sep-ipop-w60,2,112002,1576,1753088,891.41808573404944,,109.82071406182517,2320.5892834455976,0.25974183304724058,1
sep-ipop-w60,2,112002,1589,1779712,891.41808573404944,,215.90311804864169,2744.1186766143937,0.26867617775485303,1
sep-ipop-w60,2,112002,1601,1804288,891.41808573404944,,401.68864372422399,2668.6081656127876,0.27347495960833773,1
sep-ipop-w60,2,112002,1613,1828864,891.41808573404944,,743.20646391587366,3312.2720089860686,0.2561161990145579,1
sep-ipop-w60,2,112002,1626,1855488,891.41808573404944,,1610.3022473540996,3807.232709340502,0.27227805749063549,1
sep-ipop-w60,2,112002,1638,1880064,891.41808573404944,,3683.5830405801694,2190.3110190582252,0.2830128451696472,1
sep-ipop-w60,2,112002,1651,1906688,891.41808573404944,,8270.981094747538,2415.0024615944217,0.27559391603197986,1
sep-ipop-w60,2,112002,1663,1931264,891.41808573404944,,15861.750764591292,4225.571353785057,0.26167654095088172,1
sep-ipop-w60,2,112002,1675,1955840,891.41808573404944,,28453.748297955968,7088.1563191927962,0.24738384625370347,1
sep-ipop-w60,2,112002,1688,1982464,891.41808573404944,,54832.417396387929,9130.9941294738219,0.25541110273068285,1
sep-ipop-w60,2,112002,1700,2007040,891.41808573404944,,100588.4226979244,13468.113633464282,0.25119725780526708,1
sep-ipop-w60,2,112002,1713,2033664,891.41808573404944,,244523.62894518333,16731.05664734343,0.25408755934753491,1
sep-ipop-w60,2,112002,1725,2058240,891.41808573404944,,537264.13487448613,23308.239808989645,0.25245796033199402,1
sep-ipop-w60,2,112002,1737,2082816,891.41808573404944,,1232916.5927459653,19398.100162682724,0.25225398804897592,1
sep-ipop-w60,2,112002,1750,2109440,891.41808573404944,,2747037.8141182121,20445.388379454784,0.25141693366844226,1
sep-ipop-w60,2,112002,1762,2134016,891.41808573404944,,5552678.9662729176,22850.800821475874,0.22599089548248183,1
sep-ipop-w60,2,112002,1775,2160640,891.41808573404944,,14707588.067916915,20597.322954139723,0.26180090365917447,1
sep-ipop-w60,2,112002,1787,2185216,891.41808573404944,,35673543.303343296,19530.493299059912,0.25905835205990524,1
sep-ipop-w60,2,112002,1800,2211840,891.41808573404944,,79566655.713249475,33692.865984981348,0.25862749582890326,1
sep-ipop-w60,2,112002,1812,2236416,891.41808573404944,,151165078.8838858,68261.649063808785,0.24807924164626974,1
sep-ipop-w60,2,112002,1824,2260992,891.41808573404944,,278407450.60146618,96757.049767063392,0.22336279644101847,1
sep-ipop-w60,2,112002,1837,2287616,891.41808573404944,,586555742.60876787,105221.00847879081,0.23605616540043781,1
sep-ipop-w60,2,112002,1849,2312192,891.41808573404944,,1209251824.6420324,140134.76702775675,0.23595958977447679,1
sep-ipop-w60,2,112002,1862,2338816,891.41808573404944,,3564431623.4304981,64618.721460443987,0.19079138891118447,1
sep-ipop-w60,2,112002,1874,2363392,891.41808573404944,,10207995217.932007,14333.898318035381,0.13415662902622569,1
sep-ipop-w60,2,112002,1886,2387968,891.41808573404944,,19885292883.830818,9106.1002277600419,0.071119690873384545,1
sep-ipop-w60,2,112002,1899,2414592,891.41808573404944,,33392354170.854347,9111.3241757628275,0.042615495343373506,1
sep-ipop-w60,2,112002,1911,2439168,891.41808573404944,,53090871035.986435,9159.4392114475959,0.029345842054974553,1
sep-ipop-w60,2,112002,1924,2465792,891.41808573404944,,85782631424.714447,9618.3504655307934,0.024550397026715465,1
sep-ipop-w60,2,112002,1936,2490368,891.41808573404944,,102580019393.02307,12472.772763272233,0.016337122107218702,1
sep-ipop-w60,2,112002,1948,2514944,891.41808573404944,,121665883341.0999,13751.088826131392,0.01351488761192943,1
sep-ipop-w60,2,112002,1961,2541568,891.41808573404944,,167220204304.90826,25285.745769089783,0.014294541574252204,1
sep-ipop-w60,2,112002,1973,2566144,891.41808573404944,,238566441280.46094,92943.995751439375,0.015013020246088664,1
sep-ipop-w60,2,112002,1986,2592768,891.41808573404944,,379955386809.37323,242180.75927374046,0.017443536533284554,1
sep-ipop-w60,2,112002,1998,2617344,891.41808573404944,,504472767592.80847,182264.66136737439,0.012875752950111995,1
sep-ipop-w60,2,112002,2010,2641920,891.41808573404944,,600614915477.20581,242278.87620253829,0.010047306303498383,1
sep-ipop-w60,2,112002,2023,2668544,891.41808573404944,,849660977347.41211,362642.91414942709,0.0078349768394063175,1
sep-ipop-w60,2,112002,2035,2693120,891.41808573404944,,1235965296861.5244,325186.72248886671,0.0069680646168401852,1
sep-ipop-w60,2,112002,2048,2719744,891.41808573404944,,1811202203975.1682,305502.45456841745,0.0053840239342443866,1
sep-ipop-w60,2,112002,2060,2744320,891.41808573404944,,2622782442809.1318,570299.81723506015,0.005530688729128745,1
sep-ipop-w60,2,112002,2072,2768896,891.41808573404944,,3185777715606.8403,611844.13871358102,0.004471362495309039,1
sep-ipop-w60,2,112002,2085,2795520,891.41808573404944,,4438087342849.7832,1458618.7820021128,0.0059762045233211014,1
sep-ipop-w60,2,112002,2097,2820096,891.41808573404944,,5369845947334.5596,2589912.4145220444,0.0056885793540922356,1
sep-ipop-w60,2,112002,2110,2846720,891.41808573404944,,7003788334725.7334,6876265.1525772735,0.0054926594118740561,1
sep-ipop-w60,2,112002,2122,2871296,891.41808573404944,,9030093897739.625,16347185.008863645,0.0055787029266558289,1
sep-ipop-w60,2,112002,2134,2895872,891.41808573404944,,9634726801930.0742,27782788.701992195,0.0053324050804301817,1
sep-ipop-w60,2,112002,2147,2922496,891.41808573404944,,10999804428099.326,47571839.167983659,0.0048899233400132242,1
sep-ipop-w60,2,112002,2159,2947072,891.41808573404944,,16251754117883.408,60200765.307558343,0.0057808020918767838,1
sep-ipop-w60,2,112002,2172,2973696,891.41808573404944,,26964842113142.391,51866139.970053039,0.0062709046850281695,1
sep-ipop-w60,2,112002,2184,2998272,891.41808573404944,,39790550218289.578,59529782.097575955,0.0060879160049156465,1
sep-ipop-w60,2,112002,2196,3022848,891.41808573404944,,59786709838758.867,65310996.354455963,0.0066988646175169938,1
sep-ipop-w60,2,112002,2209,3049472,891.41808573404944,,97439183640231.859,60746793.329525404,0.0062475511590943684,1
sep-ipop-w60,2,112002,2221,3074048,891.41808573404944,,135521314081128.91,74493736.323140293,0.0062556254311532345,1
sep-ipop-w60,2,112002,2234,3100672,891.41808573404944,,187069710669166.88,78699319.235179156,0.0057503651587526572,1
sep-ipop-w60,2,112002,2246,3125248,891.41808573404944,,263593632337084.97,56681811.873108596,0.0054049755951614438,1
sep-ipop-w60,2,112002,2258,3149824,891.41808573404944,,278256506960845.75,117229315.37586193,0.0053192265078577175,1
sep-ipop-w60,2,112002,2271,3176448,891.41808573404944,,347480507175799.75,244489437.25306675,0.0056291690960977537,1
sep-ipop-w60,2,112002,2283,3201024,891.41808573404944,,418195834413319.69,494426283.22193259,0.0057520112152348521,1
sep-ipop-w60,2,112002,2296,3227648,891.41808573404944,,476763891453425.5,746879828.458812,0.0055656725298373066,1
sep-ipop-w60,2,112002,2308,3252224,891.41808573404944,,562644395075918,1018472512.9557434,0.0057000772724401351,1
sep-ipop-w60,2,112002,2320,3276800,891.41808573404944,,764643959527719.38,1097009029.4188941,0.0063668151331489724,1
sep-ipop-w60,2,112002,2333,3303424,891.41808573404944,,954880045501712.12,1144462325.4552629,0.0062742251060684011,1
sep-ipop-w60,2,112002,2345,3328000,891.41808573404944,,1318046022984594,2083966116.8747685,0.0073783794878786255,1
sep-ipop-w60,2,112002,2358,3354624,891.41808573404944,,2714220865463977,2408101636.6373019,0.0083539452102697025,1
sep-ipop-w60,2,112002,2370,3379200,891.41808573404944,,4623012288259097,2970710745.05089,0.0094666302568376694,1
sep-ipop-w60,2,112002,2382,3403776,891.41808573404944,,6062768614872917,2114055712.8906288,0.0067368178923263499,1
sep-ipop-w60,2,112002,2395,3430400,891.41808573404944,,6280012882438630,2030268609.218019,0.0056230701141671271,1
sep-ipop-w60,2,112002,2407,3454976,891.41808573404944,,10870258894355300,2204732526.5881124,0.0087464639728258731,1
sep-ipop-w60,2,112002,2420,3481600,891.41808573404944,,13484420974491728,2069582918.9713411,0.0064858077240483539,1
sep-ipop-w60,2,112002,2432,3506176,891.41808573404944,,12935818431570632,2297355130.2554007,0.0055457521304405361,1
sep-ipop-w60,2,112002,2444,3530752,891.41808573404944,,13075539233872868,3293430319.0370674,0.00569335915345564,1
sep-ipop-w60,2,112002,2457,3557376,891.41808573404944,,13585396163027556,3627217457.3629727,0.0049727270370759635,1
sep-ipop-w60,2,112002,2468,3581952,891.41808573404944,,0.38154528540367405,2.1875139544787805,0.45543997810482106,2
sep-ipop-w60,2,112002,2475,3610624,891.41808573404944,,0.72669926505979832,14.944554062588047,1.0430316728523235,2
sep-ipop-w60,2,112002,2481,3635200,891.41808573404944,,0.9842113649679094,12.891548153858485,0.82987748454029009,2
sep-ipop-w60,2,112002,2487,3659776,891.41808573404944,,1.2432694821479022,12.570812335677306,0.68174569739189217,2
sep-ipop-w60,2,112002,2493,3684352,891.41808573404944,,1.4821595838067245,11.441243164100282,0.50002296254252654,2
sep-ipop-w60,2,112002,2499,3708928,891.41808573404944,,1.7332275907518802,12.92138418175487,0.42272026242638622,2
sep-ipop-w60,2,112002,2506,3737600,891.41808573404944,,2.1938041598152065,11.918454481389633,0.37365427288037589,2
sep-ipop-w60,2,112002,2512,3762176,891.41808573404944,,2.8429543260538015,29.201023414735655,0.34286996023815536,2
sep-ipop-w60,2,112002,2518,3786752,891.41808573404944,,4.1225115452073995,96.017051397647265,0.34008313673589691,2
sep-ipop-w60,2,112002,2524,3811328,891.41808573404944,,6.0819850016320167,175.37362885518706,0.31975609865803262,2
sep-ipop-w60,2,112002,2530,3835904,891.41808573404944,,8.8283704279560933,304.99583012345903,0.31928476760254632,2
sep-ipop-w60,2,112002,2537,3864576,891.41808573404944,,13.51186091937751,357.68188469940668,0.32288030000806173,2
sep-ipop-w60,2,112002,2543,3889152,891.41808573404944,,18.572232848241455,424.70088604528172,0.31183145054508221,2
sep-ipop-w60,2,112002,2549,3913728,891.41808573404944,,24.092878688061727,653.31199352562862,0.30698431636538598,2
sep-ipop-w60,2,112002,2555,3938304,891.41808573404944,,29.361333875974047,1038.0530186357355,0.30891425609120737,2
sep-ipop-w60,2,112002,2561,3962880,891.41808573404944,,35.042263765516395,1524.5867202847248,0.30665290810328821,2
sep-ipop-w60,2,112002,2568,3991552,891.41808573404944,,52.963780735711765,1563.4276753103672,0.31131791379671531,2
sep-ipop-w60,2,112002,2574,4016128,891.41808573404944,,78.165627282782637,1316.5691200236795,0.31450688237818381,2
sep-ipop-w60,2,112002,2580,4040704,891.41808573404944,,108.59166049740908,1256.747793593295,0.30718858130756621,2
sep-ipop-w60,2,112002,2586,4065280,891.41808573404944,,140.00417446047052,1505.5154607166862,0.2724201398679863,2
sep-ipop-w60,2,112002,2592,4089856,891.41808573404944,,187.11842782327085,1674.9174483626559,0.26587509302762491,2
sep-ipop-w60,2,112002,2599,4118528,891.41808573404944,,261.1951956686176,1933.4067905866823,0.26830966576421689,2
sep-ipop-w60,2,112002,2605,4143104,891.41808573404944,,325.01919640550506,2094.6783740722958,0.25028238415794202,2
sep-ipop-w60,2,112002,2611,4167680,891.41808573404944,,422.76077671157742,2198.937138296475,0.26397485378871988,2
sep-ipop-w60,2,112002,2617,4192256,891.41808573404944,,560.70935920591728,2448.0285891777821,0.26521519880076083,2
sep-ipop-w60,2,112002,2623,4216832,891.41808573404944,,743.69001021343013,2627.9160362328871,0.2625057675630984,2
sep-ipop-w60,2,112002,2630,4245504,891.41808573404944,,1080.7405756716782,3244.2365518741826,0.2608598210330354,2
sep-ipop-w60,2,112002,2636,4270080,891.41808573404944,,1588.5114046226336,3677.176901293933,0.27003267264275016,2
sep-ipop-w60,2,112002,2642,4294656,891.41808573404944,,2269.9529947092451,4602.2195466277844,0.2705836744618898,2
sep-ipop-w60,2,112002,2648,4319232,891.41808573404944,,3319.6642777483898,5545.3917323825181,0.2686702789249748,2
sep-ipop-w60,2,112002,2654,4343808,891.41808573404944,,5066.3432663818721,5289.1589824052653,0.2658583010001388,2
sep-ipop-w60,2,112002,2661,4372480,891.41808573404944,,8119.5215646810811,7084.8022219341674,0.27535435783735152,2
sep-ipop-w60,2,112002,2667,4397056,891.41808573404944,,12249.528939463064,6898.0534365737294,0.2712771573305941,2
sep-ipop-w60,2,112002,2673,4421632,891.41808573404944,,18391.871155657987,5424.1334605106076,0.27917506215039295,2
sep-ipop-w60,2,112002,2679,4446208,891.41808573404944,,29479.678149639873,4678.5999128205576,0.29218704675303531,2
sep-ipop-w60,2,112002,2685,4470784,891.41808573404944,,45653.776421332848,3897.2367348777839,0.29520887545868874,2
sep-ipop-w60,2,112002,2692,4499456,891.41808573404944,,78142.16363156274,3487.357993201068,0.29884063273563721,2
sep-ipop-w60,2,112002,2698,4524032,891.41808573404944,,119967.27614315051,3077.2473004330282,0.28492467753824091,2
sep-ipop-w60,2,112002,2704,4548608,891.41808573404944,,177467.55455791674,3785.4066176641431,0.28390226547996905,2
sep-ipop-w60,2,112002,2710,4573184,891.41808573404944,,260888.44404422469,4609.3041938511496,0.27451388092300599,2
sep-ipop-w60,2,112002,2716,4597760,891.41808573404944,,408369.20598521305,4772.0396356332076,0.27481259942587472,2
sep-ipop-w60,2,112002,2723,4626432,891.41808573404944,,716762.47373527207,5108.2755658804481,0.29014951063075245,2
sep-ipop-w60,2,112002,2729,4651008,891.41808573404944,,1146346.5834819051,4689.2691681578008,0.28776008273550868,2
sep-ipop-w60,2,112002,2735,4675584,891.41808573404944,,1719823.6568932985,4956.6960740128116,0.27619652282201657,2
sep-ipop-w60,2,112002,2741,4700160,891.41808573404944,,2447284.443123071,5736.8829580504007,0.26492976477426489,2
sep-ipop-w60,2,112002,2747,4724736,891.41808573404944,,3485967.1933171675,8448.8575652787858,0.25935440665375825,2
sep-ipop-w60,2,112002,2754,4753408,891.41808573404944,,5161217.2374729645,15480.095334895626,0.24949705516689066,2
sep-ipop-w60,2,112002,2760,4777984,891.41808573404944,,6848422.6872393573,23297.757452928156,0.24844878503748649,2
sep-ipop-w60,2,112002,2766,4802560,891.41808573404944,,9458409.9940448515,25772.977915366846,0.2510009330663957,2
sep-ipop-w60,2,112002,2772,4827136,891.41808573404944,,13216320.943412967,30916.775294607905,0.26003973624844168,2
sep-ipop-w60,2,112002,2778,4851712,891.41808573404944,,18095697.930219956,34609.581114966102,0.24652093175737724,2
sep-ipop-w60,2,112002,2785,4880384,891.41808573404944,,25604842.60075403,54060.968671359995,0.24268691555968289,2
sep-ipop-w60,2,112002,2791,4904960,891.41808573404944,,35152303.575483598,71876.695205636963,0.24150604793951802,2
sep-ipop-w60,2,112002,2797,4929536,891.41808573404944,,49643473.989640892,105080.16778076415,0.24528593962721121,2
sep-ipop-w60,2,112002,2803,4954112,891.41808573404944,,67237163.734208092,103520.58777590313,0.22605393665172716,2
sep-ipop-w60,2,112002,2809,4978688,891.41808573404944,,91536860.109363526,137215.89917618557,0.22498909154474003,2
sep-ipop-w60,2,112002,2816,5007360,891.41808573404944,,149872990.11872631,99102.515353190509,0.21207240622372001,2
sep-ipop-w60,2,112002,2822,5031936,891.41808573404944,,293612485.49851197,28152.729877538022,0.17790938508236864,2
sep-ipop-w60,2,112002,2828,5056512,891.41808573404944,,557972507.70898771,14682.974758018061,0.15047869459914581,2
sep-ipop-w60,2,112002,2834,5081088,891.41808573404944,,916459870.52085757,8123.9438022146514,0.12694834720950457,2
sep-ipop-w60,2,112002,2840,5105664,891.41808573404944,,1488962516.2324829,5255.8329985203263,0.10346694804055104,2
sep-ipop-w60,2,112002,2847,5134336,891.41808573404944,,2705593880.0450506,3725.1902179658828,0.094802286762942861,2
sep-ipop-w60,2,112002,2853,5158912,891.41808573404944,,4440741314.7704115,3043.4242194041549,0.081205866670234966,2
sep-ipop-w60,2,112002,2859,5183488,891.41808573404944,,7156470255.9224443,2408.1787325038463,0.074313853475796068,2
sep-ipop-w60,2,112002,2865,5208064,891.41808573404944,,10148548778.826721,2125.0583449207475,0.060358037802451144,2
sep-ipop-w60,2,112002,2871,5232640,891.41808573404944,,13873291592.729637,2186.8859081693709,0.05051308168705898,2
sep-ipop-w60,2,112002,2878,5261312,891.41808573404944,,22035443778.978249,2828.2471465824588,0.045948948018089616,2
sep-ipop-w60,2,112002,2884,5285888,891.41808573404944,,32030864962.795906,3512.7168708158893,0.041948976916417753,2
sep-ipop-w60,2,112002,2890,5310464,891.41808573404944,,44468692932.82373,4156.7656335689135,0.037082963956711977,2
sep-ipop-w60,2,112002,2896,5335040,891.41808573404944,,64784884824.627548,4200.1716826652009,0.034536872154045037,2
sep-ipop-w60,2,112002,2902,5359616,891.41808573404944,,93705555455.082733,3425.1726614605432,0.030721044947944035,2
sep-ipop-w60,2,112002,2909,5388288,891.41808573404944,,132415113520.44899,4581.110470269974,0.028166425474348895,2
sep-ipop-w60,2,112002,2915,5412864,891.41808573404944,,174214755390.00229,5772.918335108976,0.026730258855753766,2
sep-ipop-w60,2,112002,2921,5437440,891.41808573404944,,213486620249.23788,6165.4317240646242,0.024767705579992114,2
sep-ipop-w60,2,112002,2927,5462016,891.41808573404944,,261538005236.31049,6194.5882540154917,0.023448280787336198,2
sep-ipop-w60,2,112002,2933,5486592,891.41808573404944,,304245080917.07855,6930.5751180788566,0.021547035185806133,2
sep-ipop-w60,2,112002,2940,5515264,891.41808573404944,,353659686255.22675,9609.0247097829797,0.019634914583308311,2
sep-ipop-w60,2,112002,2946,5539840,891.41808573404944,,416543182137.35803,10985.857911670226,0.017544899718692716,2
sep-ipop-w60,2,112002,2952,5564416,891.41808573404944,,488678314991.39081,12838.600944746335,0.017660202582191569,2
sep-ipop-w60,2,112002,2958,5588992,891.41808573404944,,575729343422.71448,16753.034685266408,0.017826171217781076,2
sep-ipop-w60,2,112002,2964,5613568,891.41808573404944,,676987464320.93457,19645.363071176209,0.017812722735555529,2
sep-ipop-w60,2,112002,2971,5642240,891.41808573404944,,828125905822.46338,24126.126569403481,0.016837857097655798,2
sep-ipop-w60,2,112002,2977,5666816,891.41808573404944,,1034763547565.2551,24191.197297458933,0.016330840916549613,2
sep-ipop-w60,2,112002,2983,5691392,891.41808573404944,,1299052356969.0288,27841.378032963166,0.015720786199356858,2
sep-ipop-w60,2,112002,2989,5715968,891.41808573404944,,1656184392786.7251,45319.397686359931,0.016574284011152955,2
sep-ipop-w60,2,112002,2995,5740544,891.41808573404944,,2096885539165.2502,72095.957606696669,0.01745788286070447,2
sep-ipop-w60,2,112002,3002,5769216,891.41808573404944,,2790171809068.4912,163349.13064655551,0.017757908532328316,2
sep-ipop-w60,2,112002,3008,5793792,891.41808573404944,,3511272540756.6064,265996.59929649113,0.01554776270347029,2
sep-ipop-w60,2,112002,3014,5818368,891.41808573404944,,4476238995750.9893,520158.66451725923,0.015525146457759847,2
sep-ipop-w60,2,112002,3020,5842944,891.41808573404944,,5399356789597.0605,699118.57753747061,0.013899792004342701,2
sep-ipop-w60,2,112002,3026,5867520,891.41808573404944,,6751446201484.4219,806157.89747474191,0.012360844692065555,2
sep-ipop-w60,2,112002,3033,5896192,891.41808573404944,,8663370592103.6963,1071717.7194789781,0.012418968536247401,2
sep-ipop-w60,2,112002,3039,5920768,891.41808573404944,,11555069223419.854,874670.88923571049,0.012209585480332769,2
sep-ipop-w60,2,112002,3045,5945344,891.41808573404944,,13245599945464.533,808859.26303538517,0.010403438213155451,2
sep-ipop-w60,2,112002,3051,5969920,891.41808573404944,,15111718548355.676,793959.44771935884,0.0094420788566137465,2
sep-ipop-w60,2,112002,3057,5994496,891.41808573404944,,17304496553155.377,716019.12062343163,0.0080831977379683517,2
sep-ipop-w60,2,112002,3064,6023168,891.41808573404944,,21433537345411.629,756302.51262905542,0.0079878766724040418,2
sep-ipop-w60,2,112002,3070,6047744,891.41808573404944,,25001110456527.309,689749.17977259215,0.0076963109691825906,2
sep-ipop-w60,2,112002,3076,6072320,891.41808573404944,,31397988751471.102,755202.53771345632,0.008632561750576714,2
sep-ipop-w60,2,112002,3082,6096896,891.41808573404944,,36481959873773.289,867629.9576654518,0.0079311233584539141,2
sep-ipop-w60,2,112002,3088,6121472,891.41808573404944,,40968756660524.156,764795.5602805916,0.0076195440131320655,2
sep-ipop-w60,2,112002,3095,6150144,891.41808573404944,,49597266960317.969,981394.87498605368,0.0073917695042181805,2
sep-ipop-w60,2,112002,3101,6174720,891.41808573404944,,57696227574867.758,1085410.50790388,0.0076073896946941486,2
sep-ipop-w60,2,112002,3107,6199296,891.41808573404944,,64196845291739.281,1265696.8390228017,0.0075189625098430199,2
sep-ipop-w60,2,112002,3113,6223872,891.41808573404944,,76956097546473.203,1405251.7176615044,0.0072613675277312462,2
sep-ipop-w60,2,112002,3119,6248448,891.41808573404944,,92384970342652.828,1799622.095859362,0.0074360406248739821,2
sep-ipop-w60,2,112002,3126,6277120,891.41808573404944,,118035735908704.45,1797620.2856148558,0.0074154625564036847,2
sep-ipop-w60,2,112002,3132,6301696,891.41808573404944,,144922246155390,1987831.1395114667,0.0073972694109891088,2
sep-ipop-w60,2,112002,3138,6326272,891.41808573404944,,179521333206354.16,2640275.0173714175,0.0074863868491210064,2
sep-ipop-w60,2,112002,3144,6350848,891.41808573404944,,227198333588858.47,4272719.4956398858,0.0074127710491880151,2
sep-ipop-w60,2,112002,3150,6375424,891.41808573404944,,298352647134438.19,6779727.0230317228,0.0079610738391886135,2
sep-ipop-w60,2,112002,3157,6404096,891.41808573404944,,402200379113787.69,11580645.557990078,0.0082836489271389639,2
sep-ipop-w60,2,112002,3163,6428672,891.41808573404944,,517221102960305.94,15724364.949128062,0.0080657006733543118,2
sep-ipop-w60,2,112002,3169,6453248,891.41808573404944,,684272971665562.88,19716282.971970458,0.0084192520177402853,2
sep-ipop-w60,2,112002,3175,6477824,891.41808573404944,,857965122356378,22542683.335864644,0.0080902785146249878,2
sep-ipop-w60,2,112002,3181,6502400,891.41808573404944,,1050850056567252.4,25735092.116910562,0.0081397028954619324,2
sep-ipop-w121,2,112002,1,1024,10026.645351409912,,0.29031814222906571,5.9220241001126048,0.12001749339128809,0
sep-ipop-w121,2,112002,5,5120,1955.2368240356445,,0.78302565693176196,45.699688220793512,0.70507847666326118,0
sep-ipop-w121,2,112002,10,10240,1704.8680241902669,,1.2427519734891037,83.761642454782361,1.1166225432656682,0
sep-ipop-w121,2,112002,20,20480,1700.0986048380535,,2.2728193115418125,7.653745275318439,0.38531382835515737,0
sep-ipop-w121,2,112002,25,25600,1648.8705062866211,,2.5703116235266625,8.7571863382165187,0.31710644956635653,0
sep-ipop-w121,2,112002,40,40960,1566.1147219340007,,4.142048344193932,90.243405461023329,0.28179738031585078,0
sep-ipop-w121,2,112002,50,51200,1488.1737365722656,,8.1121436881784952,156.63803815008703,0.27962175701148972,0
sep-ipop-w121,2,112002,75,76800,1371.5075136820476,,16.488994836901483,718.92908661290119,0.21860222429719675,0
sep-ipop-w121,2,112002,80,81920,1353.6064389546711,,19.787911638446584,1160.6879804383088,0.21478979402840925,0
sep-ipop-w121,2,112002,100,102400,1337.6333554585774,,39.140236300331637,4460.2801596750651,0.2440151065641194,0
sep-ipop-w121,2,112002,125,128000,1319.9685770670574,,97.534486780886851,11578.789214128905,0.24625453088951857,0
sep-ipop-w121,2,112002,149,152576,1306.3423817952473,,366.04581614716528,23748.9690521595,0.25894408704170552,0
sep-ipop-w121,2,112002,160,163840,1303.6655362447102,,497.84285461019687,54720.667353395918,0.21801798575100106,0
sep-ipop-w121,2,112002,174,178176,1300.9237009684246,,919.93306854514799,114811.92656919091,0.23482064144963086,0
sep-ipop-w121,2,112002,199,203776,1295.6892064412434,,2948.1099949278037,131197.31758616713,0.24486934900830754,0
sep-ipop-w121,2,112002,224,229376,1282.4365297953289,,12184.567944405782,57761.119786519041,0.26896651250353115,0
sep-ipop-w121,2,112002,249,254976,1225.5234845479329,,111223.17109266826,5546.0688232365692,0.29497727784972122,0
sep-ipop-w121,2,112002,255,261120,1211.3624954223633,,180661.87578532018,4390.8901258084234,0.29485379405487733,0
sep-ipop-w121,2,112002,273,279552,1142.1674880981445,,537901.7813201918,4399.5755098508353,0.25522308263244475,0
sep-ipop-w121,2,112002,298,305152,1067.292350769043,,1481244.8447997896,13600.359588002757,0.22420036082642844,0
sep-ipop-w121,2,112002,323,330752,1029.7588640848796,,4876432.5992201921,29965.738820061055,0.23702393888763171,0
sep-ipop-w121,2,112002,348,356352,1012.0330047607422,,12864723.924779521,49270.760265475146,0.20152506076212628,0
sep-ipop-w121,2,112002,373,381952,1002.8722254435221,,44296293.968768366,185707.02774376742,0.23289215894138654,0
sep-ipop-w121,2,112002,397,406528,998.74546813964844,,253964005.16183636,111954.49030759885,0.28230799259866796,0
sep-ipop-w121,2,112002,422,432128,978.92599741617835,,2301318479.9593287,33211.887828860745,0.25064642280294214,0
sep-ipop-w121,2,112002,447,457728,959.27624003092444,,11748963643.809433,48007.307360610357,0.26281940412135379,0
sep-ipop-w121,2,112002,472,483328,943.15803400675452,,41753595258.303802,55786.69871740626,0.22603781908720094,0
sep-ipop-w121,2,112002,497,508928,933.21504847208655,,145770640962.82782,142488.34831403257,0.24236185660814918,0
sep-ipop-w121,2,112002,521,533504,927.23917516072595,,743960395260.69983,74659.178023822227,0.22394088039898311,0
sep-ipop-w121,2,112002,546,559104,910.29578526814782,,2992206721874.9946,22114.878602970639,0.10498354068514844,0
sep-ipop-w121,2,112002,571,584704,903.54842631022132,,10146017640647.936,12848.529787925352,0.053143595526157661,0
sep-ipop-w121,2,112002,596,610304,900.43303298950195,,37470170377487.547,11597.392221110236,0.040415287714759038,0
sep-ipop-w121,2,112002,621,635904,898.41272226969397,,99135469510828.047,15841.436911778628,0.026155687501403041,0
sep-ipop-w121,2,112002,645,660480,897.38033167521155,,277003294789739.81,51157.921016453023,0.023290106195928324,0
sep-ipop-w121,2,112002,670,686080,896.65928268432617,,744202167819916,115105.65063407019,0.02230403401302937,0
sep-ipop-w121,2,112002,695,711680,896.20708847045898,,2192060480903208.5,81025.46727935478,0.019226275717590037,0
sep-ipop-w121,2,112002,720,737280,895.72826639811194,,5264619262033269,180660.50043590931,0.020305855383312778,0
sep-ipop-w121,2,112002,745,762880,895.35160191853845,,8626873915586104,129939.66582764413,0.015519950861621844,0
sep-ipop-w121,2,112002,769,787456,895.02821731567383,,13466727193102194,351746.67831625824,0.014558951761414172,0
sep-ipop-w121,2,112002,794,813056,894.86952972412109,,20288169702442644,15361830.554870114,0.015203441002801963,0
sep-ipop-w121,2,112002,819,838656,894.72080230712891,,74079098836020880,72543848.03433466,0.018489622510107367,0
sep-ipop-w121,2,112002,844,864256,894.58423360188806,,3.5817437045668627e+17,22819274.401786909,0.016144030761444231,0
sep-ipop-w121,2,112002,869,889856,894.38390986124671,,1.447513493903658e+18,32595932.466342796,0.018798977179679006,0
sep-ipop-w121,2,112002,893,914432,894.16729227701819,,6.1743828453428828e+18,9284225.6914124358,0.017953749571254576,0
sep-ipop-w121,2,112002,918,940032,893.93500773111975,,2.6577647066875961e+19,9894849.3725415673,0.019635513815693957,0
sep-ipop-w121,2,112002,943,965632,893.72046661376953,,1.1432273502027842e+20,7841638.225057669,0.019646320029017859,0
sep-ipop-w121,2,112002,968,991232,893.45189666748047,,4.2914273083987191e+20,11062643.453800594,0.01871145442064959,0
sep-ipop-w121,2,112002,993,1016832,893.17704900105798,,1.6525416025972269e+21,6358820.7457883554,0.018194935127962084,0
sep-ipop-w121,2,112002,1017,1041408,892.90044403076172,,5.5955341516570288e+21,13303322.67054986,0.020511648109095098,0
sep-ipop-w121,2,112002,1042,1067008,892.74536387125647,,2.0679856251410261e+22,9837484.9144155383,0.017414862492151212,0
sep-ipop-w121,2,112002,1067,1092608,892.48716354370117,,6.9881731858319584e+22,10463553.350352848,0.017653233862523054,0
sep-ipop-w121,2,112002,1092,1118208,892.40521367390954,,2.3702298051470588e+23,20679302.572845828,0.019148366089839105,0
sep-ipop-w121,2,112002,1117,1143808,892.24073155721032,,6.3422611811325772e+23,60768133.42382355,0.017204180124688457,0
sep-ipop-w121,2,112002,1142,1169408,892.11813863118493,,1.5730706119052582e+24,149455719.88327041,0.017615605326889289,0
sep-ipop-w121,2,112002,1166,1193984,892.06058502197266,,2.7686855990090894e+24,105674791.64663263,0.014398440378889835,0
sep-ipop-w121,2,112002,1191,1219584,891.93842188517249,,5.7110814221833971e+24,164944939.56706375,0.014195795000757938,0
sep-ipop-w121,2,112002,1216,1245184,891.88016382853186,,1.4005281637402845e+25,518320872.33048105,0.01757141957227492,0
sep-ipop-w121,2,112002,1241,1270784,891.70796457926429,,3.3174730286934484e+25,235598493.21954533,0.016588022052035613,0
sep-ipop-w121,2,112002,1266,1296384,891.61714172363281,,1.0248733716323147e+26,136910582.96519694,0.017032345698732625,0
sep-ipop-w121,2,112002,1290,1320960,891.5561408996582,,2.0194054424106474e+26,282561217.10838324,0.016341356426009857,0
sep-ipop-w121,2,112002,1315,1346560,891.50480016072595,,3.6547567169011793e+26,303183997.23259366,0.014397100366229166,0
sep-ipop-w121,2,112002,1340,1372160,891.46558888753259,,6.0335533864747621e+26,751848880.00200379,0.015369651288171256,0
sep-ipop-w121,2,112002,1365,1397760,891.46558888753259,,8.221218147919448e+26,1353538844.3557515,0.014854474359175614,0
sep-ipop-w121,2,112002,1390,1423360,891.41808573404944,,1.0438670135588548e+27,6853623852.0872068,0.014606438033138153,0
sep-ipop-w121,2,112002,1414,1447936,891.41808573404944,,1.2875653214561004e+27,15826143639.733721,0.012613754711278388,0
sep-ipop-w121,2,112002,1439,1473536,891.41808573404944,,1.6970420951455796e+27,19679687753.912491,0.011665680726460372,0
sep-ipop-w121,2,112002,1464,1499136,891.41808573404944,,2.7889238562118604e+27,21682127181.271568,0.011645644103778229,0
sep-ipop-w121,2,112002,1489,1524736,891.41808573404944,,3.0319259599160213e+27,25837990722.652485,0.0090969786451427122,0
sep-ipop-w121,2,112002,1508,1551360,891.41808573404944,,0.6915094919038669,12.569806664643183,1.0443193452479917,1
sep-ipop-w121,2,112002,1520,1575936,891.41808573404944,,1.000394749353599,11.190245434934596,0.52720064931605837,1
sep-ipop-w121,2,112002,1532,1600512,891.41808573404944,,1.2773652746275059,11.757683572727949,0.33674408036220599,1
sep-ipop-w121,2,112002,1545,1627136,891.41808573404944,,2.1606797522168142,64.484173775592851,0.32237813142822014,1
sep-ipop-w121,2,112002,1557,1651712,891.41808573404944,,4.1644948317845261,110.27772819580591,0.29878388515353943,1
sep-ipop-w121,2,112002,1570,1678336,891.41808573404944,,6.0413256022406978,439.26483136889527,0.26707100503113501,1
sep-ipop-w121,2,112002,1582,1702912,891.41808573404944,,11.061441780628323,744.93304072588262,0.28204796697877604,1
sep-ipop-w121,2,112002,1594,1727488,891.41808573404944,,17.832101284670685,1609.0471608994255,0.26027454078975676,1
sep-ipop-w121,2,112002,1607,1754112,891.41808573404944,,23.382875058967521,4408.8375834359931,0.22558855304576228,1
sep-ipop-w121,2,112002,1619,1778688,891.41808573404944,,52.240865684741074,2788.6716644830112,0.28325303845626515,1
sep-ipop-w121,2,112002,1632,1805312,891.41808573404944,,126.30719401540068,3388.5242423611348,0.29278932183461281,1
sep-ipop-w121,2,112002,1644,1829888,891.41808573404944,,306.20929643520049,3497.5441323597902,0.28471976081399503,1
sep-ipop-w121,2,112002,1656,1854464,891.41808573404944,,628.96819191801683,7718.8410240208932,0.26824389627780204,1
sep-ipop-w121,2,112002,1669,1881088,891.41808573404944,,1468.9289260464864,9510.362182974568,0.27775027849393896,1
sep-ipop-w121,2,112002,1681,1905664,891.41808573404944,,3190.2836935515888,9994.453779622334,0.26811484688825887,1
sep-ipop-w121,2,112002,1694,1932288,891.41808573404944,,8140.6778217669398,13858.925534376112,0.28069891408230546,1
sep-ipop-w121,2,112002,1706,1956864,891.41808573404944,,17144.415840892209,21729.928175804042,0.26196638113895276,1
sep-ipop-w121,2,112002,1718,1981440,891.41808573404944,,31775.178469796941,35054.635793208676,0.24273926741075397,1
sep-ipop-w121,2,112002,1731,2008064,891.41808573404944,,73684.871746790901,40471.190817312163,0.2515901261511887,1
sep-ipop-w121,2,112002,1743,2032640,891.41808573404944,,154488.64896724804,45170.465032776519,0.25304006810596263,1
sep-ipop-w121,2,112002,1756,2059264,891.41808573404944,,359445.14144629636,45885.035075716267,0.24206128966204588,1
sep-ipop-w121,2,112002,1768,2083840,891.41808573404944,,785983.26630642847,61980.013785123912,0.24673399254409545,1
sep-ipop-w121,2,112002,1780,2108416,891.41808573404944,,1656111.3824453165,60385.546025127711,0.25851935008884269,1
sep-ipop-w121,2,112002,1793,2135040,891.41808573404944,,3617806.3786484892,54975.503747564901,0.26183733317874824,1
sep-ipop-w121,2,112002,1805,2159616,891.41808573404944,,7972945.1786687467,53618.416446230258,0.25528772578717107,1
sep-ipop-w121,2,112002,1818,2186240,891.41808573404944,,18948279.927974213,45114.697897819591,0.25146782533130391,1
sep-ipop-w121,2,112002,1830,2210816,891.41808573404944,,34379119.435250446,63487.80552836167,0.2459147296832421,1
sep-ipop-w121,2,112002,1842,2235392,891.41808573404944,,68302539.97110419,71623.590682091672,0.24923681004254586,1
sep-ipop-w121,2,112002,1855,2262016,891.41808573404944,,216566420.28693473,37253.165398503348,0.26660950297087394,1
sep-ipop-w121,2,112002,1867,2286592,891.41808573404944,,453424164.32620507,28712.869787478667,0.22143351483950699,1
sep-ipop-w121,2,112002,1880,2313216,891.41808573404944,,1037655877.3285991,15678.963586398399,0.16326240220965685,1
sep-ipop-w121,2,112002,1892,2337792,891.41808573404944,,2247356448.4591732,9612.3554542001166,0.12694814539592156,1
sep-ipop-w121,2,112002,1904,2362368,891.41808573404944,,4941624963.6539593,7474.0899594538814,0.1087402614665938,1
sep-ipop-w121,2,112002,1917,2388992,891.41808573404944,,11196765063.259695,5691.0392819439621,0.087197071572681223,1
sep-ipop-w121,2,112002,1929,2413568,891.41808573404944,,25245792448.940292,4961.2933336400856,0.079384298187218691,1
sep-ipop-w121,2,112002,1942,2440192,891.41808573404944,,64634660809.802048,5114.9760971604592,0.081393331694818424,1
sep-ipop-w121,2,112002,1954,2464768,891.41808573404944,,175924816650.02377,3364.3256624244059,0.08525787564500209,1
sep-ipop-w121,2,112002,1966,2489344,891.41808573404944,,435363096108.58868,3052.2690231057422,0.072762505039489833,1
sep-ipop-w121,2,112002,1979,2515968,891.41808573404944,,982333392522.18701,4949.7343169883306,0.070948423610964276,1
sep-ipop-w121,2,112002,1991,2540544,891.41808573404944,,2069835408294.1477,7064.9370790955163,0.07214614958537735,1
sep-ipop-w121,2,112002,2004,2567168,891.41808573404944,,4312021268758.5405,5874.3461756437509,0.0596661253718841,1
sep-ipop-w121,2,112002,2016,2591744,891.41808573404944,,9438098375291.8281,6212.6215951698532,0.059798871499468415,1
sep-ipop-w121,2,112002,2028,2616320,891.41808573404944,,20158429792731.289,7217.4043308262471,0.055544018343967931,1
sep-ipop-w121,2,112002,2041,2642944,891.41808573404944,,45467337782613.133,4942.1539432448617,0.049466257306117901,1
sep-ipop-w121,2,112002,2053,2667520,891.41808573404944,,106280438745266.3,4524.54503479494,0.053236541955065025,1
sep-ipop-w121,2,112002,2066,2694144,891.41808573404944,,243773191470030.28,4321.3654288514172,0.048501219157669757,1
sep-ipop-w121,2,112002,2078,2718720,891.41808573404944,,595012210717853.88,5387.4397415210369,0.055338530215240003,1
sep-ipop-w121,2,112002,2090,2743296,891.41808573404944,,1429497942395595.2,4773.4289627977978,0.055096087733342652,1
sep-ipop-w121,2,112002,2103,2769920,891.41808573404944,,3182346533060109.5,4226.4724538185601,0.046964427505042691,1
sep-ipop-w121,2,112002,2115,2794496,891.41808573404944,,7113908003397801,3821.3997923759357,0.045320617129661032,1
sep-ipop-w121,2,112002,2128,2821120,891.41808573404944,,17800761344185206,4908.5553355920556,0.051710851957028674,1
sep-ipop-w121,2,112002,2140,2845696,891.41808573404944,,35569993537157712,5375.532408832154,0.045491197015542315,1
sep-ipop-w121,2,112002,2152,2870272,891.41808573404944,,66157550027386352,5994.6273672680636,0.042237437084027843,1
sep-ipop-w121,2,112002,2165,2896896,891.41808573404944,,1.3130349001068352e+17,5092.5441930035513,0.03712986237931918,1
sep-ipop-w121,2,112002,2177,2921472,891.41808573404944,,2.2511637048232672e+17,6298.9242825917227,0.035979207393053485,1
sep-ipop-w121,2,112002,2190,2948096,891.41808573404944,,4.6235235659784122e+17,7746.0856819128858,0.034442246501251328,1
sep-ipop-w121,2,112002,2202,2972672,891.41808573404944,,8.6373532805507571e+17,19696.860820503596,0.028327321736629506,1
sep-ipop-w121,2,112002,2214,2997248,891.41808573404944,,1.6553020615481628e+18,49430.869797603373,0.029834216226051511,1
sep-ipop-w121,2,112002,2227,3023872,891.41808573404944,,3.2056919195273682e+18,62719.989920191234,0.026085280945815765,1
sep-ipop-w121,2,112002,2239,3048448,891.41808573404944,,7.6355567568686838e+18,53452.332015909422,0.027697505613451565,1
sep-ipop-w121,2,112002,2252,3075072,891.41808573404944,,2.2144127258179756e+19,83541.797252614662,0.037615019401365059,1
sep-ipop-w121,2,112002,2264,3099648,891.41808573404944,,5.7552543869060006e+19,81917.925422010841,0.041754775431057829,1
sep-ipop-w121,2,112002,2276,3124224,891.41808573404944,,1.163856991353411e+20,118576.74646356901,0.038082736851488233,1
sep-ipop-w121,2,112002,2289,3150848,891.41808573404944,,2.7916511145450684e+20,118094.92736358549,0.040994001570989515,1
sep-ipop-w121,2,112002,2301,3175424,891.41808573404944,,6.4299466291807545e+20,95085.029191806665,0.033033333045662625,1
sep-ipop-w121,2,112002,2314,3202048,891.41808573404944,,1.4787103683376526e+21,84114.652142808278,0.031316002223304551,1
sep-ipop-w121,2,112002,2326,3226624,891.41808573404944,,3.6180668240092987e+21,82994.414501272884,0.030755221851918282,1
sep-ipop-w121,2,112002,2338,3251200,891.41808573404944,,7.6764281356186718e+21,69745.014197856683,0.026149201676154112,1
sep-ipop-w121,2,112002,2351,3277824,891.41808573404944,,1.8335134963851235e+22,69616.060114718755,0.026701203813598969,1
sep-ipop-w121,2,112002,2363,3302400,891.41808573404944,,3.4084343313832518e+22,62337.858774331216,0.024622275565380929,1
sep-ipop-w121,2,112002,2376,3329024,891.41808573404944,,6.032983515800132e+22,43118.785444014371,0.01968580713966829,1
sep-ipop-w121,2,112002,2388,3353600,891.41808573404944,,1.0040117379975431e+23,34040.871091921334,0.016191104821042669,1
sep-ipop-w121,2,112002,2401,3380224,891.41808573404944,,2.0157281811649382e+23,43378.61824430975,0.018838674710126908,1
sep-ipop-w121,2,112002,2413,3404800,891.41808573404944,,3.3891288578810224e+23,27620.536163206525,0.013464985991673969,1
sep-ipop-w121,2,112002,2425,3429376,891.41808573404944,,5.2352257470804187e+23,22463.796827882397,0.011076697712735346,1
sep-ipop-w121,2,112002,2438,3456000,891.41808573404944,,9.1112383575621255e+23,34337.083861788058,0.012705273852524991,1
sep-ipop-w121,2,112002,2450,3480576,891.41808573404944,,1.2147336379967244e+24,77402.251815759708,0.0086348549762021321,1
sep-ipop-w121,2,112002,2463,3507200,891.41808573404944,,2.0474246053803461e+24,214832.76891867275,0.0097370580456251458,1
sep-ipop-w121,2,112002,2475,3531776,891.41808573404944,,2.7163086561492129e+24,506327.28860643832,0.0081839103046447252,1
sep-ipop-w121,2,112002,2487,3556352,891.41808573404944,,3.3203177659095985e+24,599847.90290368267,0.006267514772103135,1
sep-ipop-w121,2,112002,2500,3582976,891.41808573404944,,5.1449170601807877e+24,1578923.4887441206,0.006968733134303789,1
sep-ipop-w121,2,112002,2512,3607552,891.41808573404944,,6.3021922755960107e+24,4727110.7667915756,0.0061116391289439834,1
sep-ipop-w121,2,112002,2525,3634176,891.41808573404944,,8.3990285179558338e+24,40608031.868613303,0.0060389489960653887,1
sep-ipop-w121,2,112002,2537,3658752,891.41808573404944,,9.4988029724889401e+24,92903896.824647799,0.0053257700047508408,1
sep-ipop-w121,2,112002,2549,3683328,891.41808573404944,,1.1502494003088286e+25,142787292.52903467,0.0055316306301088315,1
sep-ipop-w121,2,112002,2562,3709952,891.41808573404944,,1.3228458848272023e+25,375078638.89245701,0.0056012971175030913,1
sep-ipop-w121,2,112002,2574,3734528,891.41808573404944,,1.7921333498224554e+25,601271634.0046823,0.0059675146897493455,1
sep-ipop-w121,2,112002,2587,3761152,891.41808573404944,,2.951816634047571e+25,508975537.76679492,0.0054414484731508941,1
sep-ipop-w121,2,112002,2599,3785728,891.41808573404944,,3.3706790841203686e+25,865575561.80669785,0.0055774206925976065,1
sep-ipop-w121,2,112002,2611,3810304,891.41808573404944,,3.5095188397231142e+25,994478054.2202462,0.0053054993884606976,1
sep-ipop-w121,2,112002,2624,3836928,891.41808573404944,,4.2335129406936245e+25,1175025049.7295606,0.0057809689848464484,1
sep-ipop-w121,2,112002,2636,3861504,891.41808573404944,,5.0305593619487819e+25,1437525343.3578072,0.0050194799626784234,1
sep-ipop-w121,2,112002,2649,3888128,891.41808573404944,,6.777333764124921e+25,1177782343.7389843,0.0054156987637142724,1
sep-ipop-w121,2,112002,2661,3912704,891.41808573404944,,1.0970270735422716e+26,1101257698.3658695,0.0057018180775362881,1
sep-ipop-w121,2,112002,2673,3937280,891.41808573404944,,1.4392435167540612e+26,1064130694.7147706,0.005009772864562962,1
sep-ipop-w121,2,112002,2686,3963904,891.41808573404944,,1.5920895960179685e+26,915844033.87209761,0.004460253676907445,1
sep-ipop-w121,2,112002,2698,3988480,891.41808573404944,,1.6939387544473122e+26,4005093659.6051631,0.0045051612259825709,1
sep-ipop-w121,2,112002,2711,4015104,891.41808573404944,,1.4010303388318553e+26,12896795083.05764,0.003863659328135463,1
sep-ipop-w121,2,112002,2723,4039680,891.41808573404944,,1.4500392151948145e+26,14639002905.501987,0.0036475860460399986,1
sep-ipop-w121,2,112002,2735,4064256,891.41808573404944,,1.5298921490177627e+26,25761349580.008289,0.0041427012402766132,1
sep-ipop-w121,2,112002,2748,4090880,891.41808573404944,,1.704334706826957e+26,22333553547.958946,0.0040136092158103848,1
sep-ipop-w121,2,112002,2760,4115456,891.41808573404944,,1.8356986662672167e+26,18601082854.62151,0.0038928373028566422,1
sep-ipop-w121,2,112002,2769,4144128,891.41808573404944,,0.65299368686530357,8.6530107368467668,1.115659847035146,2
sep-ipop-w121,2,112002,2775,4168704,891.41808573404944,,0.80872810460572075,20.285775845302787,1.1426444169072207,2
sep-ipop-w121,2,112002,2781,4193280,891.41808573404944,,0.99784639784197082,18.21144909100871,0.8718236887670251,2
sep-ipop-w121,2,112002,2787,4217856,891.41808573404944,,1.1929162787512295,17.749473080258959,0.70188225937522175,2
sep-ipop-w121,2,112002,2793,4242432,891.41808573404944,,1.2960927629962797,20.430503389285505,0.49884699412905326,2
sep-ipop-w121,2,112002,2800,4271104,891.41808573404944,,1.6401459983116002,17.451885657347038,0.40894519734063639,2
sep-ipop-w121,2,112002,2806,4295680,891.41808573404944,,2.0857583078217319,31.266175325659031,0.36628219660547012,2
sep-ipop-w121,2,112002,2812,4320256,891.41808573404944,,2.9435718926992349,73.851238168495883,0.34451048282879532,2
sep-ipop-w121,2,112002,2818,4344832,891.41808573404944,,4.309663396210194,141.27015103247481,0.34824495538465833,2
sep-ipop-w121,2,112002,2824,4369408,891.41808573404944,,5.863780006966933,230.17198731701964,0.33871683917006407,2
sep-ipop-w121,2,112002,2831,4398080,891.41808573404944,,7.9171012264312965,291.07044003329037,0.31036212443432187,2
sep-ipop-w121,2,112002,2837,4422656,891.41808573404944,,9.2183912352601833,487.60935282732214,0.28426666488875801,2
sep-ipop-w121,2,112002,2843,4447232,891.41808573404944,,11.181438218128031,831.97987379045867,0.27692392163937213,2
sep-ipop-w121,2,112002,2849,4471808,891.41808573404944,,14.179553642499069,1105.3920656934081,0.26265657813662735,2
sep-ipop-w121,2,112002,2855,4496384,891.41808573404944,,19.659981650597146,1116.1717366804469,0.27643572596229404,2
sep-ipop-w121,2,112002,2862,4525056,891.41808573404944,,29.920923522670211,874.67025759270348,0.27946555391276351,2
sep-ipop-w121,2,112002,2868,4549632,891.41808573404944,,38.467259876439478,1195.8335151281183,0.26743191876330269,2
sep-ipop-w121,2,112002,2874,4574208,891.41808573404944,,48.324124858646883,1395.3857798506972,0.2493849623961657,2
sep-ipop-w121,2,112002,2880,4598784,891.41808573404944,,57.442298264439458,1684.4815591511642,0.24852745368544713,2
sep-ipop-w121,2,112002,2886,4623360,891.41808573404944,,69.375046195978953,1628.5489727155095,0.22934455630374834,2
sep-ipop-w121,2,112002,2893,4652032,891.41808573404944,,98.46133534658361,1992.9563876211116,0.25524081760308326,2
sep-ipop-w121,2,112002,2899,4676608,891.41808573404944,,142.99479645569642,2492.4657720054502,0.2605486911369056,2
sep-ipop-w121,2,112002,2905,4701184,891.41808573404944,,204.28999885828705,3370.9333813747894,0.26157912783366505,2
sep-ipop-w121,2,112002,2911,4725760,891.41808573404944,,294.82940074077646,4224.5742091080137,0.26595256756573249,2
sep-ipop-w121,2,112002,2917,4750336,891.41808573404944,,413.9247557208044,5197.220446852185,0.25849828301171185,2
sep-ipop-w121,2,112002,2924,4779008,891.41808573404944,,602.07185195938507,6709.2610281516836,0.24552206216487138,2
sep-ipop-w121,2,112002,2930,4803584,891.41808573404944,,821.74875899996573,8535.9226238157971,0.23666278619188355,2
sep-ipop-w121,2,112002,2936,4828160,891.41808573404944,,1165.0467019374273,13273.390892842643,0.25356627434099849,2
sep-ipop-w121,2,112002,2942,4852736,891.41808573404944,,1666.9784620917883,18360.459101587716,0.26227526869457662,2
sep-ipop-w121,2,112002,2948,4877312,891.41808573404944,,2530.0447117565168,18671.478731087202,0.25414535399303917,2
sep-ipop-w121,2,112002,2955,4905984,891.41808573404944,,4119.4216498403484,21460.559457118008,0.25616763614486171,2
sep-ipop-w121,2,112002,2961,4930560,891.41808573404944,,6271.9744542683138,21818.41500229447,0.24985350371239073,2
sep-ipop-w121,2,112002,2967,4955136,891.41808573404944,,9029.603279183877,25743.033228700035,0.24849749873315208,2
sep-ipop-w121,2,112002,2973,4979712,891.41808573404944,,13673.474965248781,29107.642067053428,0.25491030257527231,2
sep-ipop-w121,2,112002,2979,5004288,891.41808573404944,,19944.678177159964,34630.551572383833,0.26352350162750277,2
sep-ipop-w121,2,112002,2986,5032960,891.41808573404944,,30184.129684636999,37029.82693755097,0.24392285664746399,2
sep-ipop-w121,2,112002,2992,5057536,891.41808573404944,,42045.05044561081,40601.628008441425,0.24137202719562528,2
sep-ipop-w121,2,112002,2998,5082112,891.41808573404944,,60857.488061661519,45601.093349247545,0.23959793261816148,2
sep-ipop-w121,2,112002,3004,5106688,891.41808573404944,,84113.581658099909,47923.00547661446,0.24008037631550533,2
sep-ipop-w121,2,112002,3010,5131264,891.41808573404944,,121441.05232575414,50670.998204898497,0.24207465890450133,2
sep-ipop-w121,2,112002,3017,5159936,891.41808573404944,,183407.47846833215,71271.721921423334,0.24896617745041086,2
sep-ipop-w121,2,112002,3023,5184512,891.41808573404944,,245421.72535187603,70170.310252959142,0.24157756142309342,2
sep-ipop-w121,2,112002,3029,5209088,891.41808573404944,,324832.42105756351,65492.813901626418,0.22503906276285926,2
sep-ipop-w121,2,112002,3035,5233664,891.41808573404944,,440622.70014663634,50489.456574522905,0.23215026548166059,2
sep-ipop-w121,2,112002,3041,5258240,891.41808573404944,,654808.74541954428,49773.24675211696,0.25410257638033745,2
sep-ipop-w121,2,112002,3048,5286912,891.41808573404944,,1047413.5093940151,49055.385071831777,0.25657642931003577,2
sep-ipop-w121,2,112002,3054,5311488,891.41808573404944,,1577669.4610139825,44649.11640835664,0.2529911103132097,2
sep-ipop-w121,2,112002,3060,5336064,891.41808573404944,,2384570.068859804,43067.758832270665,0.24272680495680954,2
sep-ipop-w121,2,112002,3066,5360640,891.41808573404944,,3679686.7677314091,41171.754404643434,0.25022045145632488,2
sep-ipop-w121,2,112002,3072,5385216,891.41808573404944,,5426138.4054863751,44892.241667313152,0.24270259954318121,2
sep-ipop-w121,2,112002,3079,5413888,891.41808573404944,,9397393.6481695585,38990.918854277566,0.25377597321727252,2
sep-ipop-w121,2,112002,3085,5438464,891.41808573404944,,14461639.64126369,36682.79079650838,0.25234125272188784,2
sep-ipop-w121,2,112002,3091,5463040,891.41808573404944,,21783496.380243462,38686.021514002292,0.24910451996331129,2
sep-ipop-w121,2,112002,3097,5487616,891.41808573404944,,39696111.948214732,34688.772674955209,0.27327885965385423,2
sep-ipop-w121,2,112002,3103,5512192,891.41808573404944,,86730018.163052171,18638.558235180866,0.30937407737330586,2
sep-ipop-w121,2,112002,3110,5540864,891.41808573404944,,186592614.60729998,6611.6718917828521,0.2899682586525647,2
sep-ipop-w121,2,112002,3116,5565440,891.41808573404944,,299216893.13719702,5512.6743903125944,0.26707027916761034,2
sep-ipop-w121,2,112002,3122,5590016,891.41808573404944,,462841764.86522818,5646.9152103070346,0.26609567967145242,2
sep-ipop-w121,2,112002,3128,5614592,891.41808573404944,,762958630.77889574,5756.6557324353344,0.272676474276633,2
sep-ipop-w121,2,112002,3134,5639168,891.41808573404944,,1160078616.6622436,5936.4919607211168,0.25342165124882432,2
sep-ipop-w121,2,112002,3141,5667840,891.41808573404944,,1857786932.1592712,6159.4742584829773,0.24296230655539702,2
sep-ipop-w121,2,112002,3147,5692416,891.41808573404944,,2676080107.7863612,7867.546542934866,0.23037909614795624,2
sep-ipop-w121,2,112002,3153,5716992,891.41808573404944,,4062736599.9471126,8723.9837262736346,0.22310403479661103,2
sep-ipop-w121,2,112002,3159,5741568,891.41808573404944,,6578925433.9816427,5737.6135672631963,0.19895848834459715,2
sep-ipop-w121,2,112002,3165,5766144,891.41808573404944,,11455771172.948664,5588.1792019944633,0.23242201679415028,2
sep-ipop-w121,2,112002,3172,5794816,891.41808573404944,,19895635386.072582,4583.4591110166502,0.24688013700608077,2
sep-ipop-w121,2,112002,3178,5819392,891.41808573404944,,30225730731.764534,4414.5169142470277,0.25181517485036881,2
sep-ipop-w121,2,112002,3184,5843968,891.41808573404944,,45403401432.16835,4824.3271284581315,0.25520697940256371,2
sep-ipop-w121,2,112002,3190,5868544,891.41808573404944,,64422095258.347282,5010.406571890665,0.24478031470081341,2
sep-ipop-w121,2,112002,3196,5893120,891.41808573404944,,103151976484.65356,6154.22375028237,0.26421481681248038,2
sep-ipop-w121,2,112002,3203,5921792,891.41808573404944,,179008855591.23358,5651.6977926647905,0.26637329047958497,2
sep-ipop-w121,2,112002,3209,5946368,891.41808573404944,,282045728163.90302,6327.9248861541628,0.26955852794259849,2
sep-ipop-w121,2,112002,3215,5970944,891.41808573404944,,429791149392.85364,5883.4525869281979,0.26494765762257799,2
sep-ipop-w121,2,112002,3221,5995520,891.41808573404944,,672998974329.16882,7362.7170734309093,0.27351926143885213,2
sep-ipop-w121,2,112002,3227,6020096,891.41808573404944,,1043885783517.8484,6962.9283543500587,0.26817707597228324,2
sep-ipop-w121,2,112002,3234,6048768,891.41808573404944,,1813191036383.6631,10442.349357984849,0.27149656457567306,2
sep-ipop-w121,2,112002,3240,6073344,891.41808573404944,,2940233711534.5425,20860.644963982788,0.28259637124389209,2
sep-ipop-w121,2,112002,3246,6097920,891.41808573404944,,4797744305996.8965,25762.359588338662,0.27606129881279851,2
sep-ipop-w121,2,112002,3252,6122496,891.41808573404944,,8701772678887.083,23959.820643232444,0.29528941030398204,2
sep-ipop-w121,2,112002,3258,6147072,891.41808573404944,,16881249965336.928,18532.994020892434,0.31345694747299163,2
sep-ipop-w121,2,112002,3265,6175744,891.41808573404944,,34158685456262.84,10020.279073067923,0.31138293661541194,2
sep-ipop-w121,2,112002,3271,6200320,891.41808573404944,,56996613773802.461,5500.012829823685,0.29430552580757308,2
sep-ipop-w121,2,112002,3277,6224896,891.41808573404944,,93113826557744.875,3831.4408307104804,0.2937576750896177,2
sep-ipop-w121,2,112002,3283,6249472,891.41808573404944,,139625235006693.56,2966.741523891118,0.27386288773247158,2
sep-ipop-w121,2,112002,3289,6274048,891.41808573404944,,198614547086543.16,4803.5487921005324,0.27108012544007942,2
sep-ipop-w121,2,112002,3296,6302720,891.41808573404944,,273518357187978.53,5825.8585286925017,0.24947215228498298,2
sep-ipop-w121,2,112002,3302,6327296,891.41808573404944,,392799613815498.81,7675.2796144556451,0.24690453400272896,2
sep-ipop-w121,2,112002,3308,6351872,891.41808573404944,,572284857581579.38,6161.3688126855532,0.21335517859889178,2
sep-ipop-w121,2,112002,3314,6376448,891.41808573404944,,925893341074924.5,4431.0294158816714,0.18553525584819072,2
sep-ipop-w121,2,112002,3320,6401024,891.41808573404944,,1328858188955155,3832.2162470731237,0.14334155734326112,2
sep-ipop-w121,2,112002,3327,6429696,891.41808573404944,,1931448493734935.5,4548.5793614303129,0.13718833827374022,2
sep-ipop-w121,2,112002,3333,6454272,891.41808573404944,,2625468164498384,4955.9643086998385,0.11778761218120797,2
sep-ipop-w121,2,112002,3339,6478848,891.41808573404944,,3869849394645590,6174.4539039346291,0.11860122296213045,2
sep-ipop-w121,2,112002,3345,6502400,891.41808573404944,,5823940366101393,6388.8643028055931,0.1145893488748773,2
sep-ipop-w484,2,112002,1,1024,10026.645351409912,,0.29031814222906571,5.9220241001126048,0.12001749339128809,0
sep-ipop-w484,2,112002,5,5120,1955.2368240356445,,0.78302565693176196,45.699688220793512,0.70507847666326118,0
sep-ipop-w484,2,112002,10,10240,1704.8680241902669,,1.2427519734891037,83.761642454782361,1.1166225432656682,0
sep-ipop-w484,2,112002,20,20480,1700.0986048380535,,2.2728193115418125,7.653745275318439,0.38531382835515737,0
sep-ipop-w484,2,112002,25,25600,1648.8705062866211,,2.5703116235266625,8.7571863382165187,0.31710644956635653,0
sep-ipop-w484,2,112002,40,40960,1566.1147219340007,,4.142048344193932,90.243405461023329,0.28179738031585078,0
sep-ipop-w484,2,112002,50,51200,1488.1737365722656,,8.1121436881784952,156.63803815008703,0.27962175701148972,0
sep-ipop-w484,2,112002,75,76800,1371.5075136820476,,16.488994836901483,718.92908661290119,0.21860222429719675,0
sep-ipop-w484,2,112002,80,81920,1353.6064389546711,,19.787911638446584,1160.6879804383088,0.21478979402840925,0
sep-ipop-w484,2,112002,100,102400,1337.6333554585774,,39.140236300331637,4460.2801596750651,0.2440151065641194,0
sep-ipop-w484,2,112002,125,128000,1319.9685770670574,,97.534486780886851,11578.789214128905,0.24625453088951857,0
sep-ipop-w484,2,112002,149,152576,1306.3423817952473,,366.04581614716528,23748.9690521595,0.25894408704170552,0
sep-ipop-w484,2,112002,160,163840,1303.6655362447102,,497.84285461019687,54720.667353395918,0.21801798575100106,0
sep-ipop-w484,2,112002,174,178176,1300.9237009684246,,919.93306854514799,114811.92656919091,0.23482064144963086,0
sep-ipop-w484,2,112002,199,203776,1295.6892064412434,,2948.1099949278037,131197.31758616713,0.24486934900830754,0
sep-ipop-w484,2,112002,224,229376,1282.4365297953289,,12184.567944405782,57761.119786519041,0.26896651250353115,0
sep-ipop-w484,2,112002,249,254976,1225.5234845479329,,111223.17109266826,5546.0688232365692,0.29497727784972122,0
sep-ipop-w484,2,112002,255,261120,1211.3624954223633,,180661.87578532018,4390.8901258084234,0.29485379405487733,0
sep-ipop-w484,2,112002,273,279552,1142.1674880981445,,537901.7813201918,4399.5755098508353,0.25522308263244475,0
sep-ipop-w484,2,112002,298,305152,1067.292350769043,,1481244.8447997896,13600.359588002757,0.22420036082642844,0
sep-ipop-w484,2,112002,323,330752,1029.7588640848796,,4876432.5992201921,29965.738820061055,0.23702393888763171,0
sep-ipop-w484,2,112002,348,356352,1012.0330047607422,,12864723.924779521,49270.760265475146,0.20152506076212628,0
sep-ipop-w484,2,112002,373,381952,1002.8722254435221,,44296293.968768366,185707.02774376742,0.23289215894138654,0
sep-ipop-w484,2,112002,397,406528,998.74546813964844,,253964005.16183636,111954.49030759885,0.28230799259866796,0
sep-ipop-w484,2,112002,422,432128,978.92599741617835,,2301318479.9593287,33211.887828860745,0.25064642280294214,0
sep-ipop-w484,2,112002,447,457728,959.27624003092444,,11748963643.809433,48007.307360610357,0.26281940412135379,0
sep-ipop-w484,2,112002,472,483328,943.15803400675452,,41753595258.303802,55786.69871740626,0.22603781908720094,0
sep-ipop-w484,2,112002,497,508928,933.21504847208655,,145770640962.82782,142488.34831403257,0.24236185660814918,0
sep-ipop-w484,2,112002,521,533504,927.23917516072595,,743960395260.69983,74659.178023822227,0.22394088039898311,0
sep-ipop-w484,2,112002,546,559104,910.29578526814782,,2992206721874.9946,22114.878602970639,0.10498354068514844,0
sep-ipop-w484,2,112002,571,584704,903.54842631022132,,10146017640647.936,12848.529787925352,0.053143595526157661,0
sep-ipop-w484,2,112002,596,610304,900.43303298950195,,37470170377487.547,11597.392221110236,0.040415287714759038,0
sep-ipop-w484,2,112002,621,635904,898.41272226969397,,99135469510828.047,15841.436911778628,0.026155687501403041,0
sep-ipop-w484,2,112002,645,660480,897.38033167521155,,277003294789739.81,51157.921016453023,0.023290106195928324,0
sep-ipop-w484,2,112002,670,686080,896.65928268432617,,744202167819916,115105.65063407019,0.02230403401302937,0
sep-ipop-w484,2,112002,695,711680,896.20708847045898,,2192060480903208.5,81025.46727935478,0.019226275717590037,0
sep-ipop-w484,2,112002,720,737280,895.72826639811194,,5264619262033269,180660.50043590931,0.020305855383312778,0
sep-ipop-w484,2,112002,745,762880,895.35160191853845,,8626873915586104,129939.66582764413,0.015519950861621844,0
sep-ipop-w484,2,112002,769,787456,895.02821731567383,,13466727193102194,351746.67831625824,0.014558951761414172,0
sep-ipop-w484,2,112002,794,813056,894.86952972412109,,20288169702442644,15361830.554870114,0.015203441002801963,0
sep-ipop-w484,2,112002,819,838656,894.72080230712891,,74079098836020880,72543848.03433466,0.018489622510107367,0
sep-ipop-w484,2,112002,844,864256,894.58423360188806,,3.5817437045668627e+17,22819274.401786909,0.016144030761444231,0
sep-ipop-w484,2,112002,869,889856,894.38390986124671,,1.447513493903658e+18,32595932.466342796,0.018798977179679006,0
sep-ipop-w484,2,112002,893,914432,894.16729227701819,,6.1743828453428828e+18,9284225.6914124358,0.017953749571254576,0
sep-ipop-w484,2,112002,918,940032,893.93500773111975,,2.6577647066875961e+19,9894849.3725415673,0.019635513815693957,0
sep-ipop-w484,2,112002,943,965632,893.72046661376953,,1.1432273502027842e+20,7841638.225057669,0.019646320029017859,0
sep-ipop-w484,2,112002,968,991232,893.45189666748047,,4.2914273083987191e+20,11062643.453800594,0.01871145442064959,0
sep-ipop-w484,2,112002,993,1016832,893.17704900105798,,1.6525416025972269e+21,6358820.7457883554,0.018194935127962084,0
sep-ipop-w484,2,112002,1017,1041408,892.90044403076172,,5.5955341516570288e+21,13303322.67054986,0.020511648109095098,0
sep-ipop-w484,2,112002,1042,1067008,892.74536387125647,,2.0679856251410261e+22,9837484.9144155383,0.017414862492151212,0
sep-ipop-w484,2,112002,1067,1092608,892.48716354370117,,6.9881731858319584e+22,10463553.350352848,0.017653233862523054,0
sep-ipop-w484,2,112002,1092,1118208,892.40521367390954,,2.3702298051470588e+23,20679302.572845828,0.019148366089839105,0
sep-ipop-w484,2,112002,1117,1143808,892.24073155721032,,6.3422611811325772e+23,60768133.42382355,0.017204180124688457,0
sep-ipop-w484,2,112002,1142,1169408,892.11813863118493,,1.5730706119052582e+24,149455719.88327041,0.017615605326889289,0
sep-ipop-w484,2,112002,1166,1193984,892.06058502197266,,2.7686855990090894e+24,105674791.64663263,0.014398440378889835,0
sep-ipop-w484,2,112002,1191,1219584,891.93842188517249,,5.7110814221833971e+24,164944939.56706375,0.014195795000757938,0
sep-ipop-w484,2,112002,1216,1245184,891.88016382853186,,1.4005281637402845e+25,518320872.33048105,0.01757141957227492,0
sep-ipop-w484,2,112002,1241,1270784,891.70796457926429,,3.3174730286934484e+25,235598493.21954533,0.016588022052035613,0
sep-ipop-w484,2,112002,1266,1296384,891.61714172363281,,1.0248733716323147e+26,136910582.96519694,0.017032345698732625,0
sep-ipop-w484,2,112002,1290,1320960,891.5561408996582,,2.0194054424106474e+26,282561217.10838324,0.016341356426009857,0
sep-ipop-w484,2,112002,1315,1346560,891.50480016072595,,3.6547567169011793e+26,303183997.23259366,0.014397100366229166,0
sep-ipop-w484,2,112002,1340,1372160,891.46558888753259,,6.0335533864747621e+26,751848880.00200379,0.015369651288171256,0
sep-ipop-w484,2,112002,1365,1397760,891.46558888753259,,8.221218147919448e+26,1353538844.3557515,0.014854474359175614,0
sep-ipop-w484,2,112002,1390,1423360,891.41808573404944,,1.0438670135588548e+27,6853623852.0872068,0.014606438033138153,0
sep-ipop-w484,2,112002,1414,1447936,891.41808573404944,,1.2875653214561004e+27,15826143639.733721,0.012613754711278388,0
sep-ipop-w484,2,112002,1439,1473536,891.41808573404944,,1.6970420951455796e+27,19679687753.912491,0.011665680726460372,0
sep-ipop-w484,2,112002,1464,1499136,891.41808573404944,,2.7889238562118604e+27,21682127181.271568,0.011645644103778229,0
sep-ipop-w484,2,112002,1489,1524736,891.41808573404944,,3.0319259599160213e+27,25837990722.652485,0.0090969786451427122,0
sep-ipop-w484,2,112002,1514,1550336,891.41808573404944,,4.0264024718319968e+27,69503410715.735275,0.011489719956539548,0
sep-ipop-w484,2,112002,1538,1574912,891.41808573404944,,3.3902352922143286e+27,32481366335.943604,0.0058186105210771425,0
sep-ipop-w484,2,112002,1563,1600512,891.41808573404944,,3.8218634542492033e+27,47227696442.420227,0.0079267793280295706,0
sep-ipop-w484,2,112002,1588,1626112,891.41808573404944,,3.834650534444272e+27,34662464391.238029,0.0076070242710387422,0
sep-ipop-w484,2,112002,1613,1651712,891.41808573404944,,3.5724035947867676e+27,98188953712.046768,0.0091899953089994227,0
sep-ipop-w484,2,112002,1638,1677312,891.41808573404944,,3.7363235503970364e+27,36140441665.568413,0.0080755416865963218,0
sep-ipop-w484,2,112002,1662,1701888,891.41808573404944,,3.5593673237202016e+27,38128153630.037239,0.0071780772281479551,0
sep-ipop-w484,2,112002,1687,1727488,891.41808573404944,,3.8493999044093211e+27,80450455138.7332,0.008437753434268138,0
sep-ipop-w484,2,112002,1712,1753088,891.41808573404944,,3.7796026555837365e+27,82428982141.460953,0.0073159540751063972,0
sep-ipop-w484,2,112002,1737,1778688,891.41808573404944,,3.2379040734173629e+27,61178658883.052536,0.0062501432804745764,0
sep-ipop-w484,2,112002,1762,1804288,891.41808573404944,,3.350914544726845e+27,113476433253.62798,0.0071877627424439929,0
sep-ipop-w484,2,112002,1786,1828864,891.41808573404944,,3.6556692697340581e+27,140670216828.91055,0.0067631238291555734,0
sep-ipop-w484,2,112002,1802,1854464,891.41808573404944,,0.7079796659136165,12.978416966715896,0.99879553110803709,1
sep-ipop-w484,2,112002,1815,1881088,891.41808573404944,,0.93904881230342152,8.6361755197283827,0.47735620077578728,1
sep-ipop-w484,2,112002,1827,1905664,891.41808573404944,,1.3503427336262275,21.378612267212819,0.33526995074807164,1
sep-ipop-w484,2,112002,1840,1932288,891.41808573404944,,2.5786498998059759,174.52505729081648,0.30501983265774618,1
sep-ipop-w484,2,112002,1852,1956864,891.41808573404944,,4.8562487155214153,333.52351274229551,0.29930538259659234,1
sep-ipop-w484,2,112002,1864,1981440,891.41808573404944,,7.3788987997669597,694.5176124509735,0.28994360998791924,1
sep-ipop-w484,2,112002,1877,2008064,891.41808573404944,,9.7290910198693972,1787.311484430599,0.28401815680074394,1
sep-ipop-w484,2,112002,1889,2032640,891.41808573404944,,16.387037039695276,3505.4881496537009,0.32508778400519156,1
sep-ipop-w484,2,112002,1902,2059264,891.41808573404944,,32.319531733400851,1693.4420281297785,0.2895739738639983,1
sep-ipop-w484,2,112002,1914,2083840,891.41808573404944,,50.266118353750315,2105.6394922205536,0.26640830052682807,1
sep-ipop-w484,2,112002,1926,2108416,891.41808573404944,,86.52357446757172,2563.6155963724004,0.26035464780192991,1
sep-ipop-w484,2,112002,1939,2135040,891.41808573404944,,173.89065598659761,2948.0103042198566,0.26005223335122118,1
sep-ipop-w484,2,112002,1951,2159616,891.41808573404944,,335.27649785534754,3044.2456659029203,0.28775549369620046,1
sep-ipop-w484,2,112002,1964,2186240,891.41808573404944,,764.15427302017781,2526.0922323896966,0.2890019443827706,1
sep-ipop-w484,2,112002,1976,2210816,891.41808573404944,,1654.2134511131821,2161.7269469631174,0.29410024160010295,1
sep-ipop-w484,2,112002,1988,2235392,891.41808573404944,,3621.7231514744444,5226.0056499874981,0.27839379514861179,1
sep-ipop-w484,2,112002,2001,2262016,891.41808573404944,,9209.1409062793919,9516.7844065895133,0.30612745930565971,1
sep-ipop-w484,2,112002,2013,2286592,891.41808573404944,,21879.996932408318,9416.3352396101636,0.26197533707102805,1
sep-ipop-w484,2,112002,2026,2313216,891.41808573404944,,43005.381808999053,23921.479035573371,0.28727602579365979,1
sep-ipop-w484,2,112002,2038,2337792,891.41808573404944,,86229.649561106329,33188.850596457516,0.26273362719272714,1
sep-ipop-w484,2,112002,2050,2362368,891.41808573404944,,158442.88012523286,53729.519527316617,0.25432887351947775,1
sep-ipop-w484,2,112002,2063,2388992,891.41808573404944,,365116.86927225115,86600.665560064983,0.25866952076473415,1
sep-ipop-w484,2,112002,2075,2413568,891.41808573404944,,859969.85242281866,96541.462034666765,0.25481165936329103,1
sep-ipop-w484,2,112002,2088,2440192,891.41808573404944,,1942191.7339187609,138324.8844073365,0.25568756089491068,1
sep-ipop-w484,2,112002,2100,2464768,891.41808573404944,,3739566.6105255336,198863.28421040159,0.24103380162644245,1
sep-ipop-w484,2,112002,2112,2489344,891.41808573404944,,7479451.6954182554,232952.38282308599,0.23566601290798081,1
sep-ipop-w484,2,112002,2125,2515968,886.03571573893225,,18686886.206029914,144898.83530772119,0.21432831763326529,1
sep-ipop-w484,2,112002,2137,2540544,880.0041287740072,,47206088.610851645,34767.866734949363,0.13206276220090804,1
sep-ipop-w484,2,112002,2150,2567168,872.50113042195642,,114003146.42017251,24277.483316309314,0.091140501609597302,1
sep-ipop-w484,2,112002,2162,2591744,866.99542109171546,,248060209.29988274,25205.181707223805,0.0738479453944169,1
sep-ipop-w484,2,112002,2174,2616320,861.78391138712561,,453614790.82066584,24728.673284031869,0.050618309808884904,1
sep-ipop-w484,2,112002,2187,2642944,859.74166361490882,,832322105.34806323,17878.397655090885,0.036897963131486876,1
sep-ipop-w484,2,112002,2199,2667520,858.32288233439124,,1340073780.9691606,24085.431909195013,0.028958317780904966,1
sep-ipop-w484,2,112002,2212,2694144,857.22801971435547,,2091296821.8003387,26727.493924601753,0.021217046557144903,1
sep-ipop-w484,2,112002,2224,2718720,856.83512369791663,,3276191694.9113832,33500.414026818318,0.01949096123299009,1
sep-ipop-w484,2,112002,2236,2743296,856.18816502889001,,4580686732.4602089,44736.344270689202,0.017565854196373312,1
sep-ipop-w484,2,112002,2249,2769920,856.10165913899743,,6317712496.7457275,44379.412653113373,0.015621085056669528,1
sep-ipop-w484,2,112002,2261,2794496,855.25752639770508,,8098257002.3983793,45605.518739390398,0.013273953382143383,1
sep-ipop-w484,2,112002,2274,2821120,855.25752639770508,,11365070974.859512,50563.764689830612,0.014607321568005835,1
sep-ipop-w484,2,112002,2286,2845696,854.87199020385742,,18282585641.932095,52054.436368842595,0.017265572255019734,1
sep-ipop-w484,2,112002,2298,2870272,854.57266871134436,,30825144242.41238,36747.724273621847,0.016832944678382381,1
sep-ipop-w484,2,112002,2311,2896896,854.02773539225257,,47919333647.320877,26484.844122383471,0.013079432482144437,1
sep-ipop-w484,2,112002,2323,2921472,853.72858301798499,,72394746322.851318,30038.934141196172,0.013758597946589329,1
sep-ipop-w484,2,112002,2336,2948096,853.39069239298499,,120034325380.00208,45266.431668578582,0.014093648646972471,1
sep-ipop-w484,2,112002,2348,2972672,853.14253107706702,,210639280582.98996,19264.654640022298,0.009859144693040436,1
sep-ipop-w484,2,112002,2360,2997248,852.97704569498694,,320010303113.36786,10047.379925260126,0.006385553514337494,1
sep-ipop-w484,2,112002,2373,3023872,852.81502151489258,,481728888791.99481,36418.673239806492,0.0066080053851842744,1
sep-ipop-w484,2,112002,2385,3048448,852.53376515706384,,901696027980.74207,44141.292742845399,0.0061681771948798245,1
sep-ipop-w484,2,112002,2398,3075072,852.46628952026367,,1402575864452.438,35795.938925768503,0.0045795613410947109,1
sep-ipop-w484,2,112002,2410,3099648,852.31416193644202,,1755909790789.3225,59342.720263443254,0.0047330043463191668,1
sep-ipop-w484,2,112002,2422,3124224,852.14938481648767,,2089813325376.678,112257.52576710813,0.0046738643465944188,1
sep-ipop-w484,2,112002,2435,3150848,852.14938481648767,,2299847518772.8682,135304.35791099063,0.0038833529930068405,1
sep-ipop-w484,2,112002,2447,3175424,852.12826538085938,,2579070387826.0112,199995.29560769032,0.0039840063095775528,1
sep-ipop-w484,2,112002,2460,3202048,852.06865183512366,,3000361142910.7334,359516.78936507582,0.0035869616400454811,1
sep-ipop-w484,2,112002,2472,3226624,852.01338068644202,,3589704441335.6831,2768731.5639789137,0.003796570968533352,1
sep-ipop-w484,2,112002,2484,3251200,851.98325856526696,,4550529490114.1113,8915848.0375820696,0.0035728492736376068,1
sep-ipop-w484,2,112002,2497,3277824,851.97810745239258,,5127605157274.4238,10571800.08691382,0.0033277153387855089,1
sep-ipop-w484,2,112002,2509,3302400,851.95665995279944,,8157469369421.002,16864243.735658452,0.0041431782238845975,1
sep-ipop-w484,2,112002,2522,3329024,851.93231582641602,,10434190735297.164,18292303.367672704,0.0036366728087466561,1
sep-ipop-w484,2,112002,2534,3353600,851.92546844482422,,13661944037951.615,58694535.059485577,0.0036948972804958348,1
sep-ipop-w484,2,112002,2547,3380224,851.91787211100257,,15563838156517.613,426837283.72785807,0.0032711304045286026,1
sep-ipop-w484,2,112002,2559,3404800,851.91499201456702,,18020645023116.812,778893830.34824443,0.0033498053131953433,1
sep-ipop-w484,2,112002,2571,3429376,851.91446812947595,,20455304729556.926,941618738.42596614,0.0035454305874873912,1
sep-ipop-w484,2,112002,2584,3456000,851.91446812947595,,29116772019584.844,864624313.92890596,0.0034853098996366853,1
sep-ipop-w484,2,112002,2596,3480576,851.91446812947595,,38298840786439.273,837606696.51135159,0.0030186704497453432,1
sep-ipop-w484,2,112002,2609,3507200,851.91446812947595,,47309706665800.43,1010645609.3676019,0.0035611141683812306,1
sep-ipop-w484,2,112002,2621,3531776,851.91446812947595,,51423482879494.047,1079511695.5707586,0.0029064388572852418,1
sep-ipop-w484,2,112002,2633,3556352,851.91446812947595,,47211332829105.68,1027527088.6833242,0.0025235772513273369,1
sep-ipop-w484,2,112002,2646,3582976,851.91446812947595,,52374718556085.828,1170672549.7067142,0.002848686625230802,1
sep-ipop-w484,2,112002,2658,3607552,851.91446812947595,,52419133941924.852,1181834495.5388353,0.0025299625162803542,1
sep-ipop-w484,2,112002,2671,3634176,851.91446812947595,,53962186409072.258,1009469690.1285987,0.0024898671155100601,1
sep-ipop-w484,2,112002,2683,3658752,851.91446812947595,,56793826401070.578,686060867.00641918,0.0021806153795624087,1
sep-ipop-w484,2,112002,2695,3683328,851.91446812947595,,56496370598001.172,849464322.92230105,0.0022450600430194193,1
sep-ipop-w484,2,112002,2708,3709952,851.91446812947595,,61231809006339.867,870667904.02184486,0.00247746932989402,1
sep-ipop-w484,2,112002,2720,3734528,851.91446812947595,,63196522930236.039,824082132.07830298,0.0024692989745790507,1
sep-ipop-w484,2,112002,2733,3761152,851.91446812947595,,60922472889252.578,1406805401.5012231,0.002552234711822966,1
sep-ipop-w484,2,112002,2745,3785728,851.91446812947595,,60170619791690.875,1815831975.4527271,0.0024204149702056546,1
sep-ipop-w484,2,112002,2757,3810304,851.91446812947595,,55076404508829.492,1497395104.0917861,0.0020280677922641455,1
sep-ipop-w484,2,112002,2770,3836928,851.91446812947595,,60201205939295.75,1450638462.8841486,0.0023654913929113241,1
sep-ipop-w484,2,112002,2782,3861504,851.91446812947595,,59399432576313.758,1999945255.8668821,0.0026009405140899741,1
sep-ipop-w484,2,112002,2795,3888128,851.91446812947595,,58891783642196.031,1824629882.4586356,0.0025358988309004777,1
sep-ipop-w484,2,112002,2807,3912704,851.91446812947595,,55341723447977.219,1653656935.3128824,0.0022921581744646926,1
sep-ipop-w484,2,112002,2815,3937280,851.91446812947595,,0.63351201254862688,5.2468704815867842,1.0228234052860135,2
sep-ipop-w484,2,112002,2822,3965952,851.91446812947595,,0.84181004072540011,22.895322707500831,1.4334231548182605,2
sep-ipop-w484,2,112002,2828,3990528,851.91446812947595,,0.89321508192132282,34.398558698165829,1.22012304602455,2
sep-ipop-w484,2,112002,2834,4015104,851.91446812947595,,1.0284220134392226,27.565740545489348,0.83998845273440659,2
sep-ipop-w484,2,112002,2840,4039680,851.91446812947595,,1.178512223875178,36.809420072666782,0.67627301319386846,2
sep-ipop-w484,2,112002,2846,4064256,851.91446812947595,,1.2437244906745801,48.031502194143961,0.52138077091629231,2
sep-ipop-w484,2,112002,2853,4092928,851.91446812947595,,1.5126327962699089,37.123692195471278,0.4328248156696603,2
sep-ipop-w484,2,112002,2859,4117504,851.91446812947595,,1.9351077033663417,25.2536593499871,0.39833410627668747,2
sep-ipop-w484,2,112002,2865,4142080,851.91446812947595,,2.6418928545911347,67.238444279179248,0.38649705273856527,2
sep-ipop-w484,2,112002,2871,4166656,851.91446812947595,,3.4871666040817435,127.55451459207856,0.3456838893962334,2
sep-ipop-w484,2,112002,2877,4191232,851.91446812947595,,4.3711448775747472,240.55139904749461,0.34095462462654003,2
sep-ipop-w484,2,112002,2884,4219904,851.91446812947595,,6.0437999679383694,436.19495723753033,0.35284312041960381,2
sep-ipop-w484,2,112002,2890,4244480,851.91446812947595,,7.8102207863436419,598.74740618201179,0.33067627689562334,2
sep-ipop-w484,2,112002,2896,4269056,851.91446812947595,,9.6932978801393865,900.22425665991636,0.30921998573705262,2
sep-ipop-w484,2,112002,2902,4293632,851.91446812947595,,11.542478130553143,1472.6588001749928,0.31684546714426931,2
sep-ipop-w484,2,112002,2908,4318208,851.91446812947595,,13.729013045015609,1814.7438112156149,0.31640472824207311,2
sep-ipop-w484,2,112002,2915,4346880,851.91446812947595,,15.183326836464186,3087.0294094195183,0.29798422909244271,2
sep-ipop-w484,2,112002,2921,4371456,851.91446812947595,,18.717210218609488,3309.1575420244098,0.30244148841611584,2
sep-ipop-w484,2,112002,2927,4396032,851.91446812947595,,30.046846647664871,2738.720961765528,0.33152375158914599,2
sep-ipop-w484,2,112002,2933,4420608,851.91446812947595,,47.219184888804747,1935.4214571709549,0.32109769991387177,2
sep-ipop-w484,2,112002,2939,4445184,851.91446812947595,,69.842834965856412,1634.2854507332022,0.30542341149568852,2
sep-ipop-w484,2,112002,2946,4473856,851.91446812947595,,103.23700016992937,1634.6137778086752,0.28170802565153225,2
sep-ipop-w484,2,112002,2952,4498432,851.91446812947595,,140.00292419929301,1923.1574788854598,0.26960501458771108,2
sep-ipop-w484,2,112002,2958,4523008,851.91446812947595,,213.78986442341321,2046.3852004118758,0.29267294298525004,2
sep-ipop-w484,2,112002,2964,4547584,851.91446812947595,,338.80513808418692,1463.14519200667,0.30538689924208828,2
sep-ipop-w484,2,112002,2970,4572160,851.91446812947595,,458.3964810873664,1404.5474057489121,0.2867600595782131,2
sep-ipop-w484,2,112002,2977,4600832,851.91446812947595,,737.49976836509313,1528.9499763193708,0.29072387049745491,2
sep-ipop-w484,2,112002,2983,4625408,851.91446812947595,,992.01692950544327,2084.3325683654484,0.2875451668336681,2
sep-ipop-w484,2,112002,2989,4649984,851.91446812947595,,1351.7573729986022,2259.2582465724549,0.27499321080656419,2
sep-ipop-w484,2,112002,2995,4674560,851.91446812947595,,1796.4603052816224,3471.7638773183899,0.27174616134309632,2
sep-ipop-w484,2,112002,3001,4699136,851.91446812947595,,2366.283531908548,3650.5515530853636,0.25522887436831765,2
sep-ipop-w484,2,112002,3008,4727808,851.91446812947595,,3978.6778300637366,3027.1491583337411,0.2774729052017379,2
sep-ipop-w484,2,112002,3014,4752384,851.91446812947595,,6553.2214183642682,2074.6680045064804,0.28973963460686358,2
sep-ipop-w484,2,112002,3020,4776960,851.91446812947595,,10385.958875908067,2092.5151216451263,0.30181683276554316,2
sep-ipop-w484,2,112002,3026,4801536,851.91446812947595,,14656.499787769249,1980.5837050511359,0.281850416580333,2
sep-ipop-w484,2,112002,3032,4826112,851.91446812947595,,22297.657186877059,1995.7763353251835,0.29364034984570819,2
sep-ipop-w484,2,112002,3039,4854784,851.91446812947595,,35598.143130102442,1950.3201457113657,0.28917865987839209,2
sep-ipop-w484,2,112002,3045,4879360,851.91446812947595,,55643.436472959147,2112.0470515340276,0.30181644652632522,2
sep-ipop-w484,2,112002,3051,4903936,851.91446812947595,,86960.316264814886,2495.3139505739191,0.29123960554844458,2
sep-ipop-w484,2,112002,3057,4928512,851.91446812947595,,133309.55745826624,2853.0763873610135,0.30489022709543007,2
sep-ipop-w484,2,112002,3063,4953088,851.91446812947595,,193718.18049930155,3365.2078283174542,0.28620184088551703,2
sep-ipop-w484,2,112002,3070,4981760,851.91446812947595,,312065.93066814583,3750.773110949232,0.29079386063396123,2
sep-ipop-w484,2,112002,3076,5006336,851.91446812947595,,438021.96254998859,4246.7069133892701,0.26976790057679878,2
sep-ipop-w484,2,112002,3082,5030912,851.91446812947595,,650889.13168536732,3886.3726352550598,0.27230271220042512,2
sep-ipop-w484,2,112002,3088,5055488,851.91446812947595,,984517.73524146969,4936.1101771149106,0.28608337073427748,2
sep-ipop-w484,2,112002,3094,5080064,851.91446812947595,,1609970.9464683854,4534.1636162977738,0.29356697378344115,2
sep-ipop-w484,2,112002,3101,5108736,851.91446812947595,,2657571.64021707,5034.9978525922515,0.2903897224163326,2
sep-ipop-w484,2,112002,3107,5133312,851.91446812947595,,3718366.5122613194,6489.3351943416546,0.26885539677482506,2
sep-ipop-w484,2,112002,3113,5157888,851.91446812947595,,4983833.3306966368,9264.9832391719392,0.25075638145651324,2
sep-ipop-w484,2,112002,3119,5182464,851.91446812947595,,6874648.1810112232,15415.157802892241,0.25068912671659938,2
sep-ipop-w484,2,112002,3125,5207040,851.91446812947595,,9195365.1531584617,20211.463297207934,0.24340166743402983,2
sep-ipop-w484,2,112002,3132,5235712,851.91446812947595,,12817865.598404685,31563.373362830287,0.24414427065952538,2
sep-ipop-w484,2,112002,3138,5260288,851.91446812947595,,17555548.155370586,33824.426158860668,0.23329882460984616,2
sep-ipop-w484,2,112002,3144,5284864,851.91446812947595,,25064690.788718384,45973.2789061445,0.25137208339570161,2
sep-ipop-w484,2,112002,3150,5309440,851.91446812947595,,38333827.255380802,35063.80635763942,0.24454784371070948,2
sep-ipop-w484,2,112002,3156,5334016,851.91446812947595,,63611845.676587105,16041.631812750749,0.22482287327461112,2
sep-ipop-w484,2,112002,3163,5362688,851.91446812947595,,95791644.90009664,6392.6558665535786,0.1463509688386794,2
sep-ipop-w484,2,112002,3169,5387264,851.91446812947595,,138211800.04380378,3924.12755094366,0.10878367768424817,2
sep-ipop-w484,2,112002,3175,5411840,851.91446812947595,,195649312.01758334,2900.2134983435999,0.091991768432980278,2
sep-ipop-w484,2,112002,3181,5436416,851.91446812947595,,289422667.69483727,2286.6457741719441,0.075523722947563585,2
sep-ipop-w484,2,112002,3188,5465088,851.91446812947595,,429941543.40420133,2109.6920162436272,0.063580649333179348,2
sep-ipop-w484,2,112002,3194,5489664,851.91446812947595,,623795850.36951947,1931.1322174319785,0.054977961408478132,2
sep-ipop-w484,2,112002,3200,5514240,851.91446812947595,,928875236.86516559,2460.8011465975378,0.052505388536629248,2
sep-ipop-w484,2,112002,3206,5538816,851.91446812947595,,1597842768.3825727,2713.6853607676721,0.053741940404982633,2
sep-ipop-w484,2,112002,3212,5563392,851.91446812947595,,2319435787.1207738,2376.9086254476924,0.044509057722182971,2
sep-ipop-w484,2,112002,3219,5592064,851.91446812947595,,3603546125.3679557,3146.5447781543776,0.038785742735479474,2
sep-ipop-w484,2,112002,3225,5616640,851.91446812947595,,5168897162.906744,3841.6665543051595,0.034377747532549019,2
sep-ipop-w484,2,112002,3231,5641216,851.91446812947595,,7169107923.8821316,4231.9099011221333,0.031556951823732138,2
sep-ipop-w484,2,112002,3237,5665792,851.91446812947595,,9819825512.2990112,4155.9901211665047,0.029210188493212882,2
sep-ipop-w484,2,112002,3243,5690368,851.91446812947595,,13531204083.982979,4868.975628760727,0.028762678822795647,2
sep-ipop-w484,2,112002,3250,5719040,851.91446812947595,,18219555432.261044,4904.9012749940885,0.026836141005754321,2
sep-ipop-w484,2,112002,3256,5743616,851.91446812947595,,23751387752.690277,4986.4138235831188,0.024234637752959507,2
sep-ipop-w484,2,112002,3262,5768192,851.91446812947595,,29933592755.166615,7333.6344262769817,0.023943420246138471,2
sep-ipop-w484,2,112002,3268,5792768,851.91446812947595,,37778946578.523003,10706.026891361094,0.023232747268532181,2
sep-ipop-w484,2,112002,3274,5817344,851.91446812947595,,45085828372.485512,12519.965365076059,0.0218139119207107,2
sep-ipop-w484,2,112002,3281,5846016,851.91446812947595,,61884439571.954391,14887.958917478942,0.022766178701068115,2
sep-ipop-w484,2,112002,3287,5870592,851.91446812947595,,77345638911.649918,21514.911868562314,0.022426225117857294,2
sep-ipop-w484,2,112002,3293,5895168,851.91446812947595,,99176852238.838638,25408.539203661614,0.021543514207786562,2
sep-ipop-w484,2,112002,3299,5919744,851.91446812947595,,133341615963.3119,25311.95990220402,0.020771660779542785,2
sep-ipop-w484,2,112002,3305,5944320,851.91446812947595,,167147497752.20618,25543.085736874717,0.018695104168227096,2
sep-ipop-w484,2,112002,3312,5972992,851.91446812947595,,210567328719.49582,33324.708482810493,0.017630410024621599,2
sep-ipop-w484,2,112002,3318,5997568,851.91446812947595,,251846487176.46518,31767.672030728048,0.015903908914575937,2
sep-ipop-w484,2,112002,3324,6022144,851.91446812947595,,299145065010.9389,32012.895919183429,0.014478592463629963,2
sep-ipop-w484,2,112002,3330,6046720,851.91446812947595,,360343099167.40729,40802.484105229349,0.013953804279639648,2
sep-ipop-w484,2,112002,3336,6071296,851.91446812947595,,426644957699.05853,53418.621456054563,0.014835940876121102,2
sep-ipop-w484,2,112002,3343,6099968,851.91446812947595,,518375932910.92847,65526.042843907366,0.014695271913465344,2
sep-ipop-w484,2,112002,3349,6124544,851.91446812947595,,597181678311.80933,67517.903767204174,0.014006606164994122,2
sep-ipop-w484,2,112002,3355,6149120,851.91446812947595,,671969493016.46143,90988.641080823421,0.014443310398363159,2
sep-ipop-w484,2,112002,3361,6173696,851.91446812947595,,768213428944.66504,113105.5883166612,0.013587442052137726,2
sep-ipop-w484,2,112002,3367,6198272,851.91446812947595,,914795353806.3269,119370.41666010115,0.011504702852481962,2
sep-ipop-w484,2,112002,3374,6226944,851.91446812947595,,1082387175866.8104,131656.10043808215,0.0094437103643542023,2
sep-ipop-w484,2,112002,3380,6251520,851.91446812947595,,1313561825667.1018,200027.07977077557,0.0090555413156852751,2
sep-ipop-w484,2,112002,3386,6276096,851.91446812947595,,1590971171009.0181,376024.61547798751,0.0088523482098336916,2
sep-ipop-w484,2,112002,3392,6300672,851.91446812947595,,1946268764775.6013,694122.11311836028,0.0089720177199136449,2
sep-ipop-w484,2,112002,3398,6325248,851.91446812947595,,2602724050984.9526,763502.76318054367,0.0087200097883994541,2
sep-ipop-w484,2,112002,3405,6353920,851.91446812947595,,3368205686138.9873,948098.80839435162,0.0080779591074210434,2
sep-ipop-w484,2,112002,3411,6378496,851.91446812947595,,4254753666521.4312,1473204.0989169281,0.0082381873166925308,2
sep-ipop-w484,2,112002,3417,6403072,851.91446812947595,,5452861887660.748,2112423.0561329224,0.0082488492168269652,2
sep-ipop-w484,2,112002,3423,6427648,851.91446812947595,,6856210625551.9727,2491874.16670343,0.0086161808473122509,2
sep-ipop-w484,2,112002,3429,6452224,851.91446812947595,,8753063965279.1084,3364159.4093311587,0.0087322938911721347,2
sep-ipop-w484,2,112002,3436,6480896,851.91446812947595,,13946813929657.449,3420143.1678980608,0.0092691428098622113,2
sep-ipop-w484,2,112002,3441,6501376,851.91446812947595,,16874615577981.262,3825661.0729507748,0.0082176636107076911,2
sep-ipop-l20,3,112003,1,20,31842.865814208984,,0.27219769595490961,1.0313032260959556,0.26760982405759437,0
sep-ipop-l20,3,112003,5,100,18922.528121948242,,0.23217821406167313,1.3829715996606404,0.24789712045485085,0
sep-ipop-l20,3,112003,20,400,2010.2432225545247,,0.21911621278644955,1.6978791539287617,0.24131644954302831,0
sep-ipop-l20,3,112003,1274,25480,1067.0333786010742,,7.8028278247872448e-05,674747.21465315891,0.00013975573931295201,0
sep-ipop-l20,3,112003,2178,52200,1067.033223470052,,0.021016946861304831,1443.748915587347,0.016325363670306469,1
sep-ipop-l20,3,112003,2772,78160,1067.033223470052,,0.22175913664766977,11.899392093516424,0.16864767143950621,2
sep-ipop-l20,3,112003,3102,104560,1067.033223470052,,0.80355682659399319,4258.9274914104799,0.064300145035405404,2
sep-ipop-l20,3,112003,3432,130960,1067.033223470052,,0.18728252108038002,3013682.741615253,0.0017190603358224323,2
sep-ipop-l20,3,112003,3762,157360,1067.033223470052,,4.3922609864643523,29018991.082901884,0.006839997112316509,2
sep-ipop-l20,3,112003,4026,178480,1067.033223470052,,2.964032483898003,408208151.68844563,0.0030713873365336656,2
sep-ipop-l20,3,112003,4290,210880,1067.033223470052,,1.4868395480937129,5180.9416757704603,0.25334778502602373,3
sep-ipop-l20,3,112003,4403,228960,1067.0009117126465,,10.096495043492611,10322.892622542968,0.17364961620172256,3
sep-ipop-l20,3,112003,4566,255040,893.10071182250977,,581.34814803928862,1098.631815923949,0.057771299735447638,3
sep-ipop-l20,3,112003,4719,279520,851.63835525512695,,18223.716255636667,6785.0360535271811,0.020433146096891602,3
sep-ipop-l20,3,112003,4877,304800,841.26958338419593,,52853.788144962644,56535.10537356943,0.0054211432727172826,3
sep-ipop-l20,3,112003,5082,337600,840.83790588378906,,14826.47949457255,186055247.13342401,0.0007341111423446934,3
sep-ipop-l20,3,112003,5214,376480,840.83790588378906,,11.662160097658642,3134.9506276771895,0.28561137989180735,4
sep-ipop-l20,3,112003,5280,397600,840.83790588378906,,280.2055697759389,13299.616516366854,0.30089602589112291,4
sep-ipop-l20,3,112003,5346,418720,840.83790588378906,,3067.4565757921764,210460.85483533301,0.26102867494227666,4
sep-ipop-l20,3,112003,5412,439840,840.83790588378906,,56880.519452843982,13697.353646188571,0.047804012304529096,4
sep-ipop-l20,3,112003,5478,460960,840.83790588378906,,3045066.3508144091,3675.405158490501,0.061269035587398886,4
sep-ipop-l20,3,112003,5610,503200,840.83790588378906,,805881700.15361309,36808.676235561608,0.036151036115530479,4
sep-ipop-l20,3,112003,5676,524320,840.83790588378906,,5490030034.6816397,292110.18528537644,0.023566025532751677,4
sep-ipop-l20,3,112003,5742,545440,840.83790588378906,,8207918760.5318689,25076379.550328564,0.0096785562752508911,4
sep-ipop-l20,3,112003,5808,566560,840.83790588378906,,16657262078.394791,1031618236.9691362,0.014709674891995783,4
sep-ipop-l20,3,112003,5874,587680,840.83790588378906,,26139573229.557507,8560935936.2900543,0.0036693369593185339,4
sep-ipop-l20,3,112003,6006,641120,840.83790588378906,,1.1938523149540368,32.878375458769646,0.30162917603211703,5
sep-ipop-l20,3,112003,6072,683360,840.83790588378906,,7.5769140998025124,11595.02720141156,0.26339610497285409,5
sep-ipop-l20,3,112003,6138,725600,840.83790588378906,,121.32475583642299,4192.4643120413948,0.20751016604943204,5
sep-ipop-l20,3,112003,6204,767840,840.83790588378906,,3008.6579657001212,8529.5263894780528,0.10514346231470602,5
sep-ipop-l20,3,112003,6270,810080,840.83790588378906,,101008.18778868781,20615.888914079413,0.070140872501950086,5
sep-ipop-l20,3,112003,6336,852320,840.83790588378906,,483325.67304902058,95642.846276901473,0.038166618048445684,5
sep-ipop-l20,3,112003,6402,894560,840.83790588378906,,1924639.6581429082,6857917.2780475887,0.039329785750070206,5
sep-ipop-l20,3,112003,6468,936800,840.83790588378906,,6315085.7921732245,3506346.6816623029,0.0065011321044107897,5
sep-ipop-l20,3,112003,6534,979040,840.83790588378906,,18205168.858843531,261198530.97097003,0.0057862488882553043,5
sep-ipop-l20,3,112003,6600,1021280,840.83790588378906,,104279268.67256346,623128715.17089903,0.0055378346620703778,5
sep-ipop-l20,3,112003,6666,1063520,840.83790588378906,,466330499.86035895,450452266.42342216,0.0060639262256938021,5
sep-ipop-l20,3,112003,6732,1105760,840.83790588378906,,540203752.4283905,1502286794.2164347,0.0037525685268963715,5
sep-ipop-l20,3,112003,6798,1148000,840.83790588378906,,568698680.86478531,4373502294.4253664,0.0052273906922482788,5
sep-ipop-l20,3,112003,6864,1190240,840.83790588378906,,552274936.61246681,1494396136.937947,0.0030386212335951519,5
sep-ipop-l20,3,112003,6930,1232480,840.83790588378906,,535751062.11096811,1445907215.9097426,0.0026219229227946996,5
sep-ipop-l20,3,112003,6996,1274720,840.83790588378906,,582209596.88457263,5024213126.295948,0.0031840873166085887,5
sep-ipop-l20,3,112003,7062,1357920,840.83790588378906,,6.4693096568013688,806.30626067091805,0.29159867064229461,6
sep-ipop-l20,3,112003,7128,1442400,840.83790588378906,,73.11489574364532,2542.176131128937,0.25240265449667426,6
sep-ipop-l20,3,112003,7194,1526880,840.83790588378906,,1802.0864504611657,18505.111170226239,0.23563531727845741,6
sep-ipop-l20,3,112003,7260,1611360,840.83790588378906,,45327.057909218514,433244.80001490342,0.1516398149482247,6
sep-ipop-l20,3,112003,7326,1695840,840.83790588378906,,1967671.8470814165,505022.01239078498,0.11560409644461989,6
sep-ipop-l20,3,112003,7392,1780320,840.83790588378906,,43153278.393566445,500853.92642387794,0.088320884489929072,6
sep-ipop-l20,3,112003,7458,1864800,840.83790588378906,,373699765.79322833,7710787.380508244,0.062661119777676258,6
sep-ipop-l20,3,112003,7524,1949280,840.83790588378906,,1936533022.5564837,7550907.8198497118,0.030650308349039018,6
sep-ipop-l20,3,112003,7590,2033760,840.83790588378906,,4955925592.8868961,52722698.291915625,0.018849360636034158,6
sep-ipop-l20,3,112003,7656,2118240,840.83790588378906,,31199857229.161694,332302690.05345386,0.012189457291779926,6
sep-ipop-l20,3,112003,7722,2202720,840.83790588378906,,86772233046.865524,1392272745.5535417,0.0052363819151970787,6
sep-ipop-l20,3,112003,7788,2287200,840.83790588378906,,103079361472.01854,3264495333.8330989,0.005507970009806358,6
sep-ipop-l20,3,112003,7854,2371680,840.83790588378906,,118657264188.95204,4078612567.3102231,0.005261863811691107,6
sep-ipop-l20,3,112003,7920,2456160,840.83790588378906,,115351675220.49236,5262247927.2531519,0.0031361877502065236,6
sep-ipop-l20,3,112003,7986,2545760,840.83790588378906,,0.56994378638438392,5.4871819517937608,0.88271719914705593,7
sep-ipop-l20,3,112003,8052,2714720,840.83790588378906,,7.3164528960041606,598.57859117155431,0.29641086516464388,7
sep-ipop-l20,3,112003,8118,2883680,840.83790588378906,,102.98636545580972,3032.6300467234669,0.25198811779515107,7
sep-ipop-l20,3,112003,8184,3052640,840.83790588378906,,4504.9031043567766,2758.9502167179508,0.27844851876028431,7
sep-ipop-l20,3,112003,8250,3221600,840.83790588378906,,207758.96193830785,23415.837518019445,0.2562827826788901,7
sep-ipop-l20,3,112003,8316,3390560,840.83790588378906,,12072424.079160109,28536.864220852232,0.19580049392422966,7
sep-ipop-l20,3,112003,8382,3559520,840.83790588378906,,1536627756.4164486,14854.732184431372,0.095815162653991856,7
sep-ipop-l20,3,112003,8448,3728480,840.83790588378906,,269666472908.51077,8246.8677524263403,0.063330119545869618,7
sep-ipop-l20,3,112003,8514,3897440,840.83790588378906,,64058486112910.992,6817.6688462979637,0.062603297165427882,7
sep-ipop-l20,3,112003,8580,4066400,840.83790588378906,,18961812188563916,6725.3816666494613,0.076234637916262574,7
sep-ipop-l20,3,112003,8646,4235360,840.83790588378906,,3.1991398530676506e+18,8622.1922658519234,0.056982993131211739,7
sep-ipop-l20,3,112003,8712,4404320,840.83790588378906,,4.2502824848315902e+20,7702.3760735171463,0.044706049822270444,7
sep-ipop-l20,3,112003,8778,4573280,840.83790588378906,,6.865047062981628e+22,7368.3591429616008,0.050965810360214692,7
sep-ipop-l20,3,112003,8844,4742240,840.83790588378906,,1.1693334445232809e+25,7284.2763670381664,0.044515083783919877,7
sep-ipop-l20,3,112003,8910,4911200,840.83790588378906,,1.5431637486128277e+27,6038.9777214373771,0.041346155750431692,7
sep-ipop-l20,3,112003,8976,5080160,840.83790588378906,,1.7887122923886682e+29,6928.4722284332029,0.041085399489772342,7
sep-ipop-l20,3,112003,9042,5249120,840.83790588378906,,1.6921479891009217e+31,6275.102756141082,0.040494905442673486,7
sep-ipop-l20,3,112003,9108,5418080,840.83790588378906,,6.404909732630099e+32,8185.9417934115963,0.028078658436503385,7
sep-ipop-l20,3,112003,9174,5587040,840.83790588378906,,6.8291583624117116e+33,21041.477687623119,0.019347323843809716,7
sep-ipop-l20,3,112003,9240,5756000,840.83790588378906,,3.600282153073778e+34,553623.34639748267,0.01225317289671205,7
sep-ipop-l20,3,112003,9306,5924960,840.83790588378906,,1.4154289350286666e+35,125837035.93428349,0.0086225846697278348,7
sep-ipop-l20,3,112003,9372,6093920,840.83790588378906,,1.0869347086953198e+36,840590668.79601133,0.0089159749908247279,7
sep-ipop-l20,3,112003,9438,6262880,840.83790588378906,,6.0139007825156475e+36,6100253080.968091,0.0091600255232149631,7
sep-ipop-l20,3,112003,9504,6431840,840.83790588378906,,6.8335509926861601e+36,10757584781.189953,0.009868932732709737,7
sep-ipop-l20-w102,3,112003,1,20,31842.865814208984,,0.27219769595490961,1.0313032260959556,0.26760982405759437,0
sep-ipop-l20-w102,3,112003,5,100,18922.528121948242,,0.23217821406167313,1.3829715996606404,0.24789712045485085,0
sep-ipop-l20-w102,3,112003,20,400,2010.2432225545247,,0.21911621278644955,1.6978791539287617,0.24131644954302831,0
sep-ipop-l20-w102,3,112003,1274,25480,1067.0333786010742,,7.8028278247872448e-05,674747.21465315891,0.00013975573931295201,0
sep-ipop-l20-w102,3,112003,1980,51640,1067.033223470052,,0.078805318064789603,74212.832851457526,0.087705938413243936,1
sep-ipop-l20-w102,3,112003,2640,78040,1067.033223470052,,0.085227891916373866,141726.63716680318,0.011260748383467977,1
sep-ipop-l20-w102,3,112003,3234,106800,1067.033223470052,,0.14960272434663829,2037.8135722477437,0.11535684262018242,2
sep-ipop-l20-w102,3,112003,3490,127280,961.73381805419922,,0.77675681646501205,434.1600361503871,0.046029395301828972,2
sep-ipop-l20-w102,3,112003,3810,152880,926.6676139831543,,0.12214086625538127,55955.583716128574,0.0013105418002109933,2
sep-ipop-l20-w102,3,112003,4158,187440,926.61473719278968,,0.37850221282039181,2331.4109833493676,0.17430181569712702,3
sep-ipop-l20-w102,3,112003,4290,208560,926.61473719278968,,2.0630933999163812,32421.839924307296,0.16201329840967738,3
sep-ipop-l20-w102,3,112003,4422,229680,926.61473719278968,,6.486377243929411,15333.700863618749,0.021948924571051388,3
sep-ipop-l20-w102,3,112003,4620,261360,926.61473719278968,,2.896612051028185,54324815.844770253,0.0014642545197769547,3
sep-ipop-l20-w102,3,112003,4752,282480,926.61473719278968,,2.8468582501426245,190475782.27340433,0.0017786333336295313,3
sep-ipop-l20-w102,3,112003,4884,322640,926.61473719278968,,18.314028384257576,13567.142402276631,0.19902810865358758,4
sep-ipop-l20-w102,3,112003,4950,343760,926.61473719278968,,360.85721336575136,65341.691157142777,0.24972734334443844,4
sep-ipop-l20-w102,3,112003,5016,364880,926.61473719278968,,4597.0800577590644,195006.17673245873,0.27504417760725808,4
sep-ipop-l20-w102,3,112003,5082,386000,926.61473719278968,,15745.120822339695,352028.33034804108,0.14336840305857568,4
sep-ipop-l20-w102,3,112003,5148,407120,926.61473719278968,,821795.75440025737,39096.183913914101,0.13696093207051388,4
sep-ipop-l20-w102,3,112003,5280,449360,926.61473719278968,,318572833.22286779,49880.265936938624,0.057651587637290815,4
sep-ipop-l20-w102,3,112003,5346,470480,926.61473719278968,,1791589009.7579193,2752617.4686575732,0.039975243102910979,4
sep-ipop-l20-w102,3,112003,5412,491600,926.61473719278968,,3128568674.8272161,804785871.03216875,0.028993284266944818,4
sep-ipop-l20-w102,3,112003,5478,512720,926.61473719278968,,5172789734.836833,235944729162.77505,0.03917490687479238,4
sep-ipop-l20-w102,3,112003,5544,533840,926.61473719278968,,15353942709.655479,819905252628.84192,0.025877819157699041,4
sep-ipop-l20-w102,3,112003,5676,590800,926.61473719278968,,1.3372413132293954,131.05686524111272,0.25941645968533017,5
sep-ipop-l20-w102,3,112003,5742,633040,926.61473719278968,,13.960071973502586,16619.495477422839,0.28730805447706642,5
sep-ipop-l20-w102,3,112003,5808,675280,926.61473719278968,,470.55747910831059,6843.1309885729697,0.19921118672968299,5
sep-ipop-l20-w102,3,112003,5874,717520,926.61473719278968,,17950.060460879682,1419.4063833379789,0.11045029261830967,5
sep-ipop-l20-w102,3,112003,5940,759760,926.61473719278968,,417532.66375357547,17495.217619146511,0.10597460174844929,5
sep-ipop-l20-w102,3,112003,6006,802000,926.61473719278968,,15656643.296339381,101808.92048742401,0.25747823821307914,5
sep-ipop-l20-w102,3,112003,6072,844240,926.61473719278968,,683553221.0956769,13196.151003902512,0.066938296344932868,5
sep-ipop-l20-w102,3,112003,6138,886480,926.61473719278968,,8213067563.871666,56070.72597998225,0.053340961176941558,5
sep-ipop-l20-w102,3,112003,6204,928720,926.61473719278968,,30163377646.636227,1651640.1368702592,0.041778970403177004,5
sep-ipop-l20-w102,3,112003,6270,970960,926.61473719278968,,69457149850.990356,4087654663.0079079,0.038276628724718133,5
sep-ipop-l20-w102,3,112003,6336,1013200,926.61473719278968,,106857270299.52458,28186592248.07449,0.04777101625907642,5
sep-ipop-l20-w102,3,112003,6402,1055440,926.61473719278968,,169426099867.25964,766404892193.40454,0.019154230718528627,5
sep-ipop-l20-w102,3,112003,6468,1125200,926.61473719278968,,2.214171169302785,105.52632269338559,0.29298422605959418,6
sep-ipop-l20-w102,3,112003,6534,1209680,926.61473719278968,,24.798448445274403,2340.3109023389898,0.26858007839284109,6
sep-ipop-l20-w102,3,112003,6600,1294160,926.61473719278968,,522.2607392806882,2676.2591721444919,0.2306041390480644,6
sep-ipop-l20-w102,3,112003,6658,1368400,925.59797795613611,,5508.4473518211198,16511.774273599345,0.072361798733860228,6
sep-ipop-l20-w102,3,112003,6661,1372240,924.81805419921875,,6248.7714664774885,16754.22445726514,0.067416592340098502,6
sep-ipop-l20-w102,3,112003,6682,1399120,916.99199930826819,,20505.12385629347,20446.714279980886,0.0524251970468586,6
sep-ipop-l20-w102,3,112003,6703,1426000,910.95021184285486,,53643.922833566001,22037.010073150261,0.036320077676645704,6
sep-ipop-l20-w102,3,112003,6721,1449040,908.79415384928382,,132045.90913665653,30046.394769154536,0.032054822002449038,6
sep-ipop-l20-w102,3,112003,6740,1473360,907.17156600952148,,282052.55287776707,36341.766238827608,0.024910019719446012,6
sep-ipop-l20-w102,3,112003,6763,1502800,905.97870763142907,,568182.98201299924,46601.102727857477,0.017624334728329579,6
sep-ipop-l20-w102,3,112003,6780,1524560,905.36415990193689,,885236.02241457265,56241.855345810181,0.014867637315799667,6
sep-ipop-l20-w102,3,112003,6800,1550160,904.68916956583655,,1309651.5113946665,244412.54457154151,0.01671828881317183,6
sep-ipop-l20-w102,3,112003,6820,1575760,904.25181579589844,,2234005.6857211334,446129.87712209171,0.014539886194239149,6
sep-ipop-l20-w102,3,112003,6840,1601360,903.90166346232093,,3376643.2300805561,693876.05835635145,0.008065342943306306,6
sep-ipop-l20-w102,3,112003,6860,1626960,903.52962366739905,,6336195.5230460977,990767.5124773843,0.0070962180524305613,6
sep-ipop-l20-w102,3,112003,6881,1653840,903.51266479492188,,10181468.176497176,1806607.1354014864,0.0061586873280849988,6
sep-ipop-l20-w102,3,112003,6899,1676880,903.39799245198571,,12867691.355442595,5851845.3792339191,0.0067499042330268879,6
sep-ipop-l20-w102,3,112003,6920,1703760,903.33343378702796,,14941644.169038225,5465198.6066065039,0.0050138868604841817,6
sep-ipop-l20-w102,3,112003,6939,1728080,903.29362360636389,,17695720.319218166,6103691.8809972005,0.0048031030315195625,6
sep-ipop-l20-w102,3,112003,6960,1754960,903.23347218831384,,26210577.417869303,8473728.0225389265,0.0052920185487451534,6
sep-ipop-l20-w102,3,112003,6980,1780560,903.22413762410486,,43053133.735270731,11810640.349824969,0.005995054937919765,6
sep-ipop-l20-w102,3,112003,7024,1836880,903.21940612792969,,120499833.5933861,177835619.00274992,0.0057709598664123143,6
sep-ipop-l20-w102,3,112003,7062,1885520,903.21940612792969,,121385492.45250343,348900691.83137083,0.0050246273888271539,6
sep-ipop-l20-w102,3,112003,7128,1972560,903.21940612792969,,0.41619231957462111,3.6401622801132087,0.60513817316740237,7
sep-ipop-l20-w102,3,112003,7194,2141520,903.21940612792969,,8.4229623388782198,303.82941833814135,0.3236291716669738,7
sep-ipop-l20-w102,3,112003,7260,2310480,903.21940612792969,,125.17258456825688,2530.0997302827882,0.26155230893531595,7
sep-ipop-l20-w102,3,112003,7326,2479440,903.21940612792969,,6078.782028861775,3685.3632871214199,0.29728517008495792,7
sep-ipop-l20-w102,3,112003,7392,2648400,903.21940612792969,,176501.40268838877,36217.259344913291,0.25213369949399467,7
sep-ipop-l20-w102,3,112003,7458,2817360,903.21940612792969,,17146803.536955092,7746.8908623319785,0.30817158906578862,7
sep-ipop-l20-w102,3,112003,7524,2986320,903.21940612792969,,1599406848.9408314,29809.809531441671,0.25760738144074807,7
sep-ipop-l20-w102,3,112003,7590,3155280,903.21940612792969,,334863411203.14893,14237.132959786666,0.25563265022740378,7
sep-ipop-l20-w102,3,112003,7656,3324240,903.21940612792969,,44378826766319.562,89563.511999635724,0.24469266232217712,7
sep-ipop-l20-w102,3,112003,7672,3365200,902.57442347208655,,156155627593409.72,94844.04982234948,0.26744933218350758,7
sep-ipop-l20-w102,3,112003,7678,3380560,899.98009999593103,,252017678691403.03,90140.699616714148,0.26094381677538897,7
sep-ipop-l20-w102,3,112003,7687,3403600,897.92734018961585,,480086823740678,96409.995206736843,0.25669108233830334,7
sep-ipop-l20-w102,3,112003,7697,3429200,892.40558242797852,,861080302086358.5,90534.209741137573,0.22295238232772427,7
sep-ipop-l20-w102,3,112003,7707,3454800,890.33110046386719,,1394641628550539.8,115925.71913963859,0.21656705271854268,7
sep-ipop-l20-w102,3,112003,7721,3490640,885.66638565063477,,3419479517447559.5,53556.313843925593,0.17453475358281109,7
sep-ipop-l20-w102,3,112003,7728,3508560,884.94356791178382,,5877326144050283,51365.143058746195,0.15438810376692896,7
sep-ipop-l20-w102,3,112003,7737,3531600,881.95547358194983,,11100338160822828,44198.471077465765,0.12411742352364249,7
sep-ipop-l20-w102,3,112003,7747,3557200,878.79014078776038,,19708623235030100,37504.542294764316,0.081881761455930333,7
sep-ipop-l20-w102,3,112003,7759,3587920,876.90441258748376,,40898508547653448,31425.840621629482,0.066136703152524734,7
sep-ipop-l20-w102,3,112003,7767,3608400,875.6424458821615,,70478410552094472,40546.681657170266,0.059354581615031488,7
sep-ipop-l20-w102,3,112003,7779,3639120,874.6099637349447,,1.2162385920167075e+17,41800.225006791508,0.044692974816794948,7
sep-ipop-l20-w102,3,112003,7788,3662160,873.80849838256836,,1.8001200200807894e+17,32796.534282204411,0.038894535761211602,7
sep-ipop-l20-w102,3,112003,7802,3698000,873.29102961222327,,3.2551588139868954e+17,37233.335996891641,0.03767662237905036,7
sep-ipop-l20-w102,3,112003,7809,3715920,872.96364847819007,,4.0172868353346074e+17,29624.908277847495,0.031542496967787451,7
sep-ipop-l20-w102,3,112003,7820,3744080,872.29747772216797,,5.6651507956986048e+17,33828.306546566324,0.030348164554972332,7
sep-ipop-l20-w102,3,112003,7827,3762000,871.77312596639001,,6.9230923220159194e+17,28409.641035431683,0.028643480332727445,7
sep-ipop-l20-w102,3,112003,7838,3790160,871.44104131062829,,1.0682368634376387e+18,40207.792109480091,0.030433438703570733,7
sep-ipop-l20-w102,3,112003,7846,3810640,871.12244542439782,,1.4533200850483965e+18,42633.399112341678,0.028717076038795728,7
sep-ipop-l20-w102,3,112003,7858,3841360,870.59637196858728,,2.1392842147938842e+18,43722.773129336558,0.02447776164506096,7
sep-ipop-l20-w102,3,112003,7867,3864400,870.47175979614258,,2.7496839240681155e+18,46098.182043813278,0.021050537675942373,7
sep-ipop-l20-w102,3,112003,7877,3890000,870.04511133829749,,3.5814451722731479e+18,67905.581618410579,0.018196562218083981,7
sep-ipop-l20-w102,3,112003,7892,3928400,869.4735107421875,,5.2057829610532372e+18,213593.84236993536,0.016889425045864472,7
sep-ipop-l20-w102,3,112003,7897,3941200,869.29451497395837,,6.0490121241349263e+18,246701.74508823297,0.016320313593384594,7
sep-ipop-l20-w102,3,112003,7907,3966800,869.00021362304688,,7.9864229715226614e+18,267177.82826377923,0.015888278952150461,7
sep-ipop-l20-w102,3,112003,7916,3989840,868.734385172526,,9.5722414650624471e+18,269785.76566308207,0.013805994717750777,7
sep-ipop-l20-w102,3,112003,7926,4015440,868.65498352050781,,1.2024773720277971e+19,308365.97410638473,0.014023378271339641,7
sep-ipop-l20-w102,3,112003,7936,4041040,868.43526585896814,,1.49062792998954e+19,337826.27633019781,0.011876019603120069,7
sep-ipop-l20-w102,3,112003,7947,4069200,868.3846219380697,,1.9352273318892737e+19,460579.76797491155,0.01136331003154788,7
sep-ipop-l20-w102,3,112003,7960,4102480,868.24572499593103,,2.2597672050877129e+19,891013.79338434653,0.011715505062985852,7
sep-ipop-l20-w102,3,112003,7965,4115280,868.23384984334314,,2.498344891922824e+19,865579.98941524536,0.011537178151681206,7
sep-ipop-l20-w102,3,112003,7980,4153680,868.12950134277344,,2.5753587533550969e+19,1033444.0722670667,0.0076100500671998153,7
sep-ipop-l20-w102,3,112003,7985,4166480,868.09998321533203,,2.7804856124546789e+19,1135753.1885285687,0.0074519162916649988,7
sep-ipop-l20-w102,3,112003,7995,4192080,868.01585261027014,,3.4991174844788269e+19,959663.19572254922,0.007428260069354856,7
sep-ipop-l20-w102,3,112003,8008,4225360,867.97616449991858,,4.7022035675248181e+19,2474088.3492157287,0.007415827988641638,7
sep-ipop-l20-w102,3,112003,8018,4250960,867.94695790608728,,5.4546235990919733e+19,3783502.8951831041,0.0060541352615245004,7
sep-ipop-l20-w102,3,112003,8028,4276560,867.90350087483728,,6.4003123219737248e+19,5924158.7874910617,0.0055842503293612213,7
sep-ipop-l20-w102,3,112003,8036,4297040,867.89489364624023,,7.7979381846103851e+19,6774977.5440373886,0.00630764044264561,7
sep-ipop-l20-w102,3,112003,8045,4320080,867.87069193522132,,1.0906939403747613e+20,16492118.886702776,0.0075451778899606053,7
sep-ipop-l20-w102,3,112003,8057,4350800,867.84253438313806,,1.7868294801507805e+20,25848679.900191691,0.0075132443178663744,7
sep-ipop-l20-w102,3,112003,8074,4394320,867.82213592529297,,3.8956393222106684e+20,28070722.455959141,0.007460388419930606,7
sep-ipop-l20-w102,3,112003,8086,4425040,867.79782485961914,,7.1775585706874857e+20,35654655.117624015,0.0074445342915040466,7
sep-ipop-l20-w102,3,112003,8095,4448080,867.77300771077478,,1.0340613168998156e+21,34913429.649026357,0.0072660227560486044,7
sep-ipop-l20-w102,3,112003,8104,4471120,867.7525634765625,,1.5338235481469802e+21,50051441.434615284,0.0076236477101862994,7
sep-ipop-l20-w102,3,112003,8114,4496720,867.72769800821936,,2.3437609590842775e+21,55369939.324009567,0.0074816766426166487,7
sep-ipop-l20-w102,3,112003,8126,4527440,867.72243118286133,,3.6628899439187822e+21,78105073.585187256,0.0074737156032151867,7
sep-ipop-l20-w102,3,112003,8135,4550480,867.71035512288415,,4.691085530164714e+21,74768311.446223453,0.0068527005915274075,7
sep-ipop-l20-w102,3,112003,8144,4573520,867.70358149210608,,5.7650479704033439e+21,120815892.38565353,0.0074046258310398417,7
sep-ipop-l20-w102,3,112003,8157,4606800,867.69285456339514,,7.3054835930863701e+21,150022313.24976322,0.0066365124775655537,7
sep-ipop-l20-w102,3,112003,8169,4637520,867.68928654988611,,9.5804948956641189e+21,155386737.33750752,0.0069280196411216563,7
sep-ipop-l20-w102,3,112003,8182,4670800,867.68878555297852,,1.2738822937417873e+22,161273510.15998039,0.0060163575414689634,7
sep-ipop-l20-w102,3,112003,8184,4675920,867.68878555297852,,1.3784914626402396e+22,155946478.12238318,0.0063176584398065075,7
sep-ipop-l20-w102,3,112003,8196,4706640,867.68795649210608,,1.8298981338503423e+22,262398452.66224816,0.0061948847007171617,7
sep-ipop-l20-w102,3,112003,8221,4770640,867.68594487508142,,3.0343322156205064e+22,1017662446.5805417,0.0058579161221398385,7
sep-ipop-l20-w102,3,112003,8231,4796240,867.68520482381189,,4.1158427689680204e+22,1092976793.8983262,0.0063058734681261429,7
sep-ipop-l20-w102,3,112003,8245,4832080,867.68517557779944,,6.7231949655272256e+22,864786203.0625633,0.0061493175850737573,7
sep-ipop-l20-w102,3,112003,8316,5013840,867.68517557779944,,9.9984173578470063e+22,25177715836.795853,0.0053363314345739174,7
sep-ipop-l20-w102,3,112003,8382,5272400,867.68517557779944,,1.8258775586702081,20.319725163650006,0.44028331073729943,8
sep-ipop-l20-w102,3,112003,8448,5610320,867.68517557779944,,31.760361718477402,1454.9565612482536,0.32474034343363678,8
sep-ipop-l20-w102,3,112003,8514,5948240,867.68517557779944,,717.80847460523637,3029.7661831589153,0.27453000711322179,8
sep-ipop-l20-w102,3,112003,8580,6286160,867.68517557779944,,41651.852303976135,3989.2145654888996,0.29296218033761151,8
sep-ipop-l20-w204,3,112003,1,20,31842.865814208984,,0.27219769595490961,1.0313032260959556,0.26760982405759437,0
sep-ipop-l20-w204,3,112003,5,100,18922.528121948242,,0.23217821406167313,1.3829715996606404,0.24789712045485085,0
sep-ipop-l20-w204,3,112003,20,400,2010.2432225545247,,0.21911621278644955,1.6978791539287617,0.24131644954302831,0
sep-ipop-l20-w204,3,112003,1274,25480,1067.0333786010742,,7.8028278247872448e-05,674747.21465315891,0.00013975573931295201,0
sep-ipop-l20-w204,3,112003,2012,50880,1056.0240186055501,,0.079548989415565499,19904.40247980773,0.065816379420830601,1
sep-ipop-l20-w204,3,112003,2660,76800,1040.6701965332031,,0.0041188989356827485,16516021.097886806,0.0027156823338956811,1
sep-ipop-l20-w204,3,112003,3168,104680,1040.6651369730632,,0.18718672841003597,1469.3375575061511,0.12084745986285242,2
sep-ipop-l20-w204,3,112003,3498,131080,1040.6651369730632,,0.29665028513417974,29409.454363610635,0.010013249914975276,2
sep-ipop-l20-w204,3,112003,3828,157480,1040.6651369730632,,0.39342488033409329,67790915.438144952,0.0062410638582504549,2
sep-ipop-l20-w204,3,112003,4092,178600,1040.6651369730632,,0.21799009137393086,324065533.17457724,0.0024624889376254236,2
sep-ipop-l20-w204,3,112003,4290,205320,1040.6651369730632,,1.0420011017707713,6049.7186379341929,0.23673651178105179,3
sep-ipop-l20-w204,3,112003,4446,230280,1040.6416702270508,,19.38761991087895,32259.436930656808,0.15842036055607941,3
sep-ipop-l20-w204,3,112003,4595,254120,1019.7395451863607,,33.8296141224669,202300.27600164368,0.030002738362957224,3
sep-ipop-l20-w204,3,112003,4755,279720,1017.0579744974772,,26.616659175340118,182173883.085933,0.0098162719119787457,3
sep-ipop-l20-w204,3,112003,4950,310920,1017.0325164794922,,38.985771690970992,18915242077.032238,0.012266884865028029,3
sep-ipop-l20-w204,3,112003,5082,343240,1017.0325164794922,,2.8668676700903655,559.39761961780675,0.25949064572368008,4
sep-ipop-l20-w204,3,112003,5148,364360,1017.0325164794922,,33.605314174036174,2610.444339018587,0.25983048222381605,4
sep-ipop-l20-w204,3,112003,5208,383560,1015.8056627909342,,448.59204879916172,6244.5613390748877,0.25347304208188465,4
sep-ipop-l20-w204,3,112003,5280,406600,942.47706349690759,,12077.708954490212,21490.555134363356,0.22349851815404675,4
sep-ipop-l20-w204,3,112003,5360,432200,907.38064320882165,,375289.51912581176,16040.058297152791,0.10904283648945701,4
sep-ipop-l20-w204,3,112003,5440,457800,871.05553817749023,,6911841.3907363648,29936.218398979865,0.023024440360911624,4
sep-ipop-l20-w204,3,112003,5520,483400,866.36660257975257,,183551164.83380362,96815.334163494132,0.027136438914371324,4
sep-ipop-l20-w204,3,112003,5597,508040,862.79443232218421,,1418545598.5610552,1308723.3174616864,0.022838556967058967,4
sep-ipop-l20-w204,3,112003,5677,533640,862.0550867716471,,4523820368.8393822,9902341.1122982893,0.0066387415309673119,4
sep-ipop-l20-w204,3,112003,5758,559560,861.93653106689453,,10684131766.384325,361763310.98073661,0.003158022886602435,4
sep-ipop-l20-w204,3,112003,5874,596680,861.92427953084314,,12877378728.731079,7198380576.9229603,0.0026021945456331528,4
sep-ipop-l20-w204,3,112003,5940,633800,861.92427953084314,,1.9207721742897268,151.37946481114199,0.29564514320677915,5
sep-ipop-l20-w204,3,112003,6006,676040,861.92427953084314,,15.185707962976354,5983.4965850263352,0.25026292772914588,5
sep-ipop-l20-w204,3,112003,6072,718280,861.92427953084314,,281.26731681532107,5044.3357749436436,0.23838306386146552,5
sep-ipop-l20-w204,3,112003,6138,760520,861.92427953084314,,6204.4445260174089,88635.593962771047,0.17774358617817779,5
sep-ipop-l20-w204,3,112003,6204,802760,861.92427953084314,,171230.7339758942,45087.551964215781,0.037866908781419309,5
sep-ipop-l20-w204,3,112003,6270,845000,861.92427953084314,,5758859.999115075,53767.845920683292,0.034417864593230839,5
sep-ipop-l20-w204,3,112003,6336,887240,861.92427953084314,,82361796.510785028,35037.090290009553,0.020712965867288536,5
sep-ipop-l20-w204,3,112003,6402,929480,861.92427953084314,,673847775.87215185,160641.98036260746,0.01090457550219555,5
sep-ipop-l20-w204,3,112003,6468,971720,861.92427953084314,,6572093472.156002,905980.49547954695,0.0092730379616006876,5
sep-ipop-l20-w204,3,112003,6534,1013960,861.92427953084314,,588074953820.24573,47606.440945069509,0.013564477986579043,5
sep-ipop-l20-w204,3,112003,6600,1056200,861.92427953084314,,7759028072143.9131,142587.2238524401,0.0089449984942973175,5
sep-ipop-l20-w204,3,112003,6666,1098440,861.92427953084314,,21325523926579.777,40934334.024697177,0.0055237063432576772,5
sep-ipop-l20-w204,3,112003,6732,1140680,861.92427953084314,,47754755166944.219,1701675217.8000007,0.005579883265921768,5
sep-ipop-l20-w204,3,112003,6798,1182920,861.92427953084314,,88187791563166.641,9066949587.6399136,0.0043225436071407733,5
sep-ipop-l20-w204,3,112003,6864,1240520,861.92427953084314,,1.1839424368967357,16.632145593862354,0.40565092965774413,6
sep-ipop-l20-w204,3,112003,6930,1325000,861.92427953084314,,11.01608360920708,2122.6272333358011,0.2945980690143461,6
sep-ipop-l20-w204,3,112003,6996,1409480,861.92427953084314,,253.09651057020915,4116.5163102862834,0.24377922757516657,6
sep-ipop-l20-w204,3,112003,7062,1493960,861.92427953084314,,11755.757118623258,2523.2401654471487,0.10922713590940152,6
sep-ipop-l20-w204,3,112003,7128,1578440,861.92427953084314,,705675.93299258326,5367.7764059594401,0.072669979348577315,6
sep-ipop-l20-w204,3,112003,7194,1662920,861.92427953084314,,71624856.347616449,3416.8657733712989,0.058087315342278831,6
sep-ipop-l20-w204,3,112003,7260,1747400,861.92427953084314,,7043714483.0993681,2771.121048503353,0.054796868485921982,6
sep-ipop-l20-w204,3,112003,7326,1831880,861.92427953084314,,369549538005.81396,15285.357316199439,0.062504540828343669,6
sep-ipop-l20-w204,3,112003,7392,1916360,861.92427953084314,,16728975047218.836,104998.92646371412,0.052189634513016107,6
sep-ipop-l20-w204,3,112003,7458,2000840,861.92427953084314,,96467745404694.922,460359.87844341126,0.04054159661979196,6
sep-ipop-l20-w204,3,112003,7524,2085320,861.92427953084314,,471379167128166.81,374848243.77343696,0.050507407456452144,6
sep-ipop-l20-w204,3,112003,7590,2169800,861.92427953084314,,14552213394506240,270157311.407408,0.047954487715906408,6
sep-ipop-l20-w204,3,112003,7656,2254280,861.92427953084314,,86334207736492160,2119187740.9442966,0.047958649183016067,6
sep-ipop-l20-w204,3,112003,7722,2338760,861.92427953084314,,2.0551845753822157e+17,10961332789.754766,0.041328995838366113,6
sep-ipop-l20-w204,3,112003,7788,2423240,861.92427953084314,,2.6819967373146637e+17,346584139909.14691,0.037240323292034153,6
sep-ipop-l20-w204,3,112003,7854,2507720,861.92427953084314,,2.649107082866056e+17,462798847611.43646,0.029061197310611873,6
sep-ipop-l20-w204,3,112003,7920,2611400,861.92427953084314,,0.93393404790847623,25.491906734692456,0.83840343721656996,7
sep-ipop-l20-w204,3,112003,7986,2780360,861.92427953084314,,9.4138477653274197,667.01280524103186,0.31457550924924355,7
sep-ipop-l20-w204,3,112003,8052,2949320,861.92427953084314,,218.73333321700181,2203.465993197452,0.27396922764446252,7
sep-ipop-l20-w204,3,112003,8118,3118280,861.92427953084314,,10237.61886760969,7224.6170711161094,0.26967849524605525,7
sep-ipop-l20-w204,3,112003,8184,3287240,861.92427953084314,,697581.47468874615,671.65766693874662,0.054129867388379944,7
sep-ipop-l20-w204,3,112003,8250,3456200,861.92427953084314,,57127118.20254939,3030.3974395525238,0.032417563894436632,7
sep-ipop-l20-w204,3,112003,8316,3625160,861.92427953084314,,3468898288.5258174,8154.7823903033341,0.020276863960666816,7
sep-ipop-l20-w204,3,112003,8382,3794120,861.92427953084314,,112219072785.65414,14755.177737217371,0.018517163989269607,7
sep-ipop-l20-w204,3,112003,8448,3963080,861.92427953084314,,1142135650817.7551,28317.706752883987,0.013812648527997887,7
sep-ipop-l20-w204,3,112003,8514,4132040,861.92427953084314,,72738754977285.625,49645.045042282218,0.014144398374064157,7
sep-ipop-l20-w204,3,112003,8580,4301000,861.92427953084314,,3768120061687467,31092.401610480276,0.013276700268109896,7
sep-ipop-l20-w204,3,112003,8646,4469960,861.92427953084314,,2.8152707962387024e+17,20825.128753197143,0.01568238707726383,7
sep-ipop-l20-w204,3,112003,8712,4638920,861.92427953084314,,2.4194614372080378e+19,21981.15628458028,0.014781860741576837,7
sep-ipop-l20-w204,3,112003,8778,4807880,861.92427953084314,,2.4410476050185883e+21,25713.767329069957,0.015497420496559951,7
sep-ipop-l20-w204,3,112003,8844,4976840,861.92427953084314,,3.1084862506871093e+23,13271.205326826597,0.015379470391642149,7
sep-ipop-l20-w204,3,112003,8910,5145800,861.92427953084314,,4.9961370310763053e+25,11935.818829913223,0.018629378196036543,7
sep-ipop-l20-w204,3,112003,8976,5314760,861.92427953084314,,2.5792646444031255e+28,8758.6001557675645,0.036667804848531105,7
sep-ipop-l20-w204,3,112003,9042,5483720,861.92427953084314,,4.2321822705509521e+30,12438.057844530413,0.034745182589917302,7
sep-ipop-l20-w204,3,112003,9108,5652680,861.92427953084314,,4.3896394155495095e+32,15999.368785302215,0.02213980983993008,7
sep-ipop-l20-w204,3,112003,9174,5821640,861.92427953084314,,2.8439983280448406e+34,17745.623441338244,0.019046316886081962,7
sep-ipop-l20-w204,3,112003,9240,5990600,861.92427953084314,,1.3846540308767405e+36,21724.376304714337,0.018027163231987615,7
sep-ipop-l20-w204,3,112003,9306,6159560,861.92427953084314,,6.7234711480857188e+37,27626.436314208302,0.016103872827262018,7
sep-ipop-l20-w204,3,112003,9372,6328520,861.92427953084314,,3.7965276059058643e+39,55006.353337214634,0.017632988961053236,7
sep-ipop-l20-w204,3,112003,9438,6497480,861.92427953084314,,2.5720876658889527e+41,62063.231774344778,0.018186665010322008,7
sep-ipop-l20-w816,3,112003,1,20,31842.865814208984,,0.27219769595490961,1.0313032260959556,0.26760982405759437,0
sep-ipop-l20-w816,3,112003,5,100,18922.528121948242,,0.23217821406167313,1.3829715996606404,0.24789712045485085,0
sep-ipop-l20-w816,3,112003,20,400,2010.2432225545247,,0.21911621278644955,1.6978791539287617,0.24131644954302831,0
sep-ipop-l20-w816,3,112003,1274,25480,1067.0333786010742,,7.8028278247872448e-05,674747.21465315891,0.00013975573931295201,0
sep-ipop-l20-w816,3,112003,2178,52200,1067.033223470052,,0.021016946861304831,1443.748915587347,0.016325363670306469,1
sep-ipop-l20-w816,3,112003,2772,78160,1067.033223470052,,0.22175913664766977,11.899392093516424,0.16864767143950621,2
sep-ipop-l20-w816,3,112003,3102,104560,1067.033223470052,,0.80355682659399319,4258.9274914104799,0.064300145035405404,2
sep-ipop-l20-w816,3,112003,3432,130960,1067.033223470052,,0.18728252108038002,3013682.741615253,0.0017190603358224323,2
sep-ipop-l20-w816,3,112003,3762,157360,1067.033223470052,,4.3922609864643523,29018991.082901884,0.006839997112316509,2
sep-ipop-l20-w816,3,112003,4026,178480,1067.033223470052,,2.964032483898003,408208151.68844563,0.0030713873365336656,2
sep-ipop-l20-w816,3,112003,4290,210880,1067.033223470052,,1.4868395480937129,5180.9416757704603,0.25334778502602373,3
sep-ipop-l20-w816,3,112003,4403,228960,1067.0009117126465,,10.096495043492611,10322.892622542968,0.17364961620172256,3
sep-ipop-l20-w816,3,112003,4566,255040,893.10071182250977,,581.34814803928862,1098.631815923949,0.057771299735447638,3
sep-ipop-l20-w816,3,112003,4719,279520,851.63835525512695,,18223.716255636667,6785.0360535271811,0.020433146096891602,3
sep-ipop-l20-w816,3,112003,4877,304800,841.26958338419593,,52853.788144962644,56535.10537356943,0.0054211432727172826,3
sep-ipop-l20-w816,3,112003,5082,337600,840.83790588378906,,14826.47949457255,186055247.13342401,0.0007341111423446934,3
sep-ipop-l20-w816,3,112003,5214,376480,840.83790588378906,,11.662160097658642,3134.9506276771895,0.28561137989180735,4
sep-ipop-l20-w816,3,112003,5280,397600,840.83790588378906,,280.2055697759389,13299.616516366854,0.30089602589112291,4
sep-ipop-l20-w816,3,112003,5346,418720,840.83790588378906,,3067.4565757921764,210460.85483533301,0.26102867494227666,4
sep-ipop-l20-w816,3,112003,5412,439840,840.83790588378906,,56880.519452843982,13697.353646188571,0.047804012304529096,4
sep-ipop-l20-w816,3,112003,5478,460960,840.83790588378906,,3045066.3508144091,3675.405158490501,0.061269035587398886,4
sep-ipop-l20-w816,3,112003,5610,503200,840.83790588378906,,805881700.15361309,36808.676235561608,0.036151036115530479,4
sep-ipop-l20-w816,3,112003,5676,524320,840.83790588378906,,5490030034.6816397,292110.18528537644,0.023566025532751677,4
sep-ipop-l20-w816,3,112003,5742,545440,840.83790588378906,,8207918760.5318689,25076379.550328564,0.0096785562752508911,4
sep-ipop-l20-w816,3,112003,5808,566560,840.83790588378906,,16657262078.394791,1031618236.9691362,0.014709674891995783,4
sep-ipop-l20-w816,3,112003,5874,587680,840.83790588378906,,26139573229.557507,8560935936.2900543,0.0036693369593185339,4
sep-ipop-l20-w816,3,112003,6006,641120,840.83790588378906,,1.1938523149540368,32.878375458769646,0.30162917603211703,5
sep-ipop-l20-w816,3,112003,6072,683360,840.83790588378906,,7.5769140998025124,11595.02720141156,0.26339610497285409,5
sep-ipop-l20-w816,3,112003,6138,725600,840.83790588378906,,121.32475583642299,4192.4643120413948,0.20751016604943204,5
sep-ipop-l20-w816,3,112003,6204,767840,840.83790588378906,,3008.6579657001212,8529.5263894780528,0.10514346231470602,5
sep-ipop-l20-w816,3,112003,6270,810080,840.83790588378906,,101008.18778868781,20615.888914079413,0.070140872501950086,5
sep-ipop-l20-w816,3,112003,6336,852320,840.83790588378906,,483325.67304902058,95642.846276901473,0.038166618048445684,5
sep-ipop-l20-w816,3,112003,6402,894560,840.83790588378906,,1924639.6581429082,6857917.2780475887,0.039329785750070206,5
sep-ipop-l20-w816,3,112003,6468,936800,840.83790588378906,,6315085.7921732245,3506346.6816623029,0.0065011321044107897,5
sep-ipop-l20-w816,3,112003,6534,979040,840.83790588378906,,18205168.858843531,261198530.97097003,0.0057862488882553043,5
sep-ipop-l20-w816,3,112003,6600,1021280,840.83790588378906,,104279268.67256346,623128715.17089903,0.0055378346620703778,5
sep-ipop-l20-w816,3,112003,6666,1063520,840.83790588378906,,466330499.86035895,450452266.42342216,0.0060639262256938021,5
sep-ipop-l20-w816,3,112003,6732,1105760,840.83790588378906,,540203752.4283905,1502286794.2164347,0.0037525685268963715,5
sep-ipop-l20-w816,3,112003,6798,1148000,840.83790588378906,,568698680.86478531,4373502294.4253664,0.0052273906922482788,5
sep-ipop-l20-w816,3,112003,6864,1190240,840.83790588378906,,552274936.61246681,1494396136.937947,0.0030386212335951519,5
sep-ipop-l20-w816,3,112003,6930,1232480,840.83790588378906,,535751062.11096811,1445907215.9097426,0.0026219229227946996,5
sep-ipop-l20-w816,3,112003,6996,1274720,840.83790588378906,,582209596.88457263,5024213126.295948,0.0031840873166085887,5
sep-ipop-l20-w816,3,112003,7062,1357920,840.83790588378906,,6.4693096568013688,806.30626067091805,0.29159867064229461,6
sep-ipop-l20-w816,3,112003,7128,1442400,840.83790588378906,,73.11489574364532,2542.176131128937,0.25240265449667426,6
sep-ipop-l20-w816,3,112003,7194,1526880,840.83790588378906,,1802.0864504611657,18505.111170226239,0.23563531727845741,6
sep-ipop-l20-w816,3,112003,7260,1611360,840.83790588378906,,45327.057909218514,433244.80001490342,0.1516398149482247,6
sep-ipop-l20-w816,3,112003,7326,1695840,840.83790588378906,,1967671.8470814165,505022.01239078498,0.11560409644461989,6
sep-ipop-l20-w816,3,112003,7392,1780320,840.83790588378906,,43153278.393566445,500853.92642387794,0.088320884489929072,6
sep-ipop-l20-w816,3,112003,7458,1864800,840.83790588378906,,373699765.79322833,7710787.380508244,0.062661119777676258,6
sep-ipop-l20-w816,3,112003,7524,1949280,840.83790588378906,,1936533022.5564837,7550907.8198497118,0.030650308349039018,6
sep-ipop-l20-w816,3,112003,7590,2033760,840.83790588378906,,4955925592.8868961,52722698.291915625,0.018849360636034158,6
sep-ipop-l20-w816,3,112003,7656,2118240,840.83790588378906,,31199857229.161694,332302690.05345386,0.012189457291779926,6
sep-ipop-l20-w816,3,112003,7722,2202720,840.83790588378906,,86772233046.865524,1392272745.5535417,0.0052363819151970787,6
sep-ipop-l20-w816,3,112003,7788,2287200,840.83790588378906,,103079361472.01854,3264495333.8330989,0.005507970009806358,6
sep-ipop-l20-w816,3,112003,7854,2371680,840.83790588378906,,118657264188.95204,4078612567.3102231,0.005261863811691107,6
sep-ipop-l20-w816,3,112003,7920,2456160,840.83790588378906,,115351675220.49236,5262247927.2531519,0.0031361877502065236,6
sep-ipop-l20-w816,3,112003,7986,2545760,840.83790588378906,,0.56994378638438392,5.4871819517937608,0.88271719914705593,7
sep-ipop-l20-w816,3,112003,8052,2714720,840.83790588378906,,7.3164528960041606,598.57859117155431,0.29641086516464388,7
sep-ipop-l20-w816,3,112003,8118,2883680,840.83790588378906,,102.98636545580972,3032.6300467234669,0.25198811779515107,7
sep-ipop-l20-w816,3,112003,8184,3052640,840.83790588378906,,4504.9031043567766,2758.9502167179508,0.27844851876028431,7
sep-ipop-l20-w816,3,112003,8250,3221600,840.83790588378906,,207758.96193830785,23415.837518019445,0.2562827826788901,7
sep-ipop-l20-w816,3,112003,8316,3390560,840.83790588378906,,12072424.079160109,28536.864220852232,0.19580049392422966,7
sep-ipop-l20-w816,3,112003,8382,3559520,840.83790588378906,,1536627756.4164486,14854.732184431372,0.095815162653991856,7
sep-ipop-l20-w816,3,112003,8448,3728480,840.83790588378906,,269666472908.51077,8246.8677524263403,0.063330119545869618,7
sep-ipop-l20-w816,3,112003,8514,3897440,840.83790588378906,,64058486112910.992,6817.6688462979637,0.062603297165427882,7
sep-ipop-l20-w816,3,112003,8580,4066400,840.83790588378906,,18961812188563916,6725.3816666494613,0.076234637916262574,7
sep-ipop-l20-w816,3,112003,8646,4235360,840.83790588378906,,3.1991398530676506e+18,8622.1922658519234,0.056982993131211739,7
sep-ipop-l20-w816,3,112003,8712,4404320,840.83790588378906,,4.2502824848315902e+20,7702.3760735171463,0.044706049822270444,7
sep-ipop-l20-w816,3,112003,8778,4573280,840.83790588378906,,6.865047062981628e+22,7368.3591429616008,0.050965810360214692,7
sep-ipop-l20-w816,3,112003,8844,4742240,840.83790588378906,,1.1693334445232809e+25,7284.2763670381664,0.044515083783919877,7
sep-ipop-l20-w816,3,112003,8910,4911200,840.83790588378906,,1.5431637486128277e+27,6038.9777214373771,0.041346155750431692,7
sep-ipop-l20-w816,3,112003,8976,5080160,840.83790588378906,,1.7887122923886682e+29,6928.4722284332029,0.041085399489772342,7
sep-ipop-l20-w816,3,112003,9042,5249120,840.83790588378906,,1.6921479891009217e+31,6275.102756141082,0.040494905442673486,7
sep-ipop-l20-w816,3,112003,9108,5418080,840.83790588378906,,6.404909732630099e+32,8185.9417934115963,0.028078658436503385,7
sep-ipop-l20-w816,3,112003,9174,5587040,840.83790588378906,,6.8291583624117116e+33,21041.477687623119,0.019347323843809716,7
sep-ipop-l20-w816,3,112003,9240,5756000,840.83790588378906,,3.600282153073778e+34,553623.34639748267,0.01225317289671205,7
sep-ipop-l20-w816,3,112003,9306,5924960,840.83790588378906,,1.4154289350286666e+35,125837035.93428349,0.0086225846697278348,7
sep-ipop-l20-w816,3,112003,9372,6093920,840.83790588378906,,1.0869347086953198e+36,840590668.79601133,0.0089159749908247279,7
sep-ipop-l20-w816,3,112003,9438,6262880,840.83790588378906,,6.0139007825156475e+36,6100253080.968091,0.0091600255232149631,7
sep-ipop-l20-w816,3,112003,9504,6431840,840.83790588378906,,6.8335509926861601e+36,10757584781.189953,0.009868932732709737,7
sep-ipop-l20-w204-min01,3,112003,1,20,31842.865814208984,,0.27219769595490961,1.0313032260959556,0.26760982405759437,0
sep-ipop-l20-w204-min01,3,112003,5,100,18922.528121948242,,0.23217821406167313,1.3829715996606404,0.24789712045485085,0
sep-ipop-l20-w204-min01,3,112003,20,400,2010.2432225545247,,0.21911621278644955,1.6978791539287617,0.24131644954302831,0
sep-ipop-l20-w204-min01,3,112003,1320,28020,1067.0339037577312,,0.090980049503077559,12.923024502460256,0.10263509625957747,1
sep-ipop-l20-w204-min01,3,112003,1914,51780,1067.0339037577312,,0.0035032559655301622,34623.788326294489,0.0029432146556783779,1
sep-ipop-l20-w204-min01,3,112003,2376,77540,1067.0339037577312,,0.19042165973877334,1471.670035389041,0.13441116155240512,2
sep-ipop-l20-w204-min01,3,112003,2706,103940,1067.0339037577312,,0.12914657958156026,144527.17182789021,0.0096143977513995487,2
sep-ipop-l20-w204-min01,3,112003,3036,130340,1067.0339037577312,,0.048518575787473456,150492434.70149964,0.0022381790598775542,2
sep-ipop-l20-w204-min01,3,112003,3234,157700,1067.0339037577312,,1.2467074896257577,3109.0989038356879,0.21162104966443088,3
sep-ipop-l20-w204-min01,3,112003,3366,178820,1067.0339037577312,,35.616985810906769,7965.1935847383338,0.18932490216634976,3
sep-ipop-l20-w204-min01,3,112003,3522,203780,1054.2518920898438,,1398.1255036359705,4483.7088544058179,0.064877080594507294,3
sep-ipop-l20-w204-min01,3,112003,3682,229380,1044.4017448425293,,1656.8147342685377,1500044.8467313689,0.038750452167851342,3
sep-ipop-l20-w204-min01,3,112003,3839,254500,1043.4598630269368,,1725.3081624563758,504412375.20689547,0.013029480781796927,3
sep-ipop-l20-w204-min01,3,112003,4026,298660,1043.456750233968,,5.9913640905061021,3459.3242049175524,0.25338183884499993,4
sep-ipop-l20-w204-min01,3,112003,4092,319780,1043.456750233968,,96.608694920829834,7506.6726598488522,0.30838977118614697,4
sep-ipop-l20-w204-min01,3,112003,4158,340900,1043.456750233968,,1107.4713692422552,177399.2124406221,0.23832795842209439,4
sep-ipop-l20-w204-min01,3,112003,4208,356900,1041.9393704732258,,13640.149769745552,14524.989308945618,0.12943159265948309,4
sep-ipop-l20-w204-min01,3,112003,4285,381540,976.40915171305335,,772900.11926962843,1976.3787612257215,0.084675344141793618,4
sep-ipop-l20-w204-min01,3,112003,4369,408420,958.04288609822595,,4721537.438551262,5362.6485310174421,0.015831473617442721,4
sep-ipop-l20-w204-min01,3,112003,4445,432740,955.85480372110999,,24894224.897281077,303651.95781983243,0.012345352211157439,4
sep-ipop-l20-w204-min01,3,112003,4522,457380,955.35697046915686,,52833023.754134923,546780.98532738863,0.005314829665424535,4
sep-ipop-l20-w204-min01,3,112003,4611,485860,955.25917434692383,,114774762.79392251,238053233.55731186,0.0032308815099722872,4
sep-ipop-l20-w204-min01,3,112003,4686,509860,955.25876998901367,,140438344.44123927,743213917.72928929,0.001631797395068892,4
sep-ipop-l20-w204-min01,3,112003,4752,547300,955.25876998901367,,1.8729459553365366,239.34362469200983,0.23492062704453806,5
sep-ipop-l20-w204-min01,3,112003,4818,589540,955.25876998901367,,17.281991007221645,19303.889017532736,0.23549975855615934,5
sep-ipop-l20-w204-min01,3,112003,4884,631780,955.25876998901367,,290.14819032687831,40840.836622304843,0.24561628712144451,5
sep-ipop-l20-w204-min01,3,112003,4950,674020,955.25876998901367,,9271.5395902730306,69397.698374462503,0.27008633359303047,5
sep-ipop-l20-w204-min01,3,112003,5016,716260,955.25876998901367,,580324.6671936271,39065.223748854434,0.25407895607669201,5
sep-ipop-l20-w204-min01,3,112003,5082,758500,955.25876998901367,,18106769.867336094,325814.66690781678,0.24744830866455453,5
sep-ipop-l20-w204-min01,3,112003,5148,800740,955.25876998901367,,229701372.1454387,968099.66599990905,0.22244992232612579,5
sep-ipop-l20-w204-min01,3,112003,5214,842980,955.25876998901367,,1721067080.0505548,708887.47654842376,0.10264182728995383,5
sep-ipop-l20-w204-min01,3,112003,5280,885220,955.25876998901367,,15418931341.591827,2569782.7037688871,0.060165051398534883,5
sep-ipop-l20-w204-min01,3,112003,5346,927460,955.25876998901367,,654858994268.44666,4295822.8337436458,0.11012077486746609,5
sep-ipop-l20-w204-min01,3,112003,5412,969700,955.25876998901367,,44765080309342.75,567065.70538540103,0.079011661662029858,5
sep-ipop-l20-w204-min01,3,112003,5478,1011940,955.25876998901367,,260220021993404.19,1009157.3180226112,0.041865286216231735,5
sep-ipop-l20-w204-min01,3,112003,5544,1054180,955.25876998901367,,592755103110453.75,27020969.384669848,0.011095213013360646,5
sep-ipop-l20-w204-min01,3,112003,5610,1096420,955.25876998901367,,1146436747101240.8,354777784.66208071,0.0043430852603788678,5
sep-ipop-l20-w204-min01,3,112003,5676,1138660,955.25876998901367,,6291214306343346,2598182896.1035719,0.0067514005786181372,5
sep-ipop-l20-w204-min01,3,112003,5742,1180900,955.25876998901367,,14406430882254806,3846076045.3559189,0.0064453735272876301,5
sep-ipop-l20-w204-min01,3,112003,5808,1223140,955.25876998901367,,22381366281855692,2398909406.7794304,0.0035008157791809953,5
sep-ipop-l20-w204-min01,3,112003,5874,1283940,955.25876998901367,,1.3103028728388033,13.680010320698351,0.35235047851601603,6
sep-ipop-l20-w204-min01,3,112003,5940,1368420,955.25876998901367,,15.90207626168143,924.79027797820299,0.28764691441992679,6
sep-ipop-l20-w204-min01,3,112003,6006,1452900,955.25876998901367,,273.89943496586665,9367.0074122380174,0.25575988558461416,6
sep-ipop-l20-w204-min01,3,112003,6072,1537380,955.25876998901367,,9701.8918160753601,16876.633890220583,0.22524631680566981,6
sep-ipop-l20-w204-min01,3,112003,6138,1621860,955.25876998901367,,560494.93816285126,34301.441278624152,0.24825882068051386,6
sep-ipop-l20-w204-min01,3,112003,6176,1670500,955.04064178466797,,3992609.5727289589,76205.192014357061,0.22155263077495616,6
sep-ipop-l20-w204-min01,3,112003,6182,1678180,950.19450251261389,,5862149.7776524983,53553.843380177917,0.20695314562797726,6
sep-ipop-l20-w204-min01,3,112003,6203,1705060,944.10555648803711,,24408840.957435325,11981.1155255839,0.1111440873171702,6
sep-ipop-l20-w204-min01,3,112003,6223,1730660,937.11828867594397,,95754975.339145362,7381.4734955685908,0.082134729979270793,6
sep-ipop-l20-w204-min01,3,112003,6242,1754980,932.80584462483728,,345928459.11100525,8320.9876439196159,0.077028695789201435,6
sep-ipop-l20-w204-min01,3,112003,6263,1781860,928.90969848632812,,1470607705.1367829,7356.7251005435355,0.06679814000378162,6
sep-ipop-l20-w204-min01,3,112003,6281,1804900,921.89200592041016,,8581005447.6780148,10569.185116720097,0.10070873091336002,6
sep-ipop-l20-w204-min01,3,112003,6300,1829220,907.10766220092773,,38168368611.132515,11728.176429977462,0.084076580809098647,6
sep-ipop-l20-w204-min01,3,112003,6323,1858660,896.15756734212243,,113401409575.31071,10421.818338998446,0.046780861307869723,6
sep-ipop-l20-w204-min01,3,112003,6343,1884260,892.962880452474,,204490378271.0401,9417.8274295920437,0.029797291333824485,6
sep-ipop-l20-w204-min01,3,112003,6360,1906020,891.85952377319336,,342229517595.90417,12771.428115463232,0.027336966263624789,6
sep-ipop-l20-w204-min01,3,112003,6381,1932900,890.67289606730139,,557954952667.22595,35474.455630286211,0.023948076775841112,6
sep-ipop-l20-w204-min01,3,112003,6399,1955940,889.01228586832679,,1002327899027.8771,312284.13810893468,0.023566144010358333,6
sep-ipop-l20-w204-min01,3,112003,6420,1982820,888.08235295613611,,1835165096127.1514,602120.61297903932,0.013239176675324657,6
sep-ipop-l20-w204-min01,3,112003,6441,2009700,887.67203267415368,,3148407396857.0454,586794.71206345747,0.011170561967577729,6
sep-ipop-l20-w204-min01,3,112003,6461,2035300,887.45318603515625,,5457291709704.0264,175745.40667796071,0.006998206717064223,6
sep-ipop-l20-w204-min01,3,112003,6480,2059620,887.23471450805664,,7565173767396.6924,118794.6282437738,0.003993540401842295,6
sep-ipop-l20-w204-min01,3,112003,6500,2085220,887.16013336181641,,12230273158287.264,216957.84795761755,0.0044279464523852216,6
sep-ipop-l20-w204-min01,3,112003,6518,2108260,887.04822285970056,,17467442934918.209,236520.37613594343,0.0043544618815153213,6
sep-ipop-l20-w204-min01,3,112003,6538,2133860,886.97596740722656,,25054651773599.086,550608.51700639178,0.0041036797709342364,6
sep-ipop-l20-w204-min01,3,112003,6561,2163300,886.90742492675781,,44996494931780.242,1486495.7939978403,0.0044683589924301671,6
sep-ipop-l20-w204-min01,3,112003,6578,2185060,886.86584726969397,,56446811716285.891,18055635.029997658,0.0043322433543919276,6
sep-ipop-l20-w204-min01,3,112003,6600,2213220,886.86353810628259,,62602036948410.086,126727313.50704256,0.0038216178580951356,6
sep-ipop-l20-w204-min01,3,112003,6666,2297700,886.86098607381189,,102252214962927.17,552393368.70694602,0.002827749977697113,6
sep-ipop-l20-w204-min01,3,112003,6732,2382180,886.86098607381189,,115847054250039.31,798804084.03297234,0.0032106246426875655,6
sep-ipop-l20-w204-min01,3,112003,6798,2488420,886.86098607381189,,1.0993176407782828,10.786234687407596,0.5953652326036063,7
sep-ipop-l20-w204-min01,3,112003,6864,2657380,886.86098607381189,,13.08951234039513,620.76037807526563,0.25930026019753316,7
sep-ipop-l20-w204-min01,3,112003,6930,2826340,886.86098607381189,,475.99517566955313,1008.4181416878084,0.27777844221548376,7
sep-ipop-l20-w204-min01,3,112003,6996,2995300,886.86098607381189,,27421.486228162416,8004.8996987675609,0.24071685754261077,7
sep-ipop-l20-w204-min01,3,112003,7062,3164260,886.86098607381189,,1472189.2170510672,4556.8065783509446,0.070281770516601894,7
sep-ipop-l20-w204-min01,3,112003,7128,3333220,886.86098607381189,,73262903.705192909,13718.943311815327,0.034928318943877518,7
sep-ipop-l20-w204-min01,3,112003,7194,3502180,886.86098607381189,,2231859278.6266479,26672.907710163319,0.019659072492110821,7
sep-ipop-l20-w204-min01,3,112003,7260,3671140,886.86098607381189,,19858140197.764874,54619.753010545777,0.0086802605552592487,7
sep-ipop-l20-w204-min01,3,112003,7326,3840100,886.86098607381189,,112873495632.51489,5785800.9397167452,0.0045804235949718029,7
sep-ipop-l20-w204-min01,3,112003,7392,4009060,886.86098607381189,,543460128568.18512,27274672.09031643,0.0041122054231578636,7
sep-ipop-l20-w204-min01,3,112003,7458,4178020,886.86098607381189,,2154232488908.2942,40053814.36974939,0.0030501146392006933,7
sep-ipop-l20-w204-min01,3,112003,7524,4346980,886.86098607381189,,2229213324425.6299,62951236.754841186,0.0028794748348199514,7
sep-ipop-l20-w204-min01,3,112003,7590,4551780,886.86098607381189,,0.68349998099397868,42.169045946118423,1.2328059299262859,8
sep-ipop-l20-w204-min01,3,112003,7656,4889700,886.86098607381189,,12.03813835236935,1054.7249453592924,0.31895751082723411,8
sep-ipop-l20-w204-min01,3,112003,7722,5227620,886.86098607381189,,369.56157083092427,1826.519138078382,0.29262551869959114,8
sep-ipop-l20-w204-min01,3,112003,7788,5565540,886.86098607381189,,21365.586000775955,2364.9928691294372,0.2891729600648793,8
sep-ipop-l20-w204-min01,3,112003,7854,5903460,886.86098607381189,,1745765.7973334785,24721.810270757385,0.25374760972453858,8
sep-ipop-l20-w204-min01,3,112003,7920,6241380,886.86098607381189,,99344675.836981297,147418.57691558482,0.24045684692204766,8
sep-ipop,3,112003,1,1024,14645.154207865397,,0.2918552918807068,8.7952349308922706,0.13253670266137602,0
sep-ipop,3,112003,5,5120,2027.0751698811848,,0.83062764010009926,53.087018249418087,0.82360626508087398,0
sep-ipop,3,112003,10,10240,1757.3121515909831,,1.328269794821469,55.921495408517508,1.0794528074125995,0
sep-ipop,3,112003,20,20480,1658.9368591308594,,2.3980693035020435,7.9139545868607346,0.39542132870427282,0
sep-ipop,3,112003,25,25600,1658.9368591308594,,2.8413995821673268,6.2208659495875454,0.33972063499394811,0
sep-ipop,3,112003,40,40960,1598.1133918762207,,3.9493219359240777,74.15502543249471,0.25399408289691799,0
sep-ipop,3,112003,50,51200,1503.6323776245117,,7.7730698121404505,101.9201410920366,0.2774854266769361,0
sep-ipop,3,112003,75,76800,1375.4941571553547,,17.577430230215022,508.07191603350714,0.21793651341237202,0
sep-ipop,3,112003,80,81920,1375.4941571553547,,19.84074501783352,556.44950569157311,0.2024366435457276,0
sep-ipop,3,112003,100,102400,1345.1948483784993,,39.829774397396896,3016.935997247615,0.24522416652709811,0
sep-ipop,3,112003,125,128000,1279.0836232503254,,134.95560840357169,3210.7900717049074,0.24069623636601434,0
sep-ipop,3,112003,149,152576,1149.3014602661133,,467.88373048189544,3657.4778006140859,0.24951584079815312,0
sep-ipop,3,112003,160,163840,1127.8567581176758,,654.89736421731004,4487.4983186027966,0.22103207522946483,0
sep-ipop,3,112003,174,178176,1116.0750325520833,,1145.1516273310046,11811.52017056482,0.2442583835093517,0
sep-ipop,3,112003,199,203776,1096.5152079264324,,3357.651341205818,22500.154888899415,0.20470163274499928,0
sep-ipop,3,112003,224,229376,1090.6751111348469,,7405.287311929801,22348.15740276314,0.12628713678158815,0
sep-ipop,3,112003,249,254976,1087.5874608357747,,51435.792965392226,9330.1890183491159,0.13170188695962748,0
sep-ipop,3,112003,255,261120,1084.9749132792156,,97305.029880225018,9815.4227504308692,0.16218010203766503,0
sep-ipop,3,112003,273,279552,1077.589038848877,,414609.27018129232,12232.638593290958,0.19998025989968085,0
sep-ipop,3,112003,298,305152,1057.6248613993328,,3283003.9330574805,12026.912357688499,0.26288735251570966,0
sep-ipop,3,112003,323,330752,1041.5019963582356,,11751756.615253964,20996.955704385749,0.22945869202664301,0
sep-ipop,3,112003,348,356352,1025.4180870056152,,52330114.909112155,20550.559852431576,0.1901532262506351,0
sep-ipop,3,112003,373,381952,1014.1117858886719,,194533672.88790652,4484.2083228144174,0.089131242653554058,0
sep-ipop,3,112003,397,406528,1006.9857699076334,,661832089.08273125,2894.8619815967277,0.050844510094563748,0
sep-ipop,3,112003,422,432128,1002.9009297688802,,2551461752.1480174,3087.261449445899,0.036395683918749151,0
sep-ipop,3,112003,447,457728,999.86995315551758,,8789414245.1866055,2005.1624528062844,0.030999820652308906,0
sep-ipop,3,112003,472,483328,997.97627258300781,,33904076397.619255,3101.9539632661395,0.029100987200203307,0
sep-ipop,3,112003,497,508928,995.76679102579749,,106532945771.45473,3974.4595229496622,0.025750921439645844,0
sep-ipop,3,112003,521,533504,994.66660054524743,,301065813891.80231,3019.7430893079668,0.023564527755531008,0
sep-ipop,3,112003,546,559104,993.77687072753906,,949651170629.66431,4442.6881141716785,0.020797234707387365,0
sep-ipop,3,112003,571,584704,992.33146540323889,,2350439103692.7637,3297.3493953871321,0.019980828138958028,0
sep-ipop,3,112003,596,610304,991.63329950968421,,5236739595234.7607,2208.9718163448938,0.015701657978902842,0
sep-ipop,3,112003,621,635904,991.09968566894531,,13649957557894.348,2830.2360245557797,0.015760888750106214,0
sep-ipop,3,112003,645,660480,990.22013982137048,,26035008177628.148,4548.4049005022162,0.01430399396235634,0
sep-ipop,3,112003,670,686080,989.23038864135742,,43446570847082.289,81836.566332115035,0.015693070786417386,0
sep-ipop,3,112003,695,711680,988.40861892700195,,70439516272538.781,1247717.51691716,0.012816576945260418,0
sep-ipop,3,112003,720,737280,988.19518407185876,,123646477718843.88,6464260.9315332612,0.0070421645721319469,0
sep-ipop,3,112003,745,762880,988.04640960693359,,197726008964759.28,3257846.2234702692,0.0034309799604598959,0
sep-ipop,3,112003,769,787456,987.98397318522132,,238703736537398.34,8816023.8299236186,0.0037348027481567117,0
sep-ipop,3,112003,794,813056,987.90064875284827,,369750253659823.56,105773653.01967601,0.003923126914858386,0
sep-ipop,3,112003,819,838656,987.81422932942712,,749308930603438.62,89562262.471909523,0.004514161361173729,0
sep-ipop,3,112003,844,864256,987.50436401367188,,1254715695280463.2,85477070.864247173,0.0036060172619017785,0
sep-ipop,3,112003,869,889856,987.41632207234704,,1972071455508138,505295890.64028782,0.003840479239919703,0
sep-ipop,3,112003,893,914432,987.41533533732093,,3941444418395605.5,483759739.38305175,0.0038483736105146766,0
sep-ipop,3,112003,918,940032,987.41481781005859,,6594348249218019,873024894.40930116,0.0033212085467570784,0
sep-ipop,3,112003,943,965632,987.41481781005859,,8776036769433485,2228038166.0627847,0.0034174842406454763,0
sep-ipop,3,112003,968,991232,987.41481781005859,,8994874325295080,1121445565.0834591,0.0015652545212776925,0
sep-ipop,3,112003,993,1016832,987.41481781005859,,8328872506490369,1042045929.3982745,0.0013475384967185291,0
sep-ipop,3,112003,1017,1041408,987.41481781005859,,9086373426515992,2006732288.5251155,0.0015776117938502575,0
sep-ipop,3,112003,1042,1067008,987.41481781005859,,8744515445458664,3335559162.2273016,0.0020364088825837144,0
sep-ipop,3,112003,1067,1092608,987.41481781005859,,7880545724298891,4765946348.8606415,0.0014956479219512787,0
sep-ipop,3,112003,1092,1118208,987.41481781005859,,7895345966459838,2022315797.9999416,0.0012988494350513419,0
sep-ipop,3,112003,1116,1144832,987.41481781005859,,0.42540417196898989,2.9178771917167072,0.59644489175708237,1
sep-ipop,3,112003,1128,1169408,987.41481781005859,,0.87825132884066892,11.473512105981415,0.7044552604782921,1
sep-ipop,3,112003,1140,1193984,987.41481781005859,,1.1593394801915873,12.742057075152456,0.41634275637366325,1
sep-ipop,3,112003,1153,1220608,987.41481781005859,,1.8362601540559653,60.743920935354481,0.33334977025873658,1
sep-ipop,3,112003,1165,1245184,987.41481781005859,,3.6839222506125866,263.54526547190818,0.3108385420407323,1
sep-ipop,3,112003,1178,1271808,987.41481781005859,,7.0433392341987746,478.84710093805376,0.3079784787397834,1
sep-ipop,3,112003,1190,1296384,987.41481781005859,,10.783477860496458,752.16759014123056,0.30230174868583959,1
sep-ipop,3,112003,1202,1320960,987.41481781005859,,16.196212965581289,1553.0910278840408,0.30667003564180667,1
sep-ipop,3,112003,1215,1347584,987.41481781005859,,31.655435820654066,1221.8650125455476,0.2867417162069229,1
sep-ipop,3,112003,1227,1372160,987.41481781005859,,54.348476477598822,1655.4585066924394,0.25907564419960044,1
sep-ipop,3,112003,1240,1398784,987.41481781005859,,94.050578090434115,1803.7803351160717,0.2603432441714868,1
sep-ipop,3,112003,1252,1423360,987.41481781005859,,163.58505025807315,2078.9550396306754,0.26737530257453795,1
sep-ipop,3,112003,1264,1447936,987.41481781005859,,285.70935844375856,2917.4418244589824,0.26975098280301257,1
sep-ipop,3,112003,1277,1474560,987.41481781005859,,593.4662604160975,3185.8718314897083,0.26627335712947764,1
sep-ipop,3,112003,1289,1499136,987.41481781005859,,1201.509403013149,4279.8519328388884,0.27123281065881749,1
sep-ipop,3,112003,1302,1525760,987.41481781005859,,3191.9192578002098,5019.5864009727657,0.27761057338277295,1
sep-ipop,3,112003,1314,1550336,987.41481781005859,,10309.730183773021,2491.9401573237647,0.3211139582822447,1
sep-ipop,3,112003,1326,1574912,987.41481781005859,,21661.972289295987,3198.225958577525,0.26310898865125343,1
sep-ipop,3,112003,1339,1601536,987.41481781005859,,44366.278608561763,7266.8078578300365,0.2549172724202961,1
sep-ipop,3,112003,1351,1626112,987.41481781005859,,78718.844757865445,7662.743263062288,0.24980707440944874,1
sep-ipop,3,112003,1364,1652736,987.41481781005859,,188681.51062738325,6907.9776150254147,0.28582222292745596,1
sep-ipop,3,112003,1376,1677312,987.41481781005859,,365151.58950402093,4837.4637449625452,0.25921106992802379,1
sep-ipop,3,112003,1388,1701888,987.33781687418616,,707618.46006531571,8727.0467555032992,0.26282347538584816,1
sep-ipop,3,112003,1401,1728512,980.08080546061194,,1552075.267705326,11957.812457442897,0.24274172270411487,1
sep-ipop,3,112003,1413,1753088,971.18376032511389,,3377160.9161068648,19294.398846177159,0.25933234521461468,1
sep-ipop,3,112003,1426,1779712,966.50146611531579,,8801078.5452657007,23066.358925515306,0.2557818974624072,1
sep-ipop,3,112003,1438,1804288,961.67501703898108,,24035605.894030668,22739.388294322904,0.280859293301709,1
sep-ipop,3,112003,1450,1828864,954.71530024210608,,43715286.424195908,29604.739946517446,0.21736985648411178,1
sep-ipop,3,112003,1463,1855488,946.72801208496094,,90033594.55323644,29139.659502194998,0.19377519712880795,1
sep-ipop,3,112003,1475,1880064,938.95059712727868,,304149238.91023964,7116.5435408666308,0.17363505657931655,1
sep-ipop,3,112003,1488,1906688,921.98561986287439,,1116605657.8093951,1294.4498788142091,0.11085773988398437,1
sep-ipop,3,112003,1500,1931264,907.27880859375,,2932077299.4526253,669.61746203625398,0.086410325671407287,1
sep-ipop,3,112003,1512,1955840,890.65099843343103,,6769302829.7002373,967.99208539537233,0.07340806674616937,1
sep-ipop,3,112003,1525,1982464,881.8885828653971,,15940705483.421965,706.64692057147943,0.055564417461915531,1
sep-ipop,3,112003,1537,2007040,875.2433077494303,,44391582282.108536,643.63947411674974,0.056609574071322145,1
sep-ipop,3,112003,1550,2033664,864.67709859212243,,98637654216.728897,819.07257195283125,0.044405642347791041,1
sep-ipop,3,112003,1562,2058240,860.48625183105469,,239709982661.23468,1266.2856307773698,0.042153030911595404,1
sep-ipop,3,112003,1574,2082816,856.80128860473633,,574462194244.77563,1608.3568296095211,0.038837666051730273,1
sep-ipop,3,112003,1587,2109440,853.62141672770179,,1604715666771.2622,2241.0336826306716,0.040297713929578725,1
sep-ipop,3,112003,1599,2134016,850.50964482625329,,3675531359112.8857,1680.5743691424188,0.027523395043023015,1
sep-ipop,3,112003,1612,2160640,848.40045293172204,,10582404208200.512,2062.1284031155074,0.029967765126240303,1
sep-ipop,3,112003,1624,2185216,846.03888956705725,,25963090804733.473,2312.1088809462535,0.029257592525301985,1
sep-ipop,3,112003,1637,2211840,844.28763326009118,,57729745932508.609,2825.0563434371584,0.024612207070570335,1
sep-ipop,3,112003,1649,2236416,842.96914291381836,,134055418695542.3,3770.0332634301922,0.025260913423270633,1
sep-ipop,3,112003,1661,2260992,842.03707504272461,,297159193132044.5,5412.6291975224431,0.024437404546379483,1
sep-ipop,3,112003,1674,2287616,840.29221089680993,,625383716375856.75,9332.5311889743716,0.021859520962030071,1
sep-ipop,3,112003,1686,2312192,839.21982065836585,,1230073704460159.2,13879.584186387925,0.020779278657140094,1
sep-ipop,3,112003,1699,2338816,838.68891525268555,,2197314424035623,13314.41020270312,0.015635008561164485,1
sep-ipop,3,112003,1711,2363392,837.84904607137048,,3838148426490309.5,15378.424483637793,0.014629072927225149,1
sep-ipop,3,112003,1723,2387968,837.42639287312829,,6834336056030595,10947.914505090575,0.012352518438952357,1
sep-ipop,3,112003,1736,2414592,836.34370040893555,,10133631436927116,18048.488032452111,0.011477724627797234,1
sep-ipop,3,112003,1748,2439168,835.97395324707031,,12363162127616762,18697.556322595101,0.0090384628134105392,1
sep-ipop,3,112003,1761,2465792,835.53344090779626,,18093291131751248,9138.4152125934379,0.0059495500733443155,1
sep-ipop,3,112003,1773,2490368,835.03201421101892,,26678557275691476,15844.409073556077,0.0058513523567422111,1
sep-ipop,3,112003,1785,2514944,834.83848317464196,,32561602226520624,19418.849790255652,0.0045387198618204033,1
sep-ipop,3,112003,1798,2541568,834.57456843058264,,42592984123199536,39540.607694971623,0.0042853974899206178,1
sep-ipop,3,112003,1810,2566144,834.35348510742188,,52339675782748240,215105.7884279413,0.0035271165361138203,1
sep-ipop,3,112003,1823,2592768,834.27916590372718,,68027828320786120,584099.53477075137,0.0032776118518734517,1
sep-ipop,3,112003,1835,2617344,834.18739064534509,,93639872091077088,585350.76638712548,0.0033466684923814508,1
sep-ipop,3,112003,1847,2641920,834.12279510498047,,1.108934678224773e+17,838383.80476089579,0.0028195338948922015,1
sep-ipop,3,112003,1860,2668544,834.07306035359704,,1.3732593091802757e+17,2348984.5648549944,0.0024117791839754826,1
sep-ipop,3,112003,1872,2693120,834.04411824544275,,1.8033356795430262e+17,3517879.3328846092,0.0019122498457234435,1
sep-ipop,3,112003,1885,2719744,834.01498285929358,,2.6674237483500435e+17,4119072.7859108807,0.0018976645144561264,1
sep-ipop,3,112003,1897,2744320,834.00207901000977,,3.8016896388599738e+17,4947815.514163319,0.0021578098691877484,1
sep-ipop,3,112003,1909,2768896,833.99274190266931,,4.7831913624146285e+17,5397352.1401216937,0.0017439533802322922,1
sep-ipop,3,112003,1922,2795520,833.990224202474,,6.220524598625408e+17,4096736.8109171358,0.0016426701909103131,1
sep-ipop,3,112003,1934,2820096,833.98671722412109,,8.8497545124369626e+17,6620120.954614698,0.0014550351364171559,1
sep-ipop,3,112003,1947,2846720,833.98273213704431,,1.1628326963408156e+18,13377862.397058483,0.0014401384291487266,1
sep-ipop,3,112003,1959,2871296,833.98238118489587,,1.3476924437352735e+18,21418520.517214939,0.0012437692273512982,1
sep-ipop,3,112003,1971,2895872,833.98210525512695,,1.8905590455419676e+18,73720216.089916855,0.0015942746195509486,1
sep-ipop,3,112003,1984,2922496,833.98192723592126,,2.6408965284879421e+18,105942033.23900588,0.0013456447802370217,1
sep-ipop,3,112003,1996,2947072,833.98192723592126,,2.8361321938363981e+18,187432322.0350768,0.0014311939864908852,1
sep-ipop,3,112003,2009,2973696,833.98192723592126,,2.9649750453164805e+18,184500970.50340179,0.0012833531752755106,1
sep-ipop,3,112003,2021,2998272,833.98192723592126,,2.5956935884818432e+18,197995656.77051741,0.00097741477588586079,1
sep-ipop,3,112003,2033,3022848,833.98192723592126,,2.5849504186325228e+18,354645053.9770689,0.0011294809450962126,1
sep-ipop,3,112003,2046,3049472,833.98192723592126,,2.7125928123462497e+18,374580812.2898013,0.001218144803556753,1
sep-ipop,3,112003,2058,3074048,833.98192723592126,,2.59224047023311e+18,382275794.62206411,0.00091822021244135788,1
sep-ipop,3,112003,2071,3100672,833.98192723592126,,2.4563556118069714e+18,513257803.17055619,0.00077597657959490923,1
sep-ipop,3,112003,2083,3125248,833.98192723592126,,2.4067170989429571e+18,415741059.03314984,0.00077002561917860056,1
sep-ipop,3,112003,2095,3149824,833.98192723592126,,2.3293877315731026e+18,569146523.13088834,0.00079124940643608113,1
sep-ipop,3,112003,2108,3176448,833.98192723592126,,2.3938402994236672e+18,610982365.31219244,0.00079043524373246035,1
sep-ipop,3,112003,2120,3201024,833.98192723592126,,2.2949408084959683e+18,949501588.21868145,0.00085994660877936155,1
sep-ipop,3,112003,2133,3227648,833.98192723592126,,2.2023127734157793e+18,1217202167.7976122,0.0010700247742636815,1
sep-ipop,3,112003,2145,3252224,833.98192723592126,,2.1224884819417014e+18,1532464720.7620919,0.0010625544683304845,1
sep-ipop,3,112003,2157,3276800,833.98192723592126,,2.1736637335323213e+18,1357785233.6174788,0.0010200300728771881,1
sep-ipop,3,112003,2170,3303424,833.98192723592126,,2.1758838519998385e+18,842992948.56497633,0.0010217120600278838,1
sep-ipop,3,112003,2181,3328000,833.98192723592126,,0.37096618276298354,1.8818221187940298,0.42930370835212639,2
sep-ipop,3,112003,2188,3356672,833.98192723592126,,0.70519690631201704,12.998582255275695,1.0671992863239703,2
sep-ipop,3,112003,2194,3381248,833.98192723592126,,0.78095837478957431,17.51003928357742,0.93382507095997247,2
sep-ipop,3,112003,2200,3405824,833.98192723592126,,0.94653005311057881,19.844115057296438,0.83403604378053064,2
sep-ipop,3,112003,2206,3430400,833.98192723592126,,1.1217659615218813,13.6942360610576,0.59201093133613947,2
sep-ipop,3,112003,2212,3454976,833.98192723592126,,1.2383308182745725,13.293571284728342,0.44544116343027712,2
sep-ipop,3,112003,2219,3483648,833.98192723592126,,1.528819316316957,10.773803214585683,0.38167174031576018,2
sep-ipop,3,112003,2225,3508224,833.98192723592126,,1.7661272539484987,9.9514968292498907,0.33271559288817687,2
sep-ipop,3,112003,2231,3532800,833.98192723592126,,2.1212934005723443,17.464652575532121,0.30412257017836503,2
sep-ipop,3,112003,2237,3557376,833.98192723592126,,2.9359631328190834,31.424173696451387,0.31466566656533063,2
sep-ipop,3,112003,2243,3581952,833.98192723592126,,4.2183618705850234,48.766476099860384,0.32156423545985563,2
sep-ipop,3,112003,2250,3610624,833.98192723592126,,5.7203501874105687,63.147974647085427,0.3129943160927684,2
sep-ipop,3,112003,2256,3635200,833.98192723592126,,8.2511277460088657,90.385461246813009,0.3265379231482729,2
sep-ipop,3,112003,2262,3659776,833.98192723592126,,11.252577099770106,122.50463042775907,0.30147732171048425,2
sep-ipop,3,112003,2268,3684352,833.98192723592126,,14.693208663974032,260.82195538572694,0.29477436420581593,2
sep-ipop,3,112003,2274,3708928,833.98192723592126,,18.378821692905056,609.08176355377623,0.27987088341464655,2
sep-ipop,3,112003,2281,3737600,833.98192723592126,,24.167962701645774,1170.8540028799309,0.28204408540764025,2
sep-ipop,3,112003,2287,3762176,833.98192723592126,,34.194166018467833,1755.5425575645991,0.3065487724483304,2
sep-ipop,3,112003,2293,3786752,833.98192723592126,,47.870195388582744,2292.4184700975152,0.30730626942702571,2
sep-ipop,3,112003,2299,3811328,833.98192723592126,,65.323882961920674,3266.4673662070695,0.301993207132431,2
sep-ipop,3,112003,2305,3835904,833.98192723592126,,87.303364676019953,4417.7881578104862,0.27521859000778692,2
sep-ipop,3,112003,2312,3864576,833.98192723592126,,114.15449823191869,8073.1693732793465,0.27490546762005219,2
sep-ipop,3,112003,2318,3889152,833.98192723592126,,136.85580688196052,10982.444593365564,0.26464947820828688,2
sep-ipop,3,112003,2324,3913728,833.98192723592126,,158.92048540704943,14451.495027845354,0.26069318939619224,2
sep-ipop,3,112003,2330,3938304,833.98192723592126,,189.36103628832851,18608.605656807471,0.27285811939821031,2
sep-ipop,3,112003,2336,3962880,833.98192723592126,,256.60593974756443,15964.206951742552,0.28845297596135522,2
sep-ipop,3,112003,2343,3991552,833.98192723592126,,364.21625074943603,13988.305904802104,0.26777698286518503,2
sep-ipop,3,112003,2349,4016128,833.98192723592126,,540.54399421386745,9421.9676060628553,0.28174830697469655,2
sep-ipop,3,112003,2355,4040704,833.98192723592126,,804.42699572685308,7554.5418100782817,0.29190666487150235,2
sep-ipop,3,112003,2361,4065280,833.98192723592126,,1253.9456600390527,4724.7896602126775,0.29737795445542786,2
sep-ipop,3,112003,2367,4089856,833.98192723592126,,1839.8975435466261,3576.1944886536494,0.28928190328783593,2
sep-ipop,3,112003,2374,4118528,833.98192723592126,,2759.498207147536,3021.9341041276866,0.2842587342059591,2
sep-ipop,3,112003,2380,4143104,833.98192723592126,,3950.1715128098681,2462.5362357321796,0.28033860402707306,2
sep-ipop,3,112003,2386,4167680,833.98192723592126,,6084.6604490051759,1989.5012488080213,0.29684443902372781,2
sep-ipop,3,112003,2392,4192256,833.98192723592126,,8989.8206857611058,1707.8377338531873,0.29649363613925495,2
sep-ipop,3,112003,2398,4216832,833.98192723592126,,13579.814463138706,1989.7006135871231,0.29879401387654986,2
sep-ipop,3,112003,2405,4245504,833.98192723592126,,22776.839615714605,1981.1253496154129,0.31582035226877569,2
sep-ipop,3,112003,2411,4270080,833.98192723592126,,33158.026477976513,2257.949233100559,0.29999997410463297,2
sep-ipop,3,112003,2417,4294656,833.98192723592126,,47268.8648669416,2601.3245738568094,0.29017523584129268,2
sep-ipop,3,112003,2423,4319232,833.98192723592126,,66625.30756881414,4362.5099864872127,0.28494612625787147,2
sep-ipop,3,112003,2429,4343808,833.98192723592126,,100050.77159081622,4934.8314828252887,0.27708073705375103,2
sep-ipop,3,112003,2436,4372480,833.98192723592126,,153347.14817253253,5993.3620786852025,0.27566536421530108,2
sep-ipop,3,112003,2442,4397056,833.98192723592126,,229418.78884480972,5766.6572208382158,0.27331725796790152,2
sep-ipop,3,112003,2448,4421632,833.98192723592126,,350374.75602345541,6879.7029470886191,0.28934795649174994,2
sep-ipop,3,112003,2454,4446208,833.98192723592126,,531269.05425425037,8198.2506212475473,0.28682169279945308,2
sep-ipop,3,112003,2460,4470784,833.98192723592126,,768174.27501938038,7857.5065038525299,0.2743006904581361,2
sep-ipop,3,112003,2467,4499456,833.98192723592126,,1213396.4793770516,8983.5428363107931,0.2885258752371534,2
sep-ipop,3,112003,2473,4524032,833.98192723592126,,1855759.8234973471,8006.2382426552285,0.27933730224631903,2
sep-ipop,3,112003,2479,4548608,833.98192723592126,,2790728.7581076082,7531.6094359107747,0.27475863542709389,2
sep-ipop,3,112003,2485,4573184,833.98192723592126,,4066165.2449035374,8680.0375347281624,0.26386446148166903,2
sep-ipop,3,112003,2491,4597760,833.98192723592126,,5658064.0280436538,8780.4494130724106,0.25669200668348169,2
sep-ipop,3,112003,2498,4626432,833.98192723592126,,8259839.9060568232,10322.212580083524,0.24080628912768343,2
sep-ipop,3,112003,2504,4651008,833.98192723592126,,11334756.436654627,10259.291301907835,0.22525583847214317,2
sep-ipop,3,112003,2510,4675584,833.98192723592126,,15632395.920424324,9394.2795973427455,0.20718766410635239,2
sep-ipop,3,112003,2516,4700160,833.98192723592126,,23394257.432792537,7177.8505874065431,0.18471927795600834,2
sep-ipop,3,112003,2522,4724736,833.98192723592126,,40344333.81501209,5047.2443842747425,0.17603389608788469,2
sep-ipop,3,112003,2529,4753408,833.98192723592126,,71373132.566749826,3100.3612243935177,0.14436369973548613,2
sep-ipop,3,112003,2535,4777984,833.98192723592126,,108489308.1460638,2855.8962146958197,0.13100793126224811,2
sep-ipop,3,112003,2541,4802560,833.98192723592126,,170471639.55835029,2372.9583324550754,0.11243549938327194,2
sep-ipop,3,112003,2547,4827136,833.98192723592126,,271955576.28308922,2071.2025320770772,0.10545869433648698,2
sep-ipop,3,112003,2553,4851712,833.98192723592126,,423429925.72266364,2284.0732879882139,0.10440409149391681,2
sep-ipop,3,112003,2560,4880384,833.98192723592126,,701385214.20215917,2368.6978175424047,0.096124736400008529,2
sep-ipop,3,112003,2566,4904960,833.98192723592126,,1084261010.1855564,2320.7051285874331,0.088492398846361703,2
sep-ipop,3,112003,2572,4929536,833.98192723592126,,1577046451.8130088,2367.5494453121701,0.080186527273086755,2
sep-ipop,3,112003,2578,4954112,833.98192723592126,,2188814191.6865931,2821.3398170155365,0.071216980268162228,2
sep-ipop,3,112003,2584,4978688,833.98192723592126,,3139269026.0014853,3149.9395225607527,0.06594849733636178,2
sep-ipop,3,112003,2591,5007360,833.98192723592126,,4841123584.5185528,3196.0929058052516,0.059561782304212142,2
sep-ipop,3,112003,2597,5031936,833.98192723592126,,7394956975.927454,4209.7235826438055,0.064053187325261718,2
sep-ipop,3,112003,2603,5056512,833.98192723592126,,10956800502.391327,3430.0566496427523,0.058304425532036686,2
sep-ipop,3,112003,2609,5081088,833.98192723592126,,16614535459.055246,4373.7274150835574,0.059376809513718855,2
sep-ipop,3,112003,2615,5105664,833.98192723592126,,23064005565.177834,4935.6032934837094,0.048505016010787959,2
sep-ipop,3,112003,2622,5134336,833.98192723592126,,34708360239.780434,12982.527297644765,0.046775157924695367,2
sep-ipop,3,112003,2628,5158912,833.98192723592126,,52917697861.866432,16513.396196495825,0.047618609120416641,2
sep-ipop,3,112003,2634,5183488,833.98192723592126,,75970562313.085953,20253.534486381042,0.047321910883868265,2
sep-ipop,3,112003,2640,5208064,833.98192723592126,,107128774660.69818,21586.072564342812,0.043268763034072566,2
sep-ipop,3,112003,2646,5232640,833.98192723592126,,149677582786.33252,21910.745985416113,0.04268428320492966,2
sep-ipop,3,112003,2653,5261312,833.98192723592126,,221690946049.02408,21754.45603039303,0.038513191685161513,2
sep-ipop,3,112003,2659,5285888,833.98192723592126,,290374582666.78113,21316.721143956966,0.034968500526662422,2
sep-ipop,3,112003,2665,5310464,833.98192723592126,,412563847256.37994,24083.613684860884,0.035298475803690291,2
sep-ipop,3,112003,2671,5335040,833.98192723592126,,564505973290.45764,29700.753459216699,0.035910844580771123,2
sep-ipop,3,112003,2677,5359616,833.98192723592126,,772358003971.30017,39015.485073226148,0.03727883014146182,2
sep-ipop,3,112003,2684,5388288,833.98192723592126,,1058572518429.3381,41654.460558644809,0.035451712133241761,2
sep-ipop,3,112003,2690,5412864,833.98192723592126,,1415380505769.6829,36413.138647207328,0.033675402613109667,2
sep-ipop,3,112003,2696,5437440,833.98192723592126,,1880193471545.3879,43017.20722947608,0.031982196960755452,2
sep-ipop,3,112003,2702,5462016,833.98192723592126,,2625851667443.3008,31577.73745440257,0.02650530415812416,2
sep-ipop,3,112003,2708,5486592,833.98192723592126,,3628525544991.4463,34229.255771607204,0.025020642803705209,2
sep-ipop,3,112003,2715,5515264,833.98192723592126,,5165693604437.3613,40237.413277090774,0.0251973999390138,2
sep-ipop,3,112003,2721,5539840,833.98192723592126,,6970603972055.7754,47400.108552827587,0.024805841818115695,2
sep-ipop,3,112003,2727,5564416,833.98192723592126,,9575993557667.252,52607.346710060592,0.025337717424604396,2
sep-ipop,3,112003,2733,5588992,833.98192723592126,,12721441746857.717,56159.634531928132,0.025214561146175183,2
sep-ipop,3,112003,2739,5613568,833.98192723592126,,18280879686896.68,58665.279747994391,0.02535450275748221,2
sep-ipop,3,112003,2746,5642240,833.98192723592126,,26468191797200.516,63130.683077580718,0.02272261834365898,2
sep-ipop,3,112003,2752,5666816,833.98192723592126,,39373337963308.805,48700.543884644831,0.021271323852313003,2
sep-ipop,3,112003,2758,5691392,833.98192723592126,,59197327357077.289,57132.528018897588,0.021714075587119856,2
sep-ipop,3,112003,2764,5715968,833.98192723592126,,83631420888480.875,50590.973521904474,0.019678610584403906,2
sep-ipop,3,112003,2770,5740544,833.98192723592126,,132863392906838.5,55920.842951616083,0.021417177077601018,2
sep-ipop,3,112003,2777,5769216,833.98192723592126,,198398843136146.91,66694.204979936156,0.021304630367309969,2
sep-ipop,3,112003,2783,5793792,833.98192723592126,,292269769595044.12,65696.587716241236,0.020844282471129731,2
sep-ipop,3,112003,2789,5818368,833.98192723592126,,459829905145013.12,83455.317239649841,0.024736729513786297,2
sep-ipop,3,112003,2795,5842944,833.98192723592126,,728532824801283.62,94142.785572376626,0.025830768908107402,2
sep-ipop,3,112003,2801,5867520,833.98192723592126,,1199451468711887,85897.958182780174,0.028047418741713796,2
sep-ipop,3,112003,2808,5896192,833.98192723592126,,1971236819403442,106686.68212772443,0.028608650776425475,2
sep-ipop,3,112003,2814,5920768,833.98192723592126,,2995049244402523.5,105801.4625664833,0.02948320501142818,2
sep-ipop,3,112003,2820,5945344,833.98192723592126,,4645347395247478,105559.79577157109,0.029438454728865904,2
sep-ipop,3,112003,2826,5969920,833.98192723592126,,7542207898922815,84954.377196415851,0.030163260643017512,2
sep-ipop,3,112003,2832,5994496,833.98192723592126,,11465153846217470,76050.428759533563,0.029275035620249738,2
sep-ipop,3,112003,2839,6023168,833.98192723592126,,18588250047727088,62286.181467056063,0.027925467667936285,2
sep-ipop,3,112003,2845,6047744,833.98192723592126,,26473877579011864,62871.867451044018,0.02627015012796232,2
sep-ipop,3,112003,2851,6072320,833.98192723592126,,36227339413478424,68310.779083380796,0.024439138074386916,2
sep-ipop,3,112003,2857,6096896,833.98192723592126,,43244901202945688,85519.967853934853,0.022301485030792968,2
sep-ipop,3,112003,2863,6121472,833.98192723592126,,53009462901790328,85960.181891957749,0.021019375906031257,2
sep-ipop,3,112003,2870,6150144,833.98192723592126,,66461239619550496,83661.458365827391,0.020136840110521016,2
sep-ipop,3,112003,2876,6174720,833.98192723592126,,77316805822795472,79374.194165897017,0.018100623620241219,2
sep-ipop,3,112003,2882,6199296,833.98192723592126,,92343022606422912,139571.08150232604,0.018650494105118175,2
sep-ipop,3,112003,2888,6223872,833.98192723592126,,1.321057918983921e+17,224259.9169616641,0.022758839056001578,2
sep-ipop,3,112003,2894,6248448,833.98192723592126,,1.5044224886454704e+17,273863.62234509422,0.019219168529566247,2
sep-ipop,3,112003,2901,6277120,833.98192723592126,,1.8330800085671722e+17,415320.32208909886,0.017301509481342101,2
sep-ipop,3,112003,2907,6301696,833.98192723592126,,2.1068346950937274e+17,638566.84111747914,0.017628050657692469,2
sep-ipop,3,112003,2913,6326272,833.98192723592126,,2.4161783420018582e+17,769660.11798036809,0.016900045438407882,2
sep-ipop,3,112003,2919,6350848,833.98192723592126,,2.7930181878645248e+17,965879.03402274847,0.016313256578648957,2
sep-ipop,3,112003,2925,6375424,833.98192723592126,,3.4460761751421619e+17,1584144.8785078558,0.017119306701652109,2
sep-ipop,3,112003,2932,6404096,833.98192723592126,,4.2710514837988621e+17,1682069.4919456386,0.017166472679181432,2
sep-ipop,3,112003,2938,6428672,833.98192723592126,,5.0024103351192032e+17,2105964.7185729728,0.015036020498734466,2
sep-ipop,3,112003,2944,6453248,833.98192723592126,,5.9704136190523328e+17,1701713.029939217,0.01199966539175846,2
sep-ipop,3,112003,2950,6477824,833.98192723592126,,6.7323641328892224e+17,1283472.2402558525,0.0089097815064121382,2
sep-ipop,3,112003,2956,6502400,833.98192723592126,,8.0309635743667098e+17,1367868.7484987292,0.0082172621515247003,2
sep-ipop-w60,3,112003,1,1024,14645.154207865397,,0.2918552918807068,8.7952349308922706,0.13253670266137602,0
sep-ipop-w60,3,112003,5,5120,2027.0751698811848,,0.83062764010009926,53.087018249418087,0.82360626508087398,0
sep-ipop-w60,3,112003,10,10240,1757.3121515909831,,1.328269794821469,55.921495408517508,1.0794528074125995,0
sep-ipop-w60,3,112003,20,20480,1658.9368591308594,,2.3980693035020435,7.9139545868607346,0.39542132870427282,0
sep-ipop-w60,3,112003,25,25600,1658.9368591308594,,2.8413995821673268,6.2208659495875454,0.33972063499394811,0
sep-ipop-w60,3,112003,40,40960,1598.1133918762207,,3.9493219359240777,74.15502543249471,0.25399408289691799,0
sep-ipop-w60,3,112003,50,51200,1503.6323776245117,,7.7730698121404505,101.9201410920366,0.2774854266769361,0
sep-ipop-w60,3,112003,75,76800,1375.4941571553547,,17.577430230215022,508.07191603350714,0.21793651341237202,0
sep-ipop-w60,3,112003,80,81920,1375.4941571553547,,19.84074501783352,556.44950569157311,0.2024366435457276,0
sep-ipop-w60,3,112003,100,102400,1345.1948483784993,,39.829774397396896,3016.935997247615,0.24522416652709811,0
sep-ipop-w60,3,112003,125,128000,1279.0836232503254,,134.95560840357169,3210.7900717049074,0.24069623636601434,0
sep-ipop-w60,3,112003,149,152576,1149.3014602661133,,467.88373048189544,3657.4778006140859,0.24951584079815312,0
sep-ipop-w60,3,112003,160,163840,1127.8567581176758,,654.89736421731004,4487.4983186027966,0.22103207522946483,0
sep-ipop-w60,3,112003,174,178176,1116.0750325520833,,1145.1516273310046,11811.52017056482,0.2442583835093517,0
sep-ipop-w60,3,112003,199,203776,1096.5152079264324,,3357.651341205818,22500.154888899415,0.20470163274499928,0
sep-ipop-w60,3,112003,224,229376,1090.6751111348469,,7405.287311929801,22348.15740276314,0.12628713678158815,0
sep-ipop-w60,3,112003,249,254976,1087.5874608357747,,51435.792965392226,9330.1890183491159,0.13170188695962748,0
sep-ipop-w60,3,112003,255,261120,1084.9749132792156,,97305.029880225018,9815.4227504308692,0.16218010203766503,0
sep-ipop-w60,3,112003,273,279552,1077.589038848877,,414609.27018129232,12232.638593290958,0.19998025989968085,0
sep-ipop-w60,3,112003,298,305152,1057.6248613993328,,3283003.9330574805,12026.912357688499,0.26288735251570966,0
sep-ipop-w60,3,112003,323,330752,1041.5019963582356,,11751756.615253964,20996.955704385749,0.22945869202664301,0
sep-ipop-w60,3,112003,348,356352,1025.4180870056152,,52330114.909112155,20550.559852431576,0.1901532262506351,0
sep-ipop-w60,3,112003,373,381952,1014.1117858886719,,194533672.88790652,4484.2083228144174,0.089131242653554058,0
sep-ipop-w60,3,112003,397,406528,1006.9857699076334,,661832089.08273125,2894.8619815967277,0.050844510094563748,0
sep-ipop-w60,3,112003,422,432128,1002.9009297688802,,2551461752.1480174,3087.261449445899,0.036395683918749151,0
sep-ipop-w60,3,112003,447,457728,999.86995315551758,,8789414245.1866055,2005.1624528062844,0.030999820652308906,0
sep-ipop-w60,3,112003,472,483328,997.97627258300781,,33904076397.619255,3101.9539632661395,0.029100987200203307,0
sep-ipop-w60,3,112003,497,508928,995.76679102579749,,106532945771.45473,3974.4595229496622,0.025750921439645844,0
sep-ipop-w60,3,112003,521,533504,994.66660054524743,,301065813891.80231,3019.7430893079668,0.023564527755531008,0
sep-ipop-w60,3,112003,546,559104,993.77687072753906,,949651170629.66431,4442.6881141716785,0.020797234707387365,0
sep-ipop-w60,3,112003,571,584704,992.33146540323889,,2350439103692.7637,3297.3493953871321,0.019980828138958028,0
sep-ipop-w60,3,112003,596,610304,991.63329950968421,,5236739595234.7607,2208.9718163448938,0.015701657978902842,0
sep-ipop-w60,3,112003,621,635904,991.09968566894531,,13649957557894.348,2830.2360245557797,0.015760888750106214,0
sep-ipop-w60,3,112003,645,660480,990.22013982137048,,26035008177628.148,4548.4049005022162,0.01430399396235634,0
sep-ipop-w60,3,112003,670,686080,989.23038864135742,,43446570847082.289,81836.566332115035,0.015693070786417386,0
sep-ipop-w60,3,112003,695,711680,988.40861892700195,,70439516272538.781,1247717.51691716,0.012816576945260418,0
sep-ipop-w60,3,112003,720,737280,988.19518407185876,,123646477718843.88,6464260.9315332612,0.0070421645721319469,0
sep-ipop-w60,3,112003,745,762880,988.04640960693359,,197726008964759.28,3257846.2234702692,0.0034309799604598959,0
sep-ipop-w60,3,112003,769,787456,987.98397318522132,,238703736537398.34,8816023.8299236186,0.0037348027481567117,0
sep-ipop-w60,3,112003,794,813056,987.90064875284827,,369750253659823.56,105773653.01967601,0.003923126914858386,0
sep-ipop-w60,3,112003,819,838656,987.81422932942712,,749308930603438.62,89562262.471909523,0.004514161361173729,0
sep-ipop-w60,3,112003,844,864256,987.50436401367188,,1254715695280463.2,85477070.864247173,0.0036060172619017785,0
sep-ipop-w60,3,112003,869,889856,987.41632207234704,,1972071455508138,505295890.64028782,0.003840479239919703,0
sep-ipop-w60,3,112003,893,914432,987.41533533732093,,3941444418395605.5,483759739.38305175,0.0038483736105146766,0
sep-ipop-w60,3,112003,918,940032,987.41481781005859,,6594348249218019,873024894.40930116,0.0033212085467570784,0
sep-ipop-w60,3,112003,943,965632,987.41481781005859,,8776036769433485,2228038166.0627847,0.0034174842406454763,0
sep-ipop-w60,3,112003,968,991232,987.41481781005859,,8994874325295080,1121445565.0834591,0.0015652545212776925,0
sep-ipop-w60,3,112003,981,1016832,987.41481781005859,,0.89888312536031345,8.1466431604224496,0.68936307510232164,1
sep-ipop-w60,3,112003,993,1041408,987.41481781005859,,1.2113869399609261,7.2606346186074102,0.37813284070608927,1
sep-ipop-w60,3,112003,1006,1068032,987.41481781005859,,1.8856968924366369,53.543064767702212,0.29612556094634701,1
sep-ipop-w60,3,112003,1018,1092608,987.41481781005859,,3.6443553716151498,203.91442172948794,0.30579070166715455,1
sep-ipop-w60,3,112003,1031,1119232,987.41481781005859,,6.3317777861221902,288.59051564957161,0.28590024171436207,1
sep-ipop-w60,3,112003,1043,1143808,987.41481781005859,,8.8923180733793679,989.82866248529047,0.29134148161991641,1
sep-ipop-w60,3,112003,1056,1170432,987.41481781005859,,13.363797960690414,2194.8256879446571,0.26994812475798763,1
sep-ipop-w60,3,112003,1068,1195008,987.41481781005859,,23.426344401227468,3251.1086579752409,0.28271550533510215,1
sep-ipop-w60,3,112003,1080,1219584,987.41481781005859,,40.459315185373896,2098.0275998918537,0.26813486024177213,1
sep-ipop-w60,3,112003,1093,1246208,987.41481781005859,,79.6461897437174,3626.5677401245966,0.29858477165210129,1
sep-ipop-w60,3,112003,1105,1270784,987.41481781005859,,137.03841385163446,4145.5691658121868,0.25939242680121455,1
sep-ipop-w60,3,112003,1118,1297408,987.41481781005859,,271.48495023290133,4621.4226446241355,0.26106266264881239,1
sep-ipop-w60,3,112003,1130,1321984,987.41481781005859,,579.85759168526056,4100.6361603762816,0.27672356359726386,1
sep-ipop-w60,3,112003,1142,1346560,987.41481781005859,,1189.9369666066968,2402.9099839374999,0.26903366270200063,1
sep-ipop-w60,3,112003,1155,1373184,987.41481781005859,,2238.7685696107064,4282.9635776871974,0.25471781171889341,1
sep-ipop-w60,3,112003,1167,1397760,987.41481781005859,,4505.1273461594174,6428.5870490709176,0.26884369611212372,1
sep-ipop-w60,3,112003,1180,1424384,987.41481781005859,,10249.714711296685,7984.3815276750684,0.26572578410446746,1
sep-ipop-w60,3,112003,1192,1448960,987.41481781005859,,22525.057016684295,9191.6868905520369,0.26995963632350273,1
sep-ipop-w60,3,112003,1204,1473536,987.41481781005859,,44571.412969806428,10653.785592248854,0.25933223165075836,1
sep-ipop-w60,3,112003,1217,1500160,987.41481781005859,,99764.494491915422,11615.71368566827,0.25881876726805042,1
sep-ipop-w60,3,112003,1229,1524736,987.41481781005859,,226579.12683508333,18389.231132649238,0.26436142435043314,1
sep-ipop-w60,3,112003,1242,1551360,987.41481781005859,,578870.12537958717,15852.283344272808,0.25125942248487304,1
sep-ipop-w60,3,112003,1254,1575936,987.41481781005859,,1200883.2873759181,27423.661741057349,0.25078271154992576,1
sep-ipop-w60,3,112003,1266,1600512,985.94773483276367,,2839682.6506699468,31084.554490613431,0.26458121536077311,1
sep-ipop-w60,3,112003,1279,1627136,982.33036041259766,,6371524.5215133317,36290.319250478387,0.24672865760018128,1
sep-ipop-w60,3,112003,1291,1651712,979.69896570841468,,13602996.973719494,69706.37273115947,0.23925869535994321,1
sep-ipop-w60,3,112003,1304,1678336,977.28187942504883,,30319771.539798237,85455.539305927319,0.23242545406502427,1
sep-ipop-w60,3,112003,1316,1702912,975.16585795084632,,66228728.666113809,139292.85966751754,0.25749133116327655,1
sep-ipop-w60,3,112003,1328,1727488,973.60131200154626,,135119569.7311348,124767.21364664384,0.22547570254600163,1
sep-ipop-w60,3,112003,1341,1754112,972.20035298665368,,301252559.53596687,223847.20009148584,0.24177244997892761,1
sep-ipop-w60,3,112003,1353,1778688,970.60591252644861,,553004374.12534869,293544.78646900482,0.23027540713815819,1
sep-ipop-w60,3,112003,1366,1805312,969.45216496785486,,1028533984.0292298,531033.93856514187,0.23510034452689704,1
sep-ipop-w60,3,112003,1378,1829888,968.2431424458822,,2020207216.7280183,569506.53060709825,0.22979839317523543,1
sep-ipop-w60,3,112003,1390,1854464,967.35293197631836,,4418439695.7764187,761442.00787397486,0.25655472767085197,1
sep-ipop-w60,3,112003,1403,1881088,966.51277160644531,,10771912712.356237,691862.63760847435,0.24063762023658247,1
sep-ipop-w60,3,112003,1415,1905664,964.80674997965491,,27385588259.152672,632016.60408345133,0.26332937993532379,1
sep-ipop-w60,3,112003,1428,1932288,963.06696955362952,,71872294237.382492,460649.58542458777,0.23962222342933243,1
sep-ipop-w60,3,112003,1440,1956864,961.81063206990564,,171085541720.85712,621970.80960528029,0.26321186543391889,1
sep-ipop-w60,3,112003,1452,1981440,958.54789098103845,,341708783474.70764,521616.81229503598,0.22841219151170147,1
sep-ipop-w60,3,112003,1465,2008064,953.79068501790368,,730824727628.28735,349610.94940621633,0.20087475728033774,1
sep-ipop-w60,3,112003,1477,2032640,948.64012908935547,,1772137140919.7,101360.03676045795,0.14816038170006282,1
sep-ipop-w60,3,112003,1490,2059264,940.3642908732096,,4385418423773.856,37620.51295658169,0.095042586543514995,1
sep-ipop-w60,3,112003,1502,2083840,936.88129297892249,,8112612548279.2178,26609.899501111569,0.063053783517956943,1
sep-ipop-w60,3,112003,1514,2108416,934.12936782836914,,14984984574174.287,25482.271754115478,0.044309558143361877,1
sep-ipop-w60,3,112003,1527,2135040,930.80867640177405,,29406334245038.336,21369.70065392763,0.033149136924525445,1
sep-ipop-w60,3,112003,1539,2159616,930.80867640177405,,56025633341906.781,21901.138539562569,0.029346098951869206,1
sep-ipop-w60,3,112003,1552,2186240,930.04200998942054,,121264644829490.7,32254.709568917584,0.031579921181509367,1
sep-ipop-w60,3,112003,1564,2210816,929.34212875366211,,294170698933805.19,29177.894970984333,0.033109880888013796,1
sep-ipop-w60,3,112003,1576,2235392,928.14121119181311,,642117014291714.12,21012.516296818663,0.0320514865660564,1
sep-ipop-w60,3,112003,1589,2262016,926.74539820353186,,1418108889278775.2,20171.643262475834,0.029049669459499432,1
sep-ipop-w60,3,112003,1601,2286592,925.66119257609046,,3461628125159894,24392.596746270276,0.030088571118418148,1
sep-ipop-w60,3,112003,1614,2313216,923.64863713582361,,8412029691767891,19388.739990656177,0.029840260058778236,1
sep-ipop-w60,3,112003,1626,2337792,923.56243515014648,,20947176448618320,17557.747840883159,0.033597645946911926,1
sep-ipop-w60,3,112003,1638,2362368,921.99821472167969,,48719142774209424,15479.980051904999,0.031987789780100528,1
sep-ipop-w60,3,112003,1651,2388992,920.6909510294596,,1.4820314694291213e+17,18235.315111938395,0.036991661512809033,1
sep-ipop-w60,3,112003,1663,2413568,919.56044387817383,,3.7194643177562016e+17,23152.503535612308,0.03876510011473449,1
sep-ipop-w60,3,112003,1676,2440192,917.60281372070312,,1.099231434151163e+18,20831.921908811248,0.038539158149844682,1
sep-ipop-w60,3,112003,1688,2464768,915.05580139160156,,3.3037833306781112e+18,14445.258974094311,0.040728812025270809,1
sep-ipop-w60,3,112003,1700,2489344,914.3383572896322,,9.7958611580839424e+18,14914.400422564471,0.044874986688834953,1
sep-ipop-w60,3,112003,1713,2515968,911.32290013631189,,2.6541245768527401e+19,16504.261570645071,0.041799269992611736,1
sep-ipop-w60,3,112003,1725,2540544,908.89488093058264,,6.7628843330217755e+19,16939.981543593651,0.043211187701165957,1
sep-ipop-w60,3,112003,1738,2567168,905.0887552897135,,1.8328406940168077e+20,22794.751848701566,0.04508595175807284,1
sep-ipop-w60,3,112003,1750,2591744,904.03465270996094,,4.3829868282835436e+20,22700.686697492823,0.043568116419226408,1
sep-ipop-w60,3,112003,1762,2616320,901.50175094604492,,9.4714402361551317e+20,26120.281501792786,0.037653324026004437,1
sep-ipop-w60,3,112003,1775,2642944,900.63623301188147,,2.3496844427921976e+21,26050.580063474103,0.038056541772570694,1
sep-ipop-w60,3,112003,1787,2667520,898.69498443603516,,5.6748810153098331e+21,35301.658574246292,0.040977529122529083,1
sep-ipop-w60,3,112003,1800,2694144,897.14018503824866,,1.3015178678368775e+22,29804.886884508785,0.036227002238754615,1
sep-ipop-w60,3,112003,1812,2718720,896.19786961873376,,3.2493723435366693e+22,24995.323473811408,0.036124156274194082,1
sep-ipop-w60,3,112003,1824,2743296,895.2206026713053,,7.4479110060832723e+22,27605.835167045298,0.032012507093146139,1
sep-ipop-w60,3,112003,1837,2769920,894.07042058308923,,1.7006345302096556e+23,31364.229758799716,0.032274821204704734,1
sep-ipop-w60,3,112003,1849,2794496,892.25740305582679,,3.7073562654526219e+23,32424.02316274944,0.031158406291203134,1
sep-ipop-w60,3,112003,1862,2821120,891.47426223754883,,9.8910013511368148e+23,26767.558481680517,0.032026120392170801,1
sep-ipop-w60,3,112003,1874,2845696,891.00096003214514,,2.2608782624892272e+24,31304.208612687711,0.032972204742972092,1
sep-ipop-w60,3,112003,1886,2870272,889.905029296875,,5.3040987021136805e+24,27183.532581687421,0.033977979087773114,1
sep-ipop-w60,3,112003,1899,2896896,889.19719823201501,,1.3749726166488722e+25,32608.658988113591,0.034863441942693529,1
sep-ipop-w60,3,112003,1911,2921472,888.33595657348633,,2.7840573842126564e+25,43394.444222656952,0.03291259864889981,1
sep-ipop-w60,3,112003,1924,2948096,887.27304585774743,,6.9880996962181359e+25,57520.297293537718,0.037991080708928829,1
sep-ipop-w60,3,112003,1936,2972672,886.60976155598962,,1.6437025127946581e+26,36200.880438988832,0.032983457026611221,1
sep-ipop-w60,3,112003,1948,2997248,886.19794591267907,,4.3548208130476202e+26,36462.279431385658,0.035295656257303132,1
sep-ipop-w60,3,112003,1961,3023872,885.40503692626953,,1.0131936439274033e+27,38613.599087678092,0.033051431138280567,1
sep-ipop-w60,3,112003,1973,3048448,884.48063532511389,,2.2215865569138162e+27,38977.071412070036,0.033211023531933698,1
sep-ipop-w60,3,112003,1986,3075072,883.91819890340173,,5.1385945342741872e+27,46038.49639794774,0.033127238296317418,1
sep-ipop-w60,3,112003,1998,3099648,883.15680567423499,,1.1223995176680029e+28,33659.322962951788,0.0278820902189717,1
sep-ipop-w60,3,112003,2010,3124224,882.56557210286462,,2.4687585726641747e+28,27882.562698461246,0.028320886185630032,1
sep-ipop-w60,3,112003,2023,3150848,882.06363423665368,,4.9781389067523628e+28,37883.963846097176,0.028377398851322032,1
sep-ipop-w60,3,112003,2035,3175424,881.60410563151038,,1.0185569848646599e+29,46925.225719534166,0.029315860849822049,1
sep-ipop-w60,3,112003,2048,3202048,880.86643727620446,,2.1659814990725724e+29,46145.360804860444,0.029325464757759247,1
sep-ipop-w60,3,112003,2060,3226624,880.42903518676758,,3.7324043742643104e+29,59968.229029468901,0.028774083376115527,1
sep-ipop-w60,3,112003,2072,3251200,880.04379908243811,,7.0044313273837322e+29,52081.957082833454,0.026355420050579018,1
sep-ipop-w60,3,112003,2085,3277824,879.62477238972986,,1.2965575321308036e+30,30863.997119967229,0.021435556674658303,1
sep-ipop-w60,3,112003,2097,3302400,879.28974533081055,,2.2989126572329146e+30,27005.915557833334,0.018967841193658772,1
sep-ipop-w60,3,112003,2110,3329024,879.07127126057946,,3.7355812432666452e+30,38137.306298019816,0.018032228559520129,1
sep-ipop-w60,3,112003,2122,3353600,878.64270909627282,,5.7494168522782292e+30,33608.158201175647,0.014712781109258869,1
sep-ipop-w60,3,112003,2135,3380224,878.49967829386389,,1.0170794848166505e+31,31017.565324335363,0.016767637228367022,1
sep-ipop-w60,3,112003,2147,3404800,878.25640106201172,,1.4949960395576974e+31,29316.529110518881,0.015718151630344505,1
sep-ipop-w60,3,112003,2159,3429376,878.01377105712891,,2.1143490770562022e+31,24798.439248101608,0.014341319718970185,1
sep-ipop-w60,3,112003,2172,3456000,877.810312906901,,3.7360606407455168e+31,278788.71102814242,0.017477305628132569,1
sep-ipop-w60,3,112003,2184,3480576,877.6276639302572,,7.629712204659922e+31,661059.19842908392,0.018297440104947622,1
sep-ipop-w60,3,112003,2197,3507200,877.39053344726562,,1.5300150485164484e+32,663877.45137455512,0.016796947104911263,1
sep-ipop-w60,3,112003,2209,3531776,877.20202891031897,,3.1532882187025169e+32,760225.32622252498,0.016198816582039536,1
sep-ipop-w60,3,112003,2221,3556352,876.99091211954749,,5.9945582909366033e+32,571187.73714930622,0.013200087456476755,1
sep-ipop-w60,3,112003,2234,3582976,876.81760025024414,,1.1538610591043732e+33,585958.04599843593,0.011021436911052552,1
sep-ipop-w60,3,112003,2246,3607552,876.6394259134928,,2.1287884147562062e+33,343213.70252634928,0.010010046068957071,1
sep-ipop-w60,3,112003,2259,3634176,876.52002461751306,,4.3618883681204559e+33,291010.61099516461,0.0093157779683984681,1
sep-ipop-w60,3,112003,2271,3658752,876.39298502604163,,7.2314306442784648e+33,255941.03613923534,0.0078264276028758729,1
sep-ipop-w60,3,112003,2283,3683328,876.26913960774743,,1.2402899430199682e+34,302256.71197097824,0.007918832159673074,1
sep-ipop-w60,3,112003,2296,3709952,876.18093236287439,,1.7833296358936256e+34,584740.23682844546,0.0064125574976478129,1
sep-ipop-w60,3,112003,2308,3734528,876.11853663126624,,2.9825838954916923e+34,1153221.0872212965,0.0075266750480193004,1
sep-ipop-w60,3,112003,2321,3761152,876.05205281575525,,4.8153555211643171e+34,1458479.3959205148,0.0075367878789944481,1
sep-ipop-w60,3,112003,2333,3785728,875.94171651204431,,6.7502776583105768e+34,2056488.8507419892,0.0075816532346660989,1
sep-ipop-w60,3,112003,2345,3810304,875.92120488484704,,9.1473417255461401e+34,1944066.6208383013,0.0071268471986941917,1
sep-ipop-w60,3,112003,2358,3836928,875.88498051961267,,1.036169450988477e+35,2289262.1355085038,0.0058699986802631466,1
sep-ipop-w60,3,112003,2370,3861504,875.84767150878906,,1.22663030934477e+35,3317919.3145655743,0.0058530945820863857,1
sep-ipop-w60,3,112003,2383,3888128,875.76744333902991,,1.4252230061418592e+35,5818763.6891510198,0.0052338895714228719,1
sep-ipop-w60,3,112003,2395,3912704,875.75714747110999,,1.6775078531784219e+35,5668891.9823763017,0.0045480198383241839,1
sep-ipop-w60,3,112003,2407,3937280,875.74206797281897,,2.0948648313243071e+35,11126189.008149436,0.0046112664783570321,1
sep-ipop-w60,3,112003,2420,3963904,875.70671590169275,,3.1809725457907746e+35,11246427.356920989,0.0045666340840003049,1
sep-ipop-w60,3,112003,2432,3988480,875.69552485148108,,3.9681533464964377e+35,13015062.805027518,0.0042750342216401728,1
sep-ipop-w60,3,112003,2445,4015104,875.68647766113281,,5.0680861154521267e+35,19416386.622032288,0.004261301026563402,1
sep-ipop-w60,3,112003,2457,4039680,875.67818196614587,,6.0781747248543944e+35,41529681.983840197,0.0041020172881387302,1
sep-ipop-w60,3,112003,2469,4064256,875.64524078369141,,8.1810819750968915e+35,67409129.747178227,0.004729087360078133,1
sep-ipop-w60,3,112003,2482,4090880,875.6424662272135,,1.08639919777442e+36,73438195.7895246,0.0045164775018056704,1
sep-ipop-w60,3,112003,2494,4115456,875.61861165364587,,1.2680366197852211e+36,79621669.498604581,0.0041762484213742485,1
sep-ipop-w60,3,112003,2507,4142080,875.61861165364587,,1.63537465166231e+36,79216234.036539108,0.0044687058168561954,1
sep-ipop-w60,3,112003,2519,4166656,875.61861165364587,,2.3064035752283093e+36,114846055.90142499,0.004373147085518855,1
sep-ipop-w60,3,112003,2531,4191232,875.58646774291992,,3.157510397251848e+36,159762377.05056766,0.0045335231959813833,1
sep-ipop-w60,3,112003,2544,4217856,875.58646774291992,,4.777047183819304e+36,181284630.35770163,0.0048632241715159015,1
sep-ipop-w60,3,112003,2556,4242432,875.58166758219397,,1.0013626645777629e+37,99600862.571974099,0.0054604644080899671,1
sep-ipop-w60,3,112003,2569,4269056,875.56169509887695,,1.5386166326086363e+37,135351351.81183279,0.0044207722449252033,1
sep-ipop-w60,3,112003,2581,4293632,875.55858103434241,,2.1396718624427764e+37,251460871.8081857,0.0046153302131449626,1
sep-ipop-w60,3,112003,2593,4318208,875.55858103434241,,3.0710921069666149e+37,404241636.89579415,0.0045055839504675906,1
sep-ipop-w60,3,112003,2606,4344832,875.55343882242835,,5.2573709692415712e+37,612009468.46449399,0.0047908642999266527,1
sep-ipop-w60,3,112003,2618,4369408,875.55343882242835,,5.2562213023932345e+37,620115721.53722143,0.0035527363392616634,1
sep-ipop-w60,3,112003,2631,4396032,875.55343882242835,,5.5156792858201395e+37,500856416.21078336,0.0031032242521444307,1
sep-ipop-w60,3,112003,2643,4420608,875.55343882242835,,5.6754753371060112e+37,623188859.94934607,0.0030932000151691862,1
sep-ipop-w60,3,112003,2655,4445184,875.55343882242835,,5.5094674076907827e+37,588142884.97020519,0.0028720361945325751,1
sep-ipop-w60,3,112003,2666,4471808,875.55343882242835,,0.48685506251622424,2.1820692360287652,0.57180812581160889,2
sep-ipop-w60,3,112003,2672,4496384,875.55343882242835,,0.86309964216377322,11.40917672637188,0.99812295717063693,2
sep-ipop-w60,3,112003,2679,4525056,875.55343882242835,,1.1207416962518761,14.836822325311532,0.8119286661937426,2
sep-ipop-w60,3,112003,2685,4549632,875.55343882242835,,1.3605041021526594,14.914273491472837,0.67136072408396918,2
sep-ipop-w60,3,112003,2691,4574208,875.55343882242835,,1.4585581545905149,14.612055438139178,0.46464951598901388,2
sep-ipop-w60,3,112003,2697,4598784,875.55343882242835,,1.7058850291861212,15.934214268898234,0.40689081812757127,2
sep-ipop-w60,3,112003,2703,4623360,875.55343882242835,,1.973125880150203,15.46232622212043,0.37308691305521513,2
sep-ipop-w60,3,112003,2710,4652032,875.55343882242835,,2.4561840790058986,26.042283404113078,0.3206098503593815,2
sep-ipop-w60,3,112003,2716,4676608,875.55343882242835,,3.2712100189202049,69.994583849002424,0.32804090810407949,2
sep-ipop-w60,3,112003,2722,4701184,875.55343882242835,,4.5940297356140576,162.49826365208276,0.34290119982390654,2
sep-ipop-w60,3,112003,2728,4725760,875.55343882242835,,6.4411660201675378,235.21188402728137,0.33449017471138948,2
sep-ipop-w60,3,112003,2734,4750336,875.55343882242835,,8.5010131909115767,290.34046936903985,0.32126761858990299,2
sep-ipop-w60,3,112003,2741,4779008,875.55343882242835,,11.581207897570668,367.56840984466334,0.31838215961031874,2
sep-ipop-w60,3,112003,2747,4803584,875.55343882242835,,14.742624607342055,404.26702722154261,0.31928136500151222,2
sep-ipop-w60,3,112003,2753,4828160,875.55343882242835,,17.146376674052217,491.0122386843413,0.29965029604503213,2
sep-ipop-w60,3,112003,2759,4852736,875.55343882242835,,20.992866393282053,536.37844964700412,0.28736426376422092,2
sep-ipop-w60,3,112003,2765,4877312,875.55343882242835,,25.246538292664539,593.28582510566048,0.2600856377701764,2
sep-ipop-w60,3,112003,2772,4905984,875.55343882242835,,36.644818194192993,688.20053457135839,0.29410579149821942,2
sep-ipop-w60,3,112003,2778,4930560,875.55343882242835,,54.18193850857449,664.09344943902579,0.30219988439460482,2
sep-ipop-w60,3,112003,2784,4955136,875.55343882242835,,74.037392272412845,750.64431326483168,0.28046568195867716,2
sep-ipop-w60,3,112003,2790,4979712,875.55343882242835,,97.692135181082008,1143.5254930906124,0.29475490289335188,2
sep-ipop-w60,3,112003,2796,5004288,875.55343882242835,,151.63693763213277,1062.1019366669841,0.2938721797846493,2
sep-ipop-w60,3,112003,2803,5032960,875.55343882242835,,261.65085776104775,1012.2288156995368,0.30184798889057313,2
sep-ipop-w60,3,112003,2809,5057536,875.55343882242835,,390.84992560462649,1113.1915796841815,0.28915300655757864,2
sep-ipop-w60,3,112003,2815,5082112,875.55343882242835,,526.63425176126555,1561.2782740514801,0.27735210559783019,2
sep-ipop-w60,3,112003,2821,5106688,875.55343882242835,,775.38393679039848,1805.2763595599804,0.27418755600854011,2
sep-ipop-w60,3,112003,2827,5131264,875.55343882242835,,1120.3367798744066,1721.7514531318645,0.26775477818595428,2
sep-ipop-w60,3,112003,2834,5159936,875.55343882242835,,1532.4378556590382,1810.53588216962,0.26710756876527464,2
sep-ipop-w60,3,112003,2840,5184512,875.55343882242835,,2134.7036460610198,2070.4595602036457,0.27014068767625354,2
sep-ipop-w60,3,112003,2846,5209088,875.55343882242835,,2754.5436179743956,2195.4746893781576,0.25409433677067833,2
sep-ipop-w60,3,112003,2852,5233664,875.55343882242835,,4269.0372576358714,2720.84309722935,0.25830430589301784,2
sep-ipop-w60,3,112003,2858,5258240,875.55343882242835,,6584.8461626112194,2234.1576546135925,0.23952076463073041,2
sep-ipop-w60,3,112003,2865,5286912,875.55343882242835,,10808.164985081965,1142.2237187111577,0.19672818394882782,2
sep-ipop-w60,3,112003,2871,5311488,875.55343882242835,,17504.829446184431,571.47012459350503,0.16736560699794428,2
sep-ipop-w60,3,112003,2877,5336064,875.55343882242835,,28204.144314254114,477.7943861553448,0.1662844472581626,2
sep-ipop-w60,3,112003,2883,5360640,875.55343882242835,,41164.797943429883,627.44944240459415,0.16358085013613399,2
sep-ipop-w60,3,112003,2889,5385216,875.55343882242835,,60015.045965407633,993.77326460221286,0.16315267262049815,2
sep-ipop-w60,3,112003,2896,5413888,875.55343882242835,,87964.590848341599,902.60833312176851,0.1300139122784631,2
sep-ipop-w60,3,112003,2902,5438464,875.55343882242835,,117071.88536055016,1058.2906098210112,0.10434494577363011,2
sep-ipop-w60,3,112003,2908,5463040,875.55343882242835,,150640.11032715419,1032.4626619416156,0.085191526256029326,2
sep-ipop-w60,3,112003,2914,5487616,875.55343882242835,,218307.03278368362,1124.828362993949,0.087038075967957096,2
sep-ipop-w60,3,112003,2920,5512192,875.55343882242835,,320352.15507517429,1099.7408921766839,0.085248763983613779,2
sep-ipop-w60,3,112003,2927,5540864,875.55343882242835,,522462.15997124912,1243.0795573555708,0.095017204498113197,2
sep-ipop-w60,3,112003,2933,5565440,875.55343882242835,,778552.22082704515,1250.7412725607476,0.089551277495790643,2
sep-ipop-w60,3,112003,2939,5590016,875.55343882242835,,1111224.3912513421,1236.1620138579326,0.08042968530215916,2
sep-ipop-w60,3,112003,2945,5614592,875.55343882242835,,1617362.1550458018,1309.4542334243945,0.074270182871760682,2
sep-ipop-w60,3,112003,2951,5639168,875.55343882242835,,2321376.3139184606,1255.1708454828229,0.063221355618314337,2
sep-ipop-w60,3,112003,2958,5667840,875.55343882242835,,3575713.0098537346,1361.8579516329471,0.057201192029464734,2
sep-ipop-w60,3,112003,2964,5692416,875.55343882242835,,5089516.5293092905,1227.1949236838057,0.052309415461308399,2
sep-ipop-w60,3,112003,2970,5716992,875.55343882242835,,7212613.3535656855,1194.4783091809722,0.044233852096478482,2
sep-ipop-w60,3,112003,2976,5741568,875.55343882242835,,10750215.067069124,1156.6664284814892,0.045033310971999939,2
sep-ipop-w60,3,112003,2982,5766144,875.55343882242835,,15837653.562204545,920.92109481966827,0.038576375853620448,2
sep-ipop-w60,3,112003,2989,5794816,875.55343882242835,,27232257.228700593,1103.8495378438304,0.039818192039349609,2
sep-ipop-w60,3,112003,2995,5819392,875.55343882242835,,42752261.554769509,1098.0636757102402,0.037481937272517682,2
sep-ipop-w60,3,112003,3001,5843968,875.55343882242835,,64870017.52878727,1274.0817555059659,0.037473215718045974,2
sep-ipop-w60,3,112003,3007,5868544,875.55343882242835,,96635544.054971442,1184.7519210336518,0.033383542718469231,2
sep-ipop-w60,3,112003,3013,5893120,875.55343882242835,,140627591.88217682,1155.3279219278988,0.030981092169804169,2
sep-ipop-w60,3,112003,3020,5921792,875.55343882242835,,224540917.86006525,1153.2220744119702,0.029897604934129046,2
sep-ipop-w60,3,112003,3026,5946368,875.55343882242835,,332876040.29084003,1388.3385654771266,0.027323781498393721,2
sep-ipop-w60,3,112003,3032,5970944,875.55343882242835,,488546253.44566756,1388.5489243024742,0.026025839973723142,2
sep-ipop-w60,3,112003,3038,5995520,875.55343882242835,,684689014.8713944,1699.7614162535692,0.024425623542688932,2
sep-ipop-w60,3,112003,3044,6020096,875.55343882242835,,1002383538.7637874,1805.9223635443548,0.023416026401102113,2
sep-ipop-w60,3,112003,3051,6048768,875.55343882242835,,1584678836.7925558,2097.2644788501598,0.023962399835604387,2
sep-ipop-w60,3,112003,3057,6073344,875.55343882242835,,2347054547.5764933,2276.6712629340377,0.024046548120441658,2
sep-ipop-w60,3,112003,3063,6097920,875.55343882242835,,3178893259.2691007,1849.1567434170415,0.020304416177598233,2
sep-ipop-w60,3,112003,3069,6122496,875.55343882242835,,4327841565.843564,1935.0109950359176,0.018990185759025481,2
sep-ipop-w60,3,112003,3075,6147072,875.55343882242835,,6166148863.1011419,2329.1929888935806,0.019317643492906652,2
sep-ipop-w60,3,112003,3082,6175744,875.55343882242835,,8261639269.1797829,2188.2198622873975,0.017167814188624519,2
sep-ipop-w60,3,112003,3088,6200320,875.55343882242835,,11607988124.487926,2527.9932298476924,0.018500181029970132,2
sep-ipop-w60,3,112003,3094,6224896,875.55343882242835,,15809033919.037664,2845.3283669464322,0.01863869788770486,2
sep-ipop-w60,3,112003,3100,6249472,875.55343882242835,,19521513083.518436,3034.1211404357036,0.018196751644152652,2
sep-ipop-w60,3,112003,3106,6274048,875.55343882242835,,24349824950.433598,2910.3366352281919,0.016688614836074981,2
sep-ipop-w60,3,112003,3113,6302720,875.55343882242835,,29751461140.916054,3019.6428419593562,0.01563587889612816,2
sep-ipop-w60,3,112003,3119,6327296,875.55343882242835,,36060829103.599823,3520.2776664407647,0.015880529268018133,2
sep-ipop-w60,3,112003,3125,6351872,875.55343882242835,,43511060910.537453,3509.1955011197256,0.015093618759779846,2
sep-ipop-w60,3,112003,3131,6376448,875.55343882242835,,50372209711.309952,3805.2073015569772,0.014136242630708878,2
sep-ipop-w60,3,112003,3137,6401024,875.55343882242835,,57012973928.573425,4424.0266588384693,0.013394168418976995,2
sep-ipop-w60,3,112003,3144,6429696,875.55343882242835,,77823669900.078598,8420.386120912659,0.014281624879647277,2
sep-ipop-w60,3,112003,3150,6454272,875.55343882242835,,104308980425.25342,9861.8307696977081,0.013410978752053788,2
sep-ipop-w60,3,112003,3156,6478848,875.55343882242835,,133184066074.19385,14547.625392993958,0.012466706438836534,2
sep-ipop-w60,3,112003,3162,6502400,875.55343882242835,,173107491018.79398,13244.632329160977,0.010303381265836057,2
sep-ipop-w121,3,112003,1,1024,14645.154207865397,,0.2918552918807068,8.7952349308922706,0.13253670266137602,0
sep-ipop-w121,3,112003,5,5120,2027.0751698811848,,0.83062764010009926,53.087018249418087,0.82360626508087398,0
sep-ipop-w121,3,112003,10,10240,1757.3121515909831,,1.328269794821469,55.921495408517508,1.0794528074125995,0
sep-ipop-w121,3,112003,20,20480,1658.9368591308594,,2.3980693035020435,7.9139545868607346,0.39542132870427282,0
sep-ipop-w121,3,112003,25,25600,1658.9368591308594,,2.8413995821673268,6.2208659495875454,0.33972063499394811,0
sep-ipop-w121,3,112003,40,40960,1598.1133918762207,,3.9493219359240777,74.15502543249471,0.25399408289691799,0
sep-ipop-w121,3,112003,50,51200,1503.6323776245117,,7.7730698121404505,101.9201410920366,0.2774854266769361,0
sep-ipop-w121,3,112003,75,76800,1375.4941571553547,,17.577430230215022,508.07191603350714,0.21793651341237202,0
sep-ipop-w121,3,112003,80,81920,1375.4941571553547,,19.84074501783352,556.44950569157311,0.2024366435457276,0
sep-ipop-w121,3,112003,100,102400,1345.1948483784993,,39.829774397396896,3016.935997247615,0.24522416652709811,0
sep-ipop-w121,3,112003,125,128000,1279.0836232503254,,134.95560840357169,3210.7900717049074,0.24069623636601434,0
sep-ipop-w121,3,112003,149,152576,1149.3014602661133,,467.88373048189544,3657.4778006140859,0.24951584079815312,0
sep-ipop-w121,3,112003,160,163840,1127.8567581176758,,654.89736421731004,4487.4983186027966,0.22103207522946483,0
sep-ipop-w121,3,112003,174,178176,1116.0750325520833,,1145.1516273310046,11811.52017056482,0.2442583835093517,0
sep-ipop-w121,3,112003,199,203776,1096.5152079264324,,3357.651341205818,22500.154888899415,0.20470163274499928,0
sep-ipop-w121,3,112003,224,229376,1090.6751111348469,,7405.287311929801,22348.15740276314,0.12628713678158815,0
sep-ipop-w121,3,112003,249,254976,1087.5874608357747,,51435.792965392226,9330.1890183491159,0.13170188695962748,0
sep-ipop-w121,3,112003,255,261120,1084.9749132792156,,97305.029880225018,9815.4227504308692,0.16218010203766503,0
sep-ipop-w121,3,112003,273,279552,1077.589038848877,,414609.27018129232,12232.638593290958,0.19998025989968085,0
sep-ipop-w121,3,112003,298,305152,1057.6248613993328,,3283003.9330574805,12026.912357688499,0.26288735251570966,0
sep-ipop-w121,3,112003,323,330752,1041.5019963582356,,11751756.615253964,20996.955704385749,0.22945869202664301,0
sep-ipop-w121,3,112003,348,356352,1025.4180870056152,,52330114.909112155,20550.559852431576,0.1901532262506351,0
sep-ipop-w121,3,112003,373,381952,1014.1117858886719,,194533672.88790652,4484.2083228144174,0.089131242653554058,0
sep-ipop-w121,3,112003,397,406528,1006.9857699076334,,661832089.08273125,2894.8619815967277,0.050844510094563748,0
sep-ipop-w121,3,112003,422,432128,1002.9009297688802,,2551461752.1480174,3087.261449445899,0.036395683918749151,0
sep-ipop-w121,3,112003,447,457728,999.86995315551758,,8789414245.1866055,2005.1624528062844,0.030999820652308906,0
sep-ipop-w121,3,112003,472,483328,997.97627258300781,,33904076397.619255,3101.9539632661395,0.029100987200203307,0
sep-ipop-w121,3,112003,497,508928,995.76679102579749,,106532945771.45473,3974.4595229496622,0.025750921439645844,0
sep-ipop-w121,3,112003,521,533504,994.66660054524743,,301065813891.80231,3019.7430893079668,0.023564527755531008,0
sep-ipop-w121,3,112003,546,559104,993.77687072753906,,949651170629.66431,4442.6881141716785,0.020797234707387365,0
sep-ipop-w121,3,112003,571,584704,992.33146540323889,,2350439103692.7637,3297.3493953871321,0.019980828138958028,0
sep-ipop-w121,3,112003,596,610304,991.63329950968421,,5236739595234.7607,2208.9718163448938,0.015701657978902842,0
sep-ipop-w121,3,112003,621,635904,991.09968566894531,,13649957557894.348,2830.2360245557797,0.015760888750106214,0
sep-ipop-w121,3,112003,645,660480,990.22013982137048,,26035008177628.148,4548.4049005022162,0.01430399396235634,0
sep-ipop-w121,3,112003,670,686080,989.23038864135742,,43446570847082.289,81836.566332115035,0.015693070786417386,0
sep-ipop-w121,3,112003,695,711680,988.40861892700195,,70439516272538.781,1247717.51691716,0.012816576945260418,0
sep-ipop-w121,3,112003,720,737280,988.19518407185876,,123646477718843.88,6464260.9315332612,0.0070421645721319469,0
sep-ipop-w121,3,112003,745,762880,988.04640960693359,,197726008964759.28,3257846.2234702692,0.0034309799604598959,0
sep-ipop-w121,3,112003,769,787456,987.98397318522132,,238703736537398.34,8816023.8299236186,0.0037348027481567117,0
sep-ipop-w121,3,112003,794,813056,987.90064875284827,,369750253659823.56,105773653.01967601,0.003923126914858386,0
sep-ipop-w121,3,112003,819,838656,987.81422932942712,,749308930603438.62,89562262.471909523,0.004514161361173729,0
sep-ipop-w121,3,112003,844,864256,987.50436401367188,,1254715695280463.2,85477070.864247173,0.0036060172619017785,0
sep-ipop-w121,3,112003,869,889856,987.41632207234704,,1972071455508138,505295890.64028782,0.003840479239919703,0
sep-ipop-w121,3,112003,893,914432,987.41533533732093,,3941444418395605.5,483759739.38305175,0.0038483736105146766,0
sep-ipop-w121,3,112003,918,940032,987.41481781005859,,6594348249218019,873024894.40930116,0.0033212085467570784,0
sep-ipop-w121,3,112003,943,965632,987.41481781005859,,8776036769433485,2228038166.0627847,0.0034174842406454763,0
sep-ipop-w121,3,112003,968,991232,987.41481781005859,,8994874325295080,1121445565.0834591,0.0015652545212776925,0
sep-ipop-w121,3,112003,993,1016832,987.41481781005859,,8328872506490369,1042045929.3982745,0.0013475384967185291,0
sep-ipop-w121,3,112003,1017,1041408,987.41481781005859,,9086373426515992,2006732288.5251155,0.0015776117938502575,0
sep-ipop-w121,3,112003,1036,1067008,987.41481781005859,,0.75556845736720291,6.7383211028614403,0.90909228436803624,1
sep-ipop-w121,3,112003,1049,1093632,987.41481781005859,,1.1391489930224459,9.0426885209457346,0.50342470715689613,1
sep-ipop-w121,3,112003,1061,1118208,987.41481781005859,,1.5523154487842987,14.98263184261404,0.32167767879856918,1
sep-ipop-w121,3,112003,1074,1144832,987.41481781005859,,2.5807442609513203,104.77174597415683,0.27930694343162571,1
sep-ipop-w121,3,112003,1086,1169408,987.41481781005859,,4.5904194240764244,236.12015543600234,0.29780513328608665,1
sep-ipop-w121,3,112003,1098,1193984,987.41481781005859,,6.8999637212678149,383.62489606677411,0.27746162528875185,1
sep-ipop-w121,3,112003,1111,1220608,987.41481781005859,,10.095614690650475,617.84324289608196,0.27841278036393641,1
sep-ipop-w121,3,112003,1123,1245184,987.41481781005859,,16.93542213848367,1196.5366390369043,0.30118086255798893,1
sep-ipop-w121,3,112003,1136,1271808,987.41481781005859,,29.556353827203502,1894.2500140658731,0.27189595642164194,1
sep-ipop-w121,3,112003,1148,1296384,987.41481781005859,,52.752468109394229,2776.7709547516438,0.26722265554780755,1
sep-ipop-w121,3,112003,1160,1320960,987.41481781005859,,94.149587128637819,4223.2080159015331,0.26550611362941068,1
sep-ipop-w121,3,112003,1173,1347584,987.41481781005859,,178.50096009908239,4897.0892500798836,0.2626076087993513,1
sep-ipop-w121,3,112003,1185,1372160,987.41481781005859,,287.90890514034885,4395.7286572238481,0.25047690625211544,1
sep-ipop-w121,3,112003,1198,1398784,987.41481781005859,,511.21017495552343,6894.0321339068878,0.24207825442125766,1
sep-ipop-w121,3,112003,1210,1423360,987.41481781005859,,1156.9726952278236,5968.8866826519807,0.27435816813499275,1
sep-ipop-w121,3,112003,1222,1447936,987.41481781005859,,2846.5983114243759,3445.2510665115105,0.28144624846769295,1
sep-ipop-w121,3,112003,1235,1474560,987.41481781005859,,6529.761124477629,3158.8017022178396,0.25218507638239401,1
sep-ipop-w121,3,112003,1247,1499136,987.41481781005859,,11473.125716987946,6246.9158680616229,0.24699797549347904,1
sep-ipop-w121,3,112003,1260,1525760,987.41481781005859,,18948.313002512932,11878.39042502096,0.23533108241981629,1
sep-ipop-w121,3,112003,1272,1550336,987.41481781005859,,31969.538998895387,16705.91791122939,0.24175332610526201,1
sep-ipop-w121,3,112003,1284,1574912,987.41481781005859,,51928.084540821736,25574.293578721015,0.23594270905553766,1
sep-ipop-w121,3,112003,1297,1601536,987.41481781005859,,117688.04223657645,37855.029014060165,0.24613721982974598,1
sep-ipop-w121,3,112003,1309,1626112,987.41481781005859,,218361.0860485005,53228.429809351437,0.24875795740385995,1
sep-ipop-w121,3,112003,1322,1652736,987.41481781005859,,440203.70854772138,65162.261568889422,0.23583133403914805,1
sep-ipop-w121,3,112003,1334,1677312,987.41481781005859,,842964.78741466778,46244.00597279497,0.19414478335925889,1
sep-ipop-w121,3,112003,1346,1701888,987.41481781005859,,2296883.925602111,13151.741901348243,0.16287734842226001,1
sep-ipop-w121,3,112003,1359,1728512,987.41481781005859,,4998061.6647109333,6319.2655210555213,0.098486345182574597,1
sep-ipop-w121,3,112003,1371,1753088,987.41481781005859,,9764225.5524619203,5486.0544721685146,0.074079156941308857,1
sep-ipop-w121,3,112003,1384,1779712,987.41481781005859,,23872201.989559162,4183.7528295184193,0.064893645507083139,1
sep-ipop-w121,3,112003,1396,1804288,987.41481781005859,,50927516.132995665,4009.3537514779337,0.057053837595522149,1
sep-ipop-w121,3,112003,1408,1828864,987.41481781005859,,133883286.37196678,3342.7379833090563,0.05925714864246296,1
sep-ipop-w121,3,112003,1421,1855488,987.41481781005859,,327707139.39247388,3065.8314640528047,0.055256223753343416,1
sep-ipop-w121,3,112003,1433,1880064,987.41481781005859,,675624456.23554599,3038.1029877321107,0.047951088575871652,1
sep-ipop-w121,3,112003,1446,1906688,987.41481781005859,,1623991679.420248,3105.3698959050557,0.044377795013356869,1
sep-ipop-w121,3,112003,1458,1931264,987.41481781005859,,3734217110.6579685,4399.8886657315697,0.043816461546812693,1
sep-ipop-w121,3,112003,1470,1955840,987.41481781005859,,8693748148.573576,5413.8062988747979,0.047740686814232547,1
sep-ipop-w121,3,112003,1483,1982464,987.41481781005859,,24014437532.468952,4630.2047788476411,0.046422905025584257,1
sep-ipop-w121,3,112003,1495,2007040,987.41481781005859,,58277288002.245995,4053.0386134922496,0.045043324793865962,1
sep-ipop-w121,3,112003,1508,2033664,987.41481781005859,,176816371778.28394,3512.1046958817651,0.048989278970459939,1
sep-ipop-w121,3,112003,1520,2058240,987.41481781005859,,432975063902.43701,2830.8756457801942,0.047569745284844922,1
sep-ipop-w121,3,112003,1532,2082816,987.41481781005859,,1397422297789.6226,1857.0216611849964,0.054898906069964719,1
sep-ipop-w121,3,112003,1545,2109440,987.41481781005859,,6763699388085.2246,1422.802988540157,0.089692289677696338,1
sep-ipop-w121,3,112003,1557,2134016,977.15793228149414,,18702686098013.996,966.83921403159763,0.079372468492804299,1
sep-ipop-w121,3,112003,1570,2160640,965.65098444620764,,28346044923535.621,1432.7526767404229,0.047656351203300078,1
sep-ipop-w121,3,112003,1582,2185216,963.89364496866858,,44083371020620.062,1346.5875442599893,0.029008148758867393,1
sep-ipop-w121,3,112003,1595,2211840,961.9222195943197,,63154542964296.016,2633.7663992049975,0.024325252202645975,1
sep-ipop-w121,3,112003,1607,2236416,961.40615336100257,,91798677722738.609,3730.7289684856473,0.020234398647598868,1
sep-ipop-w121,3,112003,1619,2260992,960.43667984008789,,116212017884085,4654.6946868077048,0.016651059973754045,1
sep-ipop-w121,3,112003,1632,2287616,959.87991333007812,,172204654825923.31,5455.8110998835191,0.015505213352106337,1
sep-ipop-w121,3,112003,1644,2312192,959.27346165974939,,272788975003969.16,4962.3106020501655,0.01464389946607533,1
sep-ipop-w121,3,112003,1657,2338816,958.70806248982751,,382621698326071.44,12941.239022595621,0.014122486180131398,1
sep-ipop-w121,3,112003,1669,2363392,958.53400166829431,,520077235685328.19,69136.252110554633,0.014223588309616208,1
sep-ipop-w121,3,112003,1681,2387968,958.2591438293457,,833197808564725.38,181823.49514186013,0.013921377693763936,1
sep-ipop-w121,3,112003,1694,2414592,957.95953114827478,,1301050802733916.8,641833.63369306026,0.013452467411148172,1
sep-ipop-w121,3,112003,1706,2439168,957.92232386271155,,2848104541973916,851334.65071327798,0.0150515987258761,1
sep-ipop-w121,3,112003,1719,2465792,957.72082646687829,,4875147299251918,1098470.0448537588,0.012748938324427538,1
sep-ipop-w121,3,112003,1731,2490368,957.64281717936194,,11072366185235370,996832.10590237333,0.01459931759988569,1
sep-ipop-w121,3,112003,1743,2514944,957.39226659139001,,24116508141187236,1018021.1193920397,0.016596076477761741,1
sep-ipop-w121,3,112003,1756,2541568,957.270751953125,,56636550394914616,723120.31394308258,0.01743912566698513,1
sep-ipop-w121,3,112003,1768,2566144,957.11174519856775,,88408538160748096,995837.82927524613,0.013227328383175183,1
sep-ipop-w121,3,112003,1781,2592768,956.96283976236975,,1.2982246081142094e+17,2825549.5152832246,0.012535073572091136,1
sep-ipop-w121,3,112003,1793,2617344,956.91076024373376,,1.8765937561268275e+17,5553372.0308410311,0.010130631686114189,1
sep-ipop-w121,3,112003,1805,2641920,956.86846160888672,,2.8992683939283507e+17,18768719.054159731,0.01086990544390889,1
sep-ipop-w121,3,112003,1818,2668544,956.79239654541016,,4.6084650366693402e+17,30017179.336275097,0.0099667550690983805,1
sep-ipop-w121,3,112003,1830,2693120,956.78729502360022,,7.2731833725934528e+17,33704192.384531647,0.0097931232957011137,1
sep-ipop-w121,3,112003,1843,2719744,956.7578125,,1.2703727219870403e+18,31710117.400535855,0.010665969373417168,1
sep-ipop-w121,3,112003,1855,2744320,956.71786117553711,,2.308313306784169e+18,43325990.214185327,0.011386096434594368,1
sep-ipop-w121,3,112003,1867,2768896,956.71786117553711,,4.4163311115767818e+18,31057644.65622364,0.010057700609244845,1
sep-ipop-w121,3,112003,1880,2795520,956.68427022298181,,8.2797797077559767e+18,49634249.356724665,0.011125054625252125,1
sep-ipop-w121,3,112003,1892,2820096,956.67106755574548,,1.386401881226787e+19,27741807.379319038,0.0096895945252340725,1
sep-ipop-w121,3,112003,1905,2846720,956.63984934488929,,2.5545901709053694e+19,44409118.14627891,0.012151499419832892,1
sep-ipop-w121,3,112003,1917,2871296,956.62040328979492,,4.6801188027623817e+19,33728529.238799796,0.011253565545932362,1
sep-ipop-w121,3,112003,1929,2895872,956.59840265909827,,8.2098335548181185e+19,33511634.394892536,0.011305697227128313,1
sep-ipop-w121,3,112003,1942,2922496,956.57653554280603,,1.5806405517777679e+20,27485784.56013833,0.010158928994557075,1
sep-ipop-w121,3,112003,1954,2947072,956.53223292032874,,2.8126196738209196e+20,37204251.179529138,0.011035705474012733,1
sep-ipop-w121,3,112003,1967,2973696,956.51392491658532,,5.3530720744699317e+20,45169737.059806786,0.0117886016716804,1
sep-ipop-w121,3,112003,1979,2998272,956.48957061767578,,1.0177546131624947e+21,30390359.646330182,0.01182801546373634,1
sep-ipop-w121,3,112003,1991,3022848,956.46512349446618,,1.9108896931334901e+21,30095496.141276591,0.011614407346895493,1
sep-ipop-w121,3,112003,2004,3049472,956.42936833699548,,3.3792447708095494e+21,34565071.884014226,0.01002301340752486,1
sep-ipop-w121,3,112003,2016,3074048,956.41050720214844,,6.1476508794290774e+21,47509473.994517617,0.011102027400637064,1
sep-ipop-w121,3,112003,2029,3100672,956.38952763875329,,1.0546165300694018e+22,51084749.791172303,0.011156854695694015,1
sep-ipop-w121,3,112003,2041,3125248,956.37163162231445,,1.6649857863139985e+22,60280192.154476784,0.010055191399856663,1
sep-ipop-w121,3,112003,2053,3149824,956.34112930297852,,2.6890714712049415e+22,109651081.62689799,0.010209308437930246,1
sep-ipop-w121,3,112003,2066,3176448,956.32642237345374,,5.0109967955033791e+22,476577701.86911458,0.011796325968369789,1
sep-ipop-w121,3,112003,2078,3201024,956.30961608886719,,8.2776855485957508e+22,791824371.67391419,0.01158784946145586,1
sep-ipop-w121,3,112003,2091,3227648,956.30555725097656,,1.4356752367871336e+23,914492235.43718135,0.010214679969634708,1
sep-ipop-w121,3,112003,2103,3252224,956.2906277974447,,2.3610825734331135e+23,795962249.05548573,0.0098628653489919588,1
sep-ipop-w121,3,112003,2115,3276800,956.2749354044596,,4.594473920308194e+23,739991835.95796824,0.010922487460162998,1
sep-ipop-w121,3,112003,2128,3303424,956.2592557271322,,9.8686361267500953e+23,487531012.79900008,0.010222994422553779,1
sep-ipop-w121,3,112003,2140,3328000,956.23473230997718,,1.7884196540077017e+24,616883206.0146755,0.010305089290845035,1
sep-ipop-w121,3,112003,2153,3354624,956.2215461730957,,3.2073082017622073e+24,646058465.41421151,0.0095938537171778304,1
sep-ipop-w121,3,112003,2165,3379200,956.2032801310221,,5.477108209214516e+24,682117468.50240958,0.010018727094429806,1
sep-ipop-w121,3,112003,2177,3403776,956.19523493448889,,8.210241469278249e+24,716695098.09061062,0.009009937151565537,1
sep-ipop-w121,3,112003,2190,3430400,956.19195938110352,,1.0834096237112954e+25,875931354.58541405,0.0087002288016389054,1
sep-ipop-w121,3,112003,2202,3454976,956.18075942993164,,1.4298770646706461e+25,655742160.10900497,0.0086566267731865796,1
sep-ipop-w121,3,112003,2215,3481600,956.17377344767249,,1.9238618230319043e+25,519590561.63677341,0.0082592193848524415,1
sep-ipop-w121,3,112003,2227,3506176,956.17203648885095,,2.4366786627966866e+25,2020098165.6621523,0.0087036641115354058,1
sep-ipop-w121,3,112003,2239,3530752,956.17176183064782,,3.503231685751266e+25,14541894560.003414,0.0087267117419615094,1
sep-ipop-w121,3,112003,2252,3557376,956.17156728108728,,4.914278250677658e+25,20510034134.749489,0.0089863002989475273,1
sep-ipop-w121,3,112003,2264,3581952,956.17156728108728,,6.3322613250294809e+25,24376384917.490208,0.0082850663719301679,1
sep-ipop-w121,3,112003,2277,3608576,956.17156728108728,,8.4169029186191803e+25,21929084342.367867,0.0082568851150305426,1
sep-ipop-w121,3,112003,2289,3633152,956.17156728108728,,8.3418783760054774e+25,17539663641.288082,0.0064365060669573076,1
sep-ipop-w121,3,112003,2301,3657728,956.17156728108728,,8.073551635734371e+25,15461702786.875631,0.0051104199858418757,1
sep-ipop-w121,3,112003,2314,3684352,956.17156728108728,,7.6661616979899733e+25,22353712565.033905,0.0049508014367235648,1
sep-ipop-w121,3,112003,2326,3708928,956.17156728108728,,7.4976781702102217e+25,26435103874.819897,0.0047757322907470336,1
sep-ipop-w121,3,112003,2339,3735552,956.17156728108728,,7.2247223438178637e+25,20938275760.682407,0.0041648467770266746,1
sep-ipop-w121,3,112003,2351,3760128,956.17156728108728,,7.1342700844369736e+25,18010690550.841167,0.0036359109957553337,1
sep-ipop-w121,3,112003,2363,3786752,956.17156728108728,,0.37801852957450827,1.7651369570695994,0.43652800508239992,2
sep-ipop-w121,3,112003,2369,3811328,956.17156728108728,,0.75622040595939488,8.2843450310177111,0.92320495080390708,2
sep-ipop-w121,3,112003,2375,3835904,956.17156728108728,,0.96453361741104027,10.78771934569208,0.777418061490877,2
sep-ipop-w121,3,112003,2382,3864576,956.17156728108728,,1.1935892716212055,11.854684233882582,0.53490116029370471,2
sep-ipop-w121,3,112003,2388,3889152,956.17156728108728,,1.380566017815902,13.546232866228952,0.41533588091930013,2
sep-ipop-w121,3,112003,2394,3913728,956.17156728108728,,1.8826903351084165,21.377845401778142,0.37542142658040067,2
sep-ipop-w121,3,112003,2400,3938304,956.17156728108728,,2.6444263440670581,60.461994065795437,0.32799534576425959,2
sep-ipop-w121,3,112003,2406,3962880,956.17156728108728,,3.7143201699431292,139.96611195719251,0.31546219525966307,2
sep-ipop-w121,3,112003,2413,3991552,956.17156728108728,,5.6885512010419044,211.8851193025238,0.30940213539270178,2
sep-ipop-w121,3,112003,2419,4016128,956.17156728108728,,8.1860860617713023,298.85391197419824,0.31324944788264147,2
sep-ipop-w121,3,112003,2425,4040704,956.17156728108728,,10.874871240174235,391.04194355725735,0.29616002566130301,2
sep-ipop-w121,3,112003,2431,4065280,956.17156728108728,,13.508212501164911,589.78477167131473,0.28996131782026879,2
sep-ipop-w121,3,112003,2437,4089856,956.17156728108728,,15.311806865875834,1136.3715753361366,0.28805825402250657,2
sep-ipop-w121,3,112003,2444,4118528,956.17156728108728,,18.662905979777943,1716.1677801537055,0.27831390224386648,2
sep-ipop-w121,3,112003,2450,4143104,956.17156728108728,,23.67190130494502,1978.5947215898227,0.27891205186633367,2
sep-ipop-w121,3,112003,2456,4167680,956.17156728108728,,33.844211730389034,1737.8416530837137,0.30194962889094146,2
sep-ipop-w121,3,112003,2462,4192256,956.17156728108728,,46.306592553485238,1472.2652430869241,0.29758243523023242,2
sep-ipop-w121,3,112003,2468,4216832,956.17156728108728,,62.985882845631004,1312.176039504393,0.2953760546559917,2
sep-ipop-w121,3,112003,2475,4245504,956.17156728108728,,87.455740816209385,1377.4714663201305,0.26662820991602981,2
sep-ipop-w121,3,112003,2481,4270080,956.17156728108728,,112.37384313868257,1599.7601580606868,0.25931451030993069,2
sep-ipop-w121,3,112003,2487,4294656,956.17156728108728,,157.11473390917678,2089.0935614159662,0.27648782335171507,2
sep-ipop-w121,3,112003,2493,4319232,956.17156728108728,,213.20275461368658,2108.3707796301132,0.27172667862408045,2
sep-ipop-w121,3,112003,2499,4343808,956.17156728108728,,287.11504450816733,2276.0562708076163,0.25677399652937977,2
sep-ipop-w121,3,112003,2506,4372480,956.17156728108728,,401.0784808468436,3006.06823222608,0.24880552720721918,2
sep-ipop-w121,3,112003,2512,4397056,956.17156728108728,,567.01566076257689,3876.7057358387724,0.26084633008875924,2
sep-ipop-w121,3,112003,2518,4421632,956.17156728108728,,816.81584602348062,3900.2661694484736,0.27393622191217282,2
sep-ipop-w121,3,112003,2524,4446208,956.17156728108728,,1083.9831008835538,3585.1927979795382,0.26918332482904533,2
sep-ipop-w121,3,112003,2530,4470784,956.17156728108728,,1392.0005600236188,3856.3383525078402,0.25331271752546702,2
sep-ipop-w121,3,112003,2537,4499456,956.17156728108728,,1916.5826453939856,4313.3079056004226,0.2579236206847611,2
sep-ipop-w121,3,112003,2543,4524032,956.17156728108728,,3025.3998377033563,4092.5130118348125,0.27993996750618955,2
sep-ipop-w121,3,112003,2549,4548608,956.17156728108728,,4865.4248188515321,3407.4887693899132,0.2809655929273589,2
sep-ipop-w121,3,112003,2555,4573184,956.17156728108728,,7405.0949288609281,2452.6491093764917,0.27940289665088358,2
sep-ipop-w121,3,112003,2561,4597760,956.17156728108728,,10758.726154909891,2832.6533673739664,0.2865451146104831,2
sep-ipop-w121,3,112003,2568,4626432,956.17156728108728,,16611.063246448542,3392.8486169809617,0.26877618685577237,2
sep-ipop-w121,3,112003,2574,4651008,956.17156728108728,,23600.277994097065,5771.2547463776091,0.27320367855531852,2
sep-ipop-w121,3,112003,2580,4675584,956.17156728108728,,35193.070562400382,9245.2511700001578,0.28674729274245442,2
sep-ipop-w121,3,112003,2586,4700160,956.17156728108728,,52023.277657794883,8580.1150898289325,0.27235012432405953,2
sep-ipop-w121,3,112003,2592,4724736,956.17156728108728,,76071.498105147984,9631.0009670824456,0.2680754807487708,2
sep-ipop-w121,3,112003,2599,4753408,956.17156728108728,,110702.67955014987,13489.497388191643,0.25581270786079696,2
sep-ipop-w121,3,112003,2605,4777984,956.17156728108728,,151789.77645576268,21457.970318462165,0.24619736128478278,2
sep-ipop-w121,3,112003,2611,4802560,948.77366765340173,,211861.97618270363,28714.467083756899,0.22928141367734253,2
sep-ipop-w121,3,112003,2617,4827136,938.30705261230469,,307390.66199054674,29491.469646482699,0.21632286594904218,2
sep-ipop-w121,3,112003,2623,4851712,934.17394129435218,,432120.65085141303,33678.663184624609,0.19409033184026889,2
sep-ipop-w121,3,112003,2630,4880384,921.01385625203454,,651263.27722876007,33635.520020870928,0.16337281289400613,2
sep-ipop-w121,3,112003,2636,4904960,907.33520380655921,,979350.09179775312,24480.220869718607,0.14919831853829948,2
sep-ipop-w121,3,112003,2642,4929536,902.20590209960938,,1309033.2751234854,17255.872269356936,0.12429880739361217,2
sep-ipop-w121,3,112003,2648,4954112,895.77867889404297,,1819542.8959283507,17385.540060791453,0.11775952410206812,2
sep-ipop-w121,3,112003,2654,4978688,892.69031270345056,,2746543.1537689576,17569.889688091898,0.11039129925141188,2
sep-ipop-w121,3,112003,2661,5007360,884.92208480834961,,4436383.3215614976,17895.514693972655,0.093123129502428348,2
sep-ipop-w121,3,112003,2667,5031936,883.56618881225586,,7104810.6188074071,17718.805346205754,0.09359636564519945,2
sep-ipop-w121,3,112003,2673,5056512,878.33413187662757,,11754048.247210532,16608.533516571184,0.091992550349205032,2
sep-ipop-w121,3,112003,2679,5081088,875.67440414428711,,19111711.705058791,20227.218712722137,0.090867067739345705,2
sep-ipop-w121,3,112003,2685,5105664,873.32668813069665,,31212054.669025082,17557.777140046772,0.089364827120645821,2
sep-ipop-w121,3,112003,2692,5134336,869.71035385131836,,53242472.045020454,18720.543485876486,0.08405979507438166,2
sep-ipop-w121,3,112003,2698,5158912,865.91708628336585,,82808721.524263054,18105.891955044437,0.077791756328219969,2
sep-ipop-w121,3,112003,2704,5183488,863.94257990519202,,127916951.67996417,18535.627728149342,0.06950689790334591,2
sep-ipop-w121,3,112003,2710,5208064,861.67272186279297,,195086171.30898729,20865.363483453799,0.065950656691818613,2
sep-ipop-w121,3,112003,2716,5232640,859.27559916178382,,263400197.33947566,21336.54080274513,0.054980792273517549,2
sep-ipop-w121,3,112003,2723,5261312,856.79298146565759,,364959474.74291354,23052.403730966409,0.040119258724960499,2
sep-ipop-w121,3,112003,2729,5285888,856.13495508829749,,505007764.47284961,27575.768653907147,0.035962845959725119,2
sep-ipop-w121,3,112003,2735,5310464,855.25583902994788,,690255176.186566,23675.902582097799,0.029685784011712311,2
sep-ipop-w121,3,112003,2741,5335040,854.17236455281579,,996717692.48453999,25884.122223703453,0.0284592812393939,2
sep-ipop-w121,3,112003,2747,5359616,853.2603874206543,,1326173543.3493624,29353.950186361559,0.026185916633231384,2
sep-ipop-w121,3,112003,2754,5388288,852.70993804931641,,1846127410.8100452,30333.43460526098,0.023992854837133426,2
sep-ipop-w121,3,112003,2760,5412864,852.2286478678385,,2426714636.9095812,39899.953667560927,0.024342777456248875,2
sep-ipop-w121,3,112003,2766,5437440,852.14631017049157,,2933929185.7816544,45475.553915323893,0.022247523819815474,2
sep-ipop-w121,3,112003,2772,5462016,851.38631057739258,,3365423136.8932862,49868.13212714134,0.019600015109004568,2
sep-ipop-w121,3,112003,2778,5486592,851.18274180094397,,3772382374.81041,68845.517970872155,0.019372319957128972,2
sep-ipop-w121,3,112003,2785,5515264,850.39614613850915,,4125213028.522151,70162.221246212532,0.016794196483698481,2
sep-ipop-w121,3,112003,2791,5539840,850.04796473185218,,4590926326.1897602,80589.529852717314,0.016745680827683743,2
sep-ipop-w121,3,112003,2797,5564416,850.04796473185218,,5576381512.7015724,117699.01515553791,0.019984783503770084,2
sep-ipop-w121,3,112003,2803,5588992,850.04421234130859,,6883388794.1058216,117687.43746388974,0.01941381413029819,2
sep-ipop-w121,3,112003,2809,5613568,849.93356704711914,,8439291928.2042189,106981.11492580471,0.017118514664661768,2
sep-ipop-w121,3,112003,2816,5642240,849.91343688964844,,10463380031.998007,123450.14547958493,0.0161128783482926,2
sep-ipop-w121,3,112003,2822,5666816,849.56781005859375,,12051358893.156603,119719.12336265434,0.014389714527405511,2
sep-ipop-w121,3,112003,2828,5691392,849.47267150878906,,14105134095.580467,126889.5570438546,0.013618240586727384,2
sep-ipop-w121,3,112003,2834,5715968,849.41343307495117,,16292765933.307299,138678.82639853051,0.013410356703144591,2
sep-ipop-w121,3,112003,2840,5740544,849.24739837646484,,19370377097.242512,132872.71206608933,0.01302229777261432,2
sep-ipop-w121,3,112003,2847,5769216,849.17505645751953,,25734945514.577728,167455.86632060166,0.014732567553460453,2
sep-ipop-w121,3,112003,2853,5793792,849.0538660685221,,33717290759.838676,166421.77615681922,0.015630998621735975,2
sep-ipop-w121,3,112003,2859,5818368,849.0538660685221,,41138357536.849297,149914.45218727566,0.014802489779093733,2
sep-ipop-w121,3,112003,2865,5842944,848.86924362182617,,46146653850.03228,164039.82418509197,0.013012588087022322,2
sep-ipop-w121,3,112003,2871,5867520,848.86045455932617,,52843283614.69619,160526.14667696721,0.011875863883676074,2
sep-ipop-w121,3,112003,2878,5896192,848.68204498291016,,64954600958.533966,155139.45115571251,0.011361365552776217,2
sep-ipop-w121,3,112003,2884,5920768,848.67519124348962,,77758800597.903412,243945.67919741207,0.012838196213763963,2
sep-ipop-w121,3,112003,2890,5945344,848.63125228881836,,104012222620.97749,215147.21441410432,0.01332361391057149,2
sep-ipop-w121,3,112003,2896,5969920,848.59715398152673,,137660346328.67459,286883.48359822744,0.013961743373309703,2
sep-ipop-w121,3,112003,2902,5994496,848.4006017049154,,177606936119.36285,283246.19408819498,0.013646140719856059,2
sep-ipop-w121,3,112003,2909,6023168,848.24686559041345,,259443564870.02835,277788.94288615539,0.014852130290012642,2
sep-ipop-w121,3,112003,2915,6047744,848.16237767537439,,383865948767.30573,271281.92891330121,0.016488523779570947,2
sep-ipop-w121,3,112003,2921,6072320,848.11656316121423,,474849999532.09302,313124.83797378535,0.015870199513896805,2
sep-ipop-w121,3,112003,2927,6096896,848.03855768839514,,579642100148.75769,287373.13600972795,0.013985773750646408,2
sep-ipop-w121,3,112003,2933,6121472,848.02398554484046,,774592480564.07324,299544.84290797089,0.013751574483348215,2
sep-ipop-w121,3,112003,2940,6150144,847.96474075317383,,1038378221475.3828,333546.04863758356,0.014118006604126952,2
sep-ipop-w121,3,112003,2946,6174720,847.93665059407556,,1318481425515.406,342724.10427667247,0.01401581239721883,2
sep-ipop-w121,3,112003,2952,6199296,847.92170588175452,,1751586588986.5464,389826.49004971422,0.014756154451324565,2
sep-ipop-w121,3,112003,2958,6223872,847.88455708821618,,2339892392465.625,337107.02661133208,0.013664654543653201,2
sep-ipop-w121,3,112003,2964,6248448,847.77997716267907,,2797823329895.3252,362661.33229199063,0.012661792670052156,2
sep-ipop-w121,3,112003,2971,6277120,847.75903193155921,,3806159402398.2104,387472.21665653563,0.013044265303537155,2
sep-ipop-w121,3,112003,2977,6301696,847.71671040852868,,4943764058850.4111,504817.42631046037,0.013054812390003808,2
sep-ipop-w121,3,112003,2983,6326272,847.71671040852868,,6474401412591.8975,525793.34381983487,0.013217921366656785,2
sep-ipop-w121,3,112003,2989,6350848,847.64715830485022,,8302017635269.3535,817599.10768060561,0.013587268145360931,2
sep-ipop-w121,3,112003,2995,6375424,847.63337961832679,,10774821975225.336,843662.52908592043,0.013326669348643135,2
sep-ipop-w121,3,112003,3002,6404096,847.62166849772132,,14143746077775.268,825225.74456057092,0.012423928359842885,2
sep-ipop-w121,3,112003,3008,6428672,847.59049860636389,,15943591862639.51,954287.22646277468,0.011276581132414372,2
sep-ipop-w121,3,112003,3014,6453248,847.55900573730469,,18045968467626.371,1033215.715697672,0.010886072609064761,2
sep-ipop-w121,3,112003,3020,6477824,847.5242818196615,,21274310428609.734,946787.08489844832,0.010252467426389262,2
sep-ipop-w121,3,112003,3026,6502400,847.50825627644861,,24301391294491.012,936026.3266548058,0.0099013245804425946,2
sep-ipop-w484,3,112003,1,1024,14645.154207865397,,0.2918552918807068,8.7952349308922706,0.13253670266137602,0
sep-ipop-w484,3,112003,5,5120,2027.0751698811848,,0.83062764010009926,53.087018249418087,0.82360626508087398,0
sep-ipop-w484,3,112003,10,10240,1757.3121515909831,,1.328269794821469,55.921495408517508,1.0794528074125995,0
sep-ipop-w484,3,112003,20,20480,1658.9368591308594,,2.3980693035020435,7.9139545868607346,0.39542132870427282,0
sep-ipop-w484,3,112003,25,25600,1658.9368591308594,,2.8413995821673268,6.2208659495875454,0.33972063499394811,0
sep-ipop-w484,3,112003,40,40960,1598.1133918762207,,3.9493219359240777,74.15502543249471,0.25399408289691799,0
sep-ipop-w484,3,112003,50,51200,1503.6323776245117,,7.7730698121404505,101.9201410920366,0.2774854266769361,0
sep-ipop-w484,3,112003,75,76800,1375.4941571553547,,17.577430230215022,508.07191603350714,0.21793651341237202,0
sep-ipop-w484,3,112003,80,81920,1375.4941571553547,,19.84074501783352,556.44950569157311,0.2024366435457276,0
sep-ipop-w484,3,112003,100,102400,1345.1948483784993,,39.829774397396896,3016.935997247615,0.24522416652709811,0
sep-ipop-w484,3,112003,125,128000,1279.0836232503254,,134.95560840357169,3210.7900717049074,0.24069623636601434,0
sep-ipop-w484,3,112003,149,152576,1149.3014602661133,,467.88373048189544,3657.4778006140859,0.24951584079815312,0
sep-ipop-w484,3,112003,160,163840,1127.8567581176758,,654.89736421731004,4487.4983186027966,0.22103207522946483,0
sep-ipop-w484,3,112003,174,178176,1116.0750325520833,,1145.1516273310046,11811.52017056482,0.2442583835093517,0
sep-ipop-w484,3,112003,199,203776,1096.5152079264324,,3357.651341205818,22500.154888899415,0.20470163274499928,0
sep-ipop-w484,3,112003,224,229376,1090.6751111348469,,7405.287311929801,22348.15740276314,0.12628713678158815,0
sep-ipop-w484,3,112003,249,254976,1087.5874608357747,,51435.792965392226,9330.1890183491159,0.13170188695962748,0
sep-ipop-w484,3,112003,255,261120,1084.9749132792156,,97305.029880225018,9815.4227504308692,0.16218010203766503,0
sep-ipop-w484,3,112003,273,279552,1077.589038848877,,414609.27018129232,12232.638593290958,0.19998025989968085,0
sep-ipop-w484,3,112003,298,305152,1057.6248613993328,,3283003.9330574805,12026.912357688499,0.26288735251570966,0
sep-ipop-w484,3,112003,323,330752,1041.5019963582356,,11751756.615253964,20996.955704385749,0.22945869202664301,0
sep-ipop-w484,3,112003,348,356352,1025.4180870056152,,52330114.909112155,20550.559852431576,0.1901532262506351,0
sep-ipop-w484,3,112003,373,381952,1014.1117858886719,,194533672.88790652,4484.2083228144174,0.089131242653554058,0
sep-ipop-w484,3,112003,397,406528,1006.9857699076334,,661832089.08273125,2894.8619815967277,0.050844510094563748,0
sep-ipop-w484,3,112003,422,432128,1002.9009297688802,,2551461752.1480174,3087.261449445899,0.036395683918749151,0
sep-ipop-w484,3,112003,447,457728,999.86995315551758,,8789414245.1866055,2005.1624528062844,0.030999820652308906,0
sep-ipop-w484,3,112003,472,483328,997.97627258300781,,33904076397.619255,3101.9539632661395,0.029100987200203307,0
sep-ipop-w484,3,112003,497,508928,995.76679102579749,,106532945771.45473,3974.4595229496622,0.025750921439645844,0
sep-ipop-w484,3,112003,521,533504,994.66660054524743,,301065813891.80231,3019.7430893079668,0.023564527755531008,0
sep-ipop-w484,3,112003,546,559104,993.77687072753906,,949651170629.66431,4442.6881141716785,0.020797234707387365,0
sep-ipop-w484,3,112003,571,584704,992.33146540323889,,2350439103692.7637,3297.3493953871321,0.019980828138958028,0
sep-ipop-w484,3,112003,596,610304,991.63329950968421,,5236739595234.7607,2208.9718163448938,0.015701657978902842,0
sep-ipop-w484,3,112003,621,635904,991.09968566894531,,13649957557894.348,2830.2360245557797,0.015760888750106214,0
sep-ipop-w484,3,112003,645,660480,990.22013982137048,,26035008177628.148,4548.4049005022162,0.01430399396235634,0
sep-ipop-w484,3,112003,670,686080,989.23038864135742,,43446570847082.289,81836.566332115035,0.015693070786417386,0
sep-ipop-w484,3,112003,695,711680,988.40861892700195,,70439516272538.781,1247717.51691716,0.012816576945260418,0
sep-ipop-w484,3,112003,720,737280,988.19518407185876,,123646477718843.88,6464260.9315332612,0.0070421645721319469,0
sep-ipop-w484,3,112003,745,762880,988.04640960693359,,197726008964759.28,3257846.2234702692,0.0034309799604598959,0
sep-ipop-w484,3,112003,769,787456,987.98397318522132,,238703736537398.34,8816023.8299236186,0.0037348027481567117,0
sep-ipop-w484,3,112003,794,813056,987.90064875284827,,369750253659823.56,105773653.01967601,0.003923126914858386,0
sep-ipop-w484,3,112003,819,838656,987.81422932942712,,749308930603438.62,89562262.471909523,0.004514161361173729,0
sep-ipop-w484,3,112003,844,864256,987.50436401367188,,1254715695280463.2,85477070.864247173,0.0036060172619017785,0
sep-ipop-w484,3,112003,869,889856,987.41632207234704,,1972071455508138,505295890.64028782,0.003840479239919703,0
sep-ipop-w484,3,112003,893,914432,987.41533533732093,,3941444418395605.5,483759739.38305175,0.0038483736105146766,0
sep-ipop-w484,3,112003,918,940032,987.41481781005859,,6594348249218019,873024894.40930116,0.0033212085467570784,0
sep-ipop-w484,3,112003,943,965632,987.41481781005859,,8776036769433485,2228038166.0627847,0.0034174842406454763,0
sep-ipop-w484,3,112003,968,991232,987.41481781005859,,8994874325295080,1121445565.0834591,0.0015652545212776925,0
sep-ipop-w484,3,112003,993,1016832,987.41481781005859,,8328872506490369,1042045929.3982745,0.0013475384967185291,0
sep-ipop-w484,3,112003,1017,1041408,987.41481781005859,,9086373426515992,2006732288.5251155,0.0015776117938502575,0
sep-ipop-w484,3,112003,1042,1067008,987.41481781005859,,8744515445458664,3335559162.2273016,0.0020364088825837144,0
sep-ipop-w484,3,112003,1067,1092608,987.41481781005859,,7880545724298891,4765946348.8606415,0.0014956479219512787,0
sep-ipop-w484,3,112003,1092,1118208,987.41481781005859,,7895345966459838,2022315797.9999416,0.0012988494350513419,0
sep-ipop-w484,3,112003,1116,1144832,987.41481781005859,,0.42540417196898989,2.9178771917167072,0.59644489175708237,1
sep-ipop-w484,3,112003,1128,1169408,987.41481781005859,,0.87825132884066892,11.473512105981415,0.7044552604782921,1
sep-ipop-w484,3,112003,1140,1193984,987.41481781005859,,1.1593394801915873,12.742057075152456,0.41634275637366325,1
sep-ipop-w484,3,112003,1153,1220608,987.41481781005859,,1.8362601540559653,60.743920935354481,0.33334977025873658,1
sep-ipop-w484,3,112003,1165,1245184,987.41481781005859,,3.6839222506125866,263.54526547190818,0.3108385420407323,1
sep-ipop-w484,3,112003,1178,1271808,987.41481781005859,,7.0433392341987746,478.84710093805376,0.3079784787397834,1
sep-ipop-w484,3,112003,1190,1296384,987.41481781005859,,10.783477860496458,752.16759014123056,0.30230174868583959,1
sep-ipop-w484,3,112003,1202,1320960,987.41481781005859,,16.196212965581289,1553.0910278840408,0.30667003564180667,1
sep-ipop-w484,3,112003,1215,1347584,987.41481781005859,,31.655435820654066,1221.8650125455476,0.2867417162069229,1
sep-ipop-w484,3,112003,1227,1372160,987.41481781005859,,54.348476477598822,1655.4585066924394,0.25907564419960044,1
sep-ipop-w484,3,112003,1240,1398784,987.41481781005859,,94.050578090434115,1803.7803351160717,0.2603432441714868,1
sep-ipop-w484,3,112003,1252,1423360,987.41481781005859,,163.58505025807315,2078.9550396306754,0.26737530257453795,1
sep-ipop-w484,3,112003,1264,1447936,987.41481781005859,,285.70935844375856,2917.4418244589824,0.26975098280301257,1
sep-ipop-w484,3,112003,1277,1474560,987.41481781005859,,593.4662604160975,3185.8718314897083,0.26627335712947764,1
sep-ipop-w484,3,112003,1289,1499136,987.41481781005859,,1201.509403013149,4279.8519328388884,0.27123281065881749,1
sep-ipop-w484,3,112003,1302,1525760,987.41481781005859,,3191.9192578002098,5019.5864009727657,0.27761057338277295,1
sep-ipop-w484,3,112003,1314,1550336,987.41481781005859,,10309.730183773021,2491.9401573237647,0.3211139582822447,1
sep-ipop-w484,3,112003,1326,1574912,987.41481781005859,,21661.972289295987,3198.225958577525,0.26310898865125343,1
sep-ipop-w484,3,112003,1339,1601536,987.41481781005859,,44366.278608561763,7266.8078578300365,0.2549172724202961,1
sep-ipop-w484,3,112003,1351,1626112,987.41481781005859,,78718.844757865445,7662.743263062288,0.24980707440944874,1
sep-ipop-w484,3,112003,1364,1652736,987.41481781005859,,188681.51062738325,6907.9776150254147,0.28582222292745596,1
sep-ipop-w484,3,112003,1376,1677312,987.41481781005859,,365151.58950402093,4837.4637449625452,0.25921106992802379,1
sep-ipop-w484,3,112003,1388,1701888,987.33781687418616,,707618.46006531571,8727.0467555032992,0.26282347538584816,1
sep-ipop-w484,3,112003,1401,1728512,980.08080546061194,,1552075.267705326,11957.812457442897,0.24274172270411487,1
sep-ipop-w484,3,112003,1413,1753088,971.18376032511389,,3377160.9161068648,19294.398846177159,0.25933234521461468,1
sep-ipop-w484,3,112003,1426,1779712,966.50146611531579,,8801078.5452657007,23066.358925515306,0.2557818974624072,1
sep-ipop-w484,3,112003,1438,1804288,961.67501703898108,,24035605.894030668,22739.388294322904,0.280859293301709,1
sep-ipop-w484,3,112003,1450,1828864,954.71530024210608,,43715286.424195908,29604.739946517446,0.21736985648411178,1
sep-ipop-w484,3,112003,1463,1855488,946.72801208496094,,90033594.55323644,29139.659502194998,0.19377519712880795,1
sep-ipop-w484,3,112003,1475,1880064,938.95059712727868,,304149238.91023964,7116.5435408666308,0.17363505657931655,1
sep-ipop-w484,3,112003,1488,1906688,921.98561986287439,,1116605657.8093951,1294.4498788142091,0.11085773988398437,1
sep-ipop-w484,3,112003,1500,1931264,907.27880859375,,2932077299.4526253,669.61746203625398,0.086410325671407287,1
sep-ipop-w484,3,112003,1512,1955840,890.65099843343103,,6769302829.7002373,967.99208539537233,0.07340806674616937,1
sep-ipop-w484,3,112003,1525,1982464,881.8885828653971,,15940705483.421965,706.64692057147943,0.055564417461915531,1
sep-ipop-w484,3,112003,1537,2007040,875.2433077494303,,44391582282.108536,643.63947411674974,0.056609574071322145,1
sep-ipop-w484,3,112003,1550,2033664,864.67709859212243,,98637654216.728897,819.07257195283125,0.044405642347791041,1
sep-ipop-w484,3,112003,1562,2058240,860.48625183105469,,239709982661.23468,1266.2856307773698,0.042153030911595404,1
sep-ipop-w484,3,112003,1574,2082816,856.80128860473633,,574462194244.77563,1608.3568296095211,0.038837666051730273,1
sep-ipop-w484,3,112003,1587,2109440,853.62141672770179,,1604715666771.2622,2241.0336826306716,0.040297713929578725,1
sep-ipop-w484,3,112003,1599,2134016,850.50964482625329,,3675531359112.8857,1680.5743691424188,0.027523395043023015,1
sep-ipop-w484,3,112003,1612,2160640,848.40045293172204,,10582404208200.512,2062.1284031155074,0.029967765126240303,1
sep-ipop-w484,3,112003,1624,2185216,846.03888956705725,,25963090804733.473,2312.1088809462535,0.029257592525301985,1
sep-ipop-w484,3,112003,1637,2211840,844.28763326009118,,57729745932508.609,2825.0563434371584,0.024612207070570335,1
sep-ipop-w484,3,112003,1649,2236416,842.96914291381836,,134055418695542.3,3770.0332634301922,0.025260913423270633,1
sep-ipop-w484,3,112003,1661,2260992,842.03707504272461,,297159193132044.5,5412.6291975224431,0.024437404546379483,1
sep-ipop-w484,3,112003,1674,2287616,840.29221089680993,,625383716375856.75,9332.5311889743716,0.021859520962030071,1
sep-ipop-w484,3,112003,1686,2312192,839.21982065836585,,1230073704460159.2,13879.584186387925,0.020779278657140094,1
sep-ipop-w484,3,112003,1699,2338816,838.68891525268555,,2197314424035623,13314.41020270312,0.015635008561164485,1
sep-ipop-w484,3,112003,1711,2363392,837.84904607137048,,3838148426490309.5,15378.424483637793,0.014629072927225149,1
sep-ipop-w484,3,112003,1723,2387968,837.42639287312829,,6834336056030595,10947.914505090575,0.012352518438952357,1
sep-ipop-w484,3,112003,1736,2414592,836.34370040893555,,10133631436927116,18048.488032452111,0.011477724627797234,1
sep-ipop-w484,3,112003,1748,2439168,835.97395324707031,,12363162127616762,18697.556322595101,0.0090384628134105392,1
sep-ipop-w484,3,112003,1761,2465792,835.53344090779626,,18093291131751248,9138.4152125934379,0.0059495500733443155,1
sep-ipop-w484,3,112003,1773,2490368,835.03201421101892,,26678557275691476,15844.409073556077,0.0058513523567422111,1
sep-ipop-w484,3,112003,1785,2514944,834.83848317464196,,32561602226520624,19418.849790255652,0.0045387198618204033,1
sep-ipop-w484,3,112003,1798,2541568,834.57456843058264,,42592984123199536,39540.607694971623,0.0042853974899206178,1
sep-ipop-w484,3,112003,1810,2566144,834.35348510742188,,52339675782748240,215105.7884279413,0.0035271165361138203,1
sep-ipop-w484,3,112003,1823,2592768,834.27916590372718,,68027828320786120,584099.53477075137,0.0032776118518734517,1
sep-ipop-w484,3,112003,1835,2617344,834.18739064534509,,93639872091077088,585350.76638712548,0.0033466684923814508,1
sep-ipop-w484,3,112003,1847,2641920,834.12279510498047,,1.108934678224773e+17,838383.80476089579,0.0028195338948922015,1
sep-ipop-w484,3,112003,1860,2668544,834.07306035359704,,1.3732593091802757e+17,2348984.5648549944,0.0024117791839754826,1
sep-ipop-w484,3,112003,1872,2693120,834.04411824544275,,1.8033356795430262e+17,3517879.3328846092,0.0019122498457234435,1
sep-ipop-w484,3,112003,1885,2719744,834.01498285929358,,2.6674237483500435e+17,4119072.7859108807,0.0018976645144561264,1
sep-ipop-w484,3,112003,1897,2744320,834.00207901000977,,3.8016896388599738e+17,4947815.514163319,0.0021578098691877484,1
sep-ipop-w484,3,112003,1909,2768896,833.99274190266931,,4.7831913624146285e+17,5397352.1401216937,0.0017439533802322922,1
sep-ipop-w484,3,112003,1922,2795520,833.990224202474,,6.220524598625408e+17,4096736.8109171358,0.0016426701909103131,1
sep-ipop-w484,3,112003,1934,2820096,833.98671722412109,,8.8497545124369626e+17,6620120.954614698,0.0014550351364171559,1
sep-ipop-w484,3,112003,1947,2846720,833.98273213704431,,1.1628326963408156e+18,13377862.397058483,0.0014401384291487266,1
sep-ipop-w484,3,112003,1959,2871296,833.98238118489587,,1.3476924437352735e+18,21418520.517214939,0.0012437692273512982,1
sep-ipop-w484,3,112003,1971,2895872,833.98210525512695,,1.8905590455419676e+18,73720216.089916855,0.0015942746195509486,1
sep-ipop-w484,3,112003,1984,2922496,833.98192723592126,,2.6408965284879421e+18,105942033.23900588,0.0013456447802370217,1
sep-ipop-w484,3,112003,1996,2947072,833.98192723592126,,2.8361321938363981e+18,187432322.0350768,0.0014311939864908852,1
sep-ipop-w484,3,112003,2009,2973696,833.98192723592126,,2.9649750453164805e+18,184500970.50340179,0.0012833531752755106,1
sep-ipop-w484,3,112003,2021,2998272,833.98192723592126,,2.5956935884818432e+18,197995656.77051741,0.00097741477588586079,1
sep-ipop-w484,3,112003,2033,3022848,833.98192723592126,,2.5849504186325228e+18,354645053.9770689,0.0011294809450962126,1
sep-ipop-w484,3,112003,2046,3049472,833.98192723592126,,2.7125928123462497e+18,374580812.2898013,0.001218144803556753,1
sep-ipop-w484,3,112003,2058,3074048,833.98192723592126,,2.59224047023311e+18,382275794.62206411,0.00091822021244135788,1
sep-ipop-w484,3,112003,2071,3100672,833.98192723592126,,2.4563556118069714e+18,513257803.17055619,0.00077597657959490923,1
sep-ipop-w484,3,112003,2083,3125248,833.98192723592126,,2.4067170989429571e+18,415741059.03314984,0.00077002561917860056,1
sep-ipop-w484,3,112003,2095,3149824,833.98192723592126,,2.3293877315731026e+18,569146523.13088834,0.00079124940643608113,1
sep-ipop-w484,3,112003,2108,3176448,833.98192723592126,,2.3938402994236672e+18,610982365.31219244,0.00079043524373246035,1
sep-ipop-w484,3,112003,2120,3201024,833.98192723592126,,2.2949408084959683e+18,949501588.21868145,0.00085994660877936155,1
sep-ipop-w484,3,112003,2133,3227648,833.98192723592126,,2.2023127734157793e+18,1217202167.7976122,0.0010700247742636815,1
sep-ipop-w484,3,112003,2145,3252224,833.98192723592126,,2.1224884819417014e+18,1532464720.7620919,0.0010625544683304845,1
sep-ipop-w484,3,112003,2157,3276800,833.98192723592126,,2.1736637335323213e+18,1357785233.6174788,0.0010200300728771881,1
sep-ipop-w484,3,112003,2170,3303424,833.98192723592126,,2.1758838519998385e+18,842992948.56497633,0.0010217120600278838,1
sep-ipop-w484,3,112003,2181,3328000,833.98192723592126,,0.37096618276298354,1.8818221187940298,0.42930370835212639,2
sep-ipop-w484,3,112003,2188,3356672,833.98192723592126,,0.70519690631201704,12.998582255275695,1.0671992863239703,2
sep-ipop-w484,3,112003,2194,3381248,833.98192723592126,,0.78095837478957431,17.51003928357742,0.93382507095997247,2
sep-ipop-w484,3,112003,2200,3405824,833.98192723592126,,0.94653005311057881,19.844115057296438,0.83403604378053064,2
sep-ipop-w484,3,112003,2206,3430400,833.98192723592126,,1.1217659615218813,13.6942360610576,0.59201093133613947,2
sep-ipop-w484,3,112003,2212,3454976,833.98192723592126,,1.2383308182745725,13.293571284728342,0.44544116343027712,2
sep-ipop-w484,3,112003,2219,3483648,833.98192723592126,,1.528819316316957,10.773803214585683,0.38167174031576018,2
sep-ipop-w484,3,112003,2225,3508224,833.98192723592126,,1.7661272539484987,9.9514968292498907,0.33271559288817687,2
sep-ipop-w484,3,112003,2231,3532800,833.98192723592126,,2.1212934005723443,17.464652575532121,0.30412257017836503,2
sep-ipop-w484,3,112003,2237,3557376,833.98192723592126,,2.9359631328190834,31.424173696451387,0.31466566656533063,2
sep-ipop-w484,3,112003,2243,3581952,833.98192723592126,,4.2183618705850234,48.766476099860384,0.32156423545985563,2
sep-ipop-w484,3,112003,2250,3610624,833.98192723592126,,5.7203501874105687,63.147974647085427,0.3129943160927684,2
sep-ipop-w484,3,112003,2256,3635200,833.98192723592126,,8.2511277460088657,90.385461246813009,0.3265379231482729,2
sep-ipop-w484,3,112003,2262,3659776,833.98192723592126,,11.252577099770106,122.50463042775907,0.30147732171048425,2
sep-ipop-w484,3,112003,2268,3684352,833.98192723592126,,14.693208663974032,260.82195538572694,0.29477436420581593,2
sep-ipop-w484,3,112003,2274,3708928,833.98192723592126,,18.378821692905056,609.08176355377623,0.27987088341464655,2
sep-ipop-w484,3,112003,2281,3737600,833.98192723592126,,24.167962701645774,1170.8540028799309,0.28204408540764025,2
sep-ipop-w484,3,112003,2287,3762176,833.98192723592126,,34.194166018467833,1755.5425575645991,0.3065487724483304,2
sep-ipop-w484,3,112003,2293,3786752,833.98192723592126,,47.870195388582744,2292.4184700975152,0.30730626942702571,2
sep-ipop-w484,3,112003,2299,3811328,833.98192723592126,,65.323882961920674,3266.4673662070695,0.301993207132431,2
sep-ipop-w484,3,112003,2305,3835904,833.98192723592126,,87.303364676019953,4417.7881578104862,0.27521859000778692,2
sep-ipop-w484,3,112003,2312,3864576,833.98192723592126,,114.15449823191869,8073.1693732793465,0.27490546762005219,2
sep-ipop-w484,3,112003,2318,3889152,833.98192723592126,,136.85580688196052,10982.444593365564,0.26464947820828688,2
sep-ipop-w484,3,112003,2324,3913728,833.98192723592126,,158.92048540704943,14451.495027845354,0.26069318939619224,2
sep-ipop-w484,3,112003,2330,3938304,833.98192723592126,,189.36103628832851,18608.605656807471,0.27285811939821031,2
sep-ipop-w484,3,112003,2336,3962880,833.98192723592126,,256.60593974756443,15964.206951742552,0.28845297596135522,2
sep-ipop-w484,3,112003,2343,3991552,833.98192723592126,,364.21625074943603,13988.305904802104,0.26777698286518503,2
sep-ipop-w484,3,112003,2349,4016128,833.98192723592126,,540.54399421386745,9421.9676060628553,0.28174830697469655,2
sep-ipop-w484,3,112003,2355,4040704,833.98192723592126,,804.42699572685308,7554.5418100782817,0.29190666487150235,2
sep-ipop-w484,3,112003,2361,4065280,833.98192723592126,,1253.9456600390527,4724.7896602126775,0.29737795445542786,2
sep-ipop-w484,3,112003,2367,4089856,833.98192723592126,,1839.8975435466261,3576.1944886536494,0.28928190328783593,2
sep-ipop-w484,3,112003,2374,4118528,833.98192723592126,,2759.498207147536,3021.9341041276866,0.2842587342059591,2
sep-ipop-w484,3,112003,2380,4143104,833.98192723592126,,3950.1715128098681,2462.5362357321796,0.28033860402707306,2
sep-ipop-w484,3,112003,2386,4167680,833.98192723592126,,6084.6604490051759,1989.5012488080213,0.29684443902372781,2
sep-ipop-w484,3,112003,2392,4192256,833.98192723592126,,8989.8206857611058,1707.8377338531873,0.29649363613925495,2
sep-ipop-w484,3,112003,2398,4216832,833.98192723592126,,13579.814463138706,1989.7006135871231,0.29879401387654986,2
sep-ipop-w484,3,112003,2405,4245504,833.98192723592126,,22776.839615714605,1981.1253496154129,0.31582035226877569,2
sep-ipop-w484,3,112003,2411,4270080,833.98192723592126,,33158.026477976513,2257.949233100559,0.29999997410463297,2
sep-ipop-w484,3,112003,2417,4294656,833.98192723592126,,47268.8648669416,2601.3245738568094,0.29017523584129268,2
sep-ipop-w484,3,112003,2423,4319232,833.98192723592126,,66625.30756881414,4362.5099864872127,0.28494612625787147,2
sep-ipop-w484,3,112003,2429,4343808,833.98192723592126,,100050.77159081622,4934.8314828252887,0.27708073705375103,2
sep-ipop-w484,3,112003,2436,4372480,833.98192723592126,,153347.14817253253,5993.3620786852025,0.27566536421530108,2
sep-ipop-w484,3,112003,2442,4397056,833.98192723592126,,229418.78884480972,5766.6572208382158,0.27331725796790152,2
sep-ipop-w484,3,112003,2448,4421632,833.98192723592126,,350374.75602345541,6879.7029470886191,0.28934795649174994,2
sep-ipop-w484,3,112003,2454,4446208,833.98192723592126,,531269.05425425037,8198.2506212475473,0.28682169279945308,2
sep-ipop-w484,3,112003,2460,4470784,833.98192723592126,,768174.27501938038,7857.5065038525299,0.2743006904581361,2
sep-ipop-w484,3,112003,2467,4499456,833.98192723592126,,1213396.4793770516,8983.5428363107931,0.2885258752371534,2
sep-ipop-w484,3,112003,2473,4524032,833.98192723592126,,1855759.8234973471,8006.2382426552285,0.27933730224631903,2
sep-ipop-w484,3,112003,2479,4548608,833.98192723592126,,2790728.7581076082,7531.6094359107747,0.27475863542709389,2
sep-ipop-w484,3,112003,2485,4573184,833.98192723592126,,4066165.2449035374,8680.0375347281624,0.26386446148166903,2
sep-ipop-w484,3,112003,2491,4597760,833.98192723592126,,5658064.0280436538,8780.4494130724106,0.25669200668348169,2
sep-ipop-w484,3,112003,2498,4626432,833.98192723592126,,8259839.9060568232,10322.212580083524,0.24080628912768343,2
sep-ipop-w484,3,112003,2504,4651008,833.98192723592126,,11334756.436654627,10259.291301907835,0.22525583847214317,2
sep-ipop-w484,3,112003,2510,4675584,833.98192723592126,,15632395.920424324,9394.2795973427455,0.20718766410635239,2
sep-ipop-w484,3,112003,2516,4700160,833.98192723592126,,23394257.432792537,7177.8505874065431,0.18471927795600834,2
sep-ipop-w484,3,112003,2522,4724736,833.98192723592126,,40344333.81501209,5047.2443842747425,0.17603389608788469,2
sep-ipop-w484,3,112003,2529,4753408,833.98192723592126,,71373132.566749826,3100.3612243935177,0.14436369973548613,2
sep-ipop-w484,3,112003,2535,4777984,833.98192723592126,,108489308.1460638,2855.8962146958197,0.13100793126224811,2
sep-ipop-w484,3,112003,2541,4802560,833.98192723592126,,170471639.55835029,2372.9583324550754,0.11243549938327194,2
sep-ipop-w484,3,112003,2547,4827136,833.98192723592126,,271955576.28308922,2071.2025320770772,0.10545869433648698,2
sep-ipop-w484,3,112003,2553,4851712,833.98192723592126,,423429925.72266364,2284.0732879882139,0.10440409149391681,2
sep-ipop-w484,3,112003,2560,4880384,833.98192723592126,,701385214.20215917,2368.6978175424047,0.096124736400008529,2
sep-ipop-w484,3,112003,2566,4904960,833.98192723592126,,1084261010.1855564,2320.7051285874331,0.088492398846361703,2
sep-ipop-w484,3,112003,2572,4929536,833.98192723592126,,1577046451.8130088,2367.5494453121701,0.080186527273086755,2
sep-ipop-w484,3,112003,2578,4954112,833.98192723592126,,2188814191.6865931,2821.3398170155365,0.071216980268162228,2
sep-ipop-w484,3,112003,2584,4978688,833.98192723592126,,3139269026.0014853,3149.9395225607527,0.06594849733636178,2
sep-ipop-w484,3,112003,2591,5007360,833.98192723592126,,4841123584.5185528,3196.0929058052516,0.059561782304212142,2
sep-ipop-w484,3,112003,2597,5031936,833.98192723592126,,7394956975.927454,4209.7235826438055,0.064053187325261718,2
sep-ipop-w484,3,112003,2603,5056512,833.98192723592126,,10956800502.391327,3430.0566496427523,0.058304425532036686,2
sep-ipop-w484,3,112003,2609,5081088,833.98192723592126,,16614535459.055246,4373.7274150835574,0.059376809513718855,2
sep-ipop-w484,3,112003,2615,5105664,833.98192723592126,,23064005565.177834,4935.6032934837094,0.048505016010787959,2
sep-ipop-w484,3,112003,2622,5134336,833.98192723592126,,34708360239.780434,12982.527297644765,0.046775157924695367,2
sep-ipop-w484,3,112003,2628,5158912,833.98192723592126,,52917697861.866432,16513.396196495825,0.047618609120416641,2
sep-ipop-w484,3,112003,2634,5183488,833.98192723592126,,75970562313.085953,20253.534486381042,0.047321910883868265,2
sep-ipop-w484,3,112003,2640,5208064,833.98192723592126,,107128774660.69818,21586.072564342812,0.043268763034072566,2
sep-ipop-w484,3,112003,2646,5232640,833.98192723592126,,149677582786.33252,21910.745985416113,0.04268428320492966,2
sep-ipop-w484,3,112003,2653,5261312,833.98192723592126,,221690946049.02408,21754.45603039303,0.038513191685161513,2
sep-ipop-w484,3,112003,2659,5285888,833.98192723592126,,290374582666.78113,21316.721143956966,0.034968500526662422,2
sep-ipop-w484,3,112003,2665,5310464,833.98192723592126,,412563847256.37994,24083.613684860884,0.035298475803690291,2
sep-ipop-w484,3,112003,2671,5335040,833.98192723592126,,564505973290.45764,29700.753459216699,0.035910844580771123,2
sep-ipop-w484,3,112003,2677,5359616,833.98192723592126,,772358003971.30017,39015.485073226148,0.03727883014146182,2
sep-ipop-w484,3,112003,2684,5388288,833.98192723592126,,1058572518429.3381,41654.460558644809,0.035451712133241761,2
sep-ipop-w484,3,112003,2690,5412864,833.98192723592126,,1415380505769.6829,36413.138647207328,0.033675402613109667,2
sep-ipop-w484,3,112003,2696,5437440,833.98192723592126,,1880193471545.3879,43017.20722947608,0.031982196960755452,2
sep-ipop-w484,3,112003,2702,5462016,833.98192723592126,,2625851667443.3008,31577.73745440257,0.02650530415812416,2
sep-ipop-w484,3,112003,2708,5486592,833.98192723592126,,3628525544991.4463,34229.255771607204,0.025020642803705209,2
sep-ipop-w484,3,112003,2715,5515264,833.98192723592126,,5165693604437.3613,40237.413277090774,0.0251973999390138,2
sep-ipop-w484,3,112003,2721,5539840,833.98192723592126,,6970603972055.7754,47400.108552827587,0.024805841818115695,2
sep-ipop-w484,3,112003,2727,5564416,833.98192723592126,,9575993557667.252,52607.346710060592,0.025337717424604396,2
sep-ipop-w484,3,112003,2733,5588992,833.98192723592126,,12721441746857.717,56159.634531928132,0.025214561146175183,2
sep-ipop-w484,3,112003,2739,5613568,833.98192723592126,,18280879686896.68,58665.279747994391,0.02535450275748221,2
sep-ipop-w484,3,112003,2746,5642240,833.98192723592126,,26468191797200.516,63130.683077580718,0.02272261834365898,2
sep-ipop-w484,3,112003,2752,5666816,833.98192723592126,,39373337963308.805,48700.543884644831,0.021271323852313003,2
sep-ipop-w484,3,112003,2758,5691392,833.98192723592126,,59197327357077.289,57132.528018897588,0.021714075587119856,2
sep-ipop-w484,3,112003,2764,5715968,833.98192723592126,,83631420888480.875,50590.973521904474,0.019678610584403906,2
sep-ipop-w484,3,112003,2770,5740544,833.98192723592126,,132863392906838.5,55920.842951616083,0.021417177077601018,2
sep-ipop-w484,3,112003,2777,5769216,833.98192723592126,,198398843136146.91,66694.204979936156,0.021304630367309969,2
sep-ipop-w484,3,112003,2783,5793792,833.98192723592126,,292269769595044.12,65696.587716241236,0.020844282471129731,2
sep-ipop-w484,3,112003,2789,5818368,833.98192723592126,,459829905145013.12,83455.317239649841,0.024736729513786297,2
sep-ipop-w484,3,112003,2795,5842944,833.98192723592126,,728532824801283.62,94142.785572376626,0.025830768908107402,2
sep-ipop-w484,3,112003,2801,5867520,833.98192723592126,,1199451468711887,85897.958182780174,0.028047418741713796,2
sep-ipop-w484,3,112003,2808,5896192,833.98192723592126,,1971236819403442,106686.68212772443,0.028608650776425475,2
sep-ipop-w484,3,112003,2814,5920768,833.98192723592126,,2995049244402523.5,105801.4625664833,0.02948320501142818,2
sep-ipop-w484,3,112003,2820,5945344,833.98192723592126,,4645347395247478,105559.79577157109,0.029438454728865904,2
sep-ipop-w484,3,112003,2826,5969920,833.98192723592126,,7542207898922815,84954.377196415851,0.030163260643017512,2
sep-ipop-w484,3,112003,2832,5994496,833.98192723592126,,11465153846217470,76050.428759533563,0.029275035620249738,2
sep-ipop-w484,3,112003,2839,6023168,833.98192723592126,,18588250047727088,62286.181467056063,0.027925467667936285,2
sep-ipop-w484,3,112003,2845,6047744,833.98192723592126,,26473877579011864,62871.867451044018,0.02627015012796232,2
sep-ipop-w484,3,112003,2851,6072320,833.98192723592126,,36227339413478424,68310.779083380796,0.024439138074386916,2
sep-ipop-w484,3,112003,2857,6096896,833.98192723592126,,43244901202945688,85519.967853934853,0.022301485030792968,2
sep-ipop-w484,3,112003,2863,6121472,833.98192723592126,,53009462901790328,85960.181891957749,0.021019375906031257,2
sep-ipop-w484,3,112003,2870,6150144,833.98192723592126,,66461239619550496,83661.458365827391,0.020136840110521016,2
sep-ipop-w484,3,112003,2876,6174720,833.98192723592126,,77316805822795472,79374.194165897017,0.018100623620241219,2
sep-ipop-w484,3,112003,2882,6199296,833.98192723592126,,92343022606422912,139571.08150232604,0.018650494105118175,2
sep-ipop-w484,3,112003,2888,6223872,833.98192723592126,,1.321057918983921e+17,224259.9169616641,0.022758839056001578,2
sep-ipop-w484,3,112003,2894,6248448,833.98192723592126,,1.5044224886454704e+17,273863.62234509422,0.019219168529566247,2
sep-ipop-w484,3,112003,2901,6277120,833.98192723592126,,1.8330800085671722e+17,415320.32208909886,0.017301509481342101,2
sep-ipop-w484,3,112003,2907,6301696,833.98192723592126,,2.1068346950937274e+17,638566.84111747914,0.017628050657692469,2
sep-ipop-w484,3,112003,2913,6326272,833.98192723592126,,2.4161783420018582e+17,769660.11798036809,0.016900045438407882,2
sep-ipop-w484,3,112003,2919,6350848,833.98192723592126,,2.7930181878645248e+17,965879.03402274847,0.016313256578648957,2
sep-ipop-w484,3,112003,2925,6375424,833.98192723592126,,3.4460761751421619e+17,1584144.8785078558,0.017119306701652109,2
sep-ipop-w484,3,112003,2932,6404096,833.98192723592126,,4.2710514837988621e+17,1682069.4919456386,0.017166472679181432,2
sep-ipop-w484,3,112003,2938,6428672,833.98192723592126,,5.0024103351192032e+17,2105964.7185729728,0.015036020498734466,2
sep-ipop-w484,3,112003,2944,6453248,833.98192723592126,,5.9704136190523328e+17,1701713.029939217,0.01199966539175846,2
sep-ipop-w484,3,112003,2950,6477824,833.98192723592126,,6.7323641328892224e+17,1283472.2402558525,0.0089097815064121382,2
sep-ipop-w484,3,112003,2956,6502400,833.98192723592126,,8.0309635743667098e+17,1367868.7484987292,0.0082172621515247003,2
