arm,block,seed,iteration,evaluations,bestCost,populationSpread,sigma,conditionNumber,distributionExtent,restart
blk-r32-l64,1,111013,1,64,15573.341625213623,,0.26285751382188516,1.0910053100184927,0.26344701570601076,0
blk-r32-l64,1,111013,5,320,10500.472868601481,,0.24461773214797203,1.3573123759413757,0.25373688532804561,0
blk-r32-l64,1,111013,20,1280,2033.220495859782,,0.35050965213638913,2.1136991063413966,0.38526027383372852,0
blk-r32-l64,1,111013,160,10240,1231.9516372680664,,0.064821014604527952,59.673702714324158,0.077500511682855183,0
blk-r32-l64,1,111013,398,25472,1050.1462300618489,,0.035589962367083783,1801.213254363653,0.032302037630145421,0
blk-r32-l64,1,111013,797,51008,1037.0391286214192,,0.00080748787971491112,3274060.5808318583,0.0011614440701100918,0
blk-r32-l64,1,111013,1197,76608,1037.0176289876301,,0.052798608536156859,51.829559492295161,0.068582614604356634,0
blk-r32-l64,1,111013,1596,102144,1037.0176289876301,,0.0051801469022414587,1188.6375160378927,0.0047555739912321189,0
blk-r32-l64,1,111013,1995,127680,1037.0176289876301,,0.00038583002535278653,240502.38675634749,0.00037644774031486824,0
blk-r32-l64,1,111013,2394,153216,1037.0176289876301,,0.14821569874096044,4.5181061490193857,0.16855691989441091,0
blk-r32-l64,1,111013,2793,178752,1037.0176289876301,,0.026764612063330459,8282.8534556102404,0.02564398977655671,0
blk-r32-l64,1,111013,3192,204288,1037.0176289876301,,0.0005566658936863978,3605229.3377635991,0.00076977848695922689,0
blk-r32-l64,1,111013,3591,229824,1037.0176289876301,,0.23457844170282419,3.5772035167976197,0.27172846115395932,0
blk-r32-l64,1,111013,3969,254016,930.92390950520837,,0.0081108533803247087,10250.549926727581,0.0099605962492310407,0
blk-r32-l64,1,111013,4368,279552,928.53419240315759,,6.6491869353935409e-05,457960.31885003299,8.1538124650638882e-05,0
blk-r32-l64,1,111013,4767,305088,928.53417714436853,,0.030295035551244836,982.50432003870878,0.045912756471835001,0
blk-r32-l64,1,111013,5166,330624,928.53417714436853,,0.026600639211584343,31476.456511930446,0.032314362763840698,0
blk-r32-l64,1,111013,5565,356160,928.53417714436853,,0.00083931064497100901,14711665.589113658,0.00088158243506779972,0
blk-r32-l64,1,111013,5964,381696,928.53417714436853,,0.028824372679597362,497.58667258916546,0.03570977541932626,0
blk-r32-l64,1,111013,6363,407232,928.53417714436853,,0.0024134451630858748,14013.376959087067,0.002591088110549652,0
blk-r32-l64,1,111013,6762,432768,928.53417714436853,,0.00017165464748006669,1874654.6898418351,0.00019476787175660087,0
blk-r32-l64,1,111013,7161,458304,928.53417714436853,,0.031191961264062939,713.82154667373345,0.039449781128134791,0
blk-r32-l64,1,111013,7560,483840,928.53417714436853,,0.001708226792784349,191926.8931430254,0.0026477729527890053,0
blk-r32-l64,1,111013,7938,508032,928.53417714436853,,6.9491677059234743e-05,781323.14455470315,7.6315028089572447e-05,0
blk-r32-l64,1,111013,8337,533568,928.53417714436853,,0.04024156366708543,7752.5192936067415,0.059419098825977498,0
blk-r32-l64,1,111013,8736,559104,928.53417714436853,,0.0014640145565096231,236530.63422707128,0.0013038888713047207,0
blk-r32-l64,1,111013,9135,584640,928.53417714436853,,0.09693803554052266,11.444427714511081,0.12025584073107944,0
blk-r32-l64,1,111013,9534,610176,928.53417714436853,,0.0060190652558431614,27245.516543141559,0.0067436666502835125,0
blk-r32-l64,1,111013,9933,635712,928.53417714436853,,0.00026451558754621198,4284346.7188555105,0.00034679823686866639,0
blk-r32-l64,1,111013,10332,661248,928.53417714436853,,0.018960165127014036,763.24516078859529,0.022375208687127529,0
blk-r32-l64,1,111013,10731,686784,928.53417714436853,,0.12137204945235819,3837.1936428460072,0.075161062203800769,0
blk-r32-l64,1,111013,11130,712320,928.53417714436853,,0.014691420116982608,20212.185461781723,0.0029409439472994018,0
blk-r32-l64,1,111013,11529,737856,928.53417714436853,,0.00040847238334791158,2355017.3324628598,8.2015913803090278e-05,0
blk-r32-l64,1,111013,11907,762048,928.53417714436853,,0.042470969148069894,304.42792815430795,0.054373977638117799,0
blk-r32-l64,1,111013,12306,787584,928.53417714436853,,0.0095401119455136157,201763.10857182389,0.012668965268884069,0
blk-r32-l64,1,111013,12705,813120,928.53417714436853,,0.00060391246960003601,25121811.786766365,0.0010626430693673281,0
blk-r32-l64,1,111013,13104,838656,928.53417714436853,,0.060413558040715992,32.992079636601865,0.067558775722448658,0
blk-r32-l64,1,111013,13503,864192,928.53417714436853,,0.0025536469419785508,13222.760626051273,0.00236925515330174,0
blk-r32-l64,1,111013,13902,889728,928.53417714436853,,8.8084078609535526e-05,493912.66937626462,7.4405130681205538e-05,0
blk-r32-l64,1,111013,14289,914496,906.51683807373047,,0.0044487596191764628,9125.308873121643,0.0052553283575607198,0
blk-r32-l64,1,111013,14694,940416,905.68752288818359,,5.3200376918257062e-05,13130187.887630858,7.5260667631385486e-05,0
blk-r32-l64,1,111013,15099,966336,905.68752288818359,,0.025006093655104721,627.97259787321309,0.036531085295483601,0
blk-r32-l64,1,111013,15498,991872,905.68752288818359,,0.0019852419862551297,22204.192566532205,0.0023918614743003025,0
blk-r32-l64,1,111013,15876,1016064,905.68752288818359,,0.0030587293869564752,30761436.49159753,0.005310583500989746,0
blk-r32-l64,1,111013,16275,1041600,905.68752288818359,,0.00024482796458754209,85798564.644958451,0.00026097274056769695,0
blk-r32-l64,1,111013,16674,1067136,905.68752288818359,,0.036037869392763468,1737.6101616468093,0.039812676569960362,0
blk-r32-l64,1,111013,17073,1092672,905.68752288818359,,0.00057090548000445038,717956.61272765358,0.00072803521536127767,0
blk-r32-l64,1,111013,17472,1118208,905.68752288818359,,0.13386663075834285,4.5932675540019439,0.16027931923196351,0
blk-r32-l64,1,111013,17871,1143744,905.68752288818359,,0.0069441447407958268,1851.1600643293589,0.0082899014773594546,0
blk-r32-l64,1,111013,18270,1169280,905.68752288818359,,0.00087275060256307099,30768216.639625732,0.0017217275393996022,0
blk-r32-l64,1,111013,18669,1194816,905.68752288818359,,0.00093774434926470278,2329314939.8313603,0.0021311003120137516,0
blk-r32-l64,1,111013,19068,1220352,905.68752288818359,,0.030758889903328635,536.37077669752819,0.042389712054076406,0
blk-r32-l64,1,111013,19467,1245888,905.68752288818359,,0.0043366006428288391,5398.1457672173656,0.0035198075264421991,0
blk-r32-l64,1,111013,19845,1270080,905.68752288818359,,0.0002038962302696038,2976656.0922114626,0.0001559176334454848,0
blk-r32-l64,1,111013,20244,1295616,905.68752288818359,,0.044171495759559948,4017.5639124885697,0.053753540545518098,0
blk-r32-l64,1,111013,20643,1321152,905.68752288818359,,0.00098395507765599633,1405067.974321736,0.0012319990251302999,0
blk-r32-l64,1,111013,21042,1346688,905.68752288818359,,0.00093314264247916392,434913189.05029607,0.0012393233319806533,0
blk-r32-l64,1,111013,21441,1372224,905.68752288818359,,0.069902966548639395,30.380417143682333,0.083282116772362302,0
blk-r32-l64,1,111013,21840,1397760,905.68752288818359,,0.0059077009482793926,15970.378159847989,0.0065204521792091436,0
blk-r32-l64,1,111013,22239,1423296,905.68752288818359,,0.0016313257806649169,9915826.0723477099,0.0021783547973726076,0
blk-r32-l64,1,111013,22638,1448832,905.68752288818359,,0.000286630442034182,71162817.032092735,0.00030536128063440073,0
blk-r32-l64,1,111013,23037,1474368,905.68752288818359,,0.018961291645120046,1131.5914366836539,0.024088334139425661,0
blk-r32-l64,1,111013,23436,1499904,905.68752288818359,,0.00089629325586367307,1809523.9204054452,0.0012320722165207281,0
blk-r32-l64,1,111013,23814,1524096,905.68752288818359,,0.082000425223491574,16.06370076487643,0.10215600850100631,0
blk-r32-l64,1,111013,24213,1549632,905.68752288818359,,0.0058853708536890492,13333.847277148263,0.0062963161142170782,0
blk-r32-l64,1,111013,24612,1575168,905.68752288818359,,0.0018448490755903035,174100309.79566243,0.0089985135111554145,0
blk-r32-l64,1,111013,25011,1600704,905.68752288818359,,0.0014550650341420591,187827690.13361862,0.0019766892098829758,0
blk-r32-l64,1,111013,25410,1626240,905.68752288818359,,0.0010868740584128388,329968852.18584526,0.0012801360704839089,0
blk-r32-l64,1,111013,25809,1651776,905.68752288818359,,0.029850550040748061,2419.1785859313254,0.037427673518265772,0
blk-r32-l64,1,111013,26208,1677312,905.68752288818359,,0.00085405504977672196,7680696.8832027456,0.0014911162265239732,0
blk-r32-l64,1,111013,26607,1702848,905.68752288818359,,0.00016655617797340096,76670513.831972525,0.00035584077720800516,0
blk-r32-l64,1,111013,27006,1728384,905.68752288818359,,0.016388553550796877,2285.1702178626865,0.023409740526178221,0
blk-r32-l64,1,111013,27405,1753920,905.68752288818359,,0.0010162163829661286,159212.84529672217,0.0013562708822990228,0
blk-r32-l64,1,111013,27783,1778112,905.68752288818359,,0.2528424159870401,3.0576104073075716,0.29534310534650721,0
blk-r32-l64,1,111013,28182,1803648,905.68752288818359,,0.047942832379806448,1422.8626579668739,0.052929583248080093,0
blk-r32-l64,1,111013,28581,1829184,905.68752288818359,,0.0085546467503786021,1153028.3657446238,0.0098145355283377877,0
blk-r32-l64,1,111013,28980,1854720,905.68752288818359,,0.00025213777034997981,47200373.521799311,0.00039454406960478345,0
blk-r32-l64,1,111013,29379,1880256,905.68752288818359,,0.02651375909958836,2120.7927462506882,0.035168876807801321,0
blk-r32-l64,1,111013,29778,1905792,905.68752288818359,,0.00061339663863146574,381193.30536436674,0.00078609913791357678,0
blk-r32-l64,1,111013,30177,1931328,905.68752288818359,,0.0012113628415227047,180775540.08804247,0.0024180070536173538,0
blk-r32-l64,1,111013,30576,1956864,905.68752288818359,,0.041390941430041246,605.4402665513112,0.047348169433136779,0
blk-r32-l64,1,111013,30975,1982400,905.68752288818359,,0.0014664297165714671,5790462.0395005401,0.0024149897602024394,0
blk-r32-l64,1,111013,31374,2007936,905.68752288818359,,0.00050643177188063114,63488139.503188901,0.0009176650474085876,0
blk-r32-l64,1,111013,31752,2032128,905.68752288818359,,0.035234443515178585,1270.9498104520967,0.03762200899439691,0
blk-r32-l64,1,111013,32151,2057664,905.68752288818359,,0.018616760049009872,10341.024023432428,0.017127425753114687,0
blk-r32-l64,1,111013,32550,2083200,905.68752288818359,,0.0012170731338394375,18142109.960018639,0.0015301227802243262,0
blk-r32-l64,1,111013,32949,2108736,905.68752288818359,,0.28568877481455213,2.9903616964563882,0.32941420010868827,0
blk-r32-l64,1,111013,33348,2134272,905.68752288818359,,0.0053122349455196954,3857.0900031261544,0.0088689621850960403,0
blk-r32-l64,1,111013,33747,2159808,905.68752288818359,,0.0029995905640750505,33449852.678498503,0.0093357363303715156,0
blk-r32-l64,1,111013,34146,2185344,905.68752288818359,,0.00051001766571807884,135621906.61474752,0.00091894011567719258,0
blk-r32-l64,1,111013,34545,2210880,905.68752288818359,,0.05780824604560459,180.9914477108976,0.079472455398993058,0
blk-r32-l64,1,111013,34944,2236416,905.68752288818359,,0.047483780040851901,42299.626907164151,0.071025043442191363,0
blk-r32-l64,1,111013,35322,2260608,905.68752288818359,,0.0056354866285957886,6377355.1317380099,0.0084927076116819624,0
blk-r32-l64,1,111013,35721,2286144,905.68752288818359,,0.0019062452664992825,1533430229.7170427,0.0031518993202329232,0
blk-r32-l64,1,111013,36120,2311680,905.68752288818359,,0.10322321185824444,8.6511742400399534,0.11674939738073546,0
blk-r32-l64,1,111013,36519,2337216,905.68752288818359,,0.0051524981000449274,5172.9681265735944,0.004624980220143524,0
blk-r32-l64,1,111013,36918,2362752,905.68752288818359,,0.00039239567061528647,4445050.8741153143,0.0003782912902676619,0
blk-r32-l64,1,111013,37317,2388288,905.68752288818359,,0.25315097910713558,4.2563433677437992,0.32080562560622394,0
blk-r32-l64,1,111013,37716,2413824,905.68752288818359,,0.011719139236497266,4672.001755444222,0.01303749306946333,0
blk-r32-l64,1,111013,38115,2439360,905.68752288818359,,0.00028974347086827647,3781739.557346412,0.00045653491502225038,0
blk-r32-l64,1,111013,38514,2464896,905.68752288818359,,0.063194636045146843,32.261181532023564,0.069773495586392079,0
blk-r32-l64,1,111013,38913,2490432,905.68752288818359,,0.0038364420859180429,1404.8285744581381,0.0034959703508629768,0
blk-r32-l64,1,111013,39291,2514624,905.68752288818359,,0.00087216998108213448,823365.29031778337,0.00098561852624786338,0
blk-r32-l64,1,111013,39648,2537472,905.68752288818359,,0.00018896505947099199,5892269.303166694,0.00020829694274265481,0
blk-r32-l64-passive,1,111013,1,64,15573.341625213623,,0.26285751382188516,1.059460238512284,0.26228711856904341,0
blk-r32-l64-passive,1,111013,80,5120,1589.0448519388835,,0.13934030848905646,4.6825823924419971,0.16084204758524021,0
blk-r32-l64-passive,1,111013,160,10240,1263.9413197835286,,0.064334461478357668,51.921462004509117,0.077304528504293604,0
blk-r32-l64-passive,1,111013,399,25536,1066.4566904703777,,0.043655214204500935,1127.3061156672863,0.038804579994887727,0
blk-r32-l64-passive,1,111013,798,51072,1038.9698905944824,,0.0016788119815888606,29465.146611404602,0.0010369688129704012,0
blk-r32-l64-passive,1,111013,1197,76608,1038.781644185384,,0.00015330738690019891,4090731.7994199628,9.8019675472551398e-05,0
blk-r32-l64-passive,1,111013,1596,102144,1038.7780100504558,,0.035791697144760583,263.73714359595738,0.043102973973170304,0
blk-r32-l64-passive,1,111013,1995,127680,1038.7780100504558,,0.00092983980324005521,25565.56062229806,0.00073792426248705709,0
blk-r32-l64-passive,1,111013,2394,153216,1038.7780100504558,,0.00016823222448445941,1478810.8143462481,0.00016028846312539244,0
blk-r32-l64-passive,1,111013,2793,178752,1038.7780100504558,,0.035378747523151607,327.08101275968988,0.041730104029025411,0
blk-r32-l64-passive,1,111013,3192,204288,1038.7780100504558,,0.0025816562303809282,12701.554862747596,0.0038719684129172988,0
blk-r32-l64-passive,1,111013,3591,229824,1038.7780100504558,,9.3557893661413749e-05,5408048.9095594836,0.00013837263596683971,0
blk-r32-l64-passive,1,111013,3969,254016,1038.7780100504558,,0.061366369570482852,56.268772634660984,0.071355079476795036,0
blk-r32-l64-passive,1,111013,4368,279552,943.61824798583984,,0.00083652219353385704,25545.130371200765,0.0010647169480384061,0
blk-r32-l64-passive,1,111013,4767,305088,943.47885258992517,,4.2489695776115107e-05,7853590.5756219784,5.496728617064922e-05,0
blk-r32-l64-passive,1,111013,5166,330624,943.47885258992517,,0.075821065065063614,67.160153601286297,0.090662056050134568,0
blk-r32-l64-passive,1,111013,5565,356160,943.47885258992517,,0.0030365351229540509,27438.740441364818,0.0027305039068063809,0
blk-r32-l64-passive,1,111013,5964,381696,943.47885258992517,,0.00016287749847444623,590106.34342085826,0.00016545953561544944,0
blk-r32-l64-passive,1,111013,6363,407232,943.47885258992517,,0.021946795497360085,4598.7338507038849,0.026589546052562335,0
blk-r32-l64-passive,1,111013,6762,432768,943.47885258992517,,0.0059387713027169581,1326544.878793478,0.0067691690214011701,0
blk-r32-l64-passive,1,111013,7161,458304,943.47885258992517,,0.0001475542350959191,11903337.919168146,0.00017046046774915025,0
blk-r32-l64-passive,1,111013,7560,483840,943.47885258992517,,0.04101737436682814,2734.9727813080312,0.042447731081668522,0
blk-r32-l64-passive,1,111013,7938,508032,943.47885258992517,,0.0033694924322988096,37360.011079303622,0.0031189385598730784,0
blk-r32-l64-passive,1,111013,8337,533568,943.47885258992517,,0.00069836926069291334,31891554.414706416,0.0014106843163000427,0
blk-r32-l64-passive,1,111013,8736,559104,943.47885258992517,,0.00014227261771968585,2722297.9941461622,7.3813645711985176e-05,0
blk-r32-l64-passive,1,111013,9135,584640,943.47885258992517,,0.018488716053090277,824.99768800347761,0.020927355663476647,0
blk-r32-l64-passive,1,111013,9534,610176,943.47885258992517,,0.00083632671037621551,889324.64487294108,0.0010308387157787645,0
blk-r32-l64-passive,1,111013,9933,635712,943.47885258992517,,0.056355438063784374,37.758680592990672,0.065176177521288278,0
blk-r32-l64-passive,1,111013,10332,661248,943.47885258992517,,0.014810615592466696,3789.7984341369202,0.017944242992427618,0
blk-r32-l64-passive,1,111013,10731,686784,943.47885258992517,,0.052384171343548704,1101404.8324713537,0.077981953707079027,0
blk-r32-l64-passive,1,111013,11130,712320,943.47885258992517,,0.0027716221821868269,33028444.294636056,0.0036468719610552184,0
blk-r32-l64-passive,1,111013,11529,737856,943.47885258992517,,0.0041212527257717549,390729617.30703169,0.0053243416733076299,0
blk-r32-l64-passive,1,111013,11907,762048,943.47885258992517,,0.11375875694057355,5.861765972178091,0.12686398556625375,0
blk-r32-l64-passive,1,111013,12306,787584,943.47885258992517,,0.0080043191430654494,3533.6213458540501,0.0084652857582768071,0
blk-r32-l64-passive,1,111013,12705,813120,943.47885258992517,,0.00023162343491063949,1545527.6875134453,0.00021863435175225893,0
blk-r32-l64-passive,1,111013,13104,838656,943.47885258992517,,0.041012842312037626,319.49554569910151,0.039727705733092158,0
blk-r32-l64-passive,1,111013,13503,864192,943.47885258992517,,0.0040201443862810295,78693.297748791811,0.0042377719863098892,0
blk-r32-l64-passive,1,111013,13902,889728,943.47885258992517,,0.00010951043906856383,6497154.3545660805,9.9979230227404184e-05,0
blk-r32-l64-passive,1,111013,14301,915264,943.47885258992517,,0.029813778037043517,145.76023936385539,0.027867741281514175,0
blk-r32-l64-passive,1,111013,14700,940800,943.47885258992517,,0.00086942443733628583,338083.34396854497,0.0009126070789115256,0
blk-r32-l64-passive,1,111013,15099,966336,943.47885258992517,,8.400369307589335e-05,650432.81337162829,6.9367398944257148e-05,0
blk-r32-l64-passive,1,111013,15498,991872,943.47885258992517,,0.034751769644550651,170.75852154615129,0.031825257929691021,0
blk-r32-l64-passive,1,111013,15876,1016064,943.47885258992517,,0.0012185534660412091,28860.997557451501,0.0009756564176302806,0
blk-r32-l64-passive,1,111013,16275,1041600,943.47885258992517,,0.0070637195000887989,15117294.040247353,0.0053886595967875652,0
blk-r32-l64-passive,1,111013,16674,1067136,943.47885258992517,,0.004177101970333115,2223649636.196547,0.0083843780481575123,0
blk-r32-l64-passive,1,111013,17073,1092672,943.47885258992517,,0.0021307340647772578,452888985.45053816,0.0010796611354349334,0
blk-r32-l64-passive,1,111013,17472,1118208,943.47885258992517,,0.03405111243091323,804.21695522324217,0.038425153152298649,0
blk-r32-l64-passive,1,111013,17871,1143744,943.47885258992517,,0.004785522574691569,135187.49597541109,0.0045459044001909142,0
blk-r32-l64-passive,1,111013,18270,1169280,943.47885258992517,,0.0010456059567169617,8500421.6540029198,0.0010349447016326473,0
blk-r32-l64-passive,1,111013,18669,1194816,943.47885258992517,,0.0058954861094039652,595007317.42107868,0.0057275018155144341,0
blk-r32-l64-passive,1,111013,19068,1220352,943.47885258992517,,0.05235813741042996,27.711290865484248,0.059696212866111438,0
blk-r32-l64-passive,1,111013,19467,1245888,943.47885258992517,,0.0077393921305861976,4658.0042066707219,0.0095065742547341854,0
blk-r32-l64-passive,1,111013,19845,1270080,943.47885258992517,,0.00015778137799646083,1971359.8891644427,0.0001810385735213581,0
blk-r32-l64-passive,1,111013,20244,1295616,943.47885258992517,,0.026643315905008284,2481.6392530578414,0.033899832494839063,0
blk-r32-l64-passive,1,111013,20643,1321152,943.47885258992517,,0.00035323066916520508,567071.5598086596,0.00037898191682636241,0
blk-r32-l64-passive,1,111013,21042,1346688,943.47885258992517,,0.045466231398717867,27.031170395331866,0.050679573445993983,0
blk-r32-l64-passive,1,111013,21441,1372224,943.47885258992517,,0.0152728682040263,4306.039861537417,0.016866636693940562,0
blk-r32-l64-passive,1,111013,21840,1397760,943.47885258992517,,0.00062704648284250797,2519820.4350550501,0.0010156145593369463,0
blk-r32-l64-passive,1,111013,22239,1423296,943.47885258992517,,0.005483708911881594,181985574.87090969,0.0093549141011945499,0
blk-r32-l64-passive,1,111013,22638,1448832,943.47885258992517,,0.22835074677745362,3.2467587205985091,0.25676706465439408,0
blk-r32-l64-passive,1,111013,23037,1474368,943.47885258992517,,0.025537150643910961,1568.1306597885603,0.022858552691488291,0
blk-r32-l64-passive,1,111013,23436,1499904,943.47885258992517,,0.0037132618075392415,269868.16503663722,0.0023953923153936362,0
blk-r32-l64-passive,1,111013,23814,1524096,943.47885258992517,,0.12631885914720045,4.4052145892543235,0.13725327229668496,0
blk-r32-l64-passive,1,111013,24213,1549632,943.47885258992517,,0.00475301188835771,3860.0634703182227,0.0040795944929562823,0
blk-r32-l64-passive,1,111013,24612,1575168,943.47885258992517,,0.00013631625325470474,101279.22066370067,8.8010482233129886e-05,0
blk-r32-l64-passive,1,111013,25011,1600704,943.47885258992517,,0.21380757527714359,5.207472434703118,0.25228216882936749,0
blk-r32-l64-passive,1,111013,25410,1626240,943.47885258992517,,0.030904616731525784,2245.2380626144968,0.029117662456470666,0
blk-r32-l64-passive,1,111013,25809,1651776,943.47885258992517,,0.001325667807914443,110913.01364350172,0.00095537991791131674,0
blk-r32-l64-passive,1,111013,26208,1677312,943.47885258992517,,0.11608798318339907,6.6546452739775717,0.12372340508297962,0
blk-r32-l64-passive,1,111013,26607,1702848,943.47885258992517,,0.0031611242262931279,1808.389121122915,0.0029194339774372071,0
blk-r32-l64-passive,1,111013,27006,1728384,943.47885258992517,,0.00010856251208720197,598462.28073418851,8.8030920054120424e-05,0
blk-r32-l64-passive,1,111013,27405,1753920,943.47885258992517,,0.04102879992675898,811.90321940250533,0.048071864344783062,0
blk-r32-l64-passive,1,111013,27783,1778112,943.47885258992517,,0.036250094935044365,2932.63768834538,0.020231120744831327,0
blk-r32-l64-passive,1,111013,28182,1803648,943.47885258992517,,0.0014625877500752779,552511.85988728004,0.00085280234449690339,0
blk-r32-l64-passive,1,111013,28581,1829184,943.47885258992517,,0.0053686194069594807,26221268.801172592,0.0024818600736619179,0
blk-r32-l64-passive,1,111013,28980,1854720,943.47885258992517,,0.0075974522517876049,51993600.360439204,0.0027080336020130096,0
blk-r32-l64-passive,1,111013,29379,1880256,943.47885258992517,,0.0029985720242416973,204287498.07252914,0.00074006807657110718,0
blk-r32-l64-passive,1,111013,29778,1905792,943.47885258992517,,0.028856565533404696,3397.221917603475,0.037403216680106585,0
blk-r32-l64-passive,1,111013,30177,1931328,943.47885258992517,,0.0044518504623421769,15852.992007678693,0.0051954771500007683,0
blk-r32-l64-passive,1,111013,30576,1956864,943.47885258992517,,0.00014280873346583374,452084.72373884812,0.00011902394627010224,0
blk-r32-l64-passive,1,111013,30975,1982400,943.47885258992517,,0.044818949224204686,535.5896223898701,0.047858617742949951,0
blk-r32-l64-passive,1,111013,31374,2007936,943.47885258992517,,0.0017920803608648627,450770.29663817852,0.0021299117406992541,0
blk-r32-l64-passive,1,111013,31752,2032128,943.47885258992517,,0.00078474014358448276,4000952.7371064723,0.00086803338601254163,0
blk-r32-l64-passive,1,111013,32151,2057664,943.47885258992517,,0.046845092380732728,72.116894685271106,0.058822645047163696,0
blk-r32-l64-passive,1,111013,32550,2083200,943.47885258992517,,0.0031436452642315789,2252.0500616319273,0.0027758905115611342,0
blk-r32-l64-passive,1,111013,32949,2108736,943.47885258992517,,0.00016060445775883204,2446148.501152473,0.00017713969134568457,0
blk-r32-l64-passive,1,111013,33348,2134272,943.47885258992517,,0.029591682884710754,360.72951520326268,0.026260626367086648,0
blk-r32-l64-passive,1,111013,33747,2159808,943.47885258992517,,0.0022457418814556865,33945.976830546198,0.0019849872489277431,0
blk-r32-l64-passive,1,111013,34146,2185344,943.47885258992517,,0.0022077895305509204,25894138.385591071,0.0032826441964014896,0
blk-r32-l64-passive,1,111013,34545,2210880,943.47885258992517,,0.0021728343469056724,97574710.670687005,0.0018551912799901309,0
blk-r32-l64-passive,1,111013,34944,2236416,943.47885258992517,,0.030019211539554651,206.44318535778987,0.030558906823048602,0
blk-r32-l64-passive,1,111013,35322,2260608,943.47885258992517,,0.0088103299937020534,56694.989917400802,0.0061720454687080621,0
blk-r32-l64-passive,1,111013,35721,2286144,943.47885258992517,,0.0003260255289535264,2970133.4905402963,0.00023332992663535279,0
blk-r32-l64-passive,1,111013,36120,2311680,943.47885258992517,,0.040596515333184827,166.51767513487167,0.046385866679102987,0
blk-r32-l64-passive,1,111013,36519,2337216,943.47885258992517,,0.0011191855840267308,15517.211518220785,0.00091392330195701329,0
blk-r32-l64-passive,1,111013,36918,2362752,943.47885258992517,,0.2347122445698745,1.1658913179070176,0.2393560032983402,0
blk-r32-l64-passive,1,111013,37317,2388288,943.47885258992517,,0.0039412939819417053,6640.0276480079492,0.0046565084073648851,0
blk-r32-l64-passive,1,111013,37716,2413824,943.47885258992517,,0.00093519332250500053,4339120.7064042017,0.0012969403245940083,0
blk-r32-l64-passive,1,111013,38115,2439360,943.47885258992517,,0.00042972978280384025,11935591.879821498,0.00055170279069627435,0
blk-r32-l64-passive,1,111013,38514,2464896,943.47885258992517,,0.079559117055550341,11.672434191787094,0.094007726061640734,0
blk-r32-l64-passive,1,111013,38913,2490432,943.47885258992517,,0.012469931730805482,25997.168747590295,0.015238299708764069,0
blk-r32-l64-passive,1,111013,39291,2514624,943.47885258992517,,0.0017701311433541624,55318360.487874985,0.0021405150507995065,0
blk-r32-l64-passive,1,111013,39690,2540160,943.47885258992517,,0.00065074296830703573,107878440.72914162,0.00063026768259310194,0
blk-r32-l64-passive,1,111013,40089,2565696,943.47885258992517,,0.051641498323797316,162.49681070077435,0.06860691965678152,0
blk-r32-l64-passive,1,111013,40488,2591232,943.47885258992517,,0.0039824707914877635,53565.044823057688,0.0037383110348627132,0
blk-r32-l64-passive,1,111013,40887,2616768,943.47885258992517,,0.00025416658148621444,1370147.2583305184,0.00024181808933133951,0
blk-r32-l64-passive,1,111013,41286,2642304,943.47885258992517,,0.007325296247815501,384449603.0842458,0.0072835633777631687,0
blk-r32-l64-passive,1,111013,41685,2667840,943.47885258992517,,0.0024382002823625962,12069383156.164431,0.0024484186211231429,0
blk-r32-l64-passive,1,111013,42084,2693376,943.47885258992517,,0.0059350285232995662,1443.7411373212308,0.0057593673443030197,0
blk-r32-l64-passive,1,111013,42483,2718912,943.47885258992517,,0.00035748810816605352,1133695.36474472,0.00038987792059034962,0
blk-r32-l64-passive,1,111013,42672,2731008,943.47885258992517,,0.00013395530973845106,1939328.2246357179,0.0001501940014475994,0
blk-r32-l64,2,111014,1,64,21893.933979034424,,0.25895591140019092,1.0836468512159165,0.25853382720663581,0
blk-r32-l64,2,111014,5,320,8358.0621528625488,,0.23137402209413185,1.4134452951144896,0.24796482978062936,0
blk-r32-l64,2,111014,20,1280,1894.721794128418,,0.259534879221268,2.3420025645517235,0.29052738799990691,0
blk-r32-l64,2,111014,160,10240,1331.2179387410481,,0.033234618923161409,73.673477905017947,0.03982225704978383,0
blk-r32-l64,2,111014,399,25536,1280.8718198140461,,0.0066412293627902347,1194.414596722685,0.0081690713717841885,0
blk-r32-l64,2,111014,798,51072,1279.8554255167644,,0.00020779078576903641,2287138.2220654394,0.00026370550963472048,0
blk-r32-l64,2,111014,1191,76224,1224.9946161905925,,0.054246466336755547,352.4320563289736,0.058458523354688395,0
blk-r32-l64,2,111014,1591,101824,1176.9141527811687,,0.0013305032286893507,32932.873360886791,0.0010837155095245569,0
blk-r32-l64,2,111014,1995,127680,1176.8416735331218,,0.12052871260943929,4.0149982426355812,0.13539224941637445,0
blk-r32-l64,2,111014,2382,152448,945.53652445475257,,0.042727862729663273,20900.190011342289,0.049589388458361118,0
blk-r32-l64,2,111014,2782,178048,940.6338106791178,,0.0012800286439038325,330025772.72559673,0.0025024046257301827,0
blk-r32-l64,2,111014,3192,204288,940.58334732055664,,0.14161504084082124,5.3826941988844919,0.16280237331706587,0
blk-r32-l64,2,111014,3591,229824,940.58334732055664,,0.036539352407405301,3173.2230039846472,0.04648522454812018,0
blk-r32-l64,2,111014,3969,254016,940.58334732055664,,0.0020777030493688842,866649.99111461535,0.0034433323798550466,0
blk-r32-l64,2,111014,4368,279552,940.58334732055664,,0.080757910537660765,30.746036950772226,0.10357256313364226,0
blk-r32-l64,2,111014,4767,305088,940.58334732055664,,0.011930843307220863,22932.975172636812,0.01601555441207898,0
blk-r32-l64,2,111014,5166,330624,940.58334732055664,,0.00019096225868102477,8803987.1657348834,0.00043023607638835681,0
blk-r32-l64,2,111014,5565,356160,940.58334732055664,,0.0020058683146066771,450268184.69989669,0.0030321815441785387,0
blk-r32-l64,2,111014,5964,381696,940.58334732055664,,0.049630441102247701,41.032824301401057,0.058226266625948202,0
blk-r32-l64,2,111014,6363,407232,940.58334732055664,,0.010814357793463182,29401.925908884761,0.0083699997206885778,0
blk-r32-l64,2,111014,6762,432768,940.58334732055664,,0.0001540640111512978,862935.15819235763,0.00015207931395389427,0
blk-r32-l64,2,111014,7161,458304,940.58334732055664,,0.040550075780174027,271.21705379632516,0.043578521948097054,0
blk-r32-l64,2,111014,7541,482624,931.6594352722168,,0.0011009928785654336,116953.86367175114,0.0011582417855872445,0
blk-r32-l64,2,111014,7938,508032,931.15701166788733,,0.0042566263254938336,31060622.760173541,0.0070820691388842885,0
blk-r32-l64,2,111014,8337,533568,931.14410654703772,,0.11689390094515098,7.2129232977652862,0.12900044514575573,0
blk-r32-l64,2,111014,8732,558848,920.04878743489587,,0.024209724166137848,10550.12430272138,0.027701477513287786,0
blk-r32-l64,2,111014,9131,584384,914.79061126708984,,0.00042546959253666599,4765703.8771040998,0.00076352456348633205,0
blk-r32-l64,2,111014,9534,610176,914.71580632527673,,0.00065556366965477885,79073197.803367779,0.00081315986488667404,0
blk-r32-l64,2,111014,9933,635712,914.71577835083008,,0.027433222779074749,150.3088191058672,0.030174944757686287,0
blk-r32-l64,2,111014,10332,661248,914.71577835083008,,0.017238584719949688,6356.899118351811,0.01978981482650042,0
blk-r32-l64,2,111014,10731,686784,914.71577835083008,,0.00087771089865281229,8785738.55674229,0.0014433754468684212,0
blk-r32-l64,2,111014,11130,712320,914.71577835083008,,0.00031222300065475396,15104506.103223704,0.00032614478460860861,0
blk-r32-l64,2,111014,11529,737856,914.71577835083008,,0.059836051143243245,483.59229175650438,0.069871971821514667,0
blk-r32-l64,2,111014,11907,762048,914.71577835083008,,0.0012045582598985221,505134.96906893724,0.0012383039394803339,0
blk-r32-l64,2,111014,12306,787584,914.71577835083008,,0.00016227678496596478,9544468.9106033389,0.00018411080380286251,0
blk-r32-l64,2,111014,12705,813120,914.71577835083008,,0.068717481288429541,35.578312834182853,0.092059805662126487,0
blk-r32-l64,2,111014,13104,838656,914.71577835083008,,0.0028110994499643042,42538.948159858235,0.0039455419374182215,0
blk-r32-l64,2,111014,13503,864192,914.71577835083008,,0.00031342006093128445,140786033.34686807,0.00058762967065549261,0
blk-r32-l64,2,111014,13902,889728,914.71577835083008,,0.00081284976044415061,1895965496.0071084,0.0012661853445356142,0
blk-r32-l64,2,111014,14301,915264,914.71577835083008,,0.13344192878520872,5.949663320637347,0.17021034761549372,0
blk-r32-l64,2,111014,14700,940800,914.71577835083008,,0.0072118950215234543,44056.690987230009,0.010366650344098959,0
blk-r32-l64,2,111014,15099,966336,914.71577835083008,,0.00026219861280432952,213095251.16010705,0.00042300534550920399,0
blk-r32-l64,2,111014,15498,991872,914.71577835083008,,0.049111127542162167,1745.9759991762246,0.051683438943318442,0
blk-r32-l64,2,111014,15876,1016064,914.71577835083008,,0.0040993957615381932,74628.411057710051,0.0039810580298220606,0
blk-r32-l64,2,111014,16275,1041600,914.71577835083008,,0.0014784371054687383,19549507.145690404,0.0013733661176308029,0
blk-r32-l64,2,111014,16674,1067136,914.71577835083008,,0.13667655396226408,4.8468056464393543,0.16577483299959622,0
blk-r32-l64,2,111014,17073,1092672,914.71577835083008,,0.0083879446946991832,7050.8827768225956,0.016120341980411242,0
blk-r32-l64,2,111014,17472,1118208,914.71577835083008,,0.00038633176931090866,3107163.8876347519,0.00051109293139332129,0
blk-r32-l64,2,111014,17871,1143744,914.71577835083008,,0.052885371274969901,89.237728094056777,0.064797802787818048,0
blk-r32-l64,2,111014,18270,1169280,914.71577835083008,,0.01876759999689169,2158.4600605935548,0.015614993030721848,0
blk-r32-l64,2,111014,18669,1194816,914.71577835083008,,0.003459920077031174,125295.41642266999,0.0027905383379454671,0
blk-r32-l64,2,111014,19068,1220352,914.71577835083008,,0.00033201417740527547,7642479.5721660256,0.0003374448690761787,0
blk-r32-l64,2,111014,19467,1245888,914.71577835083008,,0.083178669057142912,2536.3303764110365,0.12656889484490191,0
blk-r32-l64,2,111014,19845,1270080,914.71577835083008,,0.009120399869043434,796895.36830281327,0.019728718549957482,0
blk-r32-l64,2,111014,20244,1295616,914.71577835083008,,0.00037340371417642358,154599534.40036786,0.0009699365771327754,0
blk-r32-l64,2,111014,20643,1321152,914.71577835083008,,0.041508081721162562,302.05240202542439,0.055955470921127216,0
blk-r32-l64,2,111014,21042,1346688,914.71577835083008,,0.0085357243905693856,29085.965616168021,0.018635842201217525,0
blk-r32-l64,2,111014,21441,1372224,914.71577835083008,,7.4950174027964069e-05,1552393.9497495689,0.00012004378096067582,0
blk-r32-l64,2,111014,21840,1397760,914.71577835083008,,0.027656193680779487,1304.6142833365748,0.032619198983660835,0
blk-r32-l64,2,111014,22239,1423296,914.71577835083008,,0.0010198432921841945,1712485.2353248366,0.0013961720550747258,0
blk-r32-l64,2,111014,22638,1448832,914.71577835083008,,0.30660694175738645,2.3713652269152905,0.34355207972452612,0
blk-r32-l64,2,111014,23037,1474368,914.71577835083008,,0.027971485871435903,1242.9949808215915,0.02282570660909583,0
blk-r32-l64,2,111014,23436,1499904,914.71577835083008,,0.00032402788810854429,2090459.2039894725,0.00026392848751412789,0
blk-r32-l64,2,111014,23814,1524096,914.71577835083008,,0.14376973923676414,3.6765478619013319,0.16610301988860265,0
blk-r32-l64,2,111014,24213,1549632,914.71577835083008,,0.039297169845004434,7047.4592448254762,0.041109386808409129,0
blk-r32-l64,2,111014,24612,1575168,914.71577835083008,,0.00056821705838327227,2850224.7718222504,0.00064081662262770417,0
blk-r32-l64,2,111014,25011,1600704,914.71577835083008,,0.0012228185183800686,312442577.84902877,0.0013666139254193055,0
blk-r32-l64,2,111014,25410,1626240,914.71577835083008,,0.042969741147900864,998.61016225185688,0.039107762226915428,0
blk-r32-l64,2,111014,25809,1651776,914.71577835083008,,0.005342262692325587,29670.76287459103,0.0050906361630956368,0
blk-r32-l64,2,111014,26208,1677312,914.71577835083008,,0.00050547539985270229,24600017.793921098,0.00059628429152670044,0
blk-r32-l64,2,111014,26607,1702848,914.71577835083008,,0.010323863647822191,2293.2197003437159,0.019882125066100216,0
blk-r32-l64,2,111014,27006,1728384,914.71577835083008,,0.0012366661234585561,916543.54776860296,0.0023090212829584545,0
blk-r32-l64,2,111014,27405,1753920,914.71577835083008,,0.0015129696977418047,344059853.96990627,0.0039441151793423879,0
blk-r32-l64,2,111014,27783,1778112,914.71577835083008,,0.083905283726640231,14.293409417068634,0.099238478866604612,0
blk-r32-l64,2,111014,28182,1803648,914.71577835083008,,0.00386287681342672,21379.163759934607,0.0045709334962283354,0
blk-r32-l64,2,111014,28581,1829184,914.71577835083008,,0.0013107626758049429,111990714.36669995,0.0036490587508195161,0
blk-r32-l64,2,111014,28980,1854720,914.71577835083008,,0.0043305852893523169,1111078108.6230438,0.0060927131447781223,0
blk-r32-l64,2,111014,29379,1880256,914.71577835083008,,0.28544506875676362,3.4588111936140784,0.33335358033210472,0
blk-r32-l64,2,111014,29778,1905792,914.71577835083008,,0.067591068059989809,1606.845513559763,0.064434403329528475,0
blk-r32-l64,2,111014,30177,1931328,914.71577835083008,,0.018892291154205064,4920.5910449629937,0.0080989700008760185,0
blk-r32-l64,2,111014,30576,1956864,914.71577835083008,,0.00048190803307858563,1183518.1114464612,0.00027221081105499969,0
blk-r32-l64,2,111014,30975,1982400,914.71577835083008,,0.021980416168825446,1240.5505980890243,0.02810118745667331,0
blk-r32-l64,2,111014,31374,2007936,914.71577835083008,,0.00057967315538337788,1959937.5698130606,0.00076375771313009382,0
blk-r32-l64,2,111014,31752,2032128,914.71577835083008,,0.084338750867711532,15.338199119009175,0.10834404235900318,0
blk-r32-l64,2,111014,32151,2057664,914.71577835083008,,0.006404066626013164,13984.463944351315,0.013968389472157524,0
blk-r32-l64,2,111014,32550,2083200,914.71577835083008,,0.00056889413463388457,34720271.684520386,0.0019173555581417797,0
blk-r32-l64,2,111014,32949,2108736,914.71577835083008,,0.0010959662735608169,728018327.4064461,0.0024350417599988028,0
blk-r32-l64,2,111014,33348,2134272,914.71577835083008,,0.088302763962199382,41.851855544188332,0.10646920390464192,0
blk-r32-l64,2,111014,33747,2159808,914.71577835083008,,0.0036178362829508955,8932.0419207093455,0.004050236059443631,0
blk-r32-l64,2,111014,34146,2185344,914.71577835083008,,0.0003697587765474227,5739722.5692748232,0.00060803016692085178,0
blk-r32-l64,2,111014,34545,2210880,914.71577835083008,,0.0010737191911745659,336832876.06651181,0.0016523389201667773,0
blk-r32-l64,2,111014,34944,2236416,914.71577835083008,,0.051696589941120363,1204.644064588663,0.083643214929744539,0
blk-r32-l64,2,111014,35322,2260608,914.71577835083008,,0.0021145195097828436,17296.134655840142,0.0023308148942567464,0
blk-r32-l64,2,111014,35721,2286144,914.71577835083008,,0.11754390111858558,4.0139253473962215,0.13701046494332317,0
blk-r32-l64,2,111014,36120,2311680,914.71577835083008,,0.0072756146048703705,22109.958796129897,0.012439907512080947,0
blk-r32-l64,2,111014,36519,2337216,914.71577835083008,,0.00026995274781304901,25763470.824225098,0.00054391492064216401,0
blk-r32-l64,2,111014,36918,2362752,914.71577835083008,,0.03402478826666136,1370.6939965022889,0.056541955934419817,0
blk-r32-l64,2,111014,37309,2387776,913.90166600545251,,0.001230142114099357,732799.30013346183,0.0010290990012444077,0
blk-r32-l64,2,111014,37716,2413824,913.80263137817383,,0.13038983225021958,5.1378064103596266,0.14938213087433447,0
blk-r32-l64,2,111014,38115,2439360,913.80263137817383,,0.012396357707571163,13799.662848527742,0.011414200661095069,0
blk-r32-l64,2,111014,38514,2464896,913.80263137817383,,0.00014455587474352752,4533328.8766606357,0.0001430243621039665,0
blk-r32-l64,2,111014,38913,2490432,913.80263137817383,,0.050116835633081738,2105.3467628053559,0.055431087333842499,0
blk-r32-l64,2,111014,39291,2514624,913.80263137817383,,0.0033075177961887012,49212.459807832282,0.0026250035720096886,0
blk-r32-l64,2,111014,39690,2540160,913.80263137817383,,0.00018037866554391867,8489815.0798754916,0.0002111929460846711,0
blk-r32-l64-passive,2,111014,1,64,21893.933979034424,,0.25895591140019092,1.0582882074891278,0.25825153222513236,0
blk-r32-l64-passive,2,111014,10,640,3012.5514055887857,,0.23965254163671584,1.6710240118550477,0.26233278969295615,0
blk-r32-l64-passive,2,111014,40,2560,1712.3194618225098,,0.23482000829498781,2.361994159540834,0.25066365951615244,0
blk-r32-l64-passive,2,111014,397,25408,1031.5301005045574,,0.043447765409072178,967.16016008173904,0.051775937154329169,0
blk-r32-l64-passive,2,111014,795,50880,1017.0618082682291,,0.00060276998623757952,527645.20592099428,0.00077316953329471599,0
blk-r32-l64-passive,2,111014,1197,76608,1017.0524202982584,,0.034405964770962041,218.40580694114965,0.035669341866015947,0
blk-r32-l64-passive,2,111014,1596,102144,1017.0524202982584,,0.00091132837181037468,491458.64235133782,0.0010914902440061058,0
blk-r32-l64-passive,2,111014,1995,127680,1017.0524202982584,,0.00015814771590631725,3218658.887277693,0.000145099591635023,0
blk-r32-l64-passive,2,111014,2394,153216,1017.0524202982584,,0.033391520419649025,158.49397309126729,0.037394523383261151,0
blk-r32-l64-passive,2,111014,2793,178752,1017.0524202982584,,0.010440713346840871,5214.9555522976334,0.0095830146351500722,0
blk-r32-l64-passive,2,111014,3192,204288,1017.0524202982584,,0.00032802192087102072,13286284.756182374,0.00029286544956013598,0
blk-r32-l64-passive,2,111014,3591,229824,1017.0524202982584,,0.0502455789227245,142.64460325096829,0.068853299889550315,0
blk-r32-l64-passive,2,111014,3969,254016,1010.9284680684408,,0.012543584094690237,14603.735413971404,0.015904504025643081,0
blk-r32-l64-passive,2,111014,4368,279552,1007.8145243326823,,0.00012976823911835822,1980051.4180662991,0.0001300879395567622,0
blk-r32-l64-passive,2,111014,4767,305088,1007.8115412394205,,0.024293557709430588,222.1024786214879,0.026118529718934986,0
blk-r32-l64-passive,2,111014,5166,330624,1007.8115412394205,,0.0016361575927892006,38023.678256904503,0.001607234804799748,0
blk-r32-l64-passive,2,111014,5565,356160,1007.8115412394205,,0.00068704523232229699,2087132.5878275733,0.00065197940007912978,0
blk-r32-l64-passive,2,111014,5964,381696,1007.8115412394205,,0.18129025290514311,2.7372520096082766,0.19405779131365491,0
blk-r32-l64-passive,2,111014,6363,407232,1007.8115412394205,,0.0067631393710086999,2002.6951400098992,0.007353390330670233,0
blk-r32-l64-passive,2,111014,6762,432768,1007.8115412394205,,0.00021832186351044463,778353.8945315961,0.00022572409330087647,0
blk-r32-l64-passive,2,111014,7161,458304,1007.8115412394205,,0.02223471051874951,477.48023289988356,0.025684984206333594,0
blk-r32-l64-passive,2,111014,7560,483840,1007.8115412394205,,0.0013754352729435648,209843.26462281801,0.0017606533773909434,0
blk-r32-l64-passive,2,111014,7938,508032,1007.8115412394205,,0.00011442185439603443,2900739.3721599136,0.00014041624229764319,0
blk-r32-l64-passive,2,111014,8337,533568,1007.8115412394205,,0.059466944621807599,569.20427622796751,0.062476750902542004,0
blk-r32-l64-passive,2,111014,8733,558912,976.21889114379883,,0.0035110290552566466,17030.577992830997,0.0022880061330691425,0
blk-r32-l64-passive,2,111014,9129,584256,975.97272491455078,,0.001437112991060666,9802664.9828178305,0.0023441933662049679,0
blk-r32-l64-passive,2,111014,9534,610176,975.20990880330407,,0.0077927122455946785,66480260.368831791,0.0029362661601083605,0
blk-r32-l64-passive,2,111014,9933,635712,975.07408396402991,,0.012492708419166091,271738661.47459948,0.0037645896555101466,0
blk-r32-l64-passive,2,111014,10332,661248,974.97437922159827,,0.007568117997979032,527765705.33871251,0.001698926326203367,0
blk-r32-l64-passive,2,111014,10722,686208,955.90134302775061,,0.023009299692717498,2314.780965371478,0.028486982917305077,0
blk-r32-l64-passive,2,111014,11114,711296,921.06286112467444,,0.0018071705515262072,165529.88013239237,0.0013983591385761682,0
blk-r32-l64-passive,2,111014,11529,737856,920.88366826375329,,0.1857418413902702,2.9813686001302155,0.20483094775763827,0
blk-r32-l64-passive,2,111014,11907,762048,920.88366826375329,,0.028980515153534326,2468.2161622312537,0.035599607031252249,0
blk-r32-l64-passive,2,111014,12306,787584,920.88366826375329,,0.0046944938754616278,29391.487840980808,0.0054416489436632503,0
blk-r32-l64-passive,2,111014,12705,813120,920.88366826375329,,0.0015617415049738164,22595434.792056393,0.0023846757049955443,0
blk-r32-l64-passive,2,111014,13104,838656,920.88366826375329,,8.2671366789787936e-05,22188690.929457571,7.2629924281773282e-05,0
blk-r32-l64-passive,2,111014,13503,864192,920.88366826375329,,0.009434385802243539,5471.4272791255926,0.0096870866043964991,0
blk-r32-l64-passive,2,111014,13902,889728,920.88366826375329,,0.00022719673622276188,2304008.9818888851,0.00021609962215612258,0
blk-r32-l64-passive,2,111014,14301,915264,920.88366826375329,,0.048620133996549221,35.230909363453272,0.057343911217679379,0
blk-r32-l64-passive,2,111014,14700,940800,920.88366826375329,,0.011918869365520399,6233.2138504300392,0.0148898418351058,0
blk-r32-l64-passive,2,111014,15099,966336,920.88366826375329,,0.00015498136075026904,1819019.7147965776,0.00021513717843839203,0
blk-r32-l64-passive,2,111014,15498,991872,920.88366826375329,,0.031657723393779147,117.63253803142277,0.035470650466767728,0
blk-r32-l64-passive,2,111014,15876,1016064,920.88366826375329,,0.012615568411668434,5054.6172071591,0.012408566786640417,0
blk-r32-l64-passive,2,111014,16275,1041600,920.88366826375329,,0.00072431926117932379,913063.16838135035,0.0005924080297198261,0
blk-r32-l64-passive,2,111014,16674,1067136,920.88366826375329,,0.039435419838487369,145.19554369111353,0.050218044891067487,0
blk-r32-l64-passive,2,111014,17073,1092672,920.88366826375329,,0.0079728861683303186,5132.562773912995,0.0062404436696899112,0
blk-r32-l64-passive,2,111014,17472,1118208,920.88366826375329,,0.00016883110707560013,607374.30576357467,0.00011741198822404401,0
blk-r32-l64-passive,2,111014,17871,1143744,920.88366826375329,,0.029419427789850721,635.38510981500156,0.033673331105331175,0
blk-r32-l64-passive,2,111014,18270,1169280,920.88366826375329,,0.003495051842928051,192062.22752796987,0.0036601019671458051,0
blk-r32-l64-passive,2,111014,18669,1194816,920.88366826375329,,0.00012387394189102049,2751560.6862385958,0.00014889042738398404,0
blk-r32-l64-passive,2,111014,19068,1220352,920.88366826375329,,0.027467649989713735,2351.2291132964524,0.028300218255881849,0
blk-r32-l64-passive,2,111014,19467,1245888,917.91646957397461,,0.0011410008345575822,359713.23747800436,0.0009546176481873283,0
blk-r32-l64-passive,2,111014,19845,1270080,917.84854888916016,,0.060201193914247289,14.332064920929881,0.064726920588635342,0
blk-r32-l64-passive,2,111014,20244,1295616,917.84854888916016,,0.0049700718927160204,10323.561293016633,0.005687565631629251,0
blk-r32-l64-passive,2,111014,20643,1321152,917.84854888916016,,0.00060716963368586806,4622676.6617086306,0.0010549713058880413,0
blk-r32-l64-passive,2,111014,21042,1346688,917.84854888916016,,0.00014246548202434393,209258904.55799809,0.00016964528269786661,0
blk-r32-l64-passive,2,111014,21441,1372224,917.84854888916016,,0.013708565039651774,1287.8159931634591,0.015587706870393915,0
blk-r32-l64-passive,2,111014,21840,1397760,917.84854888916016,,0.0022888989933268784,164589.50703000702,0.002571924121188346,0
blk-r32-l64-passive,2,111014,22239,1423296,917.84854888916016,,0.00039560253487129677,23289709.489275452,0.00056838913715669592,0
blk-r32-l64-passive,2,111014,22638,1448832,917.84854888916016,,0.034278107309152157,81.984123832714346,0.037923552565418329,0
blk-r32-l64-passive,2,111014,23037,1474368,917.84854888916016,,0.022704017894187876,10597.263029508009,0.031371324862881661,0
blk-r32-l64-passive,2,111014,23436,1499904,917.84854888916016,,0.0026199167173508908,2155730.407213876,0.002932348289667134,0
blk-r32-l64-passive,2,111014,23814,1524096,917.84854888916016,,0.00048614817758594735,52974271.287805207,0.00065117525518355055,0
blk-r32-l64-passive,2,111014,24213,1549632,917.84854888916016,,0.23251854944296593,2.6666427820075511,0.25251728284176816,0
blk-r32-l64-passive,2,111014,24612,1575168,917.84854888916016,,0.073484265221535908,11123.615558008149,0.099220957385598649,0
blk-r32-l64-passive,2,111014,25011,1600704,917.84854888916016,,0.047768483673178222,83876.484761041313,0.062323169418339638,0
blk-r32-l64-passive,2,111014,25410,1626240,917.84854888916016,,0.011900722381103677,748073.5149056986,0.0078557354044801499,0
blk-r32-l64-passive,2,111014,25809,1651776,917.84854888916016,,0.00020720861523089706,64455849.548311695,0.00015638023437548749,0
blk-r32-l64-passive,2,111014,26208,1677312,917.84854888916016,,0.032855467061289521,1000.9096721597731,0.033473134261048365,0
blk-r32-l64-passive,2,111014,26607,1702848,917.84854888916016,,0.0018632205785835986,67714.470850295984,0.0016592166594023474,0
blk-r32-l64-passive,2,111014,27006,1728384,917.84854888916016,,0.00010961086346227864,3708090.3649734729,9.4186491743539493e-05,0
blk-r32-l64-passive,2,111014,27405,1753920,917.84854888916016,,0.049782902033491991,666.49674763448661,0.068614334073788044,0
blk-r32-l64-passive,2,111014,27783,1778112,917.84854888916016,,0.016792102180415908,16139.348590377456,0.015539454401907503,0
blk-r32-l64-passive,2,111014,28182,1803648,917.84854888916016,,0.00089104567693221908,4979177.3292041654,0.0011585019990186264,0
blk-r32-l64-passive,2,111014,28581,1829184,917.84854888916016,,0.093073847399604281,10.325602200548019,0.1108332697076264,0
blk-r32-l64-passive,2,111014,28972,1854208,915.78016535441077,,0.054176285743544723,5969.07339498287,0.051406540860656061,0
blk-r32-l64-passive,2,111014,29369,1879616,904.22613652547204,,0.00094492571133238438,1515770.0340948459,0.00088753890429035776,0
blk-r32-l64-passive,2,111014,29778,1905792,904.14744186401367,,0.00023948789928295367,2358680.7521677008,0.00012910921870013493,0
blk-r32-l64-passive,2,111014,30177,1931328,904.14744186401367,,0.042972053128839387,138.65968018039675,0.050800660108055409,0
blk-r32-l64-passive,2,111014,30576,1956864,904.14744186401367,,0.0021573114295449151,6700.3916059764788,0.0014726692332935544,0
blk-r32-l64-passive,2,111014,30975,1982400,904.14744186401367,,7.4092950774525267e-05,195202.36939550072,5.8834467715056476e-05,0
blk-r32-l64-passive,2,111014,31374,2007936,904.14744186401367,,0.010727221170317958,910.63937572978568,0.013919130034661895,0
blk-r32-l64-passive,2,111014,31752,2032128,904.14744186401367,,0.0022770518524557145,14495.25314343324,0.002072973148203493,0
blk-r32-l64-passive,2,111014,32151,2057664,904.14744186401367,,9.940347418934195e-05,1031499.9432639849,7.6704410517561869e-05,0
blk-r32-l64-passive,2,111014,32550,2083200,904.14744186401367,,0.12470297133469972,4.6629844231299877,0.13331777430529984,0
blk-r32-l64-passive,2,111014,32949,2108736,904.14744186401367,,0.015715722740935981,5413.1811957981627,0.015141613703537988,0
blk-r32-l64-passive,2,111014,33348,2134272,904.14744186401367,,0.00032360553466607148,1768953.9922141149,0.00042340105834071627,0
blk-r32-l64-passive,2,111014,33747,2159808,904.14744186401367,,0.00045952512077444038,54412557.342797451,0.00040564312941226418,0
blk-r32-l64-passive,2,111014,34146,2185344,904.14744186401367,,0.055923720574028786,85.611323986053904,0.063236038232827821,0
blk-r32-l64-passive,2,111014,34545,2210880,904.14744186401367,,0.0018054484637384809,15445.144291608114,0.0019253936959717618,0
blk-r32-l64-passive,2,111014,34944,2236416,904.14744186401367,,0.16395070592483832,3.5947870975248577,0.18806571177802608,0
blk-r32-l64-passive,2,111014,35322,2260608,904.14744186401367,,0.01194364737401837,2361.6943058864813,0.016668343136616037,0
blk-r32-l64-passive,2,111014,35721,2286144,904.14744186401367,,0.015619213754198637,4845.8463807035496,0.010556386692158791,0
blk-r32-l64-passive,2,111014,36120,2311680,904.14744186401367,,0.0059629511785980497,359587.72283330944,0.0041588531674907458,0
blk-r32-l64-passive,2,111014,36519,2337216,904.14744186401367,,0.0021930905208208239,113440108.52509035,0.0014469201956294707,0
blk-r32-l64-passive,2,111014,36918,2362752,904.14744186401367,,0.0021939779948152846,259064790.5203014,0.00078078158218237396,0
blk-r32-l64-passive,2,111014,37317,2388288,904.14744186401367,,0.036577732680837798,198.66029642679453,0.037946476557341569,0
blk-r32-l64-passive,2,111014,37716,2413824,904.14744186401367,,0.00194109963127531,20873.469169903899,0.0019084457760688812,0
blk-r32-l64-passive,2,111014,38115,2439360,904.14744186401367,,0.11879457846865235,3.5853602216799709,0.12835524541836726,0
blk-r32-l64-passive,2,111014,38514,2464896,904.14744186401367,,0.0060265285888932464,17917.066455324602,0.0072172557069008466,0
blk-r32-l64-passive,2,111014,38913,2490432,904.14744186401367,,7.659653844371134e-05,472880.12245468824,9.8308740340835601e-05,0
blk-r32-l64-passive,2,111014,39291,2514624,904.14744186401367,,0.029006224888749169,1045.5429861998275,0.033672486449110167,0
blk-r32-l64-passive,2,111014,39690,2540160,904.14744186401367,,0.001402114823230146,126793.4900444032,0.0010925969101562003,0
blk-r32-l64-passive,2,111014,40089,2565696,904.14744186401367,,0.00016228124509875207,3592484.9490940301,0.00010610666926647617,0
blk-r32-l64-passive,2,111014,40488,2591232,904.14744186401367,,0.026194338027757461,1262.987233742288,0.024832264641908946,0
blk-r32-l64-passive,2,111014,40887,2616768,904.14744186401367,,0.0026685209710473317,315780.11032670789,0.0022662247374177409,0
blk-r32-l64-passive,2,111014,41286,2642304,904.14744186401367,,8.5727607266325212e-05,1233879.2694245861,6.0392191594742188e-05,0
blk-r32-l64-passive,2,111014,41307,2643648,904.14744186401367,,8.3684273084561238e-05,1444182.3908294933,6.3489942670574116e-05,0
blk-r32-l64,3,111015,1,64,32897.10277557373,,0.25429648641140423,1.0469861523005748,0.24869290511246825,0
blk-r32-l64,3,111015,5,320,5549.5228958129883,,0.25029176568705286,1.3318958306857038,0.26091355787482323,0
blk-r32-l64,3,111015,10,640,2684.4005037943521,,0.27208015967459309,1.6766014642778519,0.29849615487950387,0
blk-r32-l64,3,111015,399,25536,1064.1210021972656,,0.00834744477618991,6870.1516323201458,0.0099136011392833272,0
blk-r32-l64,3,111015,795,50880,1062.2457936604817,,0.00029266743246973416,19886516.631570786,0.00039429757867443237,0
blk-r32-l64,3,111015,1197,76608,1062.235767364502,,0.12539574725086103,4.552013684293394,0.14185861925771751,0
blk-r32-l64,3,111015,1596,102144,1062.235767364502,,0.053676563532542097,6419.5359542112001,0.063516797831217567,0
blk-r32-l64,3,111015,1995,127680,1062.235767364502,,0.00054026801762492691,5418778.7776300758,0.00069878108813582361,0
blk-r32-l64,3,111015,2394,153216,1062.235767364502,,0.00022909631043766294,24765726.800913922,0.00025665272949055407,0
blk-r32-l64,3,111015,2793,178752,1062.235767364502,,0.0085965215074810947,3293.4666270902389,0.019127273813773438,0
blk-r32-l64,3,111015,3192,204288,1062.235767364502,,0.00051041062958124151,6215019.6787506109,0.0015227400162289985,0
blk-r32-l64,3,111015,3591,229824,1062.235767364502,,0.00084619277232279074,162418695.08496165,0.0022074941145791048,0
blk-r32-l64,3,111015,3969,254016,1062.235767364502,,0.00045586607507250998,458317140.3803767,0.00086425083736271975,0
blk-r32-l64,3,111015,4368,279552,1008.972048441569,,0.034454857291284995,2588.7229527337417,0.034823648060387125,0
blk-r32-l64,3,111015,4767,305088,950.86393483479821,,0.0042272244944124042,140319.27135355765,0.0031104135458488716,0
blk-r32-l64,3,111015,5166,330624,950.47427749633789,,0.00010327799304879466,5282600.5720907431,0.00010392471963712614,0
blk-r32-l64,3,111015,5561,355904,911.86880874633789,,0.012435522061492855,3161.1795615697938,0.014154258609900343,0
blk-r32-l64,3,111015,5954,381056,905.25599924723304,,0.00036290601258792812,1868937.3016133988,0.00052548570560323547,0
blk-r32-l64,3,111015,6363,407232,905.24427159627282,,0.053783811368223772,39.574633817042908,0.072814317069412479,0
blk-r32-l64,3,111015,6762,432768,905.24427159627282,,0.0044810237731942168,6343.5771183510196,0.005825472011150531,0
blk-r32-l64,3,111015,7161,458304,905.24427159627282,,0.00017254981618648467,3270456.8422804652,0.00034521334958685206,0
blk-r32-l64,3,111015,7560,483840,905.24427159627282,,0.056351030040764596,507.27388655267362,0.062384277356260232,0
blk-r32-l64,3,111015,7938,508032,905.24427159627282,,0.0040592507232547889,80682.300736996825,0.0049020076804361535,0
blk-r32-l64,3,111015,8337,533568,905.24427159627282,,0.00037963536925530918,13335235.918883046,0.00036942460413820423,0
blk-r32-l64,3,111015,8736,559104,905.24427159627282,,0.051511738247191088,108.62129382311144,0.06261303888462437,0
blk-r32-l64,3,111015,9135,584640,905.24427159627282,,0.0015684573416304573,4436.2712804907778,0.0016419071779065029,0
blk-r32-l64,3,111015,9534,610176,905.24427159627282,,0.00041253750721058119,41462150.447671779,0.00045743711873068034,0
blk-r32-l64,3,111015,9933,635712,905.24427159627282,,0.00091273684139534005,1802606113.7989998,0.0011672286130912997,0
blk-r32-l64,3,111015,10332,661248,905.24427159627282,,0.033475530636238794,646.99481673802052,0.032776313360360895,0
blk-r32-l64,3,111015,10731,686784,905.24427159627282,,0.00038456087229647745,221688.42020805134,0.0006161968914895411,0
blk-r32-l64,3,111015,11130,712320,905.24427159627282,,0.0012092152841884363,125414563.59655213,0.0029152956481395876,0
blk-r32-l64,3,111015,11529,737856,905.24427159627282,,0.00064149250780503925,58320011.260204166,0.00036417810730982384,0
blk-r32-l64,3,111015,11907,762048,905.24427159627282,,0.035378970773785594,306.77993244292082,0.057947964060954718,0
blk-r32-l64,3,111015,12306,787584,905.24427159627282,,0.0062327544889723549,15838.837990334929,0.0060551912810573663,0
blk-r32-l64,3,111015,12705,813120,905.24427159627282,,0.00020246153821206877,6739148.1205982091,0.00024056538917442444,0
blk-r32-l64,3,111015,13104,838656,905.24427159627282,,0.048859650434783332,1305.7493850551875,0.06836726805746203,0
blk-r32-l64,3,111015,13503,864192,905.24427159627282,,0.0014970022935348118,169895.29650901604,0.0020418460117596483,0
blk-r32-l64,3,111015,13902,889728,905.24427159627282,,0.23569888215113383,1.5672271965433628,0.25492783189624751,0
blk-r32-l64,3,111015,14301,915264,905.24427159627282,,0.0075108375588612249,878.74951161096419,0.011542675324352986,0
blk-r32-l64,3,111015,14700,940800,905.24427159627282,,0.0070443363072184798,62804.789080680173,0.008527094572253863,0
blk-r32-l64,3,111015,15099,966336,905.24427159627282,,0.00053985852161642447,14373763.142439865,0.0010833231798965364,0
blk-r32-l64,3,111015,15498,991872,905.24427159627282,,0.043957969515167027,128.22325483994084,0.054073464480494278,0
blk-r32-l64,3,111015,15876,1016064,905.24427159627282,,0.0085282955520661514,3136.1509989229285,0.0092021130294844215,0
blk-r32-l64,3,111015,16275,1041600,905.24427159627282,,0.00074378979958066688,12063509.737448642,0.00071323486552206275,0
blk-r32-l64,3,111015,16674,1067136,905.24427159627282,,0.25110960335287169,1.2735665004522041,0.26020042341781313,0
blk-r32-l64,3,111015,17073,1092672,905.24427159627282,,0.016569414165468345,2392.151678804707,0.019290439758127192,0
blk-r32-l64,3,111015,17472,1118208,905.24427159627282,,0.0001781504428447357,891219.26824524184,0.0001664752040523163,0
blk-r32-l64,3,111015,17871,1143744,905.24427159627282,,0.034428597260570737,98.082808207130427,0.040824357532492056,0
blk-r32-l64,3,111015,18270,1169280,905.24427159627282,,0.0041699772247476398,4836.6441948733445,0.0042936679422645486,0
blk-r32-l64,3,111015,18669,1194816,905.24427159627282,,0.033095155568075504,17337.560774398822,0.022860007757362712,0
blk-r32-l64,3,111015,19068,1220352,905.24427159627282,,0.0040731128656114213,1016488.2663677298,0.0024200926690280339,0
blk-r32-l64,3,111015,19467,1245888,905.24427159627282,,0.068643085981058671,22.88110236188648,0.073182868570451073,0
blk-r32-l64,3,111015,19845,1270080,905.24427159627282,,0.0040057036648578305,41252.314628791253,0.0056445600978204556,0
blk-r32-l64,3,111015,20244,1295616,905.24427159627282,,0.00013578500480778576,6107196.6115462985,0.00020944803104723029,0
blk-r32-l64,3,111015,20643,1321152,905.24427159627282,,0.018402231526145334,1172.5994806472213,0.028169268956451776,0
blk-r32-l64,3,111015,21042,1346688,905.24427159627282,,0.0015143577071666022,168075.54193543294,0.0019734352643485092,0
blk-r32-l64,3,111015,21441,1372224,905.24427159627282,,0.00073589377972390225,23743296.575615257,0.001225158117766526,0
blk-r32-l64,3,111015,21840,1397760,905.24427159627282,,0.03480453952161594,398.99478465515045,0.039670439363336973,0
blk-r32-l64,3,111015,22239,1423296,905.24427159627282,,0.0011762949085789101,368516.044794499,0.0013610590329585068,0
blk-r32-l64,3,111015,22638,1448832,905.24427159627282,,0.1337853745843095,4.8708464418588848,0.15438255252872307,0
blk-r32-l64,3,111015,23037,1474368,905.24427159627282,,0.02306692402158771,11508.651901035842,0.035748763960762965,0
blk-r32-l64,3,111015,23436,1499904,905.24427159627282,,0.0003396717477349189,4177732.6220429423,0.00057686849213214224,0
blk-r32-l64,3,111015,23814,1524096,905.24427159627282,,0.045273875781483439,50.974443980889269,0.061132935958144216,0
blk-r32-l64,3,111015,24213,1549632,905.24427159627282,,0.0023564823672320525,21714.995835106936,0.0043863734694884861,0
blk-r32-l64,3,111015,24612,1575168,905.24427159627282,,0.31229463238646854,1.9889102931323575,0.34226882923560314,0
blk-r32-l64,3,111015,25011,1600704,905.24427159627282,,0.035856685942445947,6700.6742913723028,0.055763130642793785,0
blk-r32-l64,3,111015,25410,1626240,905.24427159627282,,0.003956234515377465,6803747.7331496924,0.0082654531265089533,0
blk-r32-l64,3,111015,25809,1651776,905.24427159627282,,0.00037721373263971636,77967861.710350454,0.00056114862993703572,0
blk-r32-l64,3,111015,26208,1677312,905.24427159627282,,0.043374529506416223,1489.5884301070312,0.065579694627795462,0
blk-r32-l64,3,111015,26607,1702848,905.24427159627282,,0.0022990412075833138,979661.67731113709,0.004216916328791601,0
blk-r32-l64,3,111015,27006,1728384,905.24427159627282,,0.00026188559824350178,19818434.341736715,0.00055569477262743298,0
blk-r32-l64,3,111015,27405,1753920,905.24427159627282,,0.024940096604193239,2409.7101807169156,0.028658887068614771,0
blk-r32-l64,3,111015,27783,1778112,905.24427159627282,,0.0011105310850505208,321338.65203323454,0.00096043010136231087,0
blk-r32-l64,3,111015,28182,1803648,905.24427159627282,,9.8985301783391884e-05,2456065.057303634,9.5213915719390057e-05,0
blk-r32-l64,3,111015,28581,1829184,905.24427159627282,,0.057141578961480928,3003.7219351032504,0.072903115020559794,0
blk-r32-l64,3,111015,28980,1854720,905.24427159627282,,0.027614052090928074,25933.898518441416,0.01771369760987258,0
blk-r32-l64,3,111015,29379,1880256,905.24427159627282,,0.0016418661905553175,35965447.330577865,0.0011451170691055192,0
blk-r32-l64,3,111015,29778,1905792,905.24427159627282,,0.0044961219150819907,597177958.13726723,0.0029570636386692822,0
blk-r32-l64,3,111015,30177,1931328,905.24427159627282,,0.071159094256585828,14.078259726524887,0.082490752976097412,0
blk-r32-l64,3,111015,30576,1956864,905.24427159627282,,0.019772221002413378,13775.865085602967,0.02477750255497212,0
blk-r32-l64,3,111015,30975,1982400,905.24427159627282,,0.00055971556120084395,35852771.495050326,0.00083312206449322787,0
blk-r32-l64,3,111015,31374,2007936,905.24427159627282,,0.058985451765105612,21.347927526091901,0.071678316930900668,0
blk-r32-l64,3,111015,31752,2032128,905.24427159627282,,0.03435503673709206,5310.7014478046231,0.033492841211457097,0
blk-r32-l64,3,111015,32151,2057664,905.24427159627282,,0.0017109330083272998,1641967.8004983505,0.0021163014655935664,0
blk-r32-l64,3,111015,32550,2083200,905.24427159627282,,0.00011486864887866572,11040972.254664538,0.00015557711470566487,0
blk-r32-l64,3,111015,32949,2108736,905.24427159627282,,0.013466481137521153,4818.7060631228496,0.018150940262723743,0
blk-r32-l64,3,111015,33348,2134272,905.24427159627282,,0.00040864505074383314,423268.03020971146,0.00044398706691570726,0
blk-r32-l64,3,111015,33747,2159808,905.24427159627282,,0.10994213154145567,6.2182385926964034,0.1309197790697241,0
blk-r32-l64,3,111015,34146,2185344,905.24427159627282,,0.15492822253312347,2436.3527144976301,0.18632503114786267,0
blk-r32-l64,3,111015,34529,2209856,902.92677179972327,,0.040743838697527054,3570.8282913421444,0.011796801085932399,0
blk-r32-l64,3,111015,34928,2235392,898.51299794514978,,0.018460884582626593,6990305.8600751478,0.0074406653804964225,0
blk-r32-l64,3,111015,35322,2260608,898.23181533813477,,0.00034416007150105338,36558442.866940565,0.00011602139827815065,0
blk-r32-l64,3,111015,35721,2286144,898.23181533813477,,0.016094939769002104,2102.7071220941007,0.021015181130403925,0
blk-r32-l64,3,111015,36120,2311680,898.23181533813477,,0.0002655690939939513,2343733.8510849555,0.00031962558054279057,0
blk-r32-l64,3,111015,36519,2337216,898.23181533813477,,0.033911046016948984,305.93172032069202,0.046746950046954776,0
blk-r32-l64,3,111015,36918,2362752,898.23181533813477,,0.0073635533195608293,42396.024792735618,0.010112686380177663,0
blk-r32-l64,3,111015,37317,2388288,898.23181533813477,,0.00011097490784600333,2000391.99212374,0.00020696584891517354,0
blk-r32-l64,3,111015,37716,2413824,898.23181533813477,,4.2477770685388859e-05,36424940879912.859,0.00013839600763216375,0
blk-r32-l64,3,111015,38115,2439360,898.23181533813477,,0.02695009264468913,12639.185837798928,0.032492478511239889,0
blk-r32-l64,3,111015,38514,2464896,898.23181533813477,,0.0007025408654984717,1896842.3482618965,0.0012130965471125502,0
blk-r32-l64,3,111015,38913,2490432,898.23181533813477,,0.27164228059727774,2.7114356268095672,0.31855423328340776,0
blk-r32-l64,3,111015,39291,2514624,898.23181533813477,,0.037159594135568061,5679.074454942318,0.050056674843088553,0
blk-r32-l64,3,111015,39690,2540160,858.44704437255859,,0.04407090218079919,51786.161344379419,0.024567385868233704,0
blk-r32-l64,3,111015,40087,2565568,854.06133778889978,,0.0014817365406611929,13280743.911205059,0.00093479564255271024,0
blk-r32-l64,3,111015,40488,2591232,853.87903467814124,,0.0019895757221750987,891629229.55966926,0.0024994835147213491,0
blk-r32-l64,3,111015,40593,2597952,853.87903467814124,,0.001355061767059948,648992193.60425484,0.0015087326707266438,0
blk-r32-l64-passive,3,111015,1,64,32897.10277557373,,0.25429648641140423,1.0091481378313876,0.24764327991698906,0
blk-r32-l64-passive,3,111015,80,5120,1431.4357376098633,,0.097811323761166413,6.1476553567419527,0.11082763066094282,0
blk-r32-l64-passive,3,111015,399,25536,1300.1391016642253,,0.0064891967465722997,1670.9421637902094,0.0082706144964841966,0
blk-r32-l64-passive,3,111015,798,51072,1299.626574198405,,0.00047912764589362687,3703256.4881468425,0.00068204151037910376,0
blk-r32-l64-passive,3,111015,1197,76608,1299.6103006998699,,0.00048361506790337754,68910913.003124818,0.00070910160234833144,0
blk-r32-l64-passive,3,111015,1596,102144,1299.6100184122722,,0.05361816241217391,27.748590585539173,0.063916079127957201,0
blk-r32-l64-passive,3,111015,1985,127040,1167.0171279907227,,0.0048874956490346406,1895.7515223530338,0.0034895114447850142,0
blk-r32-l64-passive,3,111015,2383,152512,1166.409236907959,,0.00024237419109075905,701778.64290940331,0.00024879012481903058,0
blk-r32-l64-passive,3,111015,2793,178752,1166.4015947977703,,0.00017782021039055849,10214164.138918521,0.00019630103695823835,0
blk-r32-l64-passive,3,111015,3178,203392,965.79312642415368,,0.043727885403069558,1998.1515260315975,0.052897444660557624,0
blk-r32-l64-passive,3,111015,3579,229056,930.11087544759118,,0.00049099414107468798,398622.98860059248,0.0003814825846400408,0
blk-r32-l64-passive,3,111015,3969,254016,930.079833984375,,8.59409328320693e-05,3305969.3747940143,7.5991386162674901e-05,0
blk-r32-l64-passive,3,111015,4368,279552,930.079833984375,,0.037917606795978775,749.29811059898338,0.033858766708221071,0
blk-r32-l64-passive,3,111015,4767,305088,930.079833984375,,0.0010524399463093185,12049.81954316997,0.0008081263321333184,0
blk-r32-l64-passive,3,111015,5166,330624,930.079833984375,,0.24363370720031655,2.662920731967636,0.29288196997266658,0
blk-r32-l64-passive,3,111015,5565,356160,930.079833984375,,0.0044845626485673527,715.76792593305845,0.0048210003280663516,0
blk-r32-l64-passive,3,111015,5964,381696,930.079833984375,,0.00010836384092471627,1060107.1463664279,0.00017412933836486006,0
blk-r32-l64-passive,3,111015,6363,407232,930.079833984375,,0.037648979740159544,187.99327617285067,0.051189505538387275,0
blk-r32-l64-passive,3,111015,6762,432768,930.079833984375,,0.0020130580869300225,22704.094685327145,0.0027823575062079263,0
blk-r32-l64-passive,3,111015,7161,458304,930.079833984375,,0.0011794375966259546,19437818.009382047,0.0046826285864978558,0
blk-r32-l64-passive,3,111015,7560,483840,930.079833984375,,0.00095922584999570963,93098506.983593673,0.0011721603472807168,0
blk-r32-l64-passive,3,111015,7938,508032,930.079833984375,,0.077480910355124888,47.069728461445457,0.088211989789336684,0
blk-r32-l64-passive,3,111015,8337,533568,930.079833984375,,0.013315317274822967,16044.125025965739,0.015218564247537933,0
blk-r32-l64-passive,3,111015,8736,559104,930.079833984375,,0.011819395946539033,141989.19627773316,0.009732835501904841,0
blk-r32-l64-passive,3,111015,9135,584640,930.079833984375,,0.0001639583504391172,490689.9024882596,6.8136563680688903e-05,0
blk-r32-l64-passive,3,111015,9534,610176,930.079833984375,,0.06769647251155092,860.3487528501513,0.11277707337503165,0
blk-r32-l64-passive,3,111015,9933,635712,930.079833984375,,0.0099389147074276461,5745.4802462267826,0.0070918947049129133,0
blk-r32-l64-passive,3,111015,10332,661248,930.079833984375,,0.00050996953012684876,1605045.2641785278,0.00031275759100306288,0
blk-r32-l64-passive,3,111015,10731,686784,930.079833984375,,0.058429236161715706,37.651100048903558,0.064739704831873718,0
blk-r32-l64-passive,3,111015,11130,712320,930.079833984375,,0.0025338813211508455,1926.8996969879881,0.002283437451460649,0
blk-r32-l64-passive,3,111015,11529,737856,930.079833984375,,0.00059016367779012914,1311123.4182810681,0.00053698295510754088,0
blk-r32-l64-passive,3,111015,11907,762048,930.079833984375,,0.00053676602372423941,11606555.433837062,0.00038896141402563675,0
blk-r32-l64-passive,3,111015,12306,787584,930.079833984375,,0.030376863202685882,474.67047532167504,0.024966532941697411,0
blk-r32-l64-passive,3,111015,12705,813120,930.079833984375,,0.00045356785557521136,1430384.9130282898,0.00042914905860038223,0
blk-r32-l64-passive,3,111015,13104,838656,930.079833984375,,0.15093666199395872,3.2925683005335378,0.16908640591986571,0
blk-r32-l64-passive,3,111015,13503,864192,930.079833984375,,0.012189342679788839,2054.1479140525785,0.013747998423687914,0
blk-r32-l64-passive,3,111015,13902,889728,930.079833984375,,0.00018736766748801218,2502250.7366634244,0.00022676899247248836,0
blk-r32-l64-passive,3,111015,14301,915264,930.079833984375,,0.033973197288703974,404.09513180235626,0.041121787152320677,0
blk-r32-l64-passive,3,111015,14700,940800,930.079833984375,,0.00076459939230981552,653354.87577805948,0.00091498674168613038,0
blk-r32-l64-passive,3,111015,15099,966336,930.079833984375,,0.00013536325791721463,11944345.499139335,0.00018759072319366143,0
blk-r32-l64-passive,3,111015,15498,991872,930.079833984375,,0.068908806017974764,1047.5986126154544,0.061060461804385416,0
blk-r32-l64-passive,3,111015,15876,1016064,930.079833984375,,0.0073894569024568757,310338.75944100349,0.0049094733691228583,0
blk-r32-l64-passive,3,111015,16275,1041600,930.079833984375,,0.0004428582970684939,33220471.618996598,0.00026915630812625091,0
blk-r32-l64-passive,3,111015,16674,1067136,930.079833984375,,0.014275729369044992,835.66882892197998,0.015888556976095113,0
blk-r32-l64-passive,3,111015,17073,1092672,930.079833984375,,0.026771713540503117,16026.783451493566,0.025936479504462793,0
blk-r32-l64-passive,3,111015,17472,1118208,930.079833984375,,0.0044933223389885925,196019.35060688772,0.0025545958268306736,0
blk-r32-l64-passive,3,111015,17871,1143744,930.079833984375,,0.00011819781874010862,1730902.3413548013,5.7392643058076795e-05,0
blk-r32-l64-passive,3,111015,18270,1169280,930.079833984375,,0.026364585572010994,1795.2765759381659,0.027476708144809667,0
blk-r32-l64-passive,3,111015,18669,1194816,930.079833984375,,0.00037001333486575062,596544.02492468152,0.0004355804727432299,0
blk-r32-l64-passive,3,111015,19068,1220352,930.079833984375,,0.055884144528914152,25.27643407731853,0.059477317007884112,0
blk-r32-l64-passive,3,111015,19467,1245888,930.079833984375,,0.022028139720121347,1627.3497813686615,0.01570334822515471,0
blk-r32-l64-passive,3,111015,19845,1270080,930.079833984375,,0.0014464731766171809,105273.07447245832,0.0011940509704533896,0
blk-r32-l64-passive,3,111015,20244,1295616,930.079833984375,,0.00014011350728395682,7697448.953719859,0.00014058606868355889,0
blk-r32-l64-passive,3,111015,20643,1321152,930.079833984375,,0.033327088220467718,188.85753228027934,0.036813972858616678,0
blk-r32-l64-passive,3,111015,21042,1346688,930.079833984375,,0.003960168105579206,4758.9203557678111,0.0036806576433161477,0
blk-r32-l64-passive,3,111015,21441,1372224,930.079833984375,,0.0031360797336171331,40638831.206959315,0.0041322634455780351,0
blk-r32-l64-passive,3,111015,21840,1397760,930.079833984375,,0.00044024029436583509,78273538.875463933,0.0003136935338177491,0
blk-r32-l64-passive,3,111015,22239,1423296,930.079833984375,,0.051230000725323001,1021.8761007876075,0.062428735334349922,0
blk-r32-l64-passive,3,111015,22627,1448128,916.81112289428711,,0.00079208282300799904,542666.53685499902,0.00066295428719519481,0
blk-r32-l64-passive,3,111015,23037,1474368,916.77139155069983,,9.9715220735847112e-05,2566642.9373667273,7.2461941677268033e-05,0
blk-r32-l64-passive,3,111015,23436,1499904,916.77139155069983,,0.043067205664764623,482.93967812949387,0.048376808889188966,0
blk-r32-l64-passive,3,111015,23814,1524096,916.77139155069983,,0.0077461450630331588,20918.044838922015,0.0070468674023402211,0
blk-r32-l64-passive,3,111015,24213,1549632,916.77139155069983,,6.1509220657229654e-05,438676.25753098138,5.2328587652904153e-05,0
blk-r32-l64-passive,3,111015,24612,1575168,916.77139155069983,,0.02833274803876968,2121.0734147825274,0.03866825995172498,0
blk-r32-l64-passive,3,111015,25011,1600704,916.77139155069983,,0.0030376612694367373,634871.06500639638,0.0050692076419017532,0
blk-r32-l64-passive,3,111015,25410,1626240,916.77139155069983,,0.0004338838202666604,129087757.63396394,0.00057411818663189254,0
blk-r32-l64-passive,3,111015,25809,1651776,916.77139155069983,,0.082440591818492573,58.798386038783072,0.10438110985067391,0
blk-r32-l64-passive,3,111015,26208,1677312,916.77139155069983,,0.014614766763628816,2845.3684566037987,0.011234359109759099,0
blk-r32-l64-passive,3,111015,26607,1702848,916.77139155069983,,0.00076532946754951465,25077590.515004605,0.00070461868158199501,0
blk-r32-l64-passive,3,111015,27006,1728384,916.77139155069983,,0.030137521415203615,305.73875754235434,0.033811243420328159,0
blk-r32-l64-passive,3,111015,27405,1753920,916.77139155069983,,0.0056167300885678157,18627.152044487011,0.0048327396115494742,0
blk-r32-l64-passive,3,111015,27783,1778112,916.77139155069983,,0.00085870212508670405,4056764.2206079895,0.00059553613704614139,0
blk-r32-l64-passive,3,111015,28182,1803648,916.77139155069983,,0.16066578904080278,3.3733213143246443,0.18682160423117908,0
blk-r32-l64-passive,3,111015,28581,1829184,916.77139155069983,,0.0077969801376518658,2445.7865070859189,0.0090577658687905939,0
blk-r32-l64-passive,3,111015,28980,1854720,916.77139155069983,,0.0014558964336200486,947817.0341750643,0.0017319601963463565,0
blk-r32-l64-passive,3,111015,29379,1880256,916.77139155069983,,0.13545048223140185,4.7101517379337174,0.15537098911137714,0
blk-r32-l64-passive,3,111015,29778,1905792,916.77139155069983,,0.021391009473342139,6223.6102220574012,0.018239145425066213,0
blk-r32-l64-passive,3,111015,30177,1931328,916.77139155069983,,0.00082998874864120907,174589.80428627259,0.00063420727532983231,0
blk-r32-l64-passive,3,111015,30576,1956864,916.77139155069983,,0.0025627931451355657,6956282.0109092528,0.0017427989696314464,0
blk-r32-l64-passive,3,111015,30975,1982400,916.77139155069983,,0.0047087496457736628,487094838.27418888,0.0029297016261250119,0
blk-r32-l64-passive,3,111015,31374,2007936,916.77139155069983,,0.003191946993382416,1372153515.2943108,0.0015826638805912913,0
blk-r32-l64-passive,3,111015,31752,2032128,916.77139155069983,,0.023932180810373269,481.88298283273889,0.02763365799288257,0
blk-r32-l64-passive,3,111015,32151,2057664,916.77139155069983,,0.0018149394543607084,14537.191721060575,0.0015080533801069634,0
blk-r32-l64-passive,3,111015,32550,2083200,916.77139155069983,,0.1196336559214342,4.6520719109488624,0.13199992278476352,0
blk-r32-l64-passive,3,111015,32949,2108736,916.77139155069983,,0.0062648297224356152,1166.3422367280925,0.0066316568328316158,0
blk-r32-l64-passive,3,111015,33348,2134272,916.77139155069983,,0.00018743582590985229,359291.74590808887,0.0001676097762360808,0
blk-r32-l64-passive,3,111015,33747,2159808,916.77139155069983,,0.033567889065078835,113.27237670385804,0.040261780621552473,0
blk-r32-l64-passive,3,111015,34146,2185344,916.77139155069983,,0.0021155747767501853,23881.867469639834,0.0029740604199896873,0
blk-r32-l64-passive,3,111015,34545,2210880,916.77139155069983,,0.00014615350437528868,768259.61773170403,0.00015638132425388032,0
blk-r32-l64-passive,3,111015,34944,2236416,916.77139155069983,,0.015619554497168531,710.95087076443338,0.015648888308320619,0
blk-r32-l64-passive,3,111015,35322,2260608,916.77139155069983,,0.00027179063323570942,176547.36691628981,0.00019024739852701962,0
blk-r32-l64-passive,3,111015,35721,2286144,916.77139155069983,,0.10510834429104342,7.6771578721849503,0.12395751479504261,0
blk-r32-l64-passive,3,111015,36120,2311680,916.77139155069983,,0.0035239366973546155,1322.4344669820644,0.0029579326566310598,0
blk-r32-l64-passive,3,111015,36519,2337216,916.77139155069983,,0.00013521269639461662,355284.35069361283,9.2961652470702677e-05,0
blk-r32-l64-passive,3,111015,36918,2362752,916.77139155069983,,0.026290195725855604,3176.7367775116118,0.03520887133465362,0
blk-r32-l64-passive,3,111015,37317,2388288,916.77139155069983,,0.0014885549377435909,333638.28852544399,0.0024447950320789229,0
blk-r32-l64-passive,3,111015,37716,2413824,916.77139155069983,,0.11576218478128417,3.9804846499880275,0.12926182136767328,0
blk-r32-l64-passive,3,111015,38115,2439360,916.77139155069983,,0.019378997913881955,8063.4589623714401,0.025634515218257211,0
blk-r32-l64-passive,3,111015,38514,2464896,916.77139155069983,,9.2224060910875631e-05,553049.44994030776,0.00014449395156213092,0
blk-r32-l64-passive,3,111015,38913,2490432,916.77139155069983,,0.068654348678280394,299.86569065842377,0.07568376547038258,0
blk-r32-l64-passive,3,111015,39291,2514624,916.77139155069983,,0.0049674413682355648,3355.5847527315095,0.0039431792060237751,0
blk-r32-l64-passive,3,111015,39690,2540160,916.77139155069983,,0.00015146643468711381,105020.28215153622,8.7729363158432688e-05,0
blk-r32-l64-passive,3,111015,39774,2545536,916.77139155069983,,0.00013280935742413083,219179.37598808037,8.2642081452882023e-05,0
blk-r32-l64,4,111016,1,64,9929.0684687296543,,0.26482278308583285,1.1492180721358187,0.27234257137050694,0
blk-r32-l64,4,111016,10,640,3921.4427897135415,,0.23575248445723188,1.8554580948890471,0.26464698448323221,0
blk-r32-l64,4,111016,40,2560,1698.7532437642415,,0.23008558355345654,3.5802328485138353,0.25593051080793616,0
blk-r32-l64,4,111016,160,10240,1388.6673901875813,,0.062048194649287826,52.852726055723586,0.069696821784929752,0
blk-r32-l64,4,111016,399,25536,961.01795196533203,,0.020038092678998778,7929.7498187221418,0.028600556299749658,0
blk-r32-l64,4,111016,794,50816,947.264414469401,,0.0011854278002705288,3909496.8766081729,0.0014822514448766364,0
blk-r32-l64,4,111016,1197,76608,947.20492680867517,,5.0811449997485745e-05,17826553.912214115,6.6608497323530729e-05,0
blk-r32-l64,4,111016,1596,102144,947.20492680867517,,0.012936447167469627,12637.389769546586,0.014785316498468185,0
blk-r32-l64,4,111016,1995,127680,947.20492680867517,,0.00027375535994129409,5721065.9645576142,0.00041481721461010144,0
blk-r32-l64,4,111016,2394,153216,947.20492680867517,,0.057725389791722974,382.93095221709649,0.078889194311704922,0
blk-r32-l64,4,111016,2793,178752,947.20492680867517,,0.02362935889591828,25377.827629240444,0.030444826250432853,0
blk-r32-l64,4,111016,3192,204288,947.20492680867517,,0.0011372348883120806,989134.50546019757,0.0014698183709952284,0
blk-r32-l64,4,111016,3591,229824,947.20492680867517,,0.030349839821990823,543.38743546542617,0.036016672690814704,0
blk-r32-l64,4,111016,3969,254016,947.20492680867517,,0.017740607051906807,21030.202203431574,0.024676349489763126,0
blk-r32-l64,4,111016,4368,279552,947.20492680867517,,0.0013677544204424286,4340399.9836778799,0.0025947796966740056,0
blk-r32-l64,4,111016,4767,305088,947.20492680867517,,0.00016132638481059655,32510472.538506079,0.0003291620034651369,0
blk-r32-l64,4,111016,5161,330304,944.69239171346032,,0.015817388199793298,4793.9566228973727,0.016235453013131604,0
blk-r32-l64,4,111016,5565,356160,939.17708714803064,,0.00042897150634492763,731725.58666558366,0.00043981073227208401,0
blk-r32-l64,4,111016,5955,381120,939.09867350260413,,0.0021014369406353898,69489522.84238115,0.0035689069647373427,0
blk-r32-l64,4,111016,6355,406720,937.78902689615882,,0.0091965232869615204,623051903.20173764,0.015302456457457019,0
blk-r32-l64,4,111016,6762,432768,937.46579996744788,,0.29272058268304557,2.690400348058922,0.34758267913195712,0
blk-r32-l64,4,111016,7161,458304,937.46579996744788,,0.0042982060352925022,81592.99692270004,0.0065398761724934848,0
blk-r32-l64,4,111016,7560,483840,937.46579996744788,,0.00068752933451285642,21730253.825921509,0.0012685952472123166,0
blk-r32-l64,4,111016,7938,508032,937.46579996744788,,0.1290927206186763,5.3426477921041355,0.15061493594772446,0
blk-r32-l64,4,111016,8337,533568,937.46579996744788,,0.0039576615441002088,31441.737861751237,0.0068043627730340816,0
blk-r32-l64,4,111016,8736,559104,937.46579996744788,,7.5882834408625503e-05,3706391.6640582499,0.00013561488488179787,0
blk-r32-l64,4,111016,9135,584640,937.46579996744788,,0.056807578228536174,147.38896754525433,0.078229559450934544,0
blk-r32-l64,4,111016,9534,610176,937.46579996744788,,0.0047408554775798415,54925.013974900736,0.0060374448769926698,0
blk-r32-l64,4,111016,9933,635712,937.46579996744788,,0.12749342450470319,4.9244582538217676,0.14911444042330196,0
blk-r32-l64,4,111016,10332,661248,937.46579996744788,,0.0054538615180937536,4984.0902031810092,0.0082474129181226517,0
blk-r32-l64,4,111016,10731,686784,937.46579996744788,,0.000252128621266243,11421056.539222999,0.00044483856523995892,0
blk-r32-l64,4,111016,11130,712320,937.46579996744788,,0.05370643756480814,146.5908743623188,0.062117146795910808,0
blk-r32-l64,4,111016,11529,737856,937.46579996744788,,0.0017244555723514342,156609.13481158615,0.0023133005812935501,0
blk-r32-l64,4,111016,11907,762048,937.46579996744788,,0.21790289890565037,2.9508470204721911,0.23831544297528948,0
blk-r32-l64,4,111016,12306,787584,937.46579996744788,,0.047191299470595,37982.502987449167,0.0691285627589978,0
blk-r32-l64,4,111016,12703,812992,900.18929163614905,,0.0072449904254442889,810388.90450220241,0.0070708576202914049,0
blk-r32-l64,4,111016,13104,838656,899.88049697875977,,0.00038593717243729539,9955223.983677825,0.00038295547084655303,0
blk-r32-l64,4,111016,13503,864192,899.88049697875977,,0.037271058353366499,1919.9810057376374,0.056060166173973164,0
blk-r32-l64,4,111016,13902,889728,899.88049697875977,,0.0018135404124892877,6666.8789330854115,0.0016484230178430909,0
blk-r32-l64,4,111016,14301,915264,899.88049697875977,,0.00027189603879022915,1428741.6755179907,0.00020137746072513378,0
blk-r32-l64,4,111016,14700,940800,899.88049697875977,,0.038199379310323037,1206.414225183483,0.058505219734483187,0
blk-r32-l64,4,111016,15099,966336,899.88049697875977,,0.0017179121141158555,1191621.4146172237,0.0020477703699735986,0
blk-r32-l64,4,111016,15498,991872,899.88049697875977,,0.00052927103088505395,8480105.2182357814,0.00071066959917277491,0
blk-r32-l64,4,111016,15876,1016064,899.88049697875977,,0.044804012336030492,1445.0430074553813,0.064546698220900076,0
blk-r32-l64,4,111016,16275,1041600,899.88049697875977,,0.013050524209285186,5445.3878557770404,0.0094585292977754712,0
blk-r32-l64,4,111016,16674,1067136,899.88049697875977,,0.00022665858946373089,644099.43514156353,0.00014833027918759992,0
blk-r32-l64,4,111016,17073,1092672,899.88049697875977,,0.1108428309778996,4.7261029511027575,0.11977786851924767,0
blk-r32-l64,4,111016,17472,1118208,899.88049697875977,,0.019986597553646811,11920.883865811005,0.026793681736732841,0
blk-r32-l64,4,111016,17871,1143744,899.88049697875977,,0.00024737238879069554,32380130.456058029,0.00065126822387331614,0
blk-r32-l64,4,111016,18270,1169280,899.88049697875977,,0.11115199055947764,4.8318662312388669,0.12684725566297175,0
blk-r32-l64,4,111016,18669,1194816,899.88049697875977,,0.010581272413305566,49637.357681570888,0.014686474722255229,0
blk-r32-l64,4,111016,19068,1220352,899.88049697875977,,0.0031718118088683049,156099604.51903898,0.0060296280901747257,0
blk-r32-l64,4,111016,19467,1245888,899.88049697875977,,0.12914906743157348,4.6988353655724842,0.14076751014756941,0
blk-r32-l64,4,111016,19845,1270080,899.88049697875977,,0.013215580001302952,2832.7378865091546,0.014010882638287351,0
blk-r32-l64,4,111016,20244,1295616,899.88049697875977,,0.0014353135396082469,6980769.4719605641,0.0013643685775191019,0
blk-r32-l64,4,111016,20643,1321152,899.88049697875977,,4.8435448961405589e-05,17666614.273897905,3.1851562705223919e-05,0
blk-r32-l64,4,111016,21042,1346688,899.88049697875977,,0.0068667031163625698,2639.3578809712258,0.011475812039481278,0
blk-r32-l64,4,111016,21441,1372224,899.88049697875977,,0.00024081404453993283,3467545.9399530133,0.00041950749585473515,0
blk-r32-l64,4,111016,21840,1397760,899.88049697875977,,0.25079888404529527,2.1757844476086685,0.28317192129405089,0
blk-r32-l64,4,111016,22239,1423296,899.88049697875977,,0.02097096335028591,35340.911683933446,0.027661174737348821,0
blk-r32-l64,4,111016,22638,1448832,899.88049697875977,,0.00030215814810107743,3782728.2363528726,0.00049847116286645221,0
blk-r32-l64,4,111016,23037,1474368,899.88049697875977,,0.075038658509806691,85.629296147660924,0.094262856755984351,0
blk-r32-l64,4,111016,23436,1499904,899.88049697875977,,0.0021470087562124483,233007.58128309765,0.0021477397850683485,0
blk-r32-l64,4,111016,23814,1524096,899.88049697875977,,0.00041239764111697895,32700829.023809474,0.0010855291447718659,0
blk-r32-l64,4,111016,24213,1549632,899.88049697875977,,0.050385989347577369,92.062974901554782,0.054362553577658818,0
blk-r32-l64,4,111016,24612,1575168,899.88049697875977,,0.040848042075263442,56471.930143486883,0.041134899290459832,0
blk-r32-l64,4,111016,25011,1600704,899.88049697875977,,0.00046220652837271152,4938842.7158091869,0.00055926371289327008,0
blk-r32-l64,4,111016,25410,1626240,899.88049697875977,,0.07003476624667504,17.321802512163551,0.080755893785654717,0
blk-r32-l64,4,111016,25809,1651776,899.88049697875977,,0.015402113772977072,24262.085519760371,0.023864644572096402,0
blk-r32-l64,4,111016,26208,1677312,899.88049697875977,,0.00035566157643067024,1234070.0860027962,0.00046038592749357289,0
blk-r32-l64,4,111016,26607,1702848,899.88049697875977,,0.034522912694014772,534.39910266296022,0.050156472338246751,0
blk-r32-l64,4,111016,27006,1728384,899.88049697875977,,0.033451460199016729,7408.5830211012935,0.023641670614763723,0
blk-r32-l64,4,111016,27405,1753920,899.88049697875977,,0.00077849602007165305,3173509.6535756062,0.00091377867608335788,0
blk-r32-l64,4,111016,27783,1778112,899.88049697875977,,0.029802668184361232,163.8967284792503,0.035594312506579094,0
blk-r32-l64,4,111016,28182,1803648,899.88049697875977,,0.0015033057868765218,51804.793945797734,0.0014912373219412001,0
blk-r32-l64,4,111016,28581,1829184,899.88049697875977,,7.8484993436264976e-05,1280709.9154085857,0.00010541312019143882,0
blk-r32-l64,4,111016,28980,1854720,899.88049697875977,,0.008534224368410474,2882.2577535829219,0.0098886610676273447,0
blk-r32-l64,4,111016,29379,1880256,899.88049697875977,,0.00015092079292694136,4722675.8664068105,0.00024490046671939983,0
blk-r32-l64,4,111016,29778,1905792,899.88049697875977,,0.12475939830692893,4.3527355869570492,0.15364196217640883,0
blk-r32-l64,4,111016,30177,1931328,899.88049697875977,,0.025059504763793643,3771.4892013788244,0.032975224623293227,0
blk-r32-l64,4,111016,30576,1956864,899.88049697875977,,0.0056183734912935582,399552.31838457705,0.008032225916920625,0
blk-r32-l64,4,111016,30975,1982400,899.88049697875977,,0.25287088924809908,1.0426784371503479,0.24712082152613024,0
blk-r32-l64,4,111016,31374,2007936,899.88049697875977,,0.059732599412970509,3110.1634162445907,0.075894807737464806,0
blk-r32-l64,4,111016,31752,2032128,899.88049697875977,,0.0015926262597888291,27229.47723695905,0.0014064581322786526,0
blk-r32-l64,4,111016,32151,2057664,899.88049697875977,,0.001191631551144426,106915568.64403731,0.0014703272652273353,0
blk-r32-l64,4,111016,32550,2083200,899.88049697875977,,0.049002272666795493,624.19588011815131,0.068173715973333687,0
blk-r32-l64,4,111016,32949,2108736,899.88049697875977,,0.0020069023381735717,44860.979189030644,0.0029007880317333981,0
blk-r32-l64,4,111016,33348,2134272,899.88049697875977,,0.00011384686472445929,2029365.8852236848,0.00015598376418969847,0
blk-r32-l64,4,111016,33747,2159808,899.88049697875977,,0.067074430247019867,3500.5093410947516,0.094940960219095094,0
blk-r32-l64,4,111016,34146,2185344,899.88049697875977,,0.0045623896129744568,71592.83592037794,0.003968332541412066,0
blk-r32-l64,4,111016,34545,2210880,899.88049697875977,,0.00042936234145114907,24485151.376971439,0.00040023486709041641,0
blk-r32-l64,4,111016,34944,2236416,899.88049697875977,,0.055635701956850019,62.944996717622736,0.061451931396669476,0
blk-r32-l64,4,111016,35322,2260608,899.88049697875977,,0.0015148018580194093,15163.527922315574,0.0019119864211530812,0
blk-r32-l64,4,111016,35721,2286144,899.88049697875977,,6.9553083224213141e-05,3999121.6752098068,7.5437714954497653e-05,0
blk-r32-l64,4,111016,36120,2311680,899.88049697875977,,0.049910469180067744,746.28559718143754,0.056431783176818295,0
blk-r32-l64,4,111016,36519,2337216,899.88049697875977,,0.0010321201751497587,188024.18929978996,0.0015517021869463157,0
blk-r32-l64,4,111016,36918,2362752,899.88049697875977,,0.19303492080653106,3.159311582041413,0.21265745932955335,0
blk-r32-l64,4,111016,37317,2388288,899.88049697875977,,0.040280309079038012,2359.8230659094888,0.042644311768907817,0
blk-r32-l64,4,111016,37716,2413824,899.88049697875977,,0.0004483592546493428,714618.08157328807,0.00052844958328643343,0
blk-r32-l64,4,111016,38052,2435328,899.88049697875977,,0.0001970945348228397,15450547.50998324,0.00020753207565914609,0
blk-r32-l64-passive,4,111016,1,64,9929.0684687296543,,0.26482278308583285,1.1208019100218189,0.27178749903108246,0
blk-r32-l64-passive,4,111016,5,320,7111.395435333252,,0.25183476707081032,1.3883109411754293,0.26835814530856927,0
blk-r32-l64-passive,4,111016,399,25536,1127.7439943949382,,0.027333629255178387,1555.695721594629,0.032011810272084926,0
blk-r32-l64-passive,4,111016,794,50816,1119.7629648844402,,0.001029430972431442,282719.47548883344,0.001037675052477971,0
blk-r32-l64-passive,4,111016,1194,76416,1118.7238998413086,,0.0051031498367152487,63077451.586561233,0.0058131269533184694,0
blk-r32-l64-passive,4,111016,1589,101696,1118.3104260762532,,0.00095453240718798853,47533431.871022999,0.00053758422419051676,0
blk-r32-l64-passive,4,111016,1995,127680,1118.3098831176758,,0.043845919383983488,158.0457562163422,0.053473946050101806,0
blk-r32-l64-passive,4,111016,2387,152768,1087.5908864339192,,0.013223409441554167,93280.997084814604,0.016895678398733661,0
blk-r32-l64-passive,4,111016,2781,177984,1086.7612686157227,,0.00058288950061562248,38486464.642648168,0.00071786687793355133,0
blk-r32-l64-passive,4,111016,3192,204288,1086.657772064209,,0.001656631667488902,477733830.92045194,0.0032093557362360197,0
blk-r32-l64-passive,4,111016,3591,229824,1086.6576652526855,,0.093881212700797925,5.7794867438056361,0.1081223743163862,0
blk-r32-l64-passive,4,111016,3969,254016,1051.7738291422527,,0.0034997046608513634,19453.292148907865,0.0048290958536427965,0
blk-r32-l64-passive,4,111016,4368,279552,1050.8773307800293,,6.225977548955033e-05,1644376.0619789949,7.584078331749643e-05,0
blk-r32-l64-passive,4,111016,4764,304896,987.10580062866211,,0.031092979227087633,1814.5544710902773,0.029573764245025374,0
blk-r32-l64-passive,4,111016,5166,330624,920.61776224772132,,0.025029427288484229,209678.94832849113,0.027581575094182506,0
blk-r32-l64-passive,4,111016,5560,355840,917.72755686442054,,0.002703969055158577,13625190.345987387,0.0037132168934298055,0
blk-r32-l64-passive,4,111016,5964,381696,917.50623448689782,,0.0021601805419281524,154035977.10945508,0.0030127536213597319,0
blk-r32-l64-passive,4,111016,6362,407168,917.00736109415686,,0.011210532119369253,668212222.89287221,0.0097696389206010127,0
blk-r32-l64-passive,4,111016,6762,432768,917.00588353474939,,0.043416159310404524,66.771726076245429,0.055489076964077205,0
blk-r32-l64-passive,4,111016,7161,458304,917.00588353474939,,0.0040495285678936359,5888.1382259864176,0.0035739012964931555,0
blk-r32-l64-passive,4,111016,7560,483840,917.00588353474939,,0.00013837573130786885,315035.24315103871,0.00011402779954923072,0
blk-r32-l64-passive,4,111016,7938,508032,917.00588353474939,,0.0014332939131905165,6391195.0092087798,0.00096352848541013619,0
blk-r32-l64-passive,4,111016,8337,533568,917.00588353474939,,0.008520934938792581,118283207.0945136,0.0049633713500933443,0
blk-r32-l64-passive,4,111016,8736,559104,917.00588353474939,,0.16453247888038466,3.2925865772155594,0.18308843996368757,0
blk-r32-l64-passive,4,111016,9135,584640,917.00588353474939,,0.015052081930985672,4817.9734396234271,0.014695981332083087,0
blk-r32-l64-passive,4,111016,9534,610176,917.00588353474939,,0.00020312006104249036,1833346.2678103729,0.00021920449907487672,0
blk-r32-l64-passive,4,111016,9933,635712,917.00588353474939,,9.3861784670434316e-05,7319160.4489328302,8.9272704022466486e-05,0
blk-r32-l64-passive,4,111016,10332,661248,917.00588353474939,,0.024542786447892435,1962.3239650021537,0.029229367435796981,0
blk-r32-l64-passive,4,111016,10731,686784,917.00588353474939,,0.046455102372160495,2064.258653693455,0.019988379482485268,0
blk-r32-l64-passive,4,111016,11130,712320,917.00588353474939,,0.0065139839579762167,179682.37376355048,0.0024912279139224247,0
blk-r32-l64-passive,4,111016,11529,737856,917.00588353474939,,0.00096764739374107899,7209314.8578149686,0.00021163498731248374,0
blk-r32-l64-passive,4,111016,11907,762048,917.00588353474939,,0.044572228052779155,147.37916220953684,0.054158778095738692,0
blk-r32-l64-passive,4,111016,12306,787584,917.00588353474939,,0.0025068585203581323,64853.901012095819,0.0038923564435947586,0
blk-r32-l64-passive,4,111016,12705,813120,917.00588353474939,,9.1687260815472035e-05,7727891.6981157279,0.00015340320778540101,0
blk-r32-l64-passive,4,111016,13104,838656,917.00588353474939,,0.0063333334565421279,671.40148914959093,0.006711401656370671,0
blk-r32-l64-passive,4,111016,13503,864192,917.00588353474939,,0.0006230241539847772,15287.997661210195,0.00067472339288888095,0
blk-r32-l64-passive,4,111016,13902,889728,917.00588353474939,,0.00060456783159565494,2442168.8058009688,0.00056579197736070686,0
blk-r32-l64-passive,4,111016,14301,915264,917.00588353474939,,8.8034984723953032e-05,15511929.736618962,7.8592596076781693e-05,0
blk-r32-l64-passive,4,111016,14700,940800,917.00588353474939,,0.040566027673856836,1572.9216243698102,0.033080101251533663,0
blk-r32-l64-passive,4,111016,15099,966336,917.00588353474939,,0.014435883546501915,51344.411323479449,0.0078497339127734621,0
blk-r32-l64-passive,4,111016,15498,991872,917.00588353474939,,0.00026884040612732324,4310541.6092841998,0.00013018000923538121,0
blk-r32-l64-passive,4,111016,15876,1016064,917.00588353474939,,0.05146064918643898,47.941201584507333,0.054027208860045382,0
blk-r32-l64-passive,4,111016,16275,1041600,917.00588353474939,,0.012172381476045477,5816.0915791133502,0.014599343525751814,0
blk-r32-l64-passive,4,111016,16674,1067136,917.00588353474939,,0.00093415457976419268,1041551.4952804913,0.0011758828463410856,0
blk-r32-l64-passive,4,111016,17073,1092672,917.00588353474939,,0.079069719946549849,7.3889893858043934,0.086783227436358384,0
blk-r32-l64-passive,4,111016,17472,1118208,917.00588353474939,,0.0053522064094561677,5743.8774959058719,0.004402805615468997,0
blk-r32-l64-passive,4,111016,17871,1143744,917.00588353474939,,0.00017357604445994811,2041133.2421279086,0.00011694302279922718,0
blk-r32-l64-passive,4,111016,18270,1169280,917.00588353474939,,0.029659658679217757,503.127841369029,0.032845404290008332,0
blk-r32-l64-passive,4,111016,18669,1194816,917.00588353474939,,0.0036342290469074902,50610.75656015733,0.0033254816559538446,0
blk-r32-l64-passive,4,111016,19068,1220352,917.00588353474939,,0.00014157164099823754,651470.74939713068,0.00011648563603679236,0
blk-r32-l64-passive,4,111016,19467,1245888,917.00588353474939,,0.037958762484925919,143.5783339127581,0.046548910403147743,0
blk-r32-l64-passive,4,111016,19845,1270080,917.00588353474939,,0.0026308583683604305,62076.954501202192,0.0029741952613446718,0
blk-r32-l64-passive,4,111016,20244,1295616,917.00588353474939,,0.00014915103200184067,3915483.2428510557,0.00016546927216479679,0
blk-r32-l64-passive,4,111016,20643,1321152,917.00588353474939,,0.025621397555191154,1479.2876445812556,0.035190785939814354,0
blk-r32-l64-passive,4,111016,21042,1346688,917.00588353474939,,0.00096043647891624559,87607.136823003544,0.00084098400312950178,0
blk-r32-l64-passive,4,111016,21441,1372224,917.00588353474939,,0.00012366437109818501,1131109.8335975516,8.0059038277351693e-05,0
blk-r32-l64-passive,4,111016,21840,1397760,917.00588353474939,,0.016782235082707438,881.56193056904715,0.01973735651694122,0
blk-r32-l64-passive,4,111016,22239,1423296,917.00588353474939,,0.0010278560006607095,261824.10490027562,0.001077307759114624,0
blk-r32-l64-passive,4,111016,22638,1448832,917.00588353474939,,0.0027104174355118381,126628758.42590831,0.0029939751482856419,0
blk-r32-l64-passive,4,111016,23037,1474368,917.00588353474939,,0.00041099228593036803,460393839.44972986,0.00038978239133398527,0
blk-r32-l64-passive,4,111016,23436,1499904,917.00588353474939,,0.014210557045006003,742.06306348194573,0.014743449549442324,0
blk-r32-l64-passive,4,111016,23814,1524096,917.00588353474939,,0.0005854887269007514,82694.640965380066,0.0004936569863030145,0
blk-r32-l64-passive,4,111016,24213,1549632,917.00588353474939,,0.00013946790529119465,2273421.3704972663,0.00012865522013693468,0
blk-r32-l64-passive,4,111016,24612,1575168,917.00588353474939,,0.015081927141565421,17691.247235437666,0.027797724284616108,0
blk-r32-l64-passive,4,111016,25011,1600704,917.00588353474939,,0.00015069614732249811,4135712.1635113503,0.00032627686607129109,0
blk-r32-l64-passive,4,111016,25410,1626240,917.00588353474939,,0.015711216888728504,1035.0920743842294,0.021724495060180017,0
blk-r32-l64-passive,4,111016,25809,1651776,917.00588353474939,,0.0022311774636461076,151543.04844800447,0.0042507155986264136,0
blk-r32-l64-passive,4,111016,26208,1677312,917.00588353474939,,0.00012965629714704606,52124982.648555152,0.00033423497796358342,0
blk-r32-l64-passive,4,111016,26607,1702848,917.00588353474939,,0.037078209572800856,223.59424841368073,0.042213359316335755,0
blk-r32-l64-passive,4,111016,27006,1728384,917.00588353474939,,0.0011143915898702101,123960.97614744268,0.0012584897881802084,0
blk-r32-l64-passive,4,111016,27405,1753920,917.00588353474939,,0.0011563523405226535,16020865.665577125,0.0015531240683765246,0
blk-r32-l64-passive,4,111016,27783,1778112,917.00588353474939,,0.0036156918211472842,443310959.9045611,0.0049205477642340588,0
blk-r32-l64-passive,4,111016,28182,1803648,917.00588353474939,,0.00043674847281517643,1121410408.0411799,0.00062544675026044772,0
blk-r32-l64-passive,4,111016,28581,1829184,917.00588353474939,,0.018813408075621457,673.62758994471164,0.019991932278174432,0
blk-r32-l64-passive,4,111016,28980,1854720,917.00588353474939,,0.003741150044875009,180296.90971633574,0.0038067983375130211,0
blk-r32-l64-passive,4,111016,29379,1880256,917.00588353474939,,0.00032433546341812021,3496526.3337038555,0.00030485100690261452,0
blk-r32-l64-passive,4,111016,29778,1905792,917.00588353474939,,0.063839248703813897,724.49535664365351,0.070935728712692825,0
blk-r32-l64-passive,4,111016,30177,1931328,917.00588353474939,,0.0027293996135767861,347869.04141388193,0.0043707098430716988,0
blk-r32-l64-passive,4,111016,30576,1956864,917.00588353474939,,0.018658103707463035,25815245.09335934,0.020179437547743956,0
blk-r32-l64-passive,4,111016,30975,1982400,917.00588353474939,,0.0014920778851739546,128027692.04373434,0.0011855831064388491,0
blk-r32-l64-passive,4,111016,31374,2007936,917.00588353474939,,0.10653715870591099,5.911490692858326,0.11209601755470301,0
blk-r32-l64-passive,4,111016,31752,2032128,917.00588353474939,,0.018938570537005206,1323.8396859702905,0.016107775513968334,0
blk-r32-l64-passive,4,111016,32151,2057664,917.00588353474939,,0.00069837339717239736,361874.22665301716,0.00077592497122335726,0
blk-r32-l64-passive,4,111016,32550,2083200,917.00588353474939,,5.7082329411161766e-05,8169794.1680069156,6.2108882617884997e-05,0
blk-r32-l64-passive,4,111016,32949,2108736,917.00588353474939,,0.034656179835144879,1281.0211303942856,0.030350924300623684,0
blk-r32-l64-passive,4,111016,33348,2134272,917.00588353474939,,0.0016866548323560167,214030.52506403733,0.0013508660278879286,0
blk-r32-l64-passive,4,111016,33747,2159808,917.00588353474939,,6.6553188953977354e-05,5204082.8062803084,4.15567731862807e-05,0
blk-r32-l64-passive,4,111016,34146,2185344,917.00588353474939,,0.021288641246023587,1248.5871137968477,0.023626887168981807,0
blk-r32-l64-passive,4,111016,34545,2210880,917.00588353474939,,0.00030417939822967186,100641.72657446924,0.00024014839707574157,0
blk-r32-l64-passive,4,111016,34944,2236416,917.00588353474939,,0.0015968132719216634,7362778.0482449671,0.0011744460480450922,0
blk-r32-l64-passive,4,111016,35322,2260608,917.00588353474939,,0.0051546217721806457,175593519.60987216,0.0045747075148489082,0
blk-r32-l64-passive,4,111016,35721,2286144,917.00588353474939,,0.00070823897643524487,88397398.355839461,0.0002976886653986813,0
blk-r32-l64-passive,4,111016,36120,2311680,917.00588353474939,,0.010846452035447637,2280.5799108566271,0.011563814304402401,0
blk-r32-l64-passive,4,111016,36519,2337216,917.00588353474939,,0.00023646850310203715,828367.71233699995,0.00028789853181802058,0
blk-r32-l64-passive,4,111016,36918,2362752,917.00588353474939,,0.022693599898587036,386.38858218611455,0.023424031266553593,0
blk-r32-l64-passive,4,111016,37317,2388288,917.00588353474939,,0.049025720534005883,8103.3574791151641,0.035958139806610348,0
blk-r32-l64-passive,4,111016,37716,2413824,917.00588353474939,,0.0010602420074393546,346252.04031750775,0.00061912824417670797,0
blk-r32-l64-passive,4,111016,38115,2439360,917.00588353474939,,0.0003328512995617349,11759347.849761952,0.00023788283977063682,0
blk-r32-l64-passive,4,111016,38514,2464896,917.00588353474939,,0.056938869118344802,38.058822065434974,0.081479561634218448,0
blk-r32-l64-passive,4,111016,38913,2490432,917.00588353474939,,0.0048319192108156866,7709.9598754213084,0.0067435812581551754,0
blk-r32-l64-passive,4,111016,39291,2514624,917.00588353474939,,0.00071425249944417988,5855526.6977934372,0.0018238684563199547,0
blk-r32-l64-passive,4,111016,39690,2540160,917.00588353474939,,0.00031170714095192541,8281966.2213270329,0.00026449546250138632,0
blk-r32-l64-passive,4,111016,40089,2565696,917.00588353474939,,0.038825621532155755,337.69630813638429,0.042982144468530638,0
blk-r32-l64-passive,4,111016,40488,2591232,917.00588353474939,,0.0015495358109911628,109144.03586020539,0.0011947733351916369,0
blk-r32-l64-passive,4,111016,40887,2616768,917.00588353474939,,0.00013617173564659996,4207164.8539715568,0.00010808030464537706,0
blk-r32-l64-passive,4,111016,41286,2642304,917.00588353474939,,0.032423808775444353,358.45616007989656,0.044512698452751388,0
blk-r32-l64-passive,4,111016,41685,2667840,917.00588353474939,,0.0061986822360694475,1849.0991683097488,0.0038599928940717667,0
blk-r32-l64-passive,4,111016,42084,2693376,917.00588353474939,,0.00010185423082094133,437105.70904571377,5.654759925712086e-05,0
blk-r32-l64-passive,4,111016,42483,2718912,917.00588353474939,,0.034970540711110228,466.52413205283591,0.041618431654114364,0
blk-r32-l64-passive,4,111016,42882,2744448,917.00588353474939,,0.0096941146655780581,8680.7940378802487,0.0067801738192004319,0
blk-r32-l64-passive,4,111016,43260,2768640,917.00588353474939,,0.00015537909706572715,3196429.3874041266,0.00016609190434198494,0
blk-r32-l64-passive,4,111016,43659,2794176,917.00588353474939,,0.018244280868715129,1583.6636170129736,0.023740855049490157,0
blk-r32-l64-passive,4,111016,44058,2819712,917.00588353474939,,0.0045200036301185033,63917.434291393409,0.0048714968074451232,0
blk-r32-l64-passive,4,111016,44457,2845248,917.00588353474939,,0.00099728775238384242,41706198.068069056,0.0034052880513111231,0
blk-r32-l64-passive,4,111016,44856,2870784,917.00588353474939,,0.00029354132030832264,28578528.693974975,0.00026674257002960982,0
blk-r32-l64-passive,4,111016,44940,2876160,917.00588353474939,,0.00023615218616656214,31919843.79740335,0.00018701400611163802,0
blk-r32-l64,5,111017,1,64,32584.909331003826,,0.2534549643926417,1.0389518090574561,0.24744917293946381,0
blk-r32-l64,5,111017,20,1280,2367.3636906941733,,0.28277748056599461,2.166164299445005,0.31148302729323574,0
blk-r32-l64,5,111017,398,25472,1028.1832021077473,,0.015778683258122185,5727.7839942906185,0.020111592318002063,0
blk-r32-l64,5,111017,798,51072,1023.5766766866049,,0.00024537242381126852,1384712.6522443322,0.00042084660673494554,0
blk-r32-l64,5,111017,1197,76608,1023.5719121297201,,0.030476083579638012,326.3349700063248,0.038709244751375847,0
blk-r32-l64,5,111017,1596,102144,1023.5719121297201,,0.0030928235205335088,32012.47272081596,0.0033194351384274868,0
blk-r32-l64,5,111017,1995,127680,1023.5719121297201,,0.0023378107118540467,3995660.6831997889,0.0018807082454468619,0
blk-r32-l64,5,111017,2394,153216,1023.5719121297201,,0.0039093762500289134,13827578.70639044,0.0024811036811047079,0
blk-r32-l64,5,111017,2793,178752,1023.5719121297201,,0.0014064215220258489,86935086.107002273,0.00085993384094771284,0
blk-r32-l64,5,111017,3175,203200,996.09454981485999,,0.03805652567555038,15814.396182785471,0.064836823526174828,0
blk-r32-l64,5,111017,3576,228864,976.80747731526696,,0.0026802085567649795,3724960.6201154166,0.0054605477301718714,0
blk-r32-l64,5,111017,3969,254016,976.71719360351562,,0.00020891561567981784,52932189.345894918,0.00064797306740831768,0
blk-r32-l64,5,111017,4368,279552,976.71719360351562,,0.02444985626429497,785.06257234015266,0.022252713309850281,0
blk-r32-l64,5,111017,4767,305088,976.71719360351562,,0.00020671494172423422,196044.1181157316,0.00019767939151037406,0
blk-r32-l64,5,111017,5166,330624,976.71719360351562,,0.034022145322787675,151.05385849985785,0.045685905229412682,0
blk-r32-l64,5,111017,5565,356160,976.71719360351562,,0.0057599714211292417,9657.5484256973923,0.0075301121237266863,0
blk-r32-l64,5,111017,5964,381696,976.71719360351562,,0.00019503991735237287,4256004.0234181201,0.0002832610925979814,0
blk-r32-l64,5,111017,6363,407232,976.71719360351562,,0.052629281571053892,2504.2514840601525,0.080377070315567983,0
blk-r32-l64,5,111017,6762,432768,976.71719360351562,,0.0020197954302802485,102825.06895274288,0.0034634842829664027,0
blk-r32-l64,5,111017,7161,458304,976.71719360351562,,0.00051845501352571724,280085203.86025041,0.0023393895621971732,0
blk-r32-l64,5,111017,7560,483840,976.71719360351562,,0.00053666848966720502,1698437109.3304334,0.001190768324204004,0
blk-r32-l64,5,111017,7938,508032,976.71719360351562,,0.028533041813994395,1423.4212150448591,0.039067754912974199,0
blk-r32-l64,5,111017,8337,533568,976.71719360351562,,0.00061157307601092978,252468.86059080559,0.00059593071389146867,0
blk-r32-l64,5,111017,8736,559104,976.71719360351562,,0.081648459437677748,13.566686365926042,0.10445560641861164,0
blk-r32-l64,5,111017,9135,584640,976.71719360351562,,0.0073193009213016616,4986.3273033708101,0.0091832309302595956,0
blk-r32-l64,5,111017,9534,610176,976.71719360351562,,0.0018365552067004013,1044475.410095828,0.0019819069759813199,0
blk-r32-l64,5,111017,9933,635712,976.71719360351562,,0.00012940508484908441,2276370.7493329127,0.00014910775474246023,0
blk-r32-l64,5,111017,10332,661248,976.71719360351562,,0.035414189679514901,3748.7065369915899,0.052696837671284573,0
blk-r32-l64,5,111017,10731,686784,976.71719360351562,,0.0056294192373211611,281010.2474196424,0.005500995484203677,0
blk-r32-l64,5,111017,11130,712320,976.71719360351562,,0.030046308819755389,500290.51723510493,0.011777791972271998,0
blk-r32-l64,5,111017,11529,737856,976.71719360351562,,0.00032889142938089775,3785283.3101935792,0.00010338346989363641,0
blk-r32-l64,5,111017,11907,762048,976.71719360351562,,0.027970327999524969,1242.5858217045447,0.041040203846395742,0
blk-r32-l64,5,111017,12306,787584,976.71719360351562,,0.00059165468317258247,777066.1495163996,0.00072002365932911157,0
blk-r32-l64,5,111017,12705,813120,976.71719360351562,,0.00085233123838383503,73477209.793962508,0.0012042123034700211,0
blk-r32-l64,5,111017,13104,838656,976.71719360351562,,0.015408951430351505,836.65914664737568,0.016341200351696797,0
blk-r32-l64,5,111017,13503,864192,976.71719360351562,,0.00039696762356207055,1921031.552898397,0.00058760526770688134,0
blk-r32-l64,5,111017,13902,889728,976.71719360351562,,0.048710681965688583,250.52957525583312,0.065959237534046769,0
blk-r32-l64,5,111017,14301,915264,976.71719360351562,,0.0055748609399858271,50519.660756122525,0.0126044250324779,0
blk-r32-l64,5,111017,14700,940800,976.71719360351562,,0.00017780326303549167,19877125.729200263,0.00045510699548297957,0
blk-r32-l64,5,111017,15099,966336,976.71719360351562,,0.039658640264132086,405.52888915542729,0.053374312678789358,0
blk-r32-l64,5,111017,15487,991168,901.81233088175452,,0.016616965913924874,10452.251182400996,0.010422775249068397,0
blk-r32-l64,5,111017,15876,1016064,898.82209269205725,,0.0039393457208480578,5866990.2487636898,0.0022373289034110866,0
blk-r32-l64,5,111017,16275,1041600,898.69394556681311,,0.00072620367298263785,10166520.646155698,0.00042176643102301975,0
blk-r32-l64,5,111017,16674,1067136,898.69103876749671,,0.045512835420196268,72.593489119951414,0.054783687746715735,0
blk-r32-l64,5,111017,17073,1092672,898.69103876749671,,0.0045035402524851329,53761.120107544411,0.0084713218495308662,0
blk-r32-l64,5,111017,17472,1118208,898.69103876749671,,0.0017763185794718987,23848030.588614255,0.0048527212328827686,0
blk-r32-l64,5,111017,17871,1143744,898.69103876749671,,0.0014085921244012566,369553360.13990194,0.0028910642509093754,0
blk-r32-l64,5,111017,18270,1169280,898.69103876749671,,0.0026776231240385751,1463207325.0319581,0.0050731201751774346,0
blk-r32-l64,5,111017,18669,1194816,898.69103876749671,,0.01567043309854018,2402.0752144598805,0.021262600134912265,0
blk-r32-l64,5,111017,19068,1220352,898.69103876749671,,0.00059739461675281647,2286175.1690905676,0.0011808684193632588,0
blk-r32-l64,5,111017,19467,1245888,898.69103876749671,,0.00084625309364176301,270836461.93400466,0.0020826434671265305,0
blk-r32-l64,5,111017,19845,1270080,898.69103876749671,,0.066025980624171504,45.942457872724098,0.078069545883938246,0
blk-r32-l64,5,111017,20244,1295616,898.69103876749671,,0.0014495502286714316,8137.4859031236392,0.0020967119048313988,0
blk-r32-l64,5,111017,20643,1321152,898.69103876749671,,0.00017368057282398589,23662389.942148417,0.00036411066752385163,0
blk-r32-l64,5,111017,21042,1346688,898.69103876749671,,0.049720595788929178,762.41833046925899,0.05613265467279515,0
blk-r32-l64,5,111017,21441,1372224,898.69103876749671,,0.0024357354237716797,749013.78910799546,0.0037549388440857342,0
blk-r32-l64,5,111017,21840,1397760,898.69103876749671,,0.0001992444242245172,23956645.924271695,0.00021897833051544115,0
blk-r32-l64,5,111017,22239,1423296,898.69103876749671,,0.02876588749277742,1751.7469440275026,0.034003789851272885,0
blk-r32-l64,5,111017,22638,1448832,898.69103876749671,,0.00032012668642940947,2016232.2407904996,0.00030372351578955613,0
blk-r32-l64,5,111017,23037,1474368,898.69103876749671,,0.00015212504256985809,3091037.8056354886,0.00012983724548303955,0
blk-r32-l64,5,111017,23436,1499904,898.69103876749671,,0.041228804638652715,261.52795929037541,0.064153246756547253,0
blk-r32-l64,5,111017,23814,1524096,898.69103876749671,,0.005224312927712354,5203.537679952562,0.0065265010278394708,0
blk-r32-l64,5,111017,24213,1549632,898.69103876749671,,0.00036469153240514227,53846220.317741536,0.00049136561374799016,0
blk-r32-l64,5,111017,24612,1575168,898.69103876749671,,0.038160030164745236,166.59907916010141,0.050149515447023438,0
blk-r32-l64,5,111017,25011,1600704,898.69103876749671,,0.13683124882534073,16891.363426535223,0.15597616670366474,0
blk-r32-l64,5,111017,25403,1625792,898.15171305338538,,0.0048141509838169096,1509257.1258251106,0.0042619458282696738,0
blk-r32-l64,5,111017,25809,1651776,898.02190272013343,,0.14411720209965281,5.0242609206159319,0.17436211281377159,0
blk-r32-l64,5,111017,26208,1677312,898.02190272013343,,0.0046375748398489163,1402.5737218099773,0.0047993987713005537,0
blk-r32-l64,5,111017,26607,1702848,898.02190272013343,,0.00021289674046440986,1013009.8021103076,0.00023374812286246029,0
blk-r32-l64,5,111017,27006,1728384,898.02190272013343,,0.031421346560317288,168.41955913861602,0.038119146758738419,0
blk-r32-l64,5,111017,27405,1753920,898.02190272013343,,0.0022586711763808902,20379.039906842925,0.0023068514371478882,0
blk-r32-l64,5,111017,27783,1778112,898.02190272013343,,0.00021355504918472697,6834188.2549414495,0.00029751176535440776,0
blk-r32-l64,5,111017,28182,1803648,898.02190272013343,,0.024725695201880074,1685.1088716216045,0.033081780040415509,0
blk-r32-l64,5,111017,28581,1829184,898.02190272013343,,0.0016553457283840197,851179.11600713292,0.0023487092156634797,0
blk-r32-l64,5,111017,28980,1854720,898.02190272013343,,0.00083974602361050086,50250806.852182798,0.001219697715843709,0
blk-r32-l64,5,111017,29379,1880256,898.02190272013343,,0.041520269167240505,2007.4488130221589,0.060210571819585904,0
blk-r32-l64,5,111017,29778,1905792,898.02190272013343,,0.0016165078434165767,59456.237947245419,0.0017270355656690891,0
blk-r32-l64,5,111017,30177,1931328,898.02190272013343,,0.10816336737376306,5.3178623726660792,0.12827787005857735,0
blk-r32-l64,5,111017,30576,1956864,898.02190272013343,,0.0024911002282277006,96306.225383397512,0.0037994083848372838,0
blk-r32-l64,5,111017,30975,1982400,898.02190272013343,,0.27445283863714909,2.1753964883651133,0.31004532393375822,0
blk-r32-l64,5,111017,31374,2007936,898.02190272013343,,0.025171257114892522,3894.666298571708,0.034475773940853063,0
blk-r32-l64,5,111017,31752,2032128,898.02190272013343,,0.016281457687834736,21736.86123058699,0.016626114152583412,0
blk-r32-l64,5,111017,32151,2057664,898.02190272013343,,0.00035692338421930902,2824706.5472497451,0.00026614870223995213,0
blk-r32-l64,5,111017,32550,2083200,898.02190272013343,,0.042058378508203091,1247.1920871998091,0.065559976942393947,0
blk-r32-l64,5,111017,32949,2108736,898.02190272013343,,0.012128948876698849,39229.178725037869,0.01644150239172161,0
blk-r32-l64,5,111017,33348,2134272,898.02190272013343,,0.00066436504219518581,134242040.33856678,0.0013646620570535865,0
blk-r32-l64,5,111017,33747,2159808,898.02190272013343,,0.096062866500162852,6.0092990203190606,0.1119452181348994,0
blk-r32-l64,5,111017,34146,2185344,898.02190272013343,,0.012205563284491737,3150.2639528228865,0.012212525895160737,0
blk-r32-l64,5,111017,34545,2210880,898.02190272013343,,0.00018035330496430114,985790.54305044725,0.00019449410565318062,0
blk-r32-l64,5,111017,34944,2236416,898.02190272013343,,0.038985845234388722,593.78580120875029,0.042955465705533519,0
blk-r32-l64,5,111017,35322,2260608,898.02190272013343,,0.0034204535143265596,49033.806555138151,0.0035191381779662973,0
blk-r32-l64,5,111017,35721,2286144,898.02190272013343,,0.00024215420625254443,12293701.403942848,0.00022278210432301589,0
blk-r32-l64,5,111017,36120,2311680,898.02190272013343,,0.027158567265923059,361.42834110955533,0.029004671297151553,0
blk-r32-l64,5,111017,36519,2337216,898.02190272013343,,0.0014485409029376696,69952.909076448399,0.0018580766816666896,0
blk-r32-l64,5,111017,36918,2362752,898.02190272013343,,0.12957971910345162,5.5474561637276416,0.14883881505116445,0
blk-r32-l64,5,111017,37317,2388288,898.02190272013343,,0.0038239631151517411,35063.160470088049,0.006226413046194792,0
blk-r32-l64,5,111017,37716,2413824,898.02190272013343,,0.00061946416287409281,37395563.107427932,0.0011367036841437486,0
blk-r32-l64,5,111017,38115,2439360,898.02190272013343,,0.28756760889681476,2.0681684483546552,0.312247273306067,0
blk-r32-l64,5,111017,38514,2464896,898.02190272013343,,0.020603423506653774,85424.183267388013,0.033717941934985243,0
blk-r32-l64,5,111017,38913,2490432,898.02190272013343,,0.00091087375131590357,124346401.25939098,0.0027705200807714302,0
blk-r32-l64,5,111017,39291,2514624,898.02190272013343,,0.0072617226400687731,678791387.02653182,0.01586789211675816,0
blk-r32-l64,5,111017,39690,2540160,898.02190272013343,,0.00055551862418758071,5053254383.1385527,0.0015201188485523404,0
blk-r32-l64,5,111017,39711,2541504,898.02190272013343,,0.00050650550267071178,5825436234.573329,0.0014261316538711781,0
blk-r32-l64-passive,5,111017,1,64,32584.909331003826,,0.2534549643926417,1.0043634861452218,0.24623300913715998,0
blk-r32-l64-passive,5,111017,399,25536,1342.5028165181477,,0.015879866390733133,1167.8784697274612,0.01365502603351299,0
blk-r32-l64-passive,5,111017,794,50816,1325.2356274922688,,0.010739002356108293,40605.638402512639,0.0081428894176346564,0
blk-r32-l64-passive,5,111017,1191,76224,1325.0769335428874,,0.00040420307777104471,2711358.6965061626,0.00025882546434924717,0
blk-r32-l64-passive,5,111017,1588,101632,1311.1041425069172,,0.051207425228412776,24.647030664388605,0.058701839695758429,0
blk-r32-l64-passive,5,111017,1993,127552,1102.2858339945476,,0.0069234895697612665,1682.0828207609645,0.0048730542005589808,0
blk-r32-l64-passive,5,111017,2388,152832,1101.4491653442383,,0.00015479095067373041,757807.34006744984,0.00010681790453100032,0
blk-r32-l64-passive,5,111017,2793,178752,1101.4491653442383,,0.025909125912019784,394.47268061867942,0.029958114983215555,0
blk-r32-l64-passive,5,111017,3192,204288,1101.4491653442383,,0.00048969342496305523,31769.029336106443,0.00048556087821257829,0
blk-r32-l64-passive,5,111017,3591,229824,1101.4491653442383,,0.00050968938128547684,4869825.997792664,0.00061410336683853704,0
blk-r32-l64-passive,5,111017,3969,254016,1101.4491653442383,,0.0057593239621541881,84339285.363017678,0.0038249269847486435,0
blk-r32-l64-passive,5,111017,4368,279552,1101.4491653442383,,0.23649786739680964,2.0822557048435804,0.26368054915628958,0
blk-r32-l64-passive,5,111017,4763,304832,1087.5243962605794,,0.039164144935002997,1941.9387200155059,0.035977499743514399,0
blk-r32-l64-passive,5,111017,5165,330560,1015.7735366821289,,0.002913993734012296,10763.610589973532,0.0016911508701475896,0
blk-r32-l64-passive,5,111017,5565,356160,1015.4522984822592,,0.2416127674556505,1.4972291703840384,0.26103833829429096,0
blk-r32-l64-passive,5,111017,5964,381696,1015.4522984822592,,0.013766769313085389,1223.7906179834374,0.014284172663896918,0
blk-r32-l64-passive,5,111017,6363,407232,1015.4522984822592,,0.00047314164288578503,183380.41086297517,0.00051212748091488769,0
blk-r32-l64-passive,5,111017,6762,432768,1015.4522984822592,,0.28493979564362976,1.6490220838791634,0.31113489783696902,0
blk-r32-l64-passive,5,111017,7161,458304,1015.4522984822592,,0.0073491199662980133,3486.9513416354739,0.0094773171928482988,0
blk-r32-l64-passive,5,111017,7560,483840,1015.4522984822592,,0.00056983554505050298,1953360.6805786537,0.00072363802976392253,0
blk-r32-l64-passive,5,111017,7938,508032,1015.4522984822592,,0.045486077694349085,60.720997717943526,0.060700767413341142,0
blk-r32-l64-passive,5,111017,8337,533568,1015.4522984822592,,0.016328804626807088,3439.0437331336634,0.013568346483289912,0
blk-r32-l64-passive,5,111017,8736,559104,1015.4522984822592,,0.0004333201883574335,1106184.1320032079,0.00034150800860692704,0
blk-r32-l64-passive,5,111017,9135,584640,1015.4522984822592,,0.029762389505118697,184.73949006785898,0.032192145667466192,0
blk-r32-l64-passive,5,111017,9534,610176,1015.4522984822592,,0.0038017665231983829,58587.414819365622,0.0029031952360087619,0
blk-r32-l64-passive,5,111017,9933,635712,1015.4522984822592,,0.097155321387617954,6.9835184965082773,0.10448010901431126,0
blk-r32-l64-passive,5,111017,10332,661248,1015.4522984822592,,0.006738706566548419,5949.355518629688,0.0076656879598791363,0
blk-r32-l64-passive,5,111017,10731,686784,1015.4522984822592,,0.00017235450336734173,1290145.2033200713,0.00022531712588808405,0
blk-r32-l64-passive,5,111017,11115,711360,959.49049250284827,,0.034333688618431064,550.91176531387191,0.035801090777393019,0
blk-r32-l64-passive,5,111017,11529,737856,892.5034510294596,,0.0007969964379789977,307056.26672005677,0.00068569259026899059,0
blk-r32-l64-passive,5,111017,11907,762048,892.42896397908532,,0.00011227163458512853,827038.47210867598,7.9245508378639659e-05,0
blk-r32-l64-passive,5,111017,12306,787584,892.42896397908532,,0.011262148323594703,310.18628381919774,0.010747029439845785,0
blk-r32-l64-passive,5,111017,12705,813120,892.42896397908532,,0.00052544726292541642,185300.14658826386,0.00053600202975346775,0
blk-r32-l64-passive,5,111017,13104,838656,892.42896397908532,,0.09574407596188797,8.3286777773675027,0.11320751268023603,0
blk-r32-l64-passive,5,111017,13503,864192,892.42896397908532,,0.0092411670515694239,8143.6195453300952,0.009318684404948591,0
blk-r32-l64-passive,5,111017,13902,889728,892.42896397908532,,0.00017482972523475749,423596.78933635738,0.00013846336632650057,0
blk-r32-l64-passive,5,111017,14301,915264,892.42896397908532,,0.085384778595522307,8.0961262504179032,0.095533996289585019,0
blk-r32-l64-passive,5,111017,14700,940800,892.42896397908532,,0.01055138933431447,15637.077126081491,0.011691156191834159,0
blk-r32-l64-passive,5,111017,15099,966336,892.42896397908532,,0.0012777753160934831,1945394.5264868119,0.0014103974536296799,0
blk-r32-l64-passive,5,111017,15498,991872,892.42896397908532,,0.059912143071994342,223.70030791913797,0.072569677909236643,0
blk-r32-l64-passive,5,111017,15876,1016064,892.42896397908532,,0.015538934661851486,14211.838568949153,0.017089605291529919,0
blk-r32-l64-passive,5,111017,16275,1041600,892.42896397908532,,0.0031554746402794689,210381.12738063707,0.0030882494237464688,0
blk-r32-l64-passive,5,111017,16674,1067136,892.42896397908532,,0.00037111068532564689,7654607.9454053883,0.00031933480860336591,0
blk-r32-l64-passive,5,111017,17073,1092672,892.42896397908532,,0.0024966273986926197,627892889.46153855,0.0018631634914532977,0
blk-r32-l64-passive,5,111017,17472,1118208,892.42896397908532,,0.055799290845604657,29.942828238610161,0.064184417309573763,0
blk-r32-l64-passive,5,111017,17871,1143744,892.42896397908532,,0.004338539511943771,8014.1371641456517,0.0049348965543279423,0
blk-r32-l64-passive,5,111017,18270,1169280,892.42896397908532,,0.00065451680583334944,2274887.0424437788,0.0006167593640048583,0
blk-r32-l64-passive,5,111017,18669,1194816,892.42896397908532,,0.078629120300543101,39.269298715496433,0.092096054844187702,0
blk-r32-l64-passive,5,111017,19068,1220352,892.42896397908532,,0.0016498691186943091,92519.51920375583,0.0019937398263383177,0
blk-r32-l64-passive,5,111017,19467,1245888,892.42896397908532,,0.0025666555012352141,12789385.105961693,0.0026872446904215195,0
blk-r32-l64-passive,5,111017,19845,1270080,892.42896397908532,,0.00043797473374382649,66120666.775002941,0.00045999766986525769,0
blk-r32-l64-passive,5,111017,20244,1295616,892.42896397908532,,0.022662708948931277,2612.8690181187931,0.03026470991004572,0
blk-r32-l64-passive,5,111017,20643,1321152,892.42896397908532,,0.00058817456561786126,156001.09638140746,0.00065509582905815683,0
blk-r32-l64-passive,5,111017,21042,1346688,892.42896397908532,,0.00037206349842134874,4745117.9103815239,0.00052747178594554503,0
blk-r32-l64-passive,5,111017,21441,1372224,892.42896397908532,,0.013051096764209149,226683905.97316042,0.013450748407687885,0
blk-r32-l64-passive,5,111017,21840,1397760,892.42896397908532,,0.075602084646649567,682632167.61441064,0.026894736107718763,0
blk-r32-l64-passive,5,111017,22239,1423296,892.42896397908532,,0.19159265084962379,555275296.51751375,0.023205188660979308,0
blk-r32-l64-passive,5,111017,22638,1448832,892.42896397908532,,0.018181428968865161,4706155791.0356598,0.002332599488769811,0
blk-r32-l64-passive,5,111017,23037,1474368,892.42896397908532,,0.055422380127940166,82.446827535387456,0.077129740371679148,0
blk-r32-l64-passive,5,111017,23436,1499904,892.42896397908532,,0.026963033907246855,10755.02116613898,0.020697998213131154,0
blk-r32-l64-passive,5,111017,23814,1524096,892.42896397908532,,0.000263787916008683,2268941.884681175,0.00024853879102524988,0
blk-r32-l64-passive,5,111017,24213,1549632,892.42896397908532,,0.094997254927148431,11.405515322119925,0.12086486166651048,0
blk-r32-l64-passive,5,111017,24612,1575168,892.42896397908532,,0.0076523244782750128,776.08934861560681,0.0071847160682356912,0
blk-r32-l64-passive,5,111017,25011,1600704,892.42896397908532,,6.3382721012668594e-05,99217.014937720043,5.3013915813737321e-05,0
blk-r32-l64-passive,5,111017,25410,1626240,892.42896397908532,,0.0017939465952683661,34822440.511624917,0.0019188953967271942,0
blk-r32-l64-passive,5,111017,25809,1651776,892.42896397908532,,0.00072298656701447542,239735278.58898443,0.00042481559520365686,0
blk-r32-l64-passive,5,111017,26208,1677312,892.42896397908532,,0.042720418684569834,572.87995928363011,0.047298468475763106,0
blk-r32-l64-passive,5,111017,26607,1702848,892.42896397908532,,0.014126968577617763,22232.397164094538,0.012909410599941296,0
blk-r32-l64-passive,5,111017,27006,1728384,892.42896397908532,,0.0033211445364942534,281558.24477846612,0.0023148021917878073,0
blk-r32-l64-passive,5,111017,27405,1753920,892.42896397908532,,0.00024747657425777908,4246685.5886506699,0.00014089710818985344,0
blk-r32-l64-passive,5,111017,27783,1778112,892.42896397908532,,0.010251507945032936,1682.2748014335298,0.012362924934251887,0
blk-r32-l64-passive,5,111017,28182,1803648,892.42896397908532,,0.0035212201212688884,1591905.3486331368,0.0065091420337170256,0
blk-r32-l64-passive,5,111017,28581,1829184,892.42896397908532,,0.0028296030977028649,16315313.831314277,0.00403600705336338,0
blk-r32-l64-passive,5,111017,28980,1854720,892.42896397908532,,0.00040706659332020941,18832627.115001481,0.0002648154639746971,0
blk-r32-l64-passive,5,111017,29379,1880256,892.42896397908532,,0.02207372036810961,1686.8009627808549,0.024896733697817235,0
blk-r32-l64-passive,5,111017,29778,1905792,892.42896397908532,,0.00088734415156803165,2108068.9668235327,0.001243683382362578,0
blk-r32-l64-passive,5,111017,30177,1931328,892.42896397908532,,0.24102359194114348,2.1792739750977201,0.25835448999455407,0
blk-r32-l64-passive,5,111017,30576,1956864,892.42896397908532,,0.010337351274967571,1326.492734508455,0.011533753733081973,0
blk-r32-l64-passive,5,111017,30975,1982400,892.42896397908532,,0.00091947278231508604,485076.5521357953,0.0010212366061800673,0
blk-r32-l64-passive,5,111017,31374,2007936,892.42896397908532,,0.00019355301165114883,11852441.160458509,0.00021185525825770019,0
blk-r32-l64-passive,5,111017,31752,2032128,892.42896397908532,,0.024397610686623539,980.38603923486664,0.032679077598377633,0
blk-r32-l64-passive,5,111017,32151,2057664,892.42896397908532,,0.0013690700322505104,173465.08684658763,0.0014892916476062427,0
blk-r32-l64-passive,5,111017,32550,2083200,892.42896397908532,,0.10789800665506459,4.492957572107902,0.11296260308113298,0
blk-r32-l64-passive,5,111017,32949,2108736,892.42896397908532,,0.010556707200545253,2494.934789177204,0.011957090960015581,0
blk-r32-l64-passive,5,111017,33348,2134272,892.42896397908532,,0.00026617472886698401,820260.41482564888,0.00030032589426559001,0
blk-r32-l64-passive,5,111017,33747,2159808,892.42896397908532,,0.00041033752752681649,100225666.39466403,0.0019158319894856317,0
blk-r32-l64-passive,5,111017,34146,2185344,892.42896397908532,,0.0023971994595855641,2188978995.8427715,0.0067115900821551602,0
blk-r32-l64-passive,5,111017,34545,2210880,892.42896397908532,,0.072362435570433523,146.26498021615049,0.093733681007741612,0
blk-r32-l64-passive,5,111017,34944,2236416,892.42896397908532,,0.0031067252399528101,1895.7033909148818,0.0022938918606554707,0
blk-r32-l64-passive,5,111017,35322,2260608,892.42896397908532,,9.8645737173505834e-05,249192.98368110452,7.6440765801185628e-05,0
blk-r32-l64-passive,5,111017,35721,2286144,892.42896397908532,,0.046019729300464329,42.963919692435759,0.047186360815611436,0
blk-r32-l64-passive,5,111017,36120,2311680,892.42896397908532,,0.0057297613495176586,12265.044911699184,0.0053822341000196398,0
blk-r32-l64-passive,5,111017,36519,2337216,892.42896397908532,,0.00028360770542002053,2562248.2878521769,0.00033064262384642268,0
blk-r32-l64-passive,5,111017,36918,2362752,892.42896397908532,,0.060598650124393243,146.81018818434936,0.07471943474096665,0
blk-r32-l64-passive,5,111017,37317,2388288,892.42896397908532,,0.016904562726754075,26114.292825771172,0.025082800625325846,0
blk-r32-l64-passive,5,111017,37716,2413824,892.42896397908532,,0.00050053183906528472,1802773.463347981,0.00068941759558358506,0
blk-r32-l64-passive,5,111017,38115,2439360,892.42896397908532,,0.21789727405838741,2.3465994452501895,0.2332260628114757,0
blk-r32-l64-passive,5,111017,38514,2464896,892.42896397908532,,0.02814586457221336,909.51846268477959,0.023235921918750145,0
blk-r32-l64-passive,5,111017,38913,2490432,892.42896397908532,,0.00048137154838842866,54997.022188690265,0.00027125196978187066,0
blk-r32-l64-passive,5,111017,39291,2514624,892.42896397908532,,0.00074940418314996119,5267617.6534762476,0.00041950852845978371,0
blk-r32-l64-passive,5,111017,39690,2540160,892.42896397908532,,0.0060018877883886417,140206188.14237264,0.0024572569697300221,0
blk-r32-l64-passive,5,111017,40089,2565696,892.42896397908532,,0.035456891205472726,23.769793276974973,0.03983423126884364,0
blk-r32-l64-passive,5,111017,40488,2591232,892.42896397908532,,0.014063583580495269,2473.2769518097457,0.015098453210442026,0
blk-r32-l64-passive,5,111017,40887,2616768,892.42896397908532,,0.00025881917451320025,422258.11091143882,0.00022032445092032496,0
blk-r32-l64-passive,5,111017,41286,2642304,892.42896397908532,,0.052724744626353764,204.46283178892838,0.064788101667723794,0
blk-r32-l64-passive,5,111017,41685,2667840,892.42896397908532,,0.0050033915292691791,44142.69796475803,0.0055871826045757796,0
blk-r32-l64-passive,5,111017,42084,2693376,892.42896397908532,,0.00028821339223426238,5509280.1005061641,0.00031827993143154,0
blk-r32-l64-passive,5,111017,42483,2718912,892.42896397908532,,0.015780221451642224,1817.1704261172263,0.018762061315549299,0
blk-r32-l64-passive,5,111017,42882,2744448,892.42896397908532,,0.0048051478489685639,197726.75071102995,0.0046909778630383663,0
blk-r32-l64-passive,5,111017,43260,2768640,892.42896397908532,,0.00018893483928127716,9452325.7581799943,0.00021328965668032177,0
blk-r32-l64-passive,5,111017,43302,2771328,892.42896397908532,,0.00016404689920387048,10047741.3043433,0.00018415167781423006,0
blk-r32-l64,6,111018,1,64,32800.530460357666,,0.25338347538173039,1.0364661561408082,0.24750451037611088,0
blk-r32-l64,6,111018,40,2560,1754.3177973429363,,0.23571524053628579,2.731371681221602,0.2543316549795373,0
blk-r32-l64,6,111018,80,5120,1491.0683377583821,,0.11788470111527002,4.3637507221828962,0.12471948253238925,0
blk-r32-l64,6,111018,160,10240,1358.4904632568359,,0.041701594952218028,137.88797738781034,0.050613474379832775,0
blk-r32-l64,6,111018,398,25472,1182.4348208109539,,0.039747853650114177,745.20786593774346,0.031583442864751288,0
blk-r32-l64,6,111018,798,51072,1154.8752950032551,,0.0023753536738019142,104004.84157146612,0.0018869339397273169,0
blk-r32-l64,6,111018,1197,76608,1154.7881571451824,,0.00013320752849567489,82112584.698898688,0.00015321312366262848,0
blk-r32-l64,6,111018,1596,102144,1154.7881571451824,,0.023369899324176126,1537.3354953028552,0.023435345506400238,0
blk-r32-l64,6,111018,1995,127680,1154.7881571451824,,0.00039428104337858866,866608.14682217909,0.00055553018958883458,0
blk-r32-l64,6,111018,2394,153216,1154.7881571451824,,0.026342299496219843,190.2737908301776,0.037281545836380145,0
blk-r32-l64,6,111018,2793,178752,1154.7881571451824,,0.0073316062135639539,6416.3891121551887,0.007422688530441565,0
blk-r32-l64,6,111018,3192,204288,1154.7881571451824,,0.098818377933495224,6.517870781451605,0.1194391491178018,0
blk-r32-l64,6,111018,3575,228800,1110.3972714742024,,0.10424015221426038,3346.9981963871269,0.11687346109844927,0
blk-r32-l64,6,111018,3969,254016,913.93520736694336,,0.027734526436130596,21953.901256136549,0.013731858208550409,0
blk-r32-l64,6,111018,4368,279552,912.58341979980469,,0.00025072137182325245,6162094.9276474733,0.000135618082639883,0
blk-r32-l64,6,111018,4767,305088,912.58341979980469,,0.0088554518797420833,15322.869869730614,0.011576649696722599,0
blk-r32-l64,6,111018,5166,330624,912.58341979980469,,0.00061907633770663835,4486714.2670354303,0.00088695008905785079,0
blk-r32-l64,6,111018,5565,356160,912.58341979980469,,0.13021536607604861,4.2118761789533439,0.14759325365232689,0
blk-r32-l64,6,111018,5964,381696,912.58341979980469,,0.021144208045025498,5516.8740781170109,0.022860253830407067,0
blk-r32-l64,6,111018,6363,407232,912.58341979980469,,0.00014425809589660451,1787134.7847789919,0.00017389351348826135,0
blk-r32-l64,6,111018,6762,432768,912.58341979980469,,0.020341939052782115,1113.4341384369282,0.028727757900398537,0
blk-r32-l64,6,111018,7161,458304,912.58341979980469,,0.0011395481591513503,613035.28905524558,0.001284665384772446,0
blk-r32-l64,6,111018,7560,483840,912.58341979980469,,8.0430711542982169e-05,2335274.1463486752,0.00010696719814468647,0
blk-r32-l64,6,111018,7938,508032,912.58341979980469,,0.022444788657937129,7061.6974193202432,0.03509401611309651,0
blk-r32-l64,6,111018,8337,533568,912.58341979980469,,0.0005822054490247033,10452513.888277991,0.0011147603339610396,0
blk-r32-l64,6,111018,8736,559104,912.58341979980469,,0.058328974525710689,52.21738224287526,0.067981219499871945,0
blk-r32-l64,6,111018,9135,584640,912.58341979980469,,0.015251209773660577,27992.637255867707,0.018803326965671063,0
blk-r32-l64,6,111018,9534,610176,912.58341979980469,,0.0001393461065076787,8711303.3161278591,0.00022258741381986157,0
blk-r32-l64,6,111018,9933,635712,912.58341979980469,,0.035550617050896405,1866.9101661977563,0.03854232499011772,0
blk-r32-l64,6,111018,10324,660736,893.03498458862305,,0.020076731106271752,57560.07831558348,0.021143166790737904,0
blk-r32-l64,6,111018,10723,686272,891.10129292805993,,0.0027187404230041654,141500228.07297128,0.0030409389629990715,0
blk-r32-l64,6,111018,11130,712320,891.04311116536462,,0.00039970812184141096,275670255.42455441,0.00030815132659618499,0
blk-r32-l64,6,111018,11529,737856,891.04311116536462,,0.018734456871305653,2201.306444461738,0.01969552093755092,0
blk-r32-l64,6,111018,11907,762048,891.04311116536462,,0.0010279801189899047,1587072.931995013,0.0012740893717370571,0
blk-r32-l64,6,111018,12306,787584,891.04311116536462,,0.00040039625610511565,27370112.978253797,0.00056045321673796897,0
blk-r32-l64,6,111018,12705,813120,891.04311116536462,,0.027929106756371062,816.86371881721209,0.029613750892659645,0
blk-r32-l64,6,111018,13104,838656,891.04311116536462,,0.00094907712905805232,343516.89404965809,0.0011997228476432946,0
blk-r32-l64,6,111018,13503,864192,891.04311116536462,,0.0075628369541589479,588371701.24444115,0.030979507446861721,0
blk-r32-l64,6,111018,13902,889728,891.04311116536462,,0.11402841330574286,5.6967518794550722,0.13565370637166388,0
blk-r32-l64,6,111018,14301,915264,891.04311116536462,,0.0045013068901271162,6004.1368891371922,0.0089634525610154028,0
blk-r32-l64,6,111018,14700,940800,891.04311116536462,,0.0034306844215751648,52317531.662004083,0.012749045357392252,0
blk-r32-l64,6,111018,15099,966336,891.04311116536462,,7.9464465762692829e-05,246300053.37910882,0.0001442981276945447,0
blk-r32-l64,6,111018,15498,991872,891.04311116536462,,0.045613132084364523,2960.5949384442533,0.066336942283328926,0
blk-r32-l64,6,111018,15876,1016064,891.04311116536462,,0.0066887747672926103,9699.3635770727487,0.0050948426573463705,0
blk-r32-l64,6,111018,16275,1041600,891.04311116536462,,0.00012535937140143667,2340186.5610712492,0.00010700108330232397,0
blk-r32-l64,6,111018,16674,1067136,891.04311116536462,,0.045978860549614441,707.78196390014864,0.05381147467847696,0
blk-r32-l64,6,111018,17073,1092672,891.04311116536462,,0.074090090447324994,28776.188229230964,0.045545935927290254,0
blk-r32-l64,6,111018,17472,1118208,891.04311116536462,,0.00044473178625188274,1942547.6162181925,0.00021498508964744897,0
blk-r32-l64,6,111018,17871,1143744,891.04311116536462,,0.011511470063962317,450.09116247133795,0.015444201357415735,0
blk-r32-l64,6,111018,18270,1169280,891.04311116536462,,0.052235450482310097,1394.395657651896,0.037035495913295899,0
blk-r32-l64,6,111018,18669,1194816,891.04311116536462,,0.0016684616695348772,7452037.6187126208,0.0012986822793601782,0
blk-r32-l64,6,111018,19068,1220352,891.04311116536462,,0.0023038851459312149,222441166.58576173,0.0022627111076651651,0
blk-r32-l64,6,111018,19467,1245888,891.04311116536462,,0.03303367158504273,815.88561958830212,0.040863919310747787,0
blk-r32-l64,6,111018,19845,1270080,891.04311116536462,,0.00078194563708305757,38130.589917171761,0.00089343604828780317,0
blk-r32-l64,6,111018,20244,1295616,891.04311116536462,,0.19506665073635704,3.7573488427415236,0.21478079583210455,0
blk-r32-l64,6,111018,20643,1321152,891.04311116536462,,0.031217789810021011,8268.5197253959377,0.033325028410807103,0
blk-r32-l64,6,111018,21042,1346688,891.04311116536462,,0.001184278903336031,14730700.138918905,0.0015406810530159127,0
blk-r32-l64,6,111018,21441,1372224,891.04311116536462,,0.33021832896551329,2.1207379167879301,0.37475726847865798,0
blk-r32-l64,6,111018,21840,1397760,891.04311116536462,,0.038445446265730668,3634.4308384435894,0.045862517973191255,0
blk-r32-l64,6,111018,22239,1423296,891.04311116536462,,0.00019115457873741557,939862.18404607812,0.00019978490388243396,0
blk-r32-l64,6,111018,22638,1448832,891.04311116536462,,0.037912749972900117,1288.7131037921513,0.052412899086074043,0
blk-r32-l64,6,111018,23037,1474368,891.04311116536462,,0.007854508632165292,4434.0818534787859,0.0083870204524545793,0
blk-r32-l64,6,111018,23436,1499904,891.04311116536462,,0.0002024976896553655,1487819.0574331367,0.00028357560347154627,0
blk-r32-l64,6,111018,23814,1524096,891.04311116536462,,0.022283736348120364,1022.2610361921433,0.028866743256783838,0
blk-r32-l64,6,111018,24213,1549632,891.04311116536462,,0.00027346834375610606,2111099.2139295009,0.00050150448915183129,0
blk-r32-l64,6,111018,24612,1575168,891.04311116536462,,0.032256267708424692,378.69622678386128,0.04859733977939662,0
blk-r32-l64,6,111018,25011,1600704,891.04311116536462,,0.0081964579923133295,4184.8087993420568,0.0086154235192615562,0
blk-r32-l64,6,111018,25410,1626240,891.04311116536462,,0.00018471845037275694,1792431.0006897426,0.00018960742912443792,0
blk-r32-l64,6,111018,25809,1651776,891.04311116536462,,0.03102930773072787,1888.7405865654944,0.050491993798482251,0
blk-r32-l64,6,111018,26208,1677312,891.04311116536462,,0.001206704585796254,1511374.3048178791,0.0014722753217913172,0
blk-r32-l64,6,111018,26607,1702848,891.04311116536462,,0.045545200655865044,34.016623575248261,0.052454411004762974,0
blk-r32-l64,6,111018,27006,1728384,891.04311116536462,,0.001757840629831979,22831.951609748172,0.0024131479966687545,0
blk-r32-l64,6,111018,27405,1753920,891.04311116536462,,0.00011217569636904362,3442429.2321587112,0.00022032161603690703,0
blk-r32-l64,6,111018,27783,1778112,891.04311116536462,,0.045268179907652327,2030.6033332412094,0.060587325837207641,0
blk-r32-l64,6,111018,28182,1803648,891.04311116536462,,0.0029869717235980206,34744.977089623164,0.003290441267380784,0
blk-r32-l64,6,111018,28581,1829184,891.04311116536462,,0.00018630968100548693,6321201.2760045286,0.00025658743593047896,0
blk-r32-l64,6,111018,28980,1854720,891.04311116536462,,0.027719224576207437,1109.9574546024694,0.043407350075272681,0
blk-r32-l64,6,111018,29379,1880256,891.04311116536462,,0.0025409806290275188,1074709.8657481817,0.002795756837114412,0
blk-r32-l64,6,111018,29778,1905792,891.04311116536462,,0.00015989281768354199,55339396.998151526,0.00019468681934398552,0
blk-r32-l64,6,111018,30177,1931328,891.04311116536462,,0.029063184685962737,3430.9152626668028,0.047348824115779495,0
blk-r32-l64,6,111018,30576,1956864,891.04311116536462,,0.00095642494393174244,655321.29959802248,0.0010918334529654344,0
blk-r32-l64,6,111018,30975,1982400,891.04311116536462,,0.1320589861745001,5.7988043215679603,0.1485228515592267,0
blk-r32-l64,6,111018,31374,2007936,891.04311116536462,,0.023708232650057903,2580.4349844640624,0.03981968585831288,0
blk-r32-l64,6,111018,31752,2032128,891.04311116536462,,0.02894062378035054,9462.8255250364127,0.024119902655469806,0
blk-r32-l64,6,111018,32151,2057664,891.04311116536462,,0.0008873104551078636,7696476.9906298164,0.00072271199731796629,0
blk-r32-l64,6,111018,32550,2083200,891.04311116536462,,0.024681316800226151,1193.0087722396242,0.026910793146999124,0
blk-r32-l64,6,111018,32949,2108736,891.04311116536462,,0.00082231677526567947,263121.27168536116,0.00078363549774614343,0
blk-r32-l64,6,111018,33348,2134272,891.04311116536462,,8.3132203713808127e-05,1540213.085686832,8.9868711913757126e-05,0
blk-r32-l64,6,111018,33747,2159808,891.04311116536462,,0.018745872608640381,1238.0327463777228,0.019712597365290966,0
blk-r32-l64,6,111018,34146,2185344,891.04311116536462,,0.00076498293133646898,253153.31563977033,0.0011018020046908925,0
blk-r32-l64,6,111018,34545,2210880,891.04311116536462,,0.061794665337669433,12.172272357020265,0.078260934084648459,0
blk-r32-l64,6,111018,34944,2236416,891.04311116536462,,0.045362926097978248,1809.7610891038883,0.038977720609668268,0
blk-r32-l64,6,111018,35322,2260608,891.04311116536462,,0.0007011903489744396,39099.484394159757,0.000340296204133169,0
blk-r32-l64,6,111018,35721,2286144,891.04311116536462,,0.13532573172580489,3.949101796412128,0.14876580151951976,0
blk-r32-l64,6,111018,36120,2311680,891.04311116536462,,0.0059673467743085618,10577.445141880209,0.0061889814904043496,0
blk-r32-l64,6,111018,36519,2337216,891.04311116536462,,0.00022362072714962695,4685225.1098901518,0.00023375069596601297,0
blk-r32-l64,6,111018,36687,2347968,891.04311116536462,,0.00011648122412099944,4039109.4765761201,0.00012497833922201024,0
blk-r32-l64-passive,6,111018,1,64,32800.530460357666,,0.25338347538173039,1.0040454007645576,0.24612302827942223,0
blk-r32-l64-passive,6,111018,5,320,15126.237912495932,,0.23685383978083263,1.342028443529089,0.2481624652934048,0
blk-r32-l64-passive,6,111018,399,25536,1207.4972407023113,,0.021637549305738767,1287.044067155053,0.019417566848074087,0
blk-r32-l64-passive,6,111018,794,50816,1199.3521436055501,,0.0023759636031264126,31266.857948233763,0.0017736092787966164,0
blk-r32-l64-passive,6,111018,1192,76288,1199.204906463623,,0.00045041876271101892,6428206.8936709557,0.00043278526941517429,0
blk-r32-l64-passive,6,111018,1596,102144,1199.2048594156902,,0.044351249509481529,147.7340903615511,0.05241648327981567,0
blk-r32-l64-passive,6,111018,1986,127104,1191.191520690918,,0.001989481283623677,3973.8002193105272,0.0016068689714945322,0
blk-r32-l64-passive,6,111018,2384,152576,1190.9534695943196,,0.00014205371020762524,2143753.2493761671,0.00014508067635560156,0
blk-r32-l64-passive,6,111018,2780,177920,1138.6452534993489,,0.0556145567096792,33.543875456626878,0.059809481341663202,0
blk-r32-l64-passive,6,111018,3175,203200,978.51841227213538,,0.0039831869749032932,13016.067658790687,0.0033270532236531519,0
blk-r32-l64-passive,6,111018,3591,229824,977.51577885945642,,0.00013757741829648483,870968.52962933201,0.00010800794114619814,0
blk-r32-l64-passive,6,111018,3969,254016,977.51572926839196,,0.050538238105084163,246.76076599383197,0.056496580329209831,0
blk-r32-l64-passive,6,111018,4368,279552,977.51572926839196,,0.0040073533455258041,52481.2476121707,0.0044026634202561695,0
blk-r32-l64-passive,6,111018,4767,305088,977.51572926839196,,0.00051713157948265575,11663558.082273062,0.00089051783863357693,0
blk-r32-l64-passive,6,111018,5166,330624,977.51572926839196,,0.0030298118185032204,101566811.62405296,0.00392731325872762,0
blk-r32-l64-passive,6,111018,5565,356160,977.51572926839196,,0.0046118168058048243,1633926691.3328807,0.002606006403068825,0
blk-r32-l64-passive,6,111018,5964,381696,977.51572926839196,,0.058195893836869697,26.376808856819306,0.066547446141515532,0
blk-r32-l64-passive,6,111018,6363,407232,977.51572926839196,,0.028087276666491776,10347.439098598505,0.02261368287939472,0
blk-r32-l64-passive,6,111018,6762,432768,977.51572926839196,,0.00032402197558901096,2051365.6687328927,0.00041638656806491323,0
blk-r32-l64-passive,6,111018,7161,458304,977.51572926839196,,0.043467703738340233,168.15399538692404,0.053631160980659252,0
blk-r32-l64-passive,6,111018,7560,483840,977.51572926839196,,0.0025738270910379149,9272.791767034907,0.0021165730174000541,0
blk-r32-l64-passive,6,111018,7938,508032,977.51572926839196,,0.00010559459205795833,265635.302834981,7.8034241609654774e-05,0
blk-r32-l64-passive,6,111018,8337,533568,964.79163106282556,,0.033345888689642347,1692.2765229196466,0.032020698355675968,0
blk-r32-l64-passive,6,111018,8736,559104,946.89763259887695,,0.0016677219779194358,1004421.8777423245,0.0018022400601985992,0
blk-r32-l64-passive,6,111018,9129,584256,945.04768625895179,,0.0061946254987877616,70185069.5107072,0.004956838170716734,0
blk-r32-l64-passive,6,111018,9534,610176,944.93161646525061,,0.00020418380792448448,235894989.78190276,0.0001449494480450308,0
blk-r32-l64-passive,6,111018,9933,635712,944.9313074747721,,0.072733455348808609,60.948993730373097,0.078347200572215656,0
blk-r32-l64-passive,6,111018,10323,660672,919.49928410847986,,0.024281051419497459,10372.057777615846,0.014235334175459618,0
blk-r32-l64-passive,6,111018,10716,685824,917.81697336832679,,0.00088866940639741336,3491976.4637612244,0.00049095413759279321,0
blk-r32-l64-passive,6,111018,11130,712320,917.81460316975915,,0.088370977254369293,68.995430360032785,0.10662881937088944,0
blk-r32-l64-passive,6,111018,11529,737856,917.81460316975915,,0.0064208622385897455,35164.979843481313,0.0066140757105691882,0
blk-r32-l64-passive,6,111018,11907,762048,917.81460316975915,,0.00098607488608316602,11050778.530247549,0.001185809644623568,0
blk-r32-l64-passive,6,111018,12306,787584,917.81460316975915,,0.0030187400060864172,151657387.05161074,0.0023943512988618735,0
blk-r32-l64-passive,6,111018,12705,813120,917.81460316975915,,0.0038514517176228176,781975185.06876421,0.0036141915613269369,0
blk-r32-l64-passive,6,111018,13104,838656,917.81460316975915,,0.0058985024208149609,5299978892.9934216,0.0032059160330253646,0
blk-r32-l64-passive,6,111018,13503,864192,917.81460316975915,,0.041489248813050765,154.79649926752623,0.053076907821913349,0
blk-r32-l64-passive,6,111018,13902,889728,917.81460316975915,,0.049564579337887299,4127.7967597463676,0.037432902912540415,0
blk-r32-l64-passive,6,111018,14301,915264,917.81460316975915,,0.00092218136428296642,333978.51165559539,0.00049259762346445693,0
blk-r32-l64-passive,6,111018,14700,940800,917.81460316975915,,0.00054017979472135438,185716841.78023037,0.00090711738426997915,0
blk-r32-l64-passive,6,111018,15099,966336,917.81460316975915,,0.017608733247954242,147.19758219325118,0.017760851444080236,0
blk-r32-l64-passive,6,111018,15498,991872,917.81460316975915,,0.002372130034727016,3567.6081494330683,0.0019634856846702572,0
blk-r32-l64-passive,6,111018,15876,1016064,917.81460316975915,,7.603861351691306e-05,711503.63865472178,5.5319961769060168e-05,0
blk-r32-l64-passive,6,111018,16275,1041600,917.81460316975915,,0.063128273657608869,95.648413586433506,0.078702752860883754,0
blk-r32-l64-passive,6,111018,16674,1067136,917.81460316975915,,0.0050904973854938402,835.18418901243535,0.0029801932370241832,0
blk-r32-l64-passive,6,111018,17073,1092672,917.81460316975915,,4.8647859923879327e-05,55550.548276947593,2.6145040253977965e-05,0
blk-r32-l64-passive,6,111018,17472,1118208,917.81460316975915,,0.021456922606271404,1315.2571726431804,0.023335969840974722,0
blk-r32-l64-passive,6,111018,17871,1143744,917.81460316975915,,0.0017186202115722783,309141.4019514473,0.0015814894024058313,0
blk-r32-l64-passive,6,111018,18270,1169280,917.81460316975915,,0.0018098854467328384,24724712.920691278,0.0014870401171561735,0
blk-r32-l64-passive,6,111018,18669,1194816,917.81460316975915,,0.0034818963733525467,194071548.02193108,0.0028776823353352282,0
blk-r32-l64-passive,6,111018,19068,1220352,917.81460316975915,,0.084267790223032157,28.447200350443829,0.10156486911495054,0
blk-r32-l64-passive,6,111018,19467,1245888,917.81460316975915,,0.011026815763349608,9481.9899345437625,0.0080614051439990494,0
blk-r32-l64-passive,6,111018,19845,1270080,917.81460316975915,,0.00042432375840612707,807804.97958907438,0.00023928289470012619,0
blk-r32-l64-passive,6,111018,20244,1295616,917.81460316975915,,3.8445064752702151e-05,7302621.1807455299,2.1477378318000257e-05,0
blk-r32-l64-passive,6,111018,20643,1321152,917.81460316975915,,0.016002621785828623,3243.9656119784067,0.017444730514546404,0
blk-r32-l64-passive,6,111018,21042,1346688,917.81460316975915,,0.0032993853350118496,14272071.095860224,0.0065138706232398995,0
blk-r32-l64-passive,6,111018,21441,1372224,917.81460316975915,,0.00027934098054761152,16386518.887490414,0.00028600500723504669,0
blk-r32-l64-passive,6,111018,21840,1397760,917.81460316975915,,0.00010932754167655258,28639248.335840091,0.0001076435428844669,0
blk-r32-l64-passive,6,111018,22239,1423296,917.81460316975915,,0.031311026421797006,983.08337769073114,0.028448114349654843,0
blk-r32-l64-passive,6,111018,22638,1448832,917.81460316975915,,0.054930178680859865,44604.529581619739,0.038731938297129662,0
blk-r32-l64-passive,6,111018,23037,1474368,917.81460316975915,,0.0012062455308345045,316658.02788622282,0.00062385196164801743,0
blk-r32-l64-passive,6,111018,23436,1499904,917.81460316975915,,0.10498654950174603,6.4543874753059294,0.12227858752837899,0
blk-r32-l64-passive,6,111018,23814,1524096,917.81460316975915,,0.0043173613980877186,1030.36914177789,0.0031481706819947537,0
blk-r32-l64-passive,6,111018,24213,1549632,917.81460316975915,,6.3119759672093098e-05,76359.06542394578,4.3683326266678579e-05,0
blk-r32-l64-passive,6,111018,24612,1575168,917.81460316975915,,0.025184744973169523,2979.3087396428414,0.029307691354498511,0
blk-r32-l64-passive,6,111018,25011,1600704,917.81460316975915,,0.0010121085380071137,99331.837042014362,0.00068684628966071345,0
blk-r32-l64-passive,6,111018,25410,1626240,917.81460316975915,,0.30196994247198944,1.5923509253928909,0.32412862109708779,0
blk-r32-l64-passive,6,111018,25809,1651776,917.81460316975915,,0.0047155849853673633,825.69695719253878,0.0058937553162337793,0
blk-r32-l64-passive,6,111018,26208,1677312,917.81460316975915,,0.0004626902425744123,764962.18749551731,0.00049447105687307766,0
blk-r32-l64-passive,6,111018,26607,1702848,917.81460316975915,,0.001908954271532926,281527648.31797779,0.0020936463761715715,0
blk-r32-l64-passive,6,111018,27006,1728384,917.81460316975915,,0.003724016904467658,6716898652.5709095,0.0034643508089703449,0
blk-r32-l64-passive,6,111018,27405,1753920,917.81460316975915,,0.025817672257642584,497.20983888470329,0.025560136392642811,0
blk-r32-l64-passive,6,111018,27783,1778112,917.81460316975915,,0.0029651962165047037,221081.18096300313,0.0023589154619666573,0
blk-r32-l64-passive,6,111018,28182,1803648,917.81460316975915,,8.1913191925091163e-05,12070971.520487728,0.0001143020794949711,0
blk-r32-l64-passive,6,111018,28581,1829184,917.81460316975915,,0.044278108507433377,269.0065947660961,0.048794878756079352,0
blk-r32-l64-passive,6,111018,28980,1854720,917.81460316975915,,0.0131027401034582,963.6035738350156,0.0071256809205658142,0
blk-r32-l64-passive,6,111018,29379,1880256,917.81460316975915,,0.0045904334485770684,30335.780362369675,0.0018816267510869335,0
blk-r32-l64-passive,6,111018,29778,1905792,917.81460316975915,,0.0001667424191788642,2249159.17316275,8.196268030368063e-05,0
blk-r32-l64-passive,6,111018,30177,1931328,917.81460316975915,,0.024388428420590955,506.51920772401149,0.026023947969385449,0
blk-r32-l64-passive,6,111018,30576,1956864,917.81460316975915,,0.0007476873750681917,42299.020968013727,0.0006455775586587854,0
blk-r32-l64-passive,6,111018,30975,1982400,917.81460316975915,,0.00022741699347941761,1887555.6162593877,0.00020334571855063936,0
blk-r32-l64-passive,6,111018,31374,2007936,917.81460316975915,,0.050804552683142781,1129.4756748741243,0.070430839961761277,0
blk-r32-l64-passive,6,111018,31752,2032128,917.81460316975915,,0.0017217598068201721,127273.19825105937,0.0020939502747726116,0
blk-r32-l64-passive,6,111018,32151,2057664,917.81460316975915,,0.00021272097267376877,1976425.0723005645,0.00016595863286272277,0
blk-r32-l64-passive,6,111018,32550,2083200,917.81460316975915,,0.036145778167315686,253.16175716960734,0.038689539452792368,0
blk-r32-l64-passive,6,111018,32949,2108736,917.81460316975915,,0.0037287347394409131,511230.73237802921,0.0041460843857265882,0
blk-r32-l64-passive,6,111018,33348,2134272,917.81460316975915,,0.0010680517708335233,17857810.397157241,0.0014138710967076518,0
blk-r32-l64-passive,6,111018,33747,2159808,917.81460316975915,,0.11306257165322602,6.4961389050143614,0.12245805371073301,0
blk-r32-l64-passive,6,111018,34146,2185344,917.81460316975915,,0.027392019548989562,1630.2035285471352,0.027183557025824655,0
blk-r32-l64-passive,6,111018,34545,2210880,917.81460316975915,,0.0074294144309092515,49283.680829382414,0.0041618380399492888,0
blk-r32-l64-passive,6,111018,34944,2236416,917.81460316975915,,0.00047463487841548145,7833866.2368857712,0.00034065930106709399,0
blk-r32-l64-passive,6,111018,35322,2260608,917.81460316975915,,0.051645319580066615,27.902955862636734,0.059633708702419103,0
blk-r32-l64-passive,6,111018,35721,2286144,917.81460316975915,,0.0028988236790659077,84454.470722671438,0.003259436746559975,0
blk-r32-l64-passive,6,111018,36120,2311680,917.81460316975915,,0.00011738655559380724,21442309.635347378,0.00016845433143171075,0
blk-r32-l64-passive,6,111018,36519,2337216,917.81460316975915,,0.00039359422262657715,847119515.39134216,0.00052505810088435449,0
blk-r32-l64-passive,6,111018,36918,2362752,917.81460316975915,,0.03826819120481656,1362.5947857423541,0.043781610534658455,0
blk-r32-l64-passive,6,111018,37317,2388288,917.81460316975915,,0.0028693236666959706,13540.056251433134,0.0014620319291197318,0
blk-r32-l64-passive,6,111018,37716,2413824,917.81460316975915,,0.00010134882188118365,2930220.2130778357,5.5568255670697044e-05,0
blk-r32-l64-passive,6,111018,38115,2439360,917.81460316975915,,0.017410848594153573,725.97065489544627,0.020127125929486345,0
blk-r32-l64-passive,6,111018,38514,2464896,917.81460316975915,,0.0075305619924279175,4770.1688897712102,0.0064069166589728107,0
blk-r32-l64-passive,6,111018,38913,2490432,917.81460316975915,,0.00053715684042931458,1136053.3378705024,0.00043401876431558309,0
blk-r32-l64-passive,6,111018,39291,2514624,917.81460316975915,,0.037785971433047558,196.19962156709406,0.044539998268447789,0
blk-r32-l64-passive,6,111018,39690,2540160,917.81460316975915,,0.012830594161473563,13546.041373430977,0.018281170975083381,0
blk-r32-l64-passive,6,111018,40089,2565696,917.81460316975915,,0.0016735050524539531,3542363.2660730332,0.002170674949112837,0
blk-r32-l64-passive,6,111018,40488,2591232,917.81460316975915,,0.076620254342290126,9.3033896063213017,0.079621037571663611,0
blk-r32-l64-passive,6,111018,40887,2616768,917.81460316975915,,0.0052534369216942862,28159.992785983159,0.0068143284962682007,0
blk-r32-l64-passive,6,111018,41286,2642304,917.81460316975915,,0.00024699265332461736,4673961.3585840715,0.00031077809926749066,0
blk-r32-l64-passive,6,111018,41685,2667840,917.81460316975915,,0.053348114185027058,15.859041355511856,0.058956074727648834,0
blk-r32-l64-passive,6,111018,42084,2693376,917.81460316975915,,0.0023028965645039618,36095.912328738385,0.0019830083604052587,0
blk-r32-l64-passive,6,111018,42483,2718912,917.81460316975915,,4.3461954356470413e-05,1679475.6911250511,3.9653736511640773e-05,0
blk-r32-l64-passive,6,111018,42882,2744448,917.81460316975915,,0.029916811265351492,344.02545171948623,0.032805952771370765,0
blk-r32-l64-passive,6,111018,43260,2768640,917.81460316975915,,0.0015146860882157942,60738.702487778966,0.0015359597102623302,0
blk-r32-l64-passive,6,111018,43659,2794176,917.81460316975915,,0.00016619784550016503,1161541.8362818584,0.00018174333396564122,0
blk-r32-l64-passive,6,111018,43743,2799552,917.81460316975915,,0.00010497792490204981,2144782.0499220579,0.00011601816081441594,0
blk-r32-l64,7,111019,1,64,6969.2276751200361,,0.26082497932299947,1.1293360935205525,0.2645690035883469,0
blk-r32-l64,7,111019,5,320,4335.9552714029951,,0.2624456175841034,1.4963217358651235,0.28807114051480853,0
blk-r32-l64,7,111019,20,1280,1632.3662134806316,,0.32804444032082275,2.0192883339640186,0.35146127813841677,0
blk-r32-l64,7,111019,399,25536,1190.0841153462727,,0.063032042086572329,4637.5981248144599,0.095928167452267607,0
blk-r32-l64,7,111019,798,51072,839.535410563151,,0.12606289423372774,7508.0796220094917,0.056385715166281491,0
blk-r32-l64,7,111019,1192,76288,816.62489700317383,,0.0032490451191599019,459548.21180426469,0.00081410801857067702,0
blk-r32-l64,7,111019,1596,102144,816.55529149373376,,0.083094345285343818,6.129370727733833,0.10232809231955131,0
blk-r32-l64,7,111019,1995,127680,816.55529149373376,,0.062860961443701083,11384.960457754854,0.058541557675810277,0
blk-r32-l64,7,111019,2394,153216,816.55529149373376,,0.013997869689645673,76573.155719684408,0.0095243398327531752,0
blk-r32-l64,7,111019,2793,178752,816.55529149373376,,0.00030915773967073938,11961712.851387154,0.00025558899458496745,0
blk-r32-l64,7,111019,3192,204288,816.55529149373376,,0.038500398353025482,146.44509083190877,0.044422899690556142,0
blk-r32-l64,7,111019,3591,229824,816.55529149373376,,0.0019684515161026389,9600.2572323974364,0.0020692552360583871,0
blk-r32-l64,7,111019,3969,254016,816.55529149373376,,7.3152770991922588e-05,2346668.5252429959,8.0898999048190296e-05,0
blk-r32-l64,7,111019,4368,279552,816.55529149373376,,0.02906649665100745,5550.2270955794711,0.043010500294615908,0
blk-r32-l64,7,111019,4767,305088,816.55529149373376,,0.0012215788885706275,776313.50777038082,0.0011711499506172789,0
blk-r32-l64,7,111019,5166,330624,816.55529149373376,,0.0014401033190861703,97140505.473096564,0.0047529951993002086,0
blk-r32-l64,7,111019,5565,356160,816.55529149373376,,0.0026519779547919476,223246655.35044038,0.0020340958558258166,0
blk-r32-l64,7,111019,5964,381696,816.55529149373376,,0.0014066765371094007,571790004.80014157,0.0010642867870131181,0
blk-r32-l64,7,111019,6363,407232,816.55529149373376,,0.049286130042726459,224.21663141459871,0.058946429658470655,0
blk-r32-l64,7,111019,6762,432768,816.55529149373376,,0.0058838764303756437,146287.94311145108,0.0093887737569321398,0
blk-r32-l64,7,111019,7161,458304,816.55529149373376,,0.0017508310086761904,145995209.98845306,0.0038758647229799209,0
blk-r32-l64,7,111019,7560,483840,816.55529149373376,,0.064304988077009642,20.533333991191142,0.073004069072605954,0
blk-r32-l64,7,111019,7938,508032,816.55529149373376,,0.1086260976265136,2087.3753669106759,0.10071774619206077,0
blk-r32-l64,7,111019,8337,533568,816.55529149373376,,0.0023972930807820802,368586.76616359275,0.0016114632135045635,0
blk-r32-l64,7,111019,8736,559104,816.55529149373376,,0.00016497755997813571,6690377.8671507305,0.00010954852355969178,0
blk-r32-l64,7,111019,9135,584640,816.55529149373376,,0.039545760910779021,4577.9824218945078,0.050041955635218259,0
blk-r32-l64,7,111019,9534,610176,816.55529149373376,,0.013651463569782208,345483.9277028832,0.021611080138319444,0
blk-r32-l64,7,111019,9933,635712,816.55529149373376,,0.00029058032359714482,12055475.35589961,0.00030822569679936183,0
blk-r32-l64,7,111019,10332,661248,816.55529149373376,,0.028719420504252604,295.78242823140238,0.037885654127963062,0
blk-r32-l64,7,111019,10731,686784,816.55529149373376,,0.0013857620302613666,878471.969468978,0.0020888246609111027,0
blk-r32-l64,7,111019,11130,712320,816.55529149373376,,0.20675781817280176,4.9222803773858468,0.23423602594231055,0
blk-r32-l64,7,111019,11529,737856,816.55529149373376,,0.035418576810624408,3038.9298983742538,0.033585059210939135,0
blk-r32-l64,7,111019,11907,762048,816.55529149373376,,0.00063582409328112046,2182203.9643151779,0.00071845733502958864,0
blk-r32-l64,7,111019,12306,787584,816.55529149373376,,0.039937856632746835,109.65608049775261,0.0453736603706816,0
blk-r32-l64,7,111019,12705,813120,816.55529149373376,,0.0028169404998374696,16216.025452221624,0.002503001502165478,0
blk-r32-l64,7,111019,13104,838656,816.55529149373376,,0.0002819367162343316,1472114.7835635233,0.00035678199419454117,0
blk-r32-l64,7,111019,13503,864192,816.55529149373376,,0.0032054321510666429,60485174.186574556,0.0032402053506018626,0
blk-r32-l64,7,111019,13902,889728,816.55529149373376,,0.23914645906194415,1.4978309312487079,0.25605961553202083,0
blk-r32-l64,7,111019,14301,915264,816.55529149373376,,0.012050821315082057,1766.6478632178473,0.0145758034331788,0
blk-r32-l64,7,111019,14700,940800,816.55529149373376,,0.00028083821165050403,1478047.3559050998,0.00035144037520507389,0
blk-r32-l64,7,111019,15099,966336,816.55529149373376,,0.0014570887713725928,146891792.47249171,0.0018778279418247084,0
blk-r32-l64,7,111019,15498,991872,816.55529149373376,,0.25568884926101521,3.4962714263078669,0.30172552388042595,0
blk-r32-l64,7,111019,15876,1016064,816.55529149373376,,0.0031974393380732446,15179.709080502837,0.0043290840456056108,0
blk-r32-l64,7,111019,16275,1041600,816.55529149373376,,5.5664073695885997e-05,1099085.6455746097,6.2191080045711665e-05,0
blk-r32-l64,7,111019,16674,1067136,816.55529149373376,,0.059945188994829972,1436.8633108621671,0.08640271802867236,0
blk-r32-l64,7,111019,17073,1092672,816.55529149373376,,0.00072899513953498315,1299173.0899585579,0.0012349944652361611,0
blk-r32-l64,7,111019,17472,1118208,816.55529149373376,,0.00023074548476539349,12331493.948457051,0.000430349877478593,0
blk-r32-l64,7,111019,17871,1143744,816.55529149373376,,0.023042464972364521,5272.4223642276211,0.028951537323157923,0
blk-r32-l64,7,111019,18270,1169280,816.55529149373376,,0.00088825524034014797,335233.35331166431,0.0011100696460473144,0
blk-r32-l64,7,111019,18669,1194816,816.55529149373376,,0.052513039512950291,67.774841452462283,0.072227003371818158,0
blk-r32-l64,7,111019,19068,1220352,816.55529149373376,,0.0089333917971915911,56782.6270397306,0.011142165361876738,0
blk-r32-l64,7,111019,19467,1245888,816.55529149373376,,0.00012972873130693072,14939353.392876254,0.00017377043776033925,0
blk-r32-l64,7,111019,19845,1270080,816.55529149373376,,0.03091837495001705,2466.9112065126774,0.041725327419968816,0
blk-r32-l64,7,111019,20244,1295616,816.55529149373376,,0.0019089885525801851,1844322.9318273906,0.0017742899842541912,0
blk-r32-l64,7,111019,20643,1321152,816.55529149373376,,0.00017450324480587737,69206786.938462242,0.00023503814379035134,0
blk-r32-l64,7,111019,21042,1346688,816.55529149373376,,0.011838486095182196,5747.581549680991,0.016833284624729765,0
blk-r32-l64,7,111019,21441,1372224,816.55529149373376,,0.0012652979413328854,9678304.5159434155,0.0017191140273964346,0
blk-r32-l64,7,111019,21840,1397760,816.55529149373376,,0.26810467627075474,2.2976186104576986,0.30232980498427092,0
blk-r32-l64,7,111019,22239,1423296,816.55529149373376,,0.0037295469977458797,10828.611612579922,0.0059667050016751991,0
blk-r32-l64,7,111019,22638,1448832,816.55529149373376,,0.00027313973214817123,86611771.110047117,0.00052758394462857478,0
blk-r32-l64,7,111019,23037,1474368,816.55529149373376,,0.2215135341490499,3.5305838389230573,0.25208077813157165,0
blk-r32-l64,7,111019,23436,1499904,816.55529149373376,,0.0085191657948644889,3121.8275496527826,0.011123974746608997,0
blk-r32-l64,7,111019,23814,1524096,816.55529149373376,,0.0014667925191242071,5016867.1452067494,0.0034095441175053284,0
blk-r32-l64,7,111019,24213,1549632,816.55529149373376,,0.0027244264636399796,24726666.406667057,0.0026589613776468045,0
blk-r32-l64,7,111019,24612,1575168,816.55529149373376,,0.0017166491101834518,133749389.82057512,0.0018036963424239365,0
blk-r32-l64,7,111019,25011,1600704,816.55529149373376,,0.030930491985112957,828.24430195992693,0.038855617429690084,0
blk-r32-l64,7,111019,25410,1626240,816.55529149373376,,0.0011208895619789342,265326.62693471159,0.0014988499998846144,0
blk-r32-l64,7,111019,25809,1651776,816.55529149373376,,0.00012190277052071002,37737393.795284249,0.00015941457237462952,0
blk-r32-l64,7,111019,26208,1677312,816.55529149373376,,0.02601998757007852,1199.7527301893922,0.039492269903425047,0
blk-r32-l64,7,111019,26607,1702848,816.55529149373376,,0.00058215496945253288,338127.16547114827,0.0013138818543395419,0
blk-r32-l64,7,111019,27006,1728384,816.55529149373376,,0.0023968497454449054,1037027714.5239841,0.023891612283945755,0
blk-r32-l64,7,111019,27405,1753920,816.55529149373376,,0.0031272476220786222,1809757621.9205017,0.0035514144753865775,0
blk-r32-l64,7,111019,27783,1778112,816.55529149373376,,0.0012067034629534297,2520219000.4417391,0.0012067929519646635,0
blk-r32-l64,7,111019,28182,1803648,816.55529149373376,,0.04414431259323668,324.21665921012914,0.046869475591763028,0
blk-r32-l64,7,111019,28581,1829184,816.55529149373376,,0.00032339541490496512,464795.3507020924,0.00027559206162522154,0
blk-r32-l64,7,111019,28980,1854720,816.55529149373376,,5.7191708836559397e-05,758177.74454813369,5.5169157091401126e-05,0
blk-r32-l64,7,111019,29379,1880256,816.55529149373376,,0.020694651314460809,1538.1804003056588,0.021317103168399545,0
blk-r32-l64,7,111019,29778,1905792,816.55529149373376,,0.00068440998010977922,324559.03709846723,0.0011577213436424643,0
blk-r32-l64,7,111019,30177,1931328,816.55529149373376,,4.1664502836191603e-05,772514.99555154867,2.4677777108639517e-05,0
blk-r32-l64,7,111019,30576,1956864,816.55529149373376,,0.011356511905268707,1487.05435360915,0.014704560341642674,0
blk-r32-l64,7,111019,30975,1982400,816.55529149373376,,0.0037731332405301805,13495159.653217252,0.008302632478086186,0
blk-r32-l64,7,111019,31374,2007936,816.55529149373376,,0.00027106565447867082,6658676.2999837799,0.00026540692623085426,0
blk-r32-l64,7,111019,31752,2032128,816.55529149373376,,0.11115595133358924,5.9907579105184556,0.13553031429060777,0
blk-r32-l64,7,111019,32151,2057664,816.55529149373376,,0.023697114019632183,11342.706010743947,0.02806454128404217,0
blk-r32-l64,7,111019,32550,2083200,816.55529149373376,,0.00093477262314934945,5094299.2712205341,0.0011819074083501051,0
blk-r32-l64,7,111019,32949,2108736,816.55529149373376,,0.00014818113585841978,57960125.100437939,0.00021155015441505899,0
blk-r32-l64,7,111019,33348,2134272,816.55529149373376,,0.023118578525039655,4603.8802598264874,0.024789966153790727,0
blk-r32-l64,7,111019,33747,2159808,816.55529149373376,,0.0054138300893672693,9982546.9740051031,0.0063313559306961992,0
blk-r32-l64,7,111019,34146,2185344,816.55529149373376,,0.00057676187239366725,28722529.630471077,0.00056936190951881421,0
blk-r32-l64,7,111019,34545,2210880,816.55529149373376,,0.05444299381754255,119.03705862682905,0.072262859642654623,0
blk-r32-l64,7,111019,34944,2236416,816.55529149373376,,0.064406575513326861,34057.475430464008,0.085055343150812493,0
blk-r32-l64,7,111019,35322,2260608,816.55529149373376,,0.0030469560895222962,2073404.3744114176,0.003182538555277707,0
blk-r32-l64,7,111019,35721,2286144,816.55529149373376,,0.0048960059590897123,232764444.60135627,0.0039480324630747615,0
blk-r32-l64,7,111019,36120,2311680,816.55529149373376,,0.12252768084464422,3.9931550623511187,0.14181926422964344,0
blk-r32-l64,7,111019,36519,2337216,816.55529149373376,,0.0062320449816476728,6137.5684982222629,0.0084986327878153519,0
blk-r32-l64,7,111019,36918,2362752,816.55529149373376,,0.0012746415481162971,11533549.622375954,0.002588767220867583,0
blk-r32-l64,7,111019,37317,2388288,816.55529149373376,,0.092856487595041157,7.642348485758208,0.10407466546562193,0
blk-r32-l64,7,111019,37716,2413824,816.55529149373376,,0.013943401172940977,4874.2382887852318,0.01578387449944654,0
blk-r32-l64,7,111019,38115,2439360,816.55529149373376,,0.00040814150695342503,3473868.3467980367,0.00048471169744890476,0
blk-r32-l64,7,111019,38514,2464896,816.55529149373376,,0.059452657034059699,553.38926607805843,0.087304897671191303,0
blk-r32-l64,7,111019,38913,2490432,816.55529149373376,,0.0062097888135560124,33012.72843931742,0.0053625409837419384,0
blk-r32-l64,7,111019,39291,2514624,816.55529149373376,,0.0025335984509647701,4392160.7913592085,0.0021067360287697957,0
blk-r32-l64,7,111019,39690,2540160,816.55529149373376,,0.0078793071685157069,390929940.04210019,0.010340279940392234,0
blk-r32-l64,7,111019,40089,2565696,816.55529149373376,,0.068057195450858018,38.861951718923777,0.082161045297964655,0
blk-r32-l64,7,111019,40488,2591232,816.55529149373376,,0.009654365700362235,20649.078476783099,0.0083982650213051332,0
blk-r32-l64,7,111019,40887,2616768,816.55529149373376,,0.00045500654698624356,7164346.8260788722,0.000493168319194855,0
blk-r32-l64,7,111019,41286,2642304,816.55529149373376,,0.080902998913539775,18.231266496895159,0.095318502508146552,0
blk-r32-l64,7,111019,41685,2667840,816.55529149373376,,0.0050834127930969256,10885.084476581465,0.0069715655226695985,0
blk-r32-l64,7,111019,42063,2692032,816.55529149373376,,7.4035312640266437e-05,1783259.695994965,7.4050894289998565e-05,0
blk-r32-l64-passive,7,111019,1,64,6969.2276751200361,,0.26082497932299947,1.0903756774290936,0.26401919191749373,0
blk-r32-l64-passive,7,111019,20,1280,2346.7904904683433,,0.35494103553983436,2.126964628673008,0.40896064072832511,0
blk-r32-l64-passive,7,111019,80,5120,1454.1869786580403,,0.10082462076560116,4.6336283504724785,0.10977203161476659,0
blk-r32-l64-passive,7,111019,255,16320,1266.4843851725261,,0.029394570535622399,179.95327492987465,0.033920198927905237,0
blk-r32-l64-passive,7,111019,397,25408,1237.7787793477376,,0.02822500601412568,1284.8898004681612,0.029909895460045823,0
blk-r32-l64-passive,7,111019,794,50816,1066.7115186055501,,0.044761410282866287,12588.27801483963,0.023553172959431396,0
blk-r32-l64-passive,7,111019,1197,76608,1060.3674863179524,,0.0027106009201119893,146207.01732308415,0.00086543662243108652,0
blk-r32-l64-passive,7,111019,1596,102144,1060.3303578694661,,0.32822857322897936,2.4240181399690544,0.37557694824359361,0
blk-r32-l64-passive,7,111019,1995,127680,1060.3303578694661,,0.020826173647002323,2247.509854863456,0.020098825581619576,0
blk-r32-l64-passive,7,111019,2394,153216,1060.3303578694661,,0.0028537893928410143,558761.61896121548,0.0030536417019140952,0
blk-r32-l64-passive,7,111019,2793,178752,1060.3303578694661,,0.00044249114348048275,7106419.6760560032,0.00029676627021650191,0
blk-r32-l64-passive,7,111019,3179,203456,1059.5371754964192,,0.026722653086398481,176.2140045400146,0.030996622872346339,0
blk-r32-l64-passive,7,111019,3585,229440,945.00530751546228,,0.011855202715755984,21366.896622299839,0.009423540865236453,0
blk-r32-l64-passive,7,111019,3969,254016,942.8936767578125,,0.00016530512010002796,420917.28917185194,9.3253854898465912e-05,0
blk-r32-l64-passive,7,111019,4368,279552,942.89365895589196,,0.032994530693596966,525.42858144038303,0.032205189846949561,0
blk-r32-l64-passive,7,111019,4767,305088,942.89365895589196,,0.0049847673717369565,28437.519007608851,0.0037211395827826807,0
blk-r32-l64-passive,7,111019,5166,330624,942.89365895589196,,0.00014125499657999753,751419.60035374691,0.00010094250841534998,0
blk-r32-l64-passive,7,111019,5565,356160,942.89365895589196,,0.031044498226480307,277.10592025169939,0.02989822177507365,0
blk-r32-l64-passive,7,111019,5964,381696,942.89365895589196,,0.00052804231561546415,83692.120912906656,0.00052257021752109454,0
blk-r32-l64-passive,7,111019,6363,407232,942.89365895589196,,0.00039606683029748017,9436262.41453976,0.00049697314090172806,0
blk-r32-l64-passive,7,111019,6762,432768,942.89365895589196,,0.00035748169702279429,36955676.47349178,0.00027367497997994648,0
blk-r32-l64-passive,7,111019,7161,458304,942.89365895589196,,0.05025458811217947,628.87703358043757,0.053471897391687347,0
blk-r32-l64-passive,7,111019,7560,483840,942.89365895589196,,0.0014747461705748898,63141.667648102426,0.0010197612688455497,0
blk-r32-l64-passive,7,111019,7938,508032,942.89365895589196,,0.050975651315890311,30.891623984187827,0.061094152265215897,0
blk-r32-l64-passive,7,111019,8337,533568,942.89365895589196,,0.010429902394016354,22751.916103680978,0.014052799514127381,0
blk-r32-l64-passive,7,111019,8736,559104,942.89365895589196,,0.00046835268018293645,1497713.7894193986,0.000513683253514249,0
blk-r32-l64-passive,7,111019,9135,584640,942.89365895589196,,0.047726340899319687,60.325316420806871,0.052753436008871585,0
blk-r32-l64-passive,7,111019,9534,610176,942.89365895589196,,0.0044055497484140164,4317.9167044585975,0.0044992196641160742,0
blk-r32-l64-passive,7,111019,9933,635712,942.89365895589196,,0.00023348159004561475,1210557.7100936987,0.00021655538880363957,0
blk-r32-l64-passive,7,111019,10332,661248,942.89365895589196,,0.045364847853485595,46.201676386587629,0.05310353705842228,0
blk-r32-l64-passive,7,111019,10731,686784,942.89365895589196,,0.0055756793541718221,2936.1935412251714,0.0042590660708772127,0
blk-r32-l64-passive,7,111019,11130,712320,942.89365895589196,,0.00031424057857901264,1225815.6018466132,0.00033817505645010351,0
blk-r32-l64-passive,7,111019,11529,737856,942.89365895589196,,0.0010336516764239707,11083647.097428488,0.00071119073056948089,0
blk-r32-l64-passive,7,111019,11907,762048,942.89365895589196,,0.00074345698898363552,48466809.759295374,0.00056600325692426142,0
blk-r32-l64-passive,7,111019,12306,787584,916.44796244303382,,0.018926453784921193,1862.6102133876811,0.020233381311119056,0
blk-r32-l64-passive,7,111019,12702,812928,910.90521113077796,,0.00022765950495995263,2754951.1138463123,0.00023575530518688453,0
blk-r32-l64-passive,7,111019,13104,838656,910.87393697102868,,0.081148111617906249,5.1742028599155629,0.088050012475704681,0
blk-r32-l64-passive,7,111019,13503,864192,910.87393697102868,,0.0054342275059039713,2191.0535760472594,0.0055583813237573059,0
blk-r32-l64-passive,7,111019,13902,889728,910.87393697102868,,0.00032696560574587341,496282.56449537468,0.00033643700730837816,0
blk-r32-l64-passive,7,111019,14301,915264,910.87393697102868,,0.059692957493183089,59.2115021348149,0.0692604684328849,0
blk-r32-l64-passive,7,111019,14700,940800,910.87393697102868,,0.0061800733913366249,4809.5204923750853,0.0053385651612607833,0
blk-r32-l64-passive,7,111019,15099,966336,910.87393697102868,,0.0002666846881580569,1468426.8984464188,0.00030640411566205662,0
blk-r32-l64-passive,7,111019,15498,991872,910.87393697102868,,0.024817176783239747,941.44396748009422,0.03803877152124413,0
blk-r32-l64-passive,7,111019,15876,1016064,910.87393697102868,,0.0020631476503598645,36650.539511501011,0.0026020455700035967,0
blk-r32-l64-passive,7,111019,16275,1041600,910.87393697102868,,0.0015332729794804956,151479617.24164703,0.0030154369417915005,0
blk-r32-l64-passive,7,111019,16674,1067136,910.87393697102868,,0.00046182442535829812,465489505.13338619,0.00053026692341030086,0
blk-r32-l64-passive,7,111019,17073,1092672,910.87393697102868,,0.017601276364790957,1619.5958799174325,0.015840968031778917,0
blk-r32-l64-passive,7,111019,17472,1118208,910.87393697102868,,0.0022485755051193032,289093.67983746994,0.0018475436115206643,0
blk-r32-l64-passive,7,111019,17871,1143744,910.87393697102868,,0.0002306850340498585,12649801.43007173,0.00021520832419862892,0
blk-r32-l64-passive,7,111019,18270,1169280,910.87393697102868,,0.022462966284516869,482.71564796902391,0.026061317359584554,0
blk-r32-l64-passive,7,111019,18669,1194816,910.87393697102868,,0.0014571124428884451,1211551.9134585147,0.0019233046484955299,0
blk-r32-l64-passive,7,111019,19068,1220352,910.87393697102868,,0.048760618104220263,17.07120828586466,0.060420557455208156,0
blk-r32-l64-passive,7,111019,19467,1245888,910.87393697102868,,0.01029174132177357,5766.2231419197124,0.0081506369533338122,0
blk-r32-l64-passive,7,111019,19845,1270080,910.87393697102868,,0.00064790664789438827,1265147.8970824715,0.00047080463931343565,0
blk-r32-l64-passive,7,111019,20244,1295616,910.87393697102868,,0.00023405509141764309,2549566.543647741,0.00015614136711798268,0
blk-r32-l64-passive,7,111019,20643,1321152,910.87393697102868,,0.029157672386468124,540.74340845879613,0.031364048718568113,0
blk-r32-l64-passive,7,111019,21042,1346688,910.87393697102868,,0.0010421879990911967,40712.022488473638,0.00078634386742589696,0
blk-r32-l64-passive,7,111019,21441,1372224,910.87393697102868,,0.084762021810052504,4.5113995454531084,0.088648410271877684,0
blk-r32-l64-passive,7,111019,21840,1397760,910.87393697102868,,0.0068893615539382929,5862.5094568210034,0.0077438835467848405,0
blk-r32-l64-passive,7,111019,22239,1423296,910.87393697102868,,0.00040163122934340625,1101352.174026896,0.00054158618140566928,0
blk-r32-l64-passive,7,111019,22638,1448832,910.87393697102868,,0.0020182837120677577,24290024.576624375,0.0024030214173984305,0
blk-r32-l64-passive,7,111019,23037,1474368,910.87393697102868,,0.14316295918973024,4.9062855765223929,0.18483803142384861,0
blk-r32-l64-passive,7,111019,23436,1499904,910.87393697102868,,0.038458498111677272,4482.7226683403196,0.04165963712580753,0
blk-r32-l64-passive,7,111019,23814,1524096,910.87393697102868,,0.0017671782239449742,1036999.4697327592,0.0017143264684578168,0
blk-r32-l64-passive,7,111019,24213,1549632,910.87393697102868,,0.12316305360158872,6.09671491327056,0.1454403273692573,0
blk-r32-l64-passive,7,111019,24612,1575168,910.87393697102868,,0.016520285234414862,1540.5373916952544,0.015919013171598124,0
blk-r32-l64-passive,7,111019,25011,1600704,910.87393697102868,,0.00063479354465479905,161058.63526057889,0.00058231056477371136,0
blk-r32-l64-passive,7,111019,25410,1626240,910.87393697102868,,0.23352523831830271,1.275425104697661,0.24897546729678507,0
blk-r32-l64-passive,7,111019,25809,1651776,910.87393697102868,,0.0036196483909867001,5100.8774090676079,0.0039023326860560866,0
blk-r32-l64-passive,7,111019,26208,1677312,910.87393697102868,,9.9876152798375858e-05,684965.26464940025,9.2167752116484504e-05,0
blk-r32-l64-passive,7,111019,26607,1702848,910.87393697102868,,0.02162638024905373,645.19703049582699,0.023587200148343139,0
blk-r32-l64-passive,7,111019,27006,1728384,910.87393697102868,,0.00063184174762782267,341891.64201009716,0.00056446481121819687,0
blk-r32-l64-passive,7,111019,27405,1753920,910.87393697102868,,0.00062651149386808061,25711939.222942777,0.00055212400814885591,0
blk-r32-l64-passive,7,111019,27783,1778112,910.87393697102868,,0.059486947516837148,17.50558765443051,0.071792450476064723,0
blk-r32-l64-passive,7,111019,28182,1803648,910.87393697102868,,0.0013293886660784716,13253.679919617982,0.0012503543440172871,0
blk-r32-l64-passive,7,111019,28581,1829184,910.87393697102868,,9.6537342820308654e-05,3939362.0951541592,9.8174108779887115e-05,0
blk-r32-l64-passive,7,111019,28980,1854720,910.87393697102868,,0.010865306723772474,1382.5677391972072,0.013296682332615807,0
blk-r32-l64-passive,7,111019,29379,1880256,910.87393697102868,,0.00029947927495284517,951830.46318775252,0.00045626295267847997,0
blk-r32-l64-passive,7,111019,29778,1905792,910.87393697102868,,0.004001253264374372,125433020.28040932,0.0090394561167935709,0
blk-r32-l64-passive,7,111019,30177,1931328,910.87393697102868,,0.0025065591104016542,3890927441.9024587,0.0059731068951111395,0
blk-r32-l64-passive,7,111019,30576,1956864,910.87393697102868,,0.00084465233068932465,6149132975.5742636,0.0018758347243381199,0
blk-r32-l64-passive,7,111019,30975,1982400,910.87393697102868,,0.0128248450106432,767.30069926883868,0.016035459526532417,0
blk-r32-l64-passive,7,111019,31374,2007936,910.87393697102868,,0.00029166866904671416,236283.32072851801,0.00035576261746485282,0
blk-r32-l64-passive,7,111019,31752,2032128,910.87393697102868,,6.6201381826941388e-05,779464.33022177115,6.6804230336165539e-05,0
blk-r32-l64-passive,7,111019,32151,2057664,910.87393697102868,,0.06119420601662847,839.94788873935704,0.080072875477247646,0
blk-r32-l64-passive,7,111019,32550,2083200,910.87393697102868,,0.00040012875033787769,454045.37371545879,0.00044192925806449401,0
blk-r32-l64-passive,7,111019,32949,2108736,910.87393697102868,,0.00081610502970652372,4083515.0923918886,0.00071904090885970961,0
blk-r32-l64-passive,7,111019,33348,2134272,910.87393697102868,,0.12783884835601503,4.3863582523472724,0.14584535895436126,0
blk-r32-l64-passive,7,111019,33747,2159808,910.87393697102868,,0.029979957028315782,2896.7577941747086,0.028128952339231385,0
blk-r32-l64-passive,7,111019,34146,2185344,910.87393697102868,,0.0030440557630959553,193836.09299512298,0.0024626183428383534,0
blk-r32-l64-passive,7,111019,34545,2210880,910.87393697102868,,0.004910858174713208,2998987.2435291843,0.0022986298871550364,0
blk-r32-l64-passive,7,111019,34944,2236416,910.87393697102868,,0.00040800211546734237,16594801.066634756,0.00016993771453066394,0
blk-r32-l64-passive,7,111019,35322,2260608,910.87393697102868,,0.032255538727724499,1465.326613925648,0.032905335644103938,0
blk-r32-l64-passive,7,111019,35721,2286144,910.87393697102868,,0.0017976347262992055,144476.87393198244,0.0014505271503660639,0
blk-r32-l64-passive,7,111019,36120,2311680,910.87393697102868,,8.1410418655323457e-05,2265718.2715988564,8.5274934373091022e-05,0
blk-r32-l64-passive,7,111019,36519,2337216,910.87393697102868,,0.046549247952550277,481.44185604487006,0.03687489893471501,0
blk-r32-l64-passive,7,111019,36918,2362752,910.87393697102868,,0.00089370276695440224,160550.18972147623,0.00064604090363961958,0
blk-r32-l64-passive,7,111019,37317,2388288,910.87393697102868,,0.00013827416430788931,39823789.298803851,0.00011951736459665459,0
blk-r32-l64-passive,7,111019,37716,2413824,910.87393697102868,,0.0056800935919101942,1494.3339848260694,0.0068893331706804846,0
blk-r32-l64-passive,7,111019,38115,2439360,910.87393697102868,,0.00013610274769691499,205819.32602481928,0.00017507108525366641,0
blk-r32-l64-passive,7,111019,38514,2464896,910.87393697102868,,0.076802516326966913,23.950952972906418,0.087847031459259844,0
blk-r32-l64-passive,7,111019,38896,2489344,896.55551020304358,,0.013390130582282582,13249.347227023003,0.018359313066043458,0
blk-r32-l64-passive,7,111019,39291,2514624,894.36508305867517,,0.0002504228544528438,3975006.4206934627,0.00036092369588695578,0
blk-r32-l64-passive,7,111019,39690,2540160,894.35971069335938,,0.046083913540796079,111.4702873660348,0.048688239614514357,0
blk-r32-l64-passive,7,111019,40089,2565696,894.35971069335938,,0.0080758987579164221,2957.2929810152646,0.0063654114766783275,0
blk-r32-l64-passive,7,111019,40488,2591232,894.35971069335938,,0.00020909138054026264,393340.02666544524,0.00013751323850700318,0
blk-r32-l64-passive,7,111019,40677,2603328,894.35971069335938,,0.00011460793183745996,963807.04894354695,9.1689931858167178e-05,0
blk-r32-l64,8,111020,1,64,32909.314165751137,,0.25330309110997329,1.0505687246980859,0.2474966612407124,0
blk-r32-l64,8,111020,10,640,4287.1187960306806,,0.24380837694956517,1.7871605113627098,0.2693153169575328,0
blk-r32-l64,8,111020,20,1280,1949.7983690897624,,0.28220762487297391,2.620925116109722,0.32940619713242447,0
blk-r32-l64,8,111020,397,25408,1262.2287534077961,,0.020079107428457532,3054.4704903098482,0.026213171168225215,0
blk-r32-l64,8,111020,795,50880,1258.8943316141765,,0.0010055107246168241,940875.2489159198,0.0012005243154340158,0
blk-r32-l64,8,111020,1197,76608,1258.8733177185059,,0.00010749155297530889,1960542.3462943775,0.00012018483311266027,0
blk-r32-l64,8,111020,1589,101696,1118.8136965433757,,0.0069996473950242619,5624.97717970552,0.0089666667714395319,0
blk-r32-l64,8,111020,1988,127232,1116.8739814758301,,0.0019450438213352954,17609685.772217266,0.0039093325233732689,0
blk-r32-l64,8,111020,2394,153216,1116.5036633809407,,0.00074780009657577306,163808774.54240978,0.0011323519291523111,0
blk-r32-l64,8,111020,2793,178752,1116.5036633809407,,0.037095509620078328,650.15322286759101,0.050871675477879394,0
blk-r32-l64,8,111020,3192,204288,1116.5036633809407,,0.0016153825649314992,84903.007631091416,0.0018890552161620843,0
blk-r32-l64,8,111020,3591,229824,1116.5036633809407,,0.15318248173100921,4.5053208850739788,0.17913234332435399,0
blk-r32-l64,8,111020,3969,254016,1116.5036633809407,,0.011835411359950457,3431.6698414610255,0.01694930500362116,0
blk-r32-l64,8,111020,4368,279552,1116.5036633809407,,0.0025947604895294762,256209.50854629173,0.0034349067070877592,0
blk-r32-l64,8,111020,4767,305088,1116.5036633809407,,0.30030098204457095,2.602726977365946,0.34451541977788314,0
blk-r32-l64,8,111020,5166,330624,1116.5036633809407,,0.0079296960628771045,3399.3768773525881,0.011275025126714281,0
blk-r32-l64,8,111020,5565,356160,1116.5036633809407,,0.00042303388640091389,31482300.680958278,0.00059333886945141701,0
blk-r32-l64,8,111020,5964,381696,1116.5036633809407,,0.05699676381688587,33.455508871908854,0.065999930912748334,0
blk-r32-l64,8,111020,6354,406656,1091.2448552449544,,0.0061441478907208009,7840.4028742592573,0.0099169658898414764,0
blk-r32-l64,8,111020,6750,432000,1090.0196965535481,,0.00049281436716636356,8964173.9042167701,0.0011497878335944673,0
blk-r32-l64,8,111020,7161,458304,1090.0029907226562,,0.25222280801905977,3.4951588800957043,0.27996937609763733,0
blk-r32-l64,8,111020,7560,483840,1090.0029907226562,,0.0027305870945562184,1119.0358083072244,0.0027065223629585298,0
blk-r32-l64,8,111020,7938,508032,1090.0029907226562,,0.00016857453681207239,1990846.0209529339,0.00019619115012869373,0
blk-r32-l64,8,111020,8337,533568,1090.0029907226562,,0.060062045333757967,20.146119546578824,0.068626942110897121,0
blk-r32-l64,8,111020,8736,559104,1090.0029907226562,,0.018632629725494908,5742.0249951774158,0.030475055553385238,0
blk-r32-l64,8,111020,9135,584640,1090.0029907226562,,0.0059840231842766666,504269.01397179667,0.0094212878273603751,0
blk-r32-l64,8,111020,9534,610176,1090.0029907226562,,0.00032533558209412697,22596000.941319872,0.00043196265366966048,0
blk-r32-l64,8,111020,9922,635008,913.78801981608069,,0.067892162501265674,5344.0911482290803,0.083592029237943455,0
blk-r32-l64,8,111020,10321,660544,810.980712890625,,0.0023658954305357215,72184.638658651209,0.001123791050296602,0
blk-r32-l64,8,111020,10719,686016,810.73944600423181,,0.0002916584528305931,1801667.8091124329,0.0001598343032628117,0
blk-r32-l64,8,111020,11130,712320,810.73309961954749,,0.24738010718189288,2.4584037915375898,0.29030560706548919,0
blk-r32-l64,8,111020,11529,737856,810.73309961954749,,0.045852998721444611,7420.3648037784069,0.062843962334063294,0
blk-r32-l64,8,111020,11907,762048,810.73309961954749,,0.0026831658294295554,255306.21286661265,0.0023085026284068327,0
blk-r32-l64,8,111020,12306,787584,810.73309961954749,,0.00010323608180338432,137291995.42038688,0.00010232203989332283,0
blk-r32-l64,8,111020,12705,813120,810.73309961954749,,0.039228506879876855,1421.1995707977815,0.042460903776040379,0
blk-r32-l64,8,111020,13104,838656,810.73309961954749,,0.0035805151616694051,112765.0993821461,0.0044326058592982377,0
blk-r32-l64,8,111020,13503,864192,810.73309961954749,,0.00055342228508265781,19354674.306079458,0.00067927155275528291,0
blk-r32-l64,8,111020,13902,889728,810.73309961954749,,0.00029828573477927721,231830818.32538664,0.000276788082642772,0
blk-r32-l64,8,111020,14301,915264,810.73309961954749,,0.028645783509407181,7175.100025276327,0.039173174209204006,0
blk-r32-l64,8,111020,14700,940800,810.73309961954749,,0.0071742582348760615,112714.63395556225,0.0075187346339293812,0
blk-r32-l64,8,111020,15099,966336,810.73309961954749,,0.0007898841141806759,16635887.503758488,0.00085823408693585894,0
blk-r32-l64,8,111020,15498,991872,810.73309961954749,,0.18619156587592525,3.8240089951871958,0.21569029641249932,0
blk-r32-l64,8,111020,15876,1016064,810.73309961954749,,0.039031565961899869,1279.6886241691909,0.031355106276256671,0
blk-r32-l64,8,111020,16275,1041600,810.73309961954749,,0.0034768082782797687,19505.608506408898,0.0019146519188515648,0
blk-r32-l64,8,111020,16674,1067136,810.73309961954749,,0.00015986205624178579,5412502.6838971311,6.5601031393107783e-05,0
blk-r32-l64,8,111020,17073,1092672,810.73309961954749,,0.030850068779716945,759.94518891307177,0.036531410134481662,0
blk-r32-l64,8,111020,17472,1118208,810.73309961954749,,0.0061352115997851666,27781.157733784177,0.0065027210489798874,0
blk-r32-l64,8,111020,17871,1143744,810.73309961954749,,0.13473667156242755,3.7046948618218618,0.15307921740148836,0
blk-r32-l64,8,111020,18270,1169280,810.73309961954749,,0.037618531451917597,3393.2929734816207,0.035960752089300212,0
blk-r32-l64,8,111020,18669,1194816,810.73309961954749,,0.0019560320440169515,634603.98747518123,0.0015891760413669382,0
blk-r32-l64,8,111020,19068,1220352,810.73309961954749,,0.25885538406206859,2.2813934028414251,0.3131602189673558,0
blk-r32-l64,8,111020,19467,1245888,810.73309961954749,,0.021057761207739892,1599.0583957958145,0.020115046200655424,0
blk-r32-l64,8,111020,19845,1270080,810.73309961954749,,0.00069838897191144161,4640457.6974029401,0.00093211583602972642,0
blk-r32-l64,8,111020,20244,1295616,810.73309961954749,,0.0012961651595714203,78348673.209168702,0.0015695304658503357,0
blk-r32-l64,8,111020,20643,1321152,810.73309961954749,,0.04851206616743315,890.49421498298977,0.04932453770423726,0
blk-r32-l64,8,111020,21042,1346688,810.73309961954749,,0.0010508165045363584,708147.0373146889,0.0010941922499206063,0
blk-r32-l64,8,111020,21441,1372224,810.73309961954749,,0.0038464321296227699,3150719599.206459,0.014750452396747828,0
blk-r32-l64,8,111020,21840,1397760,810.73309961954749,,0.0020657132540162757,892510045.18783772,0.0024219673323842852,0
blk-r32-l64,8,111020,22239,1423296,810.73309961954749,,0.029586488028211691,1971.9729345581848,0.035821932164402014,0
blk-r32-l64,8,111020,22638,1448832,810.73309961954749,,0.0012201842108332118,569974.50285629567,0.0013434084912388811,0
blk-r32-l64,8,111020,23037,1474368,810.73309961954749,,0.059980913637344292,63.516752019199757,0.072986937662192872,0
blk-r32-l64,8,111020,23436,1499904,810.73309961954749,,0.0049026312443259668,4175.0849670058897,0.0047132841924804256,0
blk-r32-l64,8,111020,23814,1524096,810.73309961954749,,0.0004250669541470277,16140642.351999886,0.00061070291194887836,0
blk-r32-l64,8,111020,24213,1549632,810.73309961954749,,0.065528055413163949,25.497933050119325,0.076032743519664811,0
blk-r32-l64,8,111020,24612,1575168,810.73309961954749,,0.010099121638614943,9384.2185835070031,0.0095192875154307809,0
blk-r32-l64,8,111020,25011,1600704,810.73309961954749,,0.0006325181658386398,4805820.6863239752,0.00062508460561535868,0
blk-r32-l64,8,111020,25410,1626240,810.73309961954749,,0.22933515096773399,3.3650815410868842,0.2579215890223106,0
blk-r32-l64,8,111020,25809,1651776,810.73309961954749,,0.0089512917243455697,6035.4106575008154,0.0091032292545157722,0
blk-r32-l64,8,111020,26208,1677312,810.73309961954749,,0.00016097052677740156,3649869.0954266181,0.00019555549765427102,0
blk-r32-l64,8,111020,26607,1702848,810.73309961954749,,0.059924540374271251,41.658941892649992,0.072217038615680754,0
blk-r32-l64,8,111020,27006,1728384,810.73309961954749,,0.0049388356365211248,7366.3075230627437,0.0062933262330879952,0
blk-r32-l64,8,111020,27405,1753920,810.73309961954749,,0.00043073144133584472,702488.43112811702,0.00039876039799071662,0
blk-r32-l64,8,111020,27783,1778112,810.73309961954749,,0.030800624373116862,184.92044502974196,0.035532085922991175,0
blk-r32-l64,8,111020,28182,1803648,810.73309961954749,,0.018373542959062045,8479.8543424822074,0.020026004375308236,0
blk-r32-l64,8,111020,28581,1829184,810.73309961954749,,0.0025183266759577338,4856049.1362440148,0.0025429266355264644,0
blk-r32-l64,8,111020,28980,1854720,810.73309961954749,,0.11210355581463287,7.3624348038543683,0.14323825338071774,0
blk-r32-l64,8,111020,29379,1880256,810.73309961954749,,0.016102612811561834,12219.869926184041,0.018216574033752903,0
blk-r32-l64,8,111020,29778,1905792,810.73309961954749,,0.00040098533004042936,2054081.4774231047,0.00045956013731991095,0
blk-r32-l64,8,111020,30177,1931328,810.73309961954749,,0.030889368644486642,164.34531515727943,0.0340450087946376,0
blk-r32-l64,8,111020,30576,1956864,810.73309961954749,,0.0029245609967893998,53965.67783686558,0.0031912756374795808,0
blk-r32-l64,8,111020,30975,1982400,810.73309961954749,,0.00023478328292608424,3449726.1010679603,0.00028303796074562122,0
blk-r32-l64,8,111020,31374,2007936,810.73309961954749,,0.035877502826412638,811.06639220277305,0.041871850048635605,0
blk-r32-l64,8,111020,31752,2032128,810.73309961954749,,0.0010653504642342908,11287.2322538027,0.00080597333578502986,0
blk-r32-l64,8,111020,32151,2057664,810.73309961954749,,0.096226236451744107,4.8531851870736764,0.10459927210244546,0
blk-r32-l64,8,111020,32550,2083200,810.73309961954749,,0.0032182254395090914,53583.508450082496,0.0049564136166297271,0
blk-r32-l64,8,111020,32949,2108736,810.73309961954749,,0.00032695942578676287,11818442.200445319,0.00083738937394233328,0
blk-r32-l64,8,111020,33348,2134272,810.73309961954749,,0.0036161873031754946,4280443694.4302788,0.015676101835543459,0
blk-r32-l64,8,111020,33747,2159808,810.73309961954749,,0.0024176336170811082,2090215279.9832704,0.0037825597946900217,0
blk-r32-l64,8,111020,34146,2185344,810.73309961954749,,0.043081530255239538,434.9980214663841,0.062509661102122582,0
blk-r32-l64,8,111020,34545,2210880,810.73309961954749,,0.00095013504169492709,778230.61786927481,0.0010804604580913408,0
blk-r32-l64,8,111020,34944,2236416,810.73309961954749,,0.00010432975462267015,4288031.0879539233,0.00012151333593191611,0
blk-r32-l64,8,111020,35322,2260608,810.73309961954749,,0.029728991700514237,420.82318579336948,0.039759344736631036,0
blk-r32-l64,8,111020,35721,2286144,810.73309961954749,,0.0051365659742419814,4561.7774030715937,0.0056382909483435372,0
blk-r32-l64,8,111020,36120,2311680,810.73309961954749,,0.00014368200793086613,4245679.0570575325,0.00019884886451044181,0
blk-r32-l64,8,111020,36519,2337216,810.73309961954749,,0.021437826100115343,6475.3833046775544,0.033257912209288212,0
blk-r32-l64,8,111020,36918,2362752,810.73309961954749,,0.005545797847986725,99612.611868228021,0.0049785145390757631,0
blk-r32-l64,8,111020,37317,2388288,810.73309961954749,,0.00048416888630795443,6992224.2002400048,0.00045192184579877822,0
blk-r32-l64,8,111020,37716,2413824,810.73309961954749,,0.037162478330562451,2894.8877398329091,0.045622667729498079,0
blk-r32-l64,8,111020,38115,2439360,810.73309961954749,,0.008807757190022773,108830.94374012992,0.010517995963758145,0
blk-r32-l64,8,111020,38514,2464896,810.73309961954749,,0.00089030940001534207,49108451.495248459,0.0012338052125476361,0
blk-r32-l64,8,111020,38913,2490432,810.73309961954749,,0.02369551010717532,950.38097426899174,0.028714548162814598,0
blk-r32-l64,8,111020,39291,2514624,810.73309961954749,,0.014482582973399454,18668.89986411994,0.013788172493398086,0
blk-r32-l64,8,111020,39690,2540160,810.73309961954749,,0.0026724555149407929,12180717.493467018,0.0037918332547996875,0
blk-r32-l64,8,111020,40089,2565696,810.73309961954749,,0.00083962830945992061,41259947.704117917,0.00092720021717130317,0
blk-r32-l64,8,111020,40278,2577792,810.73309961954749,,0.00040899769695640055,62122053.360452674,0.00051631927139453944,0
blk-r32-l64-passive,8,111020,1,64,32909.314165751137,,0.25330309110997329,1.0038713319098311,0.24602746007567772,0
blk-r32-l64-passive,8,111020,5,320,8231.9842325846348,,0.23154840078865346,1.3881846107906373,0.24604906685808933,0
blk-r32-l64-passive,8,111020,80,5120,1496.660717010498,,0.12895184908331125,3.6750099997583376,0.139619638613935,0
blk-r32-l64-passive,8,111020,255,16320,1290.1923510233562,,0.020997728444779058,909.53578232398286,0.02236559059428414,0
blk-r32-l64-passive,8,111020,397,25408,1271.6557947794597,,0.024234673603087717,10695.298705875248,0.024954194467874759,0
blk-r32-l64-passive,8,111020,794,50816,1265.3222007751465,,0.0019635796675991765,285024.15703202708,0.0017070452738084955,0
blk-r32-l64-passive,8,111020,1197,76608,1265.239200592041,,0.00015795111313416911,22663212.042553827,0.00016155184088677196,0
blk-r32-l64-passive,8,111020,1590,101760,1023.107920328776,,0.017462654059832241,1009.1036481236629,0.018979338548023979,0
blk-r32-l64-passive,8,111020,1985,127040,1015.5164744059244,,0.0003397881950323112,87377.275233669352,0.00034523486795536083,0
blk-r32-l64-passive,8,111020,2394,153216,1015.5039151509603,,0.072995271547276586,10.386546446854279,0.083211900719009801,0
blk-r32-l64-passive,8,111020,2793,178752,1015.5039151509603,,0.0041293612171938807,27272.764613015024,0.0048222517697069931,0
blk-r32-l64-passive,8,111020,3192,204288,1015.5039151509603,,0.00021743292166159992,5324309.6138893049,0.00027294259099847512,0
blk-r32-l64-passive,8,111020,3591,229824,1015.5039151509603,,0.034103236794441799,403.48260630086878,0.039242023033995266,0
blk-r32-l64-passive,8,111020,3969,254016,986.37445958455407,,0.0036885416131684223,23912.848974720808,0.0030851015085856122,0
blk-r32-l64-passive,8,111020,4368,279552,986.02667109171546,,0.00012658723031226272,3548566.1021569376,0.00011532155278635375,0
blk-r32-l64-passive,8,111020,4767,305088,986.02644856770837,,0.036348585909153817,103.53445423801315,0.036496022982649402,0
blk-r32-l64-passive,8,111020,5166,330624,986.02644856770837,,0.0032609382450672977,79493.034821988418,0.0034671902199008777,0
blk-r32-l64-passive,8,111020,5565,356160,986.02644856770837,,0.0011310733721115942,6070839.0572371501,0.00086503125842940076,0
blk-r32-l64-passive,8,111020,5964,381696,986.02644856770837,,0.16168554079304343,3.2470200550243908,0.17438010415487534,0
blk-r32-l64-passive,8,111020,6363,407232,986.02644856770837,,0.013074187957622201,9720.5465488176051,0.013798800702129587,0
blk-r32-l64-passive,8,111020,6762,432768,986.02644856770837,,0.00012112319094788287,1644406.8217953632,0.0001601673899744366,0
blk-r32-l64-passive,8,111020,7161,458304,986.02644856770837,,0.036644054393244273,117.04098501192912,0.040553555172327248,0
blk-r32-l64-passive,8,111020,7560,483840,986.02644856770837,,0.01433891995054625,20014.722071037009,0.021565692113733298,0
blk-r32-l64-passive,8,111020,7938,508032,986.02644856770837,,0.001065696467094419,20181732.79615302,0.0020745560628379713,0
blk-r32-l64-passive,8,111020,8337,533568,986.02644856770837,,0.0033204718875302756,176037895.24901751,0.0037786239318808755,0
blk-r32-l64-passive,8,111020,8736,559104,986.02644856770837,,0.0015860364420733396,3075171808.1743884,0.0017308472836479109,0
blk-r32-l64-passive,8,111020,9135,584640,986.02644856770837,,0.056162946076815018,91.388793965941773,0.068079075951142196,0
blk-r32-l64-passive,8,111020,9534,610176,986.02644856770837,,0.006833894939349567,3721.8615619002858,0.0054862274995573666,0
blk-r32-l64-passive,8,111020,9933,635712,986.02644856770837,,0.0045949876280124606,1452448.3109839805,0.0046621369431719727,0
blk-r32-l64-passive,8,111020,10332,661248,986.02644856770837,,0.00024552267964484683,17219547.259435125,0.00022136498071256413,0
blk-r32-l64-passive,8,111020,10731,686784,986.02644856770837,,0.052036474091875159,51.31121635296779,0.055840537407796979,0
blk-r32-l64-passive,8,111020,11130,712320,986.02644856770837,,0.0023329072866511437,196537.35438899256,0.0032798442827798712,0
blk-r32-l64-passive,8,111020,11529,737856,986.02644856770837,,0.0001372374288448523,6683201.500145819,0.00023142253040937507,0
blk-r32-l64-passive,8,111020,11907,762048,986.02644856770837,,0.017238220623319055,562.9070041890659,0.022281784104694242,0
blk-r32-l64-passive,8,111020,12306,787584,986.02644856770837,,0.0025544324070725204,423025.50551941997,0.0039415892380775348,0
blk-r32-l64-passive,8,111020,12705,813120,986.02644856770837,,0.006581410696898265,75934194.100232914,0.0047517827370332846,0
blk-r32-l64-passive,8,111020,13104,838656,986.02644856770837,,0.0010482925696834746,623097386.04501569,0.00069935881450950582,0
blk-r32-l64-passive,8,111020,13503,864192,986.02644856770837,,0.036569348159102913,24.341660588800547,0.040057188021018333,0
blk-r32-l64-passive,8,111020,13902,889728,986.02644856770837,,0.085016732683858079,2619.1808865885914,0.07578890168003212,0
blk-r32-l64-passive,8,111020,14301,915264,986.02644856770837,,0.0052233325236476858,93845.897630479667,0.0030040634881523757,0
blk-r32-l64-passive,8,111020,14700,940800,986.02644856770837,,0.00070062989809993972,929717.23022153683,0.00034338970803105418,0
blk-r32-l64-passive,8,111020,15099,966336,986.02644856770837,,0.038604740246998059,259.01054708423158,0.046019903607789535,0
blk-r32-l64-passive,8,111020,15498,991872,986.02644856770837,,0.001972286183746143,400143.0303952503,0.0026123764770374152,0
blk-r32-l64-passive,8,111020,15876,1016064,986.02644856770837,,9.1768638715392797e-05,30138034.626368407,0.00013449223300891297,0
blk-r32-l64-passive,8,111020,16275,1041600,986.02644856770837,,0.055021638519975415,230.90331924632392,0.057893188847500082,0
blk-r32-l64-passive,8,111020,16674,1067136,986.02644856770837,,0.010646143460269536,12300.219712243417,0.0099938763286926482,0
blk-r32-l64-passive,8,111020,17073,1092672,986.02644856770837,,0.0004198389462372478,2109203.6272877748,0.00037925323543864809,0
blk-r32-l64-passive,8,111020,17472,1118208,986.02644856770837,,0.069318883528449851,9.7619723114065913,0.076993007432970856,0
blk-r32-l64-passive,8,111020,17861,1143104,906.89515813191736,,0.024043301267923145,22310.449300072705,0.038375493233415152,0
blk-r32-l64-passive,8,111020,18259,1168576,901.1165885925293,,0.00035115821491699719,1466536.5077566647,0.00037912124215924318,0
blk-r32-l64-passive,8,111020,18669,1194816,901.10943094889319,,0.060669285738619239,41.047970697314739,0.072406207530908789,0
blk-r32-l64-passive,8,111020,19068,1220352,901.10943094889319,,0.010986334669575241,3187.60633659837,0.012072550182911056,0
blk-r32-l64-passive,8,111020,19467,1245888,901.10943094889319,,0.00017657321750372338,584868.68291416636,0.00014193402187476432,0
blk-r32-l64-passive,8,111020,19845,1270080,901.10943094889319,,0.061881386930110714,6.6557259531454536,0.065894321912937329,0
blk-r32-l64-passive,8,111020,20244,1295616,901.10943094889319,,0.024475913692128155,5131.7310253020514,0.023851567396692919,0
blk-r32-l64-passive,8,111020,20643,1321152,901.10943094889319,,0.068627880835369581,37140.699921599116,0.035885019888066499,0
blk-r32-l64-passive,8,111020,21042,1346688,901.10943094889319,,0.003990198080943654,9468552.1152975708,0.0020894706434983448,0
blk-r32-l64-passive,8,111020,21441,1372224,901.10943094889319,,0.00058950383745220243,49421136.171647213,0.00027564374789611717,0
blk-r32-l64-passive,8,111020,21840,1397760,901.10943094889319,,0.018302457640103388,5319.3443186606064,0.019544027154540494,0
blk-r32-l64-passive,8,111020,22239,1423296,901.10943094889319,,0.012751090230649742,122759.61546604196,0.0096498638892752921,0
blk-r32-l64-passive,8,111020,22638,1448832,901.10943094889319,,0.00022350516328474037,12543818.444429573,0.00018408144503364912,0
blk-r32-l64-passive,8,111020,23037,1474368,901.10943094889319,,0.020693532717618486,767.04864278571824,0.028703386938317723,0
blk-r32-l64-passive,8,111020,23436,1499904,901.10943094889319,,0.0028406510178751363,175703.06838161717,0.0030033546657698617,0
blk-r32-l64-passive,8,111020,23814,1524096,901.10943094889319,,0.00018780616658679327,4574457.3462859131,0.00019026016546355034,0
blk-r32-l64-passive,8,111020,24213,1549632,901.10943094889319,,0.031851216717369318,345.77313078056699,0.042823939514728765,0
blk-r32-l64-passive,8,111020,24612,1575168,901.10943094889319,,0.00044883549910955855,75991.529096046317,0.00069673625621708216,0
blk-r32-l64-passive,8,111020,25011,1600704,901.10943094889319,,0.048115754308849415,107.62061102432297,0.055818054117511735,0
blk-r32-l64-passive,8,111020,25410,1626240,901.10943094889319,,0.0070877921928616744,1287.1804628892564,0.0060689838208531589,0
blk-r32-l64-passive,8,111020,25809,1651776,901.10943094889319,,0.0031047407832566752,70675.357318721304,0.0018639555145064724,0
blk-r32-l64-passive,8,111020,26208,1677312,901.10943094889319,,0.00028832254423337585,4760636.9687572755,0.000157010749806003,0
blk-r32-l64-passive,8,111020,26607,1702848,901.10943094889319,,0.032394868764139495,1169.0016925533444,0.039767890566035455,0
blk-r32-l64-passive,8,111020,27006,1728384,901.10943094889319,,0.00070209031199847799,1761784.6825557493,0.0011093608337566271,0
blk-r32-l64-passive,8,111020,27405,1753920,901.10943094889319,,8.726615869052566e-05,11843785.037950564,0.0001309345262473991,0
blk-r32-l64-passive,8,111020,27783,1778112,901.10943094889319,,0.033710953879445685,422.46135724649287,0.039954441919913201,0
blk-r32-l64-passive,8,111020,28182,1803648,901.10943094889319,,0.0046691206798386963,10900.529322496284,0.0050244834767966462,0
blk-r32-l64-passive,8,111020,28581,1829184,901.10943094889319,,0.0089918799650911159,86171.469773452089,0.0050819341126981639,0
blk-r32-l64-passive,8,111020,28980,1854720,901.10943094889319,,0.00094792913071490041,6037218.980894167,0.00045617995631164047,0
blk-r32-l64-passive,8,111020,29379,1880256,901.10943094889319,,0.2932876999241088,2.1601566854216614,0.32715233998485882,0
blk-r32-l64-passive,8,111020,29778,1905792,901.10943094889319,,0.013456679826396594,1332.6440253116259,0.014322075566695645,0
blk-r32-l64-passive,8,111020,30177,1931328,901.10943094889319,,0.000292663432826853,157190.78356064373,0.00022041305462589198,0
blk-r32-l64-passive,8,111020,30576,1956864,901.10943094889319,,0.063401572137362458,77.560085055497339,0.076919312619115152,0
blk-r32-l64-passive,8,111020,30975,1982400,901.10943094889319,,0.0016534551773566652,68870.791120479174,0.0020743484838938687,0
blk-r32-l64-passive,8,111020,31374,2007936,901.10943094889319,,0.00010876573346628048,14522220.360393856,0.00016438252017735011,0
blk-r32-l64-passive,8,111020,31752,2032128,901.10943094889319,,0.032023218690754085,1336.3384968306498,0.028280450548555842,0
blk-r32-l64-passive,8,111020,32151,2057664,901.10943094889319,,0.00057060543651204696,536643.89657484728,0.00053052506926631177,0
blk-r32-l64-passive,8,111020,32550,2083200,901.10943094889319,,0.082920810277037516,8.8287219315816543,0.093303325878678012,0
blk-r32-l64-passive,8,111020,32949,2108736,901.10943094889319,,0.0017499017048258551,3757.2617689599638,0.001933404873269688,0
blk-r32-l64-passive,8,111020,33348,2134272,901.10943094889319,,7.2304580016036832e-05,1553163.4306112272,8.9893782225297436e-05,0
blk-r32-l64-passive,8,111020,33747,2159808,901.10943094889319,,0.056641920445279048,197.97345546848106,0.068947650234979965,0
blk-r32-l64-passive,8,111020,34146,2185344,901.10943094889319,,0.0087586700470782472,11524.522686103606,0.0094288958153784398,0
blk-r32-l64-passive,8,111020,34545,2210880,901.10943094889319,,0.00069635742090192094,22867474.846533708,0.00087657550719393517,0
blk-r32-l64-passive,8,111020,34944,2236416,901.10943094889319,,0.0014996223602263253,9479291601.3692493,0.0016200677535003645,0
blk-r32-l64-passive,8,111020,35322,2260608,901.10943094889319,,0.036109024771841358,78.503241574411575,0.039259227509902038,0
blk-r32-l64-passive,8,111020,35721,2286144,901.10943094889319,,0.0023296920374594886,26577.513551624546,0.0020382779100898722,0
blk-r32-l64-passive,8,111020,36120,2311680,901.10943094889319,,9.9213246212817699e-05,1267579.4769446696,6.7766002502039931e-05,0
blk-r32-l64-passive,8,111020,36519,2337216,901.10943094889319,,0.034705659235509015,1578.6728073715308,0.037741942044461969,0
blk-r32-l64-passive,8,111020,36918,2362752,901.10943094889319,,0.0050124387195971077,24280.682830801394,0.0047988922033354682,0
blk-r32-l64-passive,8,111020,37317,2388288,901.10943094889319,,6.4504291962247447e-05,1612398.9166311927,4.976173235007134e-05,0
blk-r32-l64-passive,8,111020,37716,2413824,901.10943094889319,,0.030891949691964418,128.45331951887832,0.033020397299737964,0
blk-r32-l64-passive,8,111020,38115,2439360,901.10943094889319,,0.0023971600613663271,29578.098186851381,0.0044693184235762131,0
blk-r32-l64-passive,8,111020,38514,2464896,901.10943094889319,,0.0001319045489998218,1534300.373049042,0.00014437715774234298,0
blk-r32-l64-passive,8,111020,38913,2490432,901.10943094889319,,0.081103912551159119,420.58998632252724,0.087113745535971121,0
blk-r32-l64-passive,8,111020,39291,2514624,901.10943094889319,,0.0021867127060715393,19614.112570913283,0.0022162886221491988,0
blk-r32-l64-passive,8,111020,39690,2540160,901.10943094889319,,0.00016685989101614964,1087278.197229112,0.00019790728522605142,0
blk-r32-l64-passive,8,111020,40089,2565696,901.10943094889319,,0.021799706310509103,328.33390775173854,0.021089830041968152,0
blk-r32-l64-passive,8,111020,40488,2591232,901.10943094889319,,0.013519807300516292,13731.212171925159,0.011154709733749778,0
blk-r32-l64-passive,8,111020,40887,2616768,901.10943094889319,,0.00030101500988073411,663332.93913125677,0.00018795765734412696,0
blk-r32-l64-passive,8,111020,41139,2632896,901.10943094889319,,0.00014383531802522753,1239061.5618005572,0.00011342198923417045,0
blk-r32-l64,9,111021,1,64,32800.346809387207,,0.25250201260574306,1.037786071719361,0.24662721772368176,0
blk-r32-l64,9,111021,5,320,17366.992123921711,,0.24843252228879112,1.4551275181466117,0.26857975718214849,0
blk-r32-l64,9,111021,160,10240,1297.939208984375,,0.051379335046549859,71.77018140493162,0.05887758612328596,0
blk-r32-l64,9,111021,399,25536,1262.3449363708496,,0.0038430574052933189,3741.8596176028705,0.0053491302465836638,0
blk-r32-l64,9,111021,798,51072,1261.4413566589355,,0.0021663294731024915,47335822.932739832,0.005964623378929273,0
blk-r32-l64,9,111021,1195,76480,1260.885159810384,,0.001426305575270349,498695339.2031787,0.0024438053226565055,0
blk-r32-l64,9,111021,1596,102144,1260.8804779052734,,0.26014824266037445,1.8624671295749531,0.29255606908910869,0
blk-r32-l64,9,111021,1986,127104,1182.0931625366211,,0.010284570764901973,3035.7611728044544,0.014450343445151252,0
blk-r32-l64,9,111021,2383,152512,1178.4597028096516,,0.0063023347326423484,13845630.371257473,0.0084868167511842237,0
blk-r32-l64,9,111021,2781,177984,1178.1717681884766,,0.0011576665272244517,47353260.31521894,0.0014862805731415091,0
blk-r32-l64,9,111021,3192,204288,1178.1527392069499,,0.00062069450767085531,149487927.62903559,0.00088172219874422825,0
blk-r32-l64,9,111021,3591,229824,1178.1527392069499,,0.055641683629959658,6823.596365266294,0.093811309421609673,0
blk-r32-l64,9,111021,3969,254016,1178.1527392069499,,0.0021457456238034409,323612.92109283159,0.0033633659336416836,0
blk-r32-l64,9,111021,4368,279552,1178.1527392069499,,0.31409468057258966,2.0712661003843102,0.34749611366027144,0
blk-r32-l64,9,111021,4764,304896,1072.5185953776042,,0.034544642288105103,5552.6077117346222,0.040035072014303834,0
blk-r32-l64,9,111021,5162,330368,1063.6850331624348,,0.0010838026591947956,1637343.3965473382,0.0011713400486536448,0
blk-r32-l64,9,111021,5565,356160,1063.6207669576008,,0.00030376647537332444,36049332.048544474,0.00034853853994191178,0
blk-r32-l64,9,111021,5964,381696,1063.6207669576008,,0.036845998849050522,1378.1124186752436,0.062303733121511884,0
blk-r32-l64,9,111021,6363,407232,1063.6207669576008,,0.0089404966990114382,63222.482462895452,0.011616158269680385,0
blk-r32-l64,9,111021,6762,432768,1063.6207669576008,,0.00030302886347310004,45962460.863151796,0.00050960051245393034,0
blk-r32-l64,9,111021,7161,458304,1063.6207669576008,,0.069892336438637293,13.657034902447309,0.074963813501811791,0
blk-r32-l64,9,111021,7553,483392,1013.6513239542643,,0.0081359279749396649,20740.757097987076,0.0083498975880703652,0
blk-r32-l64,9,111021,7938,508032,1012.2403233846029,,8.237691740904966e-05,946791.529807379,8.0427001988313005e-05,0
blk-r32-l64,9,111021,8337,533568,1012.2403233846029,,0.051418993479647054,9795.4588760791667,0.065635581823316871,0
blk-r32-l64,9,111021,8736,559104,1012.2403233846029,,0.002911562324938157,938719.8119720089,0.0029395839317118049,0
blk-r32-l64,9,111021,9135,584640,1012.2403233846029,,0.00040421451609260655,12145660.546773128,0.00050877504174442524,0
blk-r32-l64,9,111021,9525,609600,942.94590250651038,,0.028402692947611684,3238.9365299447145,0.034650442748965317,0
blk-r32-l64,9,111021,9923,635072,931.80940882364905,,0.00092337304015476028,1671212.5993960211,0.0010043741407795913,0
blk-r32-l64,9,111021,10332,661248,931.77064514160156,,9.604165793111219e-05,9462274.6119609997,0.00011083652595153685,0
blk-r32-l64,9,111021,10731,686784,931.77064514160156,,0.036042384397404474,3096.0600708477978,0.046698335745705886,0
blk-r32-l64,9,111021,11130,712320,931.77064514160156,,0.00089607362917834392,4947745.7268183911,0.0016848178684267759,0
blk-r32-l64,9,111021,11529,737856,931.77064514160156,,0.00041684229670135929,26116580.381967291,0.00052633626362013524,0
blk-r32-l64,9,111021,11907,762048,931.77064514160156,,0.042068935098775635,903.46914871376271,0.051136729345346701,0
blk-r32-l64,9,111021,12306,787584,931.77064514160156,,0.00052272923730009504,211966.4320377332,0.00052015568582696034,0
blk-r32-l64,9,111021,12705,813120,931.77064514160156,,0.063581780938647567,29.079986408286135,0.070399014326530826,0
blk-r32-l64,9,111021,13104,838656,925.83107121785486,,0.010324139985511734,43702.440039293178,0.012788536647796627,0
blk-r32-l64,9,111021,13503,864192,923.03070195515954,,0.00079407652140109234,6148124.8960957378,0.00099478012673355834,0
blk-r32-l64,9,111021,13902,889728,922.82812881469727,,0.00081060786588340542,341226111.79959005,0.0012003651024018144,0
blk-r32-l64,9,111021,14301,915264,922.48429107666016,,0.00047295816775592389,112982582.09402621,0.00035806949737689708,0
blk-r32-l64,9,111021,14700,940800,922.48429107666016,,0.046135316042834419,3382.9139100291077,0.063069286783155917,0
blk-r32-l64,9,111021,15099,966336,922.48429107666016,,0.0013970955091629931,1366277.5630307854,0.0024654749903737071,0
blk-r32-l64,9,111021,15498,991872,922.48429107666016,,0.23474903439903913,1.4211313468926952,0.24950759574212786,0
blk-r32-l64,9,111021,15876,1016064,922.48429107666016,,0.016679263709441498,1067.4763991243317,0.017549550394062297,0
blk-r32-l64,9,111021,16275,1041600,922.48429107666016,,0.00027760328489624117,252656.85772116165,0.0003317745052432458,0
blk-r32-l64,9,111021,16674,1067136,922.48429107666016,,0.050842696471523147,582.90866475293467,0.07002489344284582,0
blk-r32-l64,9,111021,17073,1092672,922.48429107666016,,0.026013368383693104,104475.3384526806,0.03232020658767177,0
blk-r32-l64,9,111021,17472,1118208,922.48429107666016,,0.00055178446583503628,4595172.9655760126,0.00064130536837999903,0
blk-r32-l64,9,111021,17871,1143744,922.48429107666016,,0.03761593877895987,64.788291043164804,0.047551361112659285,0
blk-r32-l64,9,111021,18270,1169280,922.48429107666016,,0.0065846130360410378,26415.697975950159,0.011415013663039495,0
blk-r32-l64,9,111021,18669,1194816,922.48429107666016,,0.00017805049112058126,6747813.4899739232,0.00035124151224312381,0
blk-r32-l64,9,111021,19068,1220352,922.48429107666016,,0.038157585304062172,838.51027344511851,0.049402952833739189,0
blk-r32-l64,9,111021,19447,1244608,922.16186141967773,,0.019063660572763062,40097.99639875791,0.013252105220326257,0
blk-r32-l64,9,111021,19844,1270016,918.99990590413415,,0.0011650674764901174,11490848.988415048,0.0010445481468745346,0
blk-r32-l64,9,111021,20244,1295616,918.98704401652014,,0.056098747443020312,106.80432324726213,0.066813678365712656,0
blk-r32-l64,9,111021,20643,1321152,918.98704401652014,,0.0052560050371995761,4503.2856743490065,0.0065387493824122615,0
blk-r32-l64,9,111021,21042,1346688,918.98704401652014,,0.0001063909627617243,11753677.622625455,0.00015071480666415901,0
blk-r32-l64,9,111021,21441,1372224,918.98704401652014,,0.040101215222318694,1322.0769871664545,0.058242721794276732,0
blk-r32-l64,9,111021,21840,1397760,918.98704401652014,,0.00062170583429372759,549905.71018496365,0.0011179641893787804,0
blk-r32-l64,9,111021,22239,1423296,918.98704401652014,,0.16217823640007129,3.5365214656441033,0.17402356075426401,0
blk-r32-l64,9,111021,22638,1448832,918.98704401652014,,0.010134164551180156,8220.1047554554189,0.0089652613647501402,0
blk-r32-l64,9,111021,23037,1474368,918.98704401652014,,8.8750952817868769e-05,3822267.9169416674,8.3450746695741353e-05,0
blk-r32-l64,9,111021,23436,1499904,918.98704401652014,,0.059871101952304169,280.57573531449765,0.080654899193396676,0
blk-r32-l64,9,111021,23814,1524096,918.98704401652014,,0.0019337811802879494,42295.440636633808,0.001823072870065771,0
blk-r32-l64,9,111021,24213,1549632,918.98704401652014,,0.0001649054685372976,2967763.706841853,0.00023594472240069908,0
blk-r32-l64,9,111021,24612,1575168,918.98704401652014,,0.081783605636244885,763.69484164900541,0.11735165267804346,0
blk-r32-l64,9,111021,25011,1600704,918.98704401652014,,0.0020862749473951102,88373.392776897672,0.0016895228920435323,0
blk-r32-l64,9,111021,25410,1626240,918.98704401652014,,0.00014124605187575405,9566698.4349676389,0.00011719114766818161,0
blk-r32-l64,9,111021,25809,1651776,918.98704401652014,,0.028188033165563491,87.723277175680238,0.036199816399089882,0
blk-r32-l64,9,111021,26208,1677312,918.98704401652014,,0.0027886574630645138,5698.4396543595394,0.0033892867767446933,0
blk-r32-l64,9,111021,26607,1702848,918.98704401652014,,0.00050977622772723234,10598207.556807818,0.00064602358428524282,0
blk-r32-l64,9,111021,27006,1728384,918.98704401652014,,0.0005614012107128764,189470198.97753382,0.00070186578001023509,0
blk-r32-l64,9,111021,27405,1753920,918.98704401652014,,0.03168186560900485,494.43759321964427,0.041921018220237589,0
blk-r32-l64,9,111021,27783,1778112,918.98704401652014,,0.00091708793666265642,111330.1316819832,0.0010916742248485831,0
blk-r32-l64,9,111021,28182,1803648,918.98704401652014,,0.052335781419650146,118.48352203116514,0.066125923314875323,0
blk-r32-l64,9,111021,28581,1829184,918.98704401652014,,0.0021036260312238793,16232.223525236581,0.0029004047892990884,0
blk-r32-l64,9,111021,28980,1854720,918.98704401652014,,0.00011391037938809643,2899505.2047048998,0.00015548309719486646,0
blk-r32-l64,9,111021,29379,1880256,918.98704401652014,,0.042248553640756963,560.79970919720142,0.046681417850378354,0
blk-r32-l64,9,111021,29778,1905792,918.98704401652014,,0.018042469983018457,30275.840235967218,0.016624607795550871,0
blk-r32-l64,9,111021,30177,1931328,918.98704401652014,,0.00031379897159753908,15248247.049708385,0.00022838398330665048,0
blk-r32-l64,9,111021,30576,1956864,918.98704401652014,,0.037675092822535027,72.874154766032888,0.043730364480460991,0
blk-r32-l64,9,111021,30975,1982400,918.98704401652014,,0.0015399533610915915,31536.81394747653,0.0018735491151531845,0
blk-r32-l64,9,111021,31374,2007936,918.98704401652014,,0.00042093210589683601,41294016.593120299,0.00088927234435207667,0
blk-r32-l64,9,111021,31752,2032128,918.98704401652014,,0.03054645870925575,383.53410469832914,0.04068084583113854,0
blk-r32-l64,9,111021,32151,2057664,918.98704401652014,,0.001010748914180893,180546.84503438696,0.0010943905474854172,0
blk-r32-l64,9,111021,32550,2083200,918.98704401652014,,0.00040544132782538596,12803911.455830805,0.00055869717388500701,0
blk-r32-l64,9,111021,32949,2108736,918.98704401652014,,0.03795016577960876,309.67637019522004,0.046795294512796411,0
blk-r32-l64,9,111021,33348,2134272,918.98704401652014,,0.00051739058890547891,154134.15376618083,0.00079246191514037456,0
blk-r32-l64,9,111021,33747,2159808,918.98704401652014,,6.5651103494062318e-05,3363262.3108059545,9.2251660233185867e-05,0
blk-r32-l64,9,111021,34146,2185344,918.98704401652014,,0.0073858677593138852,6047.3575281457788,0.0095839499388689717,0
blk-r32-l64,9,111021,34545,2210880,918.98704401652014,,0.00091173565671020336,917547.65051509405,0.0013258300326550252,0
blk-r32-l64,9,111021,34944,2236416,918.98704401652014,,0.23400507432590406,3.570290496799466,0.27555397587035391,0
blk-r32-l64,9,111021,35322,2260608,918.98704401652014,,0.014849628499601935,2277.3201451330856,0.020279195395002413,0
blk-r32-l64,9,111021,35721,2286144,918.98704401652014,,0.00066652553044734225,846382.13481504482,0.0011032578089952287,0
blk-r32-l64,9,111021,36120,2311680,918.98704401652014,,0.088177512535972266,48.575046160848537,0.10880570137216078,0
blk-r32-l64,9,111021,36519,2337216,918.98704401652014,,0.0048554384169950133,51487.416732298538,0.0047299723180967449,0
blk-r32-l64,9,111021,36918,2362752,918.98704401652014,,0.00014073423034889816,11381408.154645044,0.00024839068920207402,0
blk-r32-l64,9,111021,37317,2388288,918.98704401652014,,0.011185433779808723,7576.572245990239,0.017966734116117294,0
blk-r32-l64,9,111021,37716,2413824,918.98704401652014,,0.00039628857466674205,108207599.13884445,0.00099915169827484765,0
blk-r32-l64,9,111021,38010,2432640,918.98704401652014,,0.00011746335013735469,210349643.28265476,0.00028028930021858364,0
blk-r32-l64-passive,9,111021,1,64,32800.346809387207,,0.25250201260574306,1.0050824445892821,0.24540145086412724,0
blk-r32-l64-passive,9,111021,5,320,12513.450585683187,,0.21965591071559601,1.3986516592259872,0.2345419450838879,0
blk-r32-l64-passive,9,111021,10,640,6007.6386693318682,,0.21545713699056226,1.5983687062507099,0.23193807452517989,0
blk-r32-l64-passive,9,111021,160,10240,1322.6066017150879,,0.064913101208725343,13.860362234626544,0.063412214678158454,0
blk-r32-l64-passive,9,111021,255,16320,1248.1956494649251,,0.047537977582058952,92.300231683275896,0.042812569760484587,0
blk-r32-l64-passive,9,111021,397,25408,1198.2031987508137,,0.026940641403552939,485.12869596070635,0.024165330879936213,0
blk-r32-l64-passive,9,111021,795,50880,1184.8085746765137,,0.00066612798465380118,26069.512668184172,0.00053868679677625275,0
blk-r32-l64-passive,9,111021,1197,76608,1184.7715110778809,,0.09297774531365896,8.262858066882254,0.1079856970116279,0
blk-r32-l64-passive,9,111021,1596,102144,1184.7715110778809,,0.0048327224526445228,1164.8709345187056,0.005337803869339147,0
blk-r32-l64-passive,9,111021,1995,127680,1184.7715110778809,,0.0097414939521143305,490707.87373381353,0.013407850450215836,0
blk-r32-l64-passive,9,111021,2394,153216,1184.7715110778809,,0.00056673677130570147,5512342.111363098,0.00051380768514877368,0
blk-r32-l64-passive,9,111021,2793,178752,1184.7715110778809,,0.02813112931404595,126.45932092849215,0.031590138202375981,0
blk-r32-l64-passive,9,111021,3192,204288,1184.7715110778809,,0.0083324127067100837,3439.875259059942,0.0072963282820947793,0
blk-r32-l64-passive,9,111021,3591,229824,1184.7715110778809,,0.00017416960605484916,1555315.5526196382,0.00014860595202754944,0
blk-r32-l64-passive,9,111021,3969,254016,1184.7715110778809,,0.0578464954190454,21.935283478506975,0.065293766976652692,0
blk-r32-l64-passive,9,111021,4367,279488,1151.7541567484539,,0.034909928178937136,7178.44139590137,0.045948049897124969,0
blk-r32-l64-passive,9,111021,4765,304960,1136.2806905110676,,0.0072026790801347105,455205.52458568051,0.0085017476779761254,0
blk-r32-l64-passive,9,111021,5160,330240,1135.9995511372883,,0.0024377075149106258,57778494.466681615,0.0022775910343703861,0
blk-r32-l64-passive,9,111021,5565,356160,1135.9938201904297,,0.00046562704369492266,103588969.07114381,0.0004172537522347836,0
blk-r32-l64-passive,9,111021,5954,381056,1007.3801676432291,,0.02684142546433204,1376.763925330054,0.024817786192646078,0
blk-r32-l64-passive,9,111021,6356,406784,1001.7191492716471,,0.00049197213580189731,885693.51320931839,0.00054943972035299403,0
blk-r32-l64-passive,9,111021,6762,432768,1001.7019399007162,,0.1483793363283803,3.3674288376599177,0.15694642384324625,0
blk-r32-l64-passive,9,111021,7161,458304,1001.7019399007162,,0.0049043315040380982,1545.4638409214454,0.0058370505926967865,0
blk-r32-l64-passive,9,111021,7560,483840,1001.7019399007162,,6.548959245627784e-05,137135.63531464891,8.5687720428552163e-05,0
blk-r32-l64-passive,9,111021,7938,508032,1001.7019399007162,,0.0034969725069523179,9116102.0077704061,0.0036549468452193494,0
blk-r32-l64-passive,9,111021,8337,533568,1001.7019399007162,,0.00045028131220984291,68002364.023876414,0.0004713388097081462,0
blk-r32-l64-passive,9,111021,8736,559104,1001.7019399007162,,0.018035617994920497,1586.6852163904214,0.024218512569619519,0
blk-r32-l64-passive,9,111021,9135,584640,1001.7019399007162,,0.00083703087037971199,487723.18229391577,0.0015038434912252937,0
blk-r32-l64-passive,9,111021,9534,610176,1001.7019399007162,,0.0014284665668161394,57557283.414552853,0.0019384344725781627,0
blk-r32-l64-passive,9,111021,9933,635712,1001.7019399007162,,0.18548478737528004,2.7281744824321721,0.19991868321837017,0
blk-r32-l64-passive,9,111021,10332,661248,1001.7019399007162,,0.027550563991165154,1655.2504442855266,0.028567445719643973,0
blk-r32-l64-passive,9,111021,10731,686784,1001.7019399007162,,0.0076135931810140389,35058.620415714271,0.0050512143146362997,0
blk-r32-l64-passive,9,111021,11130,712320,1001.7019399007162,,0.0084042188971688702,8892318.6033262201,0.003698723007702809,0
blk-r32-l64-passive,9,111021,11529,737856,1001.7019399007162,,0.00051164749352168321,27899082.935592953,0.0001681934096030837,0
blk-r32-l64-passive,9,111021,11907,762048,1001.7019399007162,,0.029854761272518994,679.05952945184163,0.031099632366684036,0
blk-r32-l64-passive,9,111021,12306,787584,1001.7019399007162,,0.052716890833724786,9887.4298126903323,0.036094287801603203,0
blk-r32-l64-passive,9,111021,12702,812928,906.44025293985999,,0.031296178416791734,24261.010037703065,0.0068027940139140809,0
blk-r32-l64-passive,9,111021,13097,838208,905.68187840779626,,0.00060955934605429218,874793.92781403789,0.00012932693552481449,0
blk-r32-l64-passive,9,111021,13503,864192,905.68168640136719,,0.058048941989715629,512.82743555072329,0.068317700546577251,0
blk-r32-l64-passive,9,111021,13902,889728,905.68168640136719,,0.0086357580021742975,1245.2767451166765,0.0068428460127202316,0
blk-r32-l64-passive,9,111021,14301,915264,905.68168640136719,,0.00019465998176114633,300504.35617210425,0.00016336202695683638,0
blk-r32-l64-passive,9,111021,14700,940800,905.68168640136719,,0.068484423543335296,67.195776373770229,0.072616824169805999,0
blk-r32-l64-passive,9,111021,15083,965312,865.9765955607096,,0.0092185119997018183,11496.487857397808,0.0081995263325724699,0
blk-r32-l64-passive,9,111021,15481,990784,864.13688278198242,,0.00027723520002593491,1722433.0589404237,0.00021484291641613417,0
blk-r32-l64-passive,9,111021,15876,1016064,864.13601430257165,,0.035981194505563613,435.81509432552036,0.038553112926218748,0
blk-r32-l64-passive,9,111021,16275,1041600,864.13601430257165,,0.0058389327099205995,13248.163384608775,0.0052581902353574118,0
blk-r32-l64-passive,9,111021,16674,1067136,864.13601430257165,,0.00034388732838183889,878490.41864702234,0.00034363018208138609,0
blk-r32-l64-passive,9,111021,17073,1092672,864.13601430257165,,0.00022100946584607069,15075613.964379424,0.00026631623883362351,0
blk-r32-l64-passive,9,111021,17472,1118208,864.13601430257165,,0.012820037754633674,802.22680557827437,0.013022875847019721,0
blk-r32-l64-passive,9,111021,17871,1143744,864.13601430257165,,0.00033344659725687226,330060.62725533254,0.00054882575576888364,0
blk-r32-l64-passive,9,111021,18270,1169280,864.13601430257165,,0.15476368612243924,3.6802337143376307,0.17566624141434542,0
blk-r32-l64-passive,9,111021,18669,1194816,864.13601430257165,,0.012546847171146612,2054.9834809679196,0.012437630416683467,0
blk-r32-l64-passive,9,111021,19068,1220352,864.13601430257165,,0.00046312389403540231,8311832.2532469993,0.00065585680514627421,0
blk-r32-l64-passive,9,111021,19467,1245888,864.13601430257165,,0.06467808870028019,173.42682065787454,0.0850237535977829,0
blk-r32-l64-passive,9,111021,19845,1270080,864.13601430257165,,0.016443999474911972,11878.361698217495,0.012482033095861073,0
blk-r32-l64-passive,9,111021,20244,1295616,864.13601430257165,,0.00021027504540097828,347493.24615485349,0.00015968919589713271,0
blk-r32-l64-passive,9,111021,20643,1321152,864.13601430257165,,0.026228876530458158,319.31905736866656,0.030130800659904585,0
blk-r32-l64-passive,9,111021,21042,1346688,864.13601430257165,,0.0022139031750414402,318021.99945569376,0.0017040679424973019,0
blk-r32-l64-passive,9,111021,21441,1372224,864.13601430257165,,0.00029846589370393891,4466327.112240294,0.00025022850747514542,0
blk-r32-l64-passive,9,111021,21840,1397760,864.13601430257165,,0.00031736399542245516,19507423.170757335,0.00027388116447704918,0
blk-r32-l64-passive,9,111021,22239,1423296,864.13601430257165,,0.042040262119943501,2218.3338568907584,0.047556059824712012,0
blk-r32-l64-passive,9,111021,22638,1448832,864.13601430257165,,0.0030672989134599375,695276.77577629453,0.00405664458163809,0
blk-r32-l64-passive,9,111021,23037,1474368,864.13601430257165,,0.001355434478373128,89955284.175621644,0.0017946834188076032,0
blk-r32-l64-passive,9,111021,23436,1499904,864.13601430257165,,0.00022638181075572211,518227515.9625299,0.00044108548389812347,0
blk-r32-l64-passive,9,111021,23814,1524096,864.13601430257165,,0.036474251857864945,1336.4450328153787,0.0390957761589577,0
blk-r32-l64-passive,9,111021,24213,1549632,864.13601430257165,,0.0031458702486031015,573842.67512569553,0.0030976457982282851,0
blk-r32-l64-passive,9,111021,24612,1575168,864.13601430257165,,0.00013221072196106595,8585935.6740993112,8.9629775748113131e-05,0
blk-r32-l64-passive,9,111021,25011,1600704,864.13601430257165,,0.012452886004830988,8825.8066998945415,0.017958377871358702,0
blk-r32-l64-passive,9,111021,25410,1626240,864.13601430257165,,0.023368049609911502,53664634.413520999,0.045959262146013993,0
blk-r32-l64-passive,9,111021,25809,1651776,864.13601430257165,,0.001939026448688539,144153881.12657046,0.0025371154757921894,0
blk-r32-l64-passive,9,111021,26208,1677312,864.13601430257165,,0.00018120153032297396,236815293.07099566,0.00023048453294850175,0
blk-r32-l64-passive,9,111021,26607,1702848,864.13601430257165,,0.026003589383207602,6509.9180657823399,0.04324698889760055,0
blk-r32-l64-passive,9,111021,27006,1728384,864.13601430257165,,0.12038544401937319,49022.724382123924,0.13296299545111581,0
blk-r32-l64-passive,9,111021,27405,1753920,864.13601430257165,,0.0082430560436238341,6988219.8278756356,0.0080475028650241823,0
blk-r32-l64-passive,9,111021,27783,1778112,864.13601430257165,,0.00023744799401964836,75969013.877815485,0.00032613033572821389,0
blk-r32-l64-passive,9,111021,28182,1803648,864.13601430257165,,0.012488748270170533,1811.6190387633251,0.018340254232254972,0
blk-r32-l64-passive,9,111021,28581,1829184,864.13601430257165,,0.00017083470444403476,706779.06363267021,0.00024608228359703079,0
blk-r32-l64-passive,9,111021,28980,1854720,864.13601430257165,,0.046674373238420747,81.075248148728761,0.044584580138696768,0
blk-r32-l64-passive,9,111021,29379,1880256,864.13601430257165,,0.001724942411500641,718737.2990890668,0.0012222396888045622,0
blk-r32-l64-passive,9,111021,29778,1905792,864.13601430257165,,8.313355476936107e-05,9169631.9125504401,7.8314620522946878e-05,0
blk-r32-l64-passive,9,111021,30177,1931328,864.13601430257165,,0.016524827573525053,1338.8150474325441,0.022341318429128999,0
blk-r32-l64-passive,9,111021,30576,1956864,864.13601430257165,,0.0086448602229152755,6189.2771328401022,0.0081107424308506787,0
blk-r32-l64-passive,9,111021,30975,1982400,864.13601430257165,,0.0025777424594572176,504295.443791867,0.0021597407160830941,0
blk-r32-l64-passive,9,111021,31374,2007936,864.13601430257165,,0.11975900893134545,2.930291871271181,0.12416490251868069,0
blk-r32-l64-passive,9,111021,31752,2032128,864.13601430257165,,0.025751033131028587,2581.2138584684672,0.027454988618466774,0
blk-r32-l64-passive,9,111021,32151,2057664,864.13601430257165,,0.0099340901034994412,257589.14845883931,0.029227670461017805,0
blk-r32-l64-passive,9,111021,32550,2083200,864.13601430257165,,0.00057212823367275723,3227822.6711399443,0.00051231511509021021,0
blk-r32-l64-passive,9,111021,32949,2108736,864.13601430257165,,0.1829181684103455,3.9172912903297861,0.19728513894983166,0
blk-r32-l64-passive,9,111021,33348,2134272,864.13601430257165,,0.02962557836830032,6175.9652283736605,0.027312967818168127,0
blk-r32-l64-passive,9,111021,33747,2159808,864.13601430257165,,0.00065315036533473091,1702368.8334678623,0.00054451839953070574,0
blk-r32-l64-passive,9,111021,34146,2185344,864.13601430257165,,0.26560570971189756,3.1482525848955309,0.30754333439163317,0
blk-r32-l64-passive,9,111021,34545,2210880,864.13601430257165,,0.016765251970214626,10083.005629736001,0.020214619397340372,0
blk-r32-l64-passive,9,111021,34944,2236416,864.13601430257165,,0.00029257392160307106,498337.35165632254,0.00024759743379998872,0
blk-r32-l64-passive,9,111021,35322,2260608,864.13601430257165,,0.036570041937386021,181.00171289896508,0.039123271581551586,0
blk-r32-l64-passive,9,111021,35721,2286144,864.13601430257165,,0.0069659075265527037,6633.4862913002908,0.0056335359903142519,0
blk-r32-l64-passive,9,111021,36120,2311680,864.13601430257165,,0.00019894711008308733,520688.62376149336,0.00012006429991413032,0
blk-r32-l64-passive,9,111021,36519,2337216,864.13601430257165,,0.059572273311351051,128.7452037776178,0.075540919528779921,0
blk-r32-l64-passive,9,111021,36914,2362496,842.02228546142578,,0.0047703634963983388,2553.2134976426264,0.0032691358939638936,0
blk-r32-l64-passive,9,111021,37308,2387712,840.98073705037439,,0.0006558754588297383,535045.24941942981,0.00040891096546746754,0
blk-r32-l64-passive,9,111021,37709,2413376,840.16245778401696,,0.0050788301266191859,126581014.30310221,0.0040470418469087371,0
blk-r32-l64-passive,9,111021,38115,2439360,840.02369689941406,,0.0010520366324139325,121762222.66949606,0.00040365643981644749,0
blk-r32-l64-passive,9,111021,38514,2464896,840.0139045715332,,0.08224152514302184,53.586878076360208,0.10529190318240154,0
blk-r32-l64-passive,9,111021,38913,2490432,840.0139045715332,,0.010437357437607825,4121.5718323823521,0.0090152512373330648,0
blk-r32-l64-passive,9,111021,39291,2514624,840.0139045715332,,0.00066213432222406469,796903.80559973349,0.00060940616216427902,0
blk-r32-l64-passive,9,111021,39690,2540160,840.0139045715332,,0.03802363253234161,80.0124797427777,0.044234349847311429,0
blk-r32-l64-passive,9,111021,40089,2565696,840.0139045715332,,0.001853326873942215,37171.443567244802,0.0019995507310135441,0
blk-r32-l64-passive,9,111021,40488,2591232,840.0139045715332,,0.27117495434995498,2.0241961585742785,0.29817396128969637,0
blk-r32-l64-passive,9,111021,40887,2616768,840.0139045715332,,0.0087018155233429852,3113.4144487492699,0.0089297699587861431,0
blk-r32-l64-passive,9,111021,41286,2642304,840.0139045715332,,0.0002481447799359111,10601165.451636093,0.00025071772485693865,0
blk-r32-l64-passive,9,111021,41685,2667840,840.0139045715332,,0.072176314556600313,113.54665904969634,0.085675878593494903,0
blk-r32-l64-passive,9,111021,42084,2693376,840.0139045715332,,0.0017736998295794051,269072.37300282053,0.0014020961239992428,0
blk-r32-l64-passive,9,111021,42483,2718912,840.0139045715332,,0.00063240601728920204,8119900.5165982312,0.0011264530091761632,0
blk-r32-l64-passive,9,111021,42882,2744448,840.0139045715332,,0.0034989438212932604,464534857.36660546,0.0058834463600507501,0
blk-r32-l64-passive,9,111021,43260,2768640,840.0139045715332,,0.0010163519596555622,309069012.26205927,0.00074564062070494458,0
blk-r32-l64-passive,9,111021,43365,2775360,840.0139045715332,,0.00078734501501179113,298763748.44828421,0.00056688858133667073,0
blk-r32-l64,10,111022,1,64,33451.632592519127,,0.25342167599139787,1.0375076648263917,0.2475878834344731,0
blk-r32-l64,10,111022,5,320,3424.2961921691895,,0.23166406359567507,1.3714532194503231,0.24455585010149383,0
blk-r32-l64,10,111022,255,16320,1249.6427001953125,,0.057691979088388683,757.93449016108025,0.081509671212273455,0
blk-r32-l64,10,111022,397,25408,1152.1520868937175,,0.033705050807613823,2636.5727035145414,0.038935665689560861,0
blk-r32-l64,10,111022,794,50816,1144.6674677530925,,0.00041130586267848902,1164612.9668814749,0.00057473364861859667,0
blk-r32-l64,10,111022,1191,76224,1029.1056467692058,,0.034030923158118107,3524.1851194961819,0.035626781468864971,0
blk-r32-l64,10,111022,1595,102080,995.32065073649085,,0.00088579383556855744,1815693.1463008055,0.0013247661780871934,0
blk-r32-l64,10,111022,1986,127104,995.1937472025553,,0.00044199766355828754,187648382.28642982,0.00074736015673682456,0
blk-r32-l64,10,111022,2394,153216,995.18940989176429,,0.052149209565992845,121.69056917842912,0.060401931037671483,0
blk-r32-l64,10,111022,2780,177920,954.25532277425134,,0.046402407161093208,98728.907498163971,0.079523754137983821,0
blk-r32-l64,10,111022,3192,204288,913.11621348063147,,0.0041290597628287056,167052.07389640575,0.0018669635865696569,0
blk-r32-l64,10,111022,3588,229632,912.99444961547852,,0.00055172189865591772,29651480.440566353,0.00033667155831422393,0
blk-r32-l64,10,111022,3969,254016,912.99444961547852,,0.031949465635810123,1033.0887036388194,0.047631190229831366,0
blk-r32-l64,10,111022,4368,279552,912.99444961547852,,0.016204110477891744,166535.79482278571,0.032559602975226982,0
blk-r32-l64,10,111022,4767,305088,912.99444961547852,,0.00030913931298562385,33411482.436564025,0.00061362176134174362,0
blk-r32-l64,10,111022,5166,330624,912.99444961547852,,0.10327455351679111,1226.4144073049883,0.14842484201834683,0
blk-r32-l64,10,111022,5565,356160,912.99444961547852,,0.0081550563176362272,106342.08778596092,0.01169925330947494,0
blk-r32-l64,10,111022,5964,381696,912.99444961547852,,0.00031868078294834917,23445247.166611861,0.0005204034832120548,0
blk-r32-l64,10,111022,6363,407232,912.99444961547852,,0.036881583492802412,1220.7617645788662,0.047166597129989711,0
blk-r32-l64,10,111022,6762,432768,912.99444961547852,,0.0014806999454150872,194808.93427339639,0.0015288515904942916,0
blk-r32-l64,10,111022,7161,458304,912.99444961547852,,0.1164149582319205,4.3338586373596826,0.13336271691934071,0
blk-r32-l64,10,111022,7560,483840,912.99444961547852,,0.0052282056520292081,1480.6566805722764,0.0058346185746566805,0
blk-r32-l64,10,111022,7938,508032,912.99444961547852,,0.00055293555318913269,3611227.9043842256,0.0007128073949542738,0
blk-r32-l64,10,111022,8337,533568,912.99444961547852,,0.060618900594723579,28.590868822368705,0.073630748834340273,0
blk-r32-l64,10,111022,8736,559104,912.99444961547852,,0.0025170798782364707,24365.567479542548,0.0031377169821700853,0
blk-r32-l64,10,111022,9135,584640,912.99444961547852,,9.4173845318383672e-05,3219682.9096895955,0.00012176028105222968,0
blk-r32-l64,10,111022,9534,610176,912.99444961547852,,0.019617457842686911,1957.0633239418912,0.024258606152307079,0
blk-r32-l64,10,111022,9933,635712,912.99444961547852,,0.00020826002857497582,898544.24776129599,0.00027136606414071123,0
blk-r32-l64,10,111022,10332,661248,912.99444961547852,,0.00023923414657427025,24111895.860430244,0.00038999451619094026,0
blk-r32-l64,10,111022,10731,686784,912.99444961547852,,0.24025553026347321,1.843740666881313,0.26989203818341101,0
blk-r32-l64,10,111022,11130,712320,912.99444961547852,,0.038860132375641017,9772.39719993373,0.045613573816367853,0
blk-r32-l64,10,111022,11529,737856,912.99444961547852,,0.00036091595884045594,5969820.1339385165,0.00051629484717003436,0
blk-r32-l64,10,111022,11907,762048,912.99444961547852,,0.041648064421105066,259.17536802922814,0.057540727038465557,0
blk-r32-l64,10,111022,12306,787584,912.99444961547852,,0.0016133021886078958,307535.91471509385,0.0028026434301864742,0
blk-r32-l64,10,111022,12705,813120,912.99444961547852,,0.076612988172713822,6.7715503237508727,0.081142521952634453,0
blk-r32-l64,10,111022,13104,838656,912.99444961547852,,0.01578613903383299,31268.841986898366,0.019426090529053187,0
blk-r32-l64,10,111022,13503,864192,912.99444961547852,,0.00021213595249114264,2046516.3943054189,0.00019239176713864474,0
blk-r32-l64,10,111022,13902,889728,912.99444961547852,,0.086350140640932507,43.978680563960282,0.11608772277847393,0
blk-r32-l64,10,111022,14291,914624,904.47077941894531,,0.018066798775733882,11785.04773409954,0.019927589931100741,0
blk-r32-l64,10,111022,14700,940800,897.61694971720374,,0.00085573951858643844,10226808.725402059,0.00089228473809024758,0
blk-r32-l64,10,111022,15099,966336,897.5850830078125,,0.047733865407396915,56.811060235124451,0.059775164702753202,0
blk-r32-l64,10,111022,15498,991872,897.5850830078125,,0.00075426152041028962,107615.86477444124,0.00083537857118851848,0
blk-r32-l64,10,111022,15876,1016064,897.5850830078125,,0.00032175091696620586,82007939.553922772,0.00037490614300081837,0
blk-r32-l64,10,111022,16275,1041600,897.5850830078125,,0.026391226294182477,302.4100789811506,0.031401058553014345,0
blk-r32-l64,10,111022,16674,1067136,897.5850830078125,,0.0017360026567601941,12273.342334872879,0.0018230037486727875,0
blk-r32-l64,10,111022,17073,1092672,897.5850830078125,,8.1909850599278775e-05,3365546.623916381,0.0001069163003043612,0
blk-r32-l64,10,111022,17472,1118208,897.5850830078125,,0.028760795849770409,1310.3061679562977,0.030752408221488135,0
blk-r32-l64,10,111022,17871,1143744,897.5850830078125,,0.0015307858774788732,652895.07810706855,0.0017788287725913126,0
blk-r32-l64,10,111022,18270,1169280,897.5850830078125,,0.17662828427662886,4.076939117167024,0.20439824544997845,0
blk-r32-l64,10,111022,18669,1194816,897.5850830078125,,0.020669141275143955,5581.9086974020875,0.027300876202398856,0
blk-r32-l64,10,111022,19068,1220352,897.5850830078125,,0.00018810419071847983,803161.61578729458,0.00020322281610605185,0
blk-r32-l64,10,111022,19467,1245888,897.5850830078125,,0.087067344813823874,12.285374493367927,0.10368116391825444,0
blk-r32-l64,10,111022,19845,1270080,897.5850830078125,,0.0033315732836855958,4992.2581685065679,0.0046617604511098257,0
blk-r32-l64,10,111022,20244,1295616,897.5850830078125,,9.710988493914263e-05,8455940.9619527962,0.00017119944603569351,0
blk-r32-l64,10,111022,20643,1321152,897.5850830078125,,0.035075482570334972,4483.0672485149544,0.047927525565706668,0
blk-r32-l64,10,111022,21042,1346688,897.5850830078125,,0.0023122431936065209,979068.04880222399,0.0037208852721624616,0
blk-r32-l64,10,111022,21441,1372224,897.5850830078125,,0.099680737929830343,5.1271516583952348,0.1109046922485039,0
blk-r32-l64,10,111022,21840,1397760,897.5850830078125,,0.0056045516498754566,5484.4255164616588,0.0076414137872370886,0
blk-r32-l64,10,111022,22239,1423296,897.5850830078125,,0.00027637797154330025,5824001.3614157289,0.0004530577309639031,0
blk-r32-l64,10,111022,22638,1448832,897.5850830078125,,0.30339684488998714,2.308154671366446,0.33207609100842744,0
blk-r32-l64,10,111022,23037,1474368,897.5850830078125,,0.045991384887047668,9490.7737458912998,0.054510923537643467,0
blk-r32-l64,10,111022,23436,1499904,897.5850830078125,,0.0010477267357876304,2075004.7992422218,0.00095169689384752294,0
blk-r32-l64,10,111022,23814,1524096,897.5850830078125,,0.00024888500734097035,19112438.384891998,0.00028493781203953021,0
blk-r32-l64,10,111022,24213,1549632,897.5850830078125,,0.037711729637805405,2341.6614489726662,0.042950426339378532,0
blk-r32-l64,10,111022,24612,1575168,897.5850830078125,,0.00067087918994404648,10855167.953958886,0.00086743425087600632,0
blk-r32-l64,10,111022,25011,1600704,897.5850830078125,,0.058767311695375045,33.189684930866186,0.071119826491433044,0
blk-r32-l64,10,111022,25410,1626240,897.5850830078125,,0.0025390255582263305,8855.2846902906476,0.0026574441583373854,0
blk-r32-l64,10,111022,25809,1651776,897.5850830078125,,0.0008726646346836393,37746760.712915629,0.0014873821064127761,0
blk-r32-l64,10,111022,26208,1677312,897.5850830078125,,0.040275147341718325,306.72556796777201,0.058919245869594544,0
blk-r32-l64,10,111022,26607,1702848,897.5850830078125,,0.0060527715271816232,58295.959277904876,0.0090480921121850518,0
blk-r32-l64,10,111022,27006,1728384,897.5850830078125,,0.00032744836971780052,5842477.634535756,0.000313665604809752,0
blk-r32-l64,10,111022,27405,1753920,897.5850830078125,,0.0047343349271165873,432973652.58978224,0.0043064227960510678,0
blk-r32-l64,10,111022,27783,1778112,897.5850830078125,,0.0015174127965383499,2506192610.34586,0.0012017569679513161,0
blk-r32-l64,10,111022,28182,1803648,897.5850830078125,,0.025392295941261585,970.45857624974485,0.025792395577355645,0
blk-r32-l64,10,111022,28581,1829184,897.5850830078125,,0.0009253245363085574,565969.61034351843,0.00090595938936323286,0
blk-r32-l64,10,111022,28980,1854720,897.5850830078125,,0.2758312118912154,1.7161623681667377,0.30544354781936001,0
blk-r32-l64,10,111022,29379,1880256,897.5850830078125,,0.03718195707405457,4351.2438602464463,0.058995845775980826,0
blk-r32-l64,10,111022,29778,1905792,897.5850830078125,,0.0037977289721918455,2985282.2548832409,0.0069970011559576713,0
blk-r32-l64,10,111022,30177,1931328,897.5850830078125,,0.27377431735465074,2.6145723449022085,0.31706541822522777,0
blk-r32-l64,10,111022,30576,1956864,897.5850830078125,,0.03876902405794095,27896.221381820593,0.042251443267514677,0
blk-r32-l64,10,111022,30975,1982400,897.5850830078125,,0.0011198682256091984,2230294.7857100326,0.0014820673087345242,0
blk-r32-l64,10,111022,31374,2007936,897.5850830078125,,0.0010649910061093528,448436804.71047932,0.0010815639004294814,0
blk-r32-l64,10,111022,31752,2032128,897.5850830078125,,0.00055907160870440422,1756040030.8748648,0.00067820334883028589,0
blk-r32-l64,10,111022,32151,2057664,897.5850830078125,,0.010625822811324197,1963.2238634668743,0.015874405506137716,0
blk-r32-l64,10,111022,32550,2083200,897.5850830078125,,0.00021801435079749431,3605394.9508105014,0.00033451429423964475,0
blk-r32-l64,10,111022,32949,2108736,897.5850830078125,,0.064449776276277904,230.26523641809814,0.12008569827497395,0
blk-r32-l64,10,111022,33348,2134272,897.5850830078125,,0.016430322724611177,3474.8491536051806,0.017500527644020634,0
blk-r32-l64,10,111022,33747,2159808,897.5850830078125,,0.0063438730053476267,395427.60111693491,0.0072782201289286743,0
blk-r32-l64,10,111022,34146,2185344,897.5850830078125,,0.00029583136623688244,18225581.712229211,0.00035783972190725158,0
blk-r32-l64,10,111022,34545,2210880,897.5850830078125,,0.023035004118129924,2545.1876539523164,0.025480287458831741,0
blk-r32-l64,10,111022,34944,2236416,897.5850830078125,,0.001596848232343636,9849589.2810834404,0.0015695801452885467,0
blk-r32-l64,10,111022,35322,2260608,897.5850830078125,,9.7685494300532781e-05,792174779.6366775,0.0001012481571686013,0
blk-r32-l64,10,111022,35721,2286144,897.5850830078125,,0.011894546708726989,7971.4868281884055,0.014134131482347706,0
blk-r32-l64,10,111022,36120,2311680,897.5850830078125,,0.0001045123355056947,602153.22978903772,0.00015981386368597622,0
blk-r32-l64,10,111022,36519,2337216,897.5850830078125,,0.028915491639170003,2013.6978701846019,0.04005262466259929,0
blk-r32-l64,10,111022,36918,2362752,897.5850830078125,,0.0058929668457079623,380398.6111532058,0.0088388660244309563,0
blk-r32-l64,10,111022,37317,2388288,897.5850830078125,,0.00066191988822134843,8762155.7025114652,0.0010263818423589348,0
blk-r32-l64,10,111022,37527,2401728,897.5850830078125,,0.00042900363397132938,56620203.115440123,0.00072533967652712477,0
blk-r32-l64-passive,10,111022,1,64,33451.632592519127,,0.25342167599139787,1.0041141468436239,0.2461744738924313,0
blk-r32-l64-passive,10,111022,10,640,2211.1473795572915,,0.2803968402512681,1.6556684512603166,0.30541152155245366,0
blk-r32-l64-passive,10,111022,399,25536,923.05844879150391,,0.021675112279645865,2052.9817281798405,0.019872934381133859,0
blk-r32-l64-passive,10,111022,794,50816,912.77141571044922,,0.00070409666279648401,490540.30122389307,0.0004821918091626448,0
blk-r32-l64-passive,10,111022,1197,76608,912.75587209065759,,0.060256370094400789,20.473840857325161,0.072464496747101204,0
blk-r32-l64-passive,10,111022,1596,102144,912.75587209065759,,0.042069755236656209,2859.4514348918965,0.033330157265343364,0
blk-r32-l64-passive,10,111022,1995,127680,912.75587209065759,,0.00042809006934579322,120617.01580390689,0.00024511930867920451,0
blk-r32-l64-passive,10,111022,2394,153216,912.75587209065759,,0.078815606212455189,9.0141480500404043,0.085173717050566103,0
blk-r32-l64-passive,10,111022,2793,178752,912.75587209065759,,0.0055614186890416998,14279.168827436977,0.004644729266542416,0
blk-r32-l64-passive,10,111022,3192,204288,912.75587209065759,,0.00073299134327797517,1375091.8565947325,0.00056962788737236836,0
blk-r32-l64-passive,10,111022,3591,229824,912.75587209065759,,0.00036824205850755808,4929442.7890982982,0.0002679011167170062,0
blk-r32-l64-passive,10,111022,3969,254016,912.75587209065759,,0.055238599231569402,97.66928122448968,0.060895548643118982,0
blk-r32-l64-passive,10,111022,4368,279552,912.75587209065759,,0.0035130322974886662,21624.034637043809,0.0030281176074064223,0
blk-r32-l64-passive,10,111022,4767,305088,912.75587209065759,,0.00031332931824359391,1722489.6986043251,0.00032314255665678914,0
blk-r32-l64-passive,10,111022,5166,330624,912.75587209065759,,0.047645154228954538,50.578689429531821,0.054071962643289125,0
blk-r32-l64-passive,10,111022,5565,356160,912.75587209065759,,0.026811086301891218,587.76501266209016,0.018932955424553706,0
blk-r32-l64-passive,10,111022,5964,381696,912.75587209065759,,0.0019238557209156494,167943.3439449179,0.001166599056080771,0
blk-r32-l64-passive,10,111022,6363,407232,912.75587209065759,,0.2676096041150185,3.150615132949822,0.31083184596778474,0
blk-r32-l64-passive,10,111022,6762,432768,912.75587209065759,,0.012264538563443559,7714.7908030828839,0.014641387567048667,0
blk-r32-l64-passive,10,111022,7161,458304,912.75587209065759,,0.031767686332593997,50261.784487908233,0.032502102225438645,0
blk-r32-l64-passive,10,111022,7560,483840,912.75587209065759,,0.00037901340093915193,6340710.9046412203,0.00044962004583761514,0
blk-r32-l64-passive,10,111022,7938,508032,912.75587209065759,,0.077991528607287725,11.347878264052287,0.086930155136148227,0
blk-r32-l64-passive,10,111022,8337,533568,912.75587209065759,,0.017442519048490278,38055.028628397602,0.017301751544058067,0
blk-r32-l64-passive,10,111022,8736,559104,912.75587209065759,,0.00040394942879849602,4072450.2257598722,0.00038140340123886624,0
blk-r32-l64-passive,10,111022,9135,584640,912.75587209065759,,0.22980562790039957,2.8021937306962101,0.23408500075872696,0
blk-r32-l64-passive,10,111022,9534,610176,912.75587209065759,,0.035811637215899084,9161.5456654922855,0.036585664333541261,0
blk-r32-l64-passive,10,111022,9933,635712,912.75587209065759,,0.00049748064914344485,288548.81196035142,0.0002813155198051447,0
blk-r32-l64-passive,10,111022,10332,661248,912.75587209065759,,0.0010242874337906206,3204627.8029773459,0.00047288980569244119,0
blk-r32-l64-passive,10,111022,10731,686784,912.75587209065759,,0.0024250257963517861,39141368.250302635,0.0011222397509740682,0
blk-r32-l64-passive,10,111022,11130,712320,912.75587209065759,,0.039182257700187878,168.5150938750451,0.040048433239078286,0
blk-r32-l64-passive,10,111022,11529,737856,912.75587209065759,,0.0055523820424988992,13268.444269003594,0.0039453902548522834,0
blk-r32-l64-passive,10,111022,11907,762048,912.75587209065759,,0.13675195660444972,3.3176252517847131,0.1557190217987505,0
blk-r32-l64-passive,10,111022,12306,787584,912.75587209065759,,0.041572345249835177,20534.26402343571,0.055683086398021567,0
blk-r32-l64-passive,10,111022,12705,813120,912.75587209065759,,0.035891957810803808,293724.24880674831,0.018179740313543011,0
blk-r32-l64-passive,10,111022,13104,838656,912.75587209065759,,0.0004856774318990706,3710534.0267467652,0.00017611369870846699,0
blk-r32-l64-passive,10,111022,13503,864192,912.75587209065759,,0.035273793168349769,757.63452288299459,0.051309133476181427,0
blk-r32-l64-passive,10,111022,13902,889728,912.75587209065759,,0.013646221326107703,16174.976721593142,0.012111279081497485,0
blk-r32-l64-passive,10,111022,14301,915264,912.75587209065759,,0.016626475563521474,110268.17656962601,0.0085489289792978138,0
blk-r32-l64-passive,10,111022,14700,940800,912.75587209065759,,0.31512365485671978,2.0717916401199945,0.36078779253583221,0
blk-r32-l64-passive,10,111022,15099,966336,912.75587209065759,,0.017555307793979364,7754.6247060865917,0.019260381994840068,0
blk-r32-l64-passive,10,111022,15498,991872,912.75587209065759,,0.00063857441640250085,1494866.4877406871,0.00065926364537968588,0
blk-r32-l64-passive,10,111022,15876,1016064,912.75587209065759,,0.042458988416611367,71.804890714463454,0.04837341121558178,0
blk-r32-l64-passive,10,111022,16275,1041600,912.75587209065759,,0.0032555928956453919,13580.556873648598,0.0042251759567953212,0
blk-r32-l64-passive,10,111022,16674,1067136,912.75587209065759,,0.00012151063764916701,561709.79451138247,0.00014631734441491497,0
blk-r32-l64-passive,10,111022,17073,1092672,912.75587209065759,,0.048074966291782727,234.12555948108479,0.061324482806236237,0
blk-r32-l64-passive,10,111022,17472,1118208,912.75587209065759,,0.0047284696364820761,5168.0274556084714,0.0035993283894206552,0
blk-r32-l64-passive,10,111022,17871,1143744,912.75587209065759,,0.00024062967597826202,2770824.8547477,0.00024158969505416733,0
blk-r32-l64-passive,10,111022,18270,1169280,912.75587209065759,,0.057957259786331809,37.692999229274569,0.063246804028568568,0
blk-r32-l64-passive,10,111022,18669,1194816,912.75587209065759,,0.069411242635416065,30622.910976344534,0.076600022471613974,0
blk-r32-l64-passive,10,111022,19068,1220352,912.75587209065759,,0.0010050296919758102,199372.56107122055,0.00055824245325526928,0
blk-r32-l64-passive,10,111022,19467,1245888,912.75587209065759,,0.046900046185728524,107.8873733618767,0.053907989182158618,0
blk-r32-l64-passive,10,111022,19844,1270016,892.01902770996094,,0.026563034589147983,5081.9141578749541,0.017307030902657172,0
blk-r32-l64-passive,10,111022,20241,1295424,880.21846644083655,,0.0012582758145466659,907114.89653004566,0.00068084484234768217,0
blk-r32-l64-passive,10,111022,20639,1320896,880.09112548828125,,0.0016992363730321503,6954169.0343970424,0.0011019787797441147,0
blk-r32-l64-passive,10,111022,21042,1346688,880.07753372192383,,0.25235153823066431,2.3316329375818907,0.27304531362867174,0
blk-r32-l64-passive,10,111022,21441,1372224,880.07753372192383,,0.0069203988753993697,980.62897200979262,0.0085771651242643517,0
blk-r32-l64-passive,10,111022,21840,1397760,880.07753372192383,,0.0052458579899654243,758077.9399193828,0.0065196719521488852,0
blk-r32-l64-passive,10,111022,22239,1423296,880.07753372192383,,0.00036995894235391288,26832864.189746469,0.00059081228807316669,0
blk-r32-l64-passive,10,111022,22638,1448832,880.07753372192383,,0.00098590008859640609,836628251.7585851,0.0011550135058845269,0
blk-r32-l64-passive,10,111022,23037,1474368,880.07753372192383,,0.14859578760844705,3.1115676122509357,0.150286871079617,0
blk-r32-l64-passive,10,111022,23436,1499904,880.07753372192383,,0.011551928914130099,2897.4237872713838,0.011333851923435638,0
blk-r32-l64-passive,10,111022,23814,1524096,880.07753372192383,,0.00029035154852079768,2261687.7389508262,0.00027230763299045812,0
blk-r32-l64-passive,10,111022,24213,1549632,880.07753372192383,,0.01858089853827681,452.97747491434603,0.020619828903257417,0
blk-r32-l64-passive,10,111022,24612,1575168,880.07753372192383,,0.0015062182361159941,71126.302521734688,0.0018695468949871878,0
blk-r32-l64-passive,10,111022,25011,1600704,880.07753372192383,,0.00033176307079307372,1629500.5888086169,0.00029800920966791819,0
blk-r32-l64-passive,10,111022,25410,1626240,880.07753372192383,,0.0012827723841115691,60425645.119566523,0.00087288430616611849,0
blk-r32-l64-passive,10,111022,25809,1651776,880.07753372192383,,0.0026263359009080457,164198133.28885311,0.0012858850301979505,0
blk-r32-l64-passive,10,111022,26208,1677312,880.07753372192383,,0.1697577604972442,2.9979293445044752,0.19653850511953716,0
blk-r32-l64-passive,10,111022,26607,1702848,880.07753372192383,,0.035847114116501044,3422.2361692813961,0.035547926137464408,0
blk-r32-l64-passive,10,111022,27006,1728384,880.07753372192383,,0.000996039420780628,163775.23461582803,0.00083151833741618934,0
blk-r32-l64-passive,10,111022,27405,1753920,880.07753372192383,,0.090843827155841189,6.5987018866035969,0.1010010962554848,0
blk-r32-l64-passive,10,111022,27783,1778112,880.07753372192383,,0.026048212974650427,3014.5094343488831,0.0281537080432647,0
blk-r32-l64-passive,10,111022,28182,1803648,880.07753372192383,,0.0005860532597579066,272082.52311795118,0.0006694202754670887,0
blk-r32-l64-passive,10,111022,28581,1829184,880.07753372192383,,0.05264784435692417,61.432401543121628,0.065867687989428964,0
blk-r32-l64-passive,10,111022,28980,1854720,880.07753372192383,,0.036629832092825047,2717.4462663681516,0.033024401896900271,0
blk-r32-l64-passive,10,111022,29379,1880256,880.07753372192383,,0.009319562254478591,6551.6516682731544,0.0051283776452959477,0
blk-r32-l64-passive,10,111022,29778,1905792,880.07753372192383,,0.00051622148479743384,3155023.9871048359,0.00030160635713275333,0
blk-r32-l64-passive,10,111022,30177,1931328,880.07753372192383,,0.047087806672587725,66.777528797361697,0.052360558651797111,0
blk-r32-l64-passive,10,111022,30576,1956864,880.07753372192383,,0.0044136868072149693,10443.257346798651,0.0032482900258266152,0
blk-r32-l64-passive,10,111022,30975,1982400,880.07753372192383,,0.00013040015277076246,280801.12863856321,8.7756990948578326e-05,0
blk-r32-l64-passive,10,111022,31374,2007936,880.07753372192383,,0.037592496939478671,89.30975115239923,0.039171270594236661,0
blk-r32-l64-passive,10,111022,31752,2032128,880.07753372192383,,0.074260140073491535,5378.6751989655586,0.04210335674113061,0
blk-r32-l64-passive,10,111022,32151,2057664,877.02170181274414,,0.00083133644763911849,2387387.6326058065,0.00053120818391749216,0
blk-r32-l64-passive,10,111022,32550,2083200,877.00898996988929,,0.13588989088865025,3.3336464287051948,0.14217256096339714,0
blk-r32-l64-passive,10,111022,32949,2108736,877.00898996988929,,0.05841604531260456,3602.8248704286621,0.048147070457871866,0
blk-r32-l64-passive,10,111022,33348,2134272,877.00898996988929,,0.0023422922235496052,2123539.7173236972,0.0033630118467902629,0
blk-r32-l64-passive,10,111022,33747,2159808,877.00898996988929,,0.0015471360688540164,598008369.90271044,0.0024803920073046418,0
blk-r32-l64-passive,10,111022,34146,2185344,877.00898996988929,,0.0025886514113148745,4067668705.1714025,0.0026680619759055636,0
blk-r32-l64-passive,10,111022,34545,2210880,877.00898996988929,,0.03024115267744612,1571.8393549560644,0.03521912397826979,0
blk-r32-l64-passive,10,111022,34944,2236416,877.00898996988929,,0.0014646547351883229,4925504.4213455617,0.0017801356065606463,0
blk-r32-l64-passive,10,111022,35322,2260608,877.00898996988929,,0.0004458375548086421,12418852.244188057,0.00040231921712824116,0
blk-r32-l64-passive,10,111022,35721,2286144,877.00898996988929,,0.025151771650627333,721.41532755832645,0.030887652514310471,0
blk-r32-l64-passive,10,111022,36120,2311680,877.00898996988929,,0.0080962111398518079,69641.22357043848,0.0087426855634121226,0
blk-r32-l64-passive,10,111022,36519,2337216,877.00898996988929,,0.0091276013447137583,94255343.590455651,0.019179574644048812,0
blk-r32-l64-passive,10,111022,36918,2362752,877.00898996988929,,0.0018078192382554481,988809448.09510326,0.0026180121590712526,0
blk-r32-l64-passive,10,111022,37317,2388288,877.00898996988929,,0.15086014838161321,4.5030607328863717,0.16790674129972485,0
blk-r32-l64-passive,10,111022,37716,2413824,877.00898996988929,,0.002039100397367695,12238.579807511236,0.0018688213025502701,0
blk-r32-l64-passive,10,111022,38115,2439360,877.00898996988929,,5.2460135607894762e-05,134489.31959319831,4.0218183118675883e-05,0
blk-r32-l64-passive,10,111022,38514,2464896,877.00898996988929,,0.088211553434692516,3356.5794073111988,0.13644801939360304,0
blk-r32-l64-passive,10,111022,38913,2490432,877.00898996988929,,0.0035844294222868787,60066.957777985721,0.0031816960618632449,0
blk-r32-l64-passive,10,111022,39291,2514624,877.00898996988929,,0.00013005771168335119,7687666.1424264358,0.00010069690691331401,0
blk-r32-l64-passive,10,111022,39690,2540160,877.00898996988929,,0.0021658846961052211,468010438.75817591,0.0017919600656489856,0
blk-r32-l64-passive,10,111022,40089,2565696,877.00898996988929,,0.010637511924672783,4315711039.6933346,0.0051089410417798969,0
blk-r32-l64-passive,10,111022,40488,2591232,877.00898996988929,,0.30773258245652302,1.7417612001599925,0.33786881503425253,0
blk-r32-l64-passive,10,111022,40887,2616768,877.00898996988929,,0.036032727203868742,3528.80094984366,0.039551685289162745,0
blk-r32-l64-passive,10,111022,41286,2642304,877.00898996988929,,0.002700237911791816,122006.08659535115,0.002409164333040322,0
blk-r32-l64-passive,10,111022,41685,2667840,877.00898996988929,,0.0020878242819474813,4253761.5356790368,0.0013255959460181338,0
blk-r32-l64-passive,10,111022,42084,2693376,877.00898996988929,,0.065568691339298907,15.942260866210942,0.074049116991316846,0
blk-r32-l64-passive,10,111022,42483,2718912,877.00898996988929,,0.0059813118819885894,2213.2499701101092,0.0048205310279933501,0
blk-r32-l64-passive,10,111022,42882,2744448,877.00898996988929,,0.00013798075041008252,648326.72745496023,0.00012405548767997423,0
blk-r32-l64-passive,10,111022,43260,2768640,877.00898996988929,,0.054349331237216802,577.4607589211364,0.060588670849000874,0
blk-r32-l64-passive,10,111022,43659,2794176,877.00898996988929,,0.0054708793425661002,18545.466763077413,0.0044378357307718686,0
blk-r32-l64-passive,10,111022,44058,2819712,877.00898996988929,,0.00016290083942723717,284711.48448394652,0.0001041931726024077,0
blk-r32-l64-passive,10,111022,44100,2822400,877.00898996988929,,0.00012114768019570801,357965.05216200493,8.4614478788262428e-05,0
blk-r32-l64,11,111023,1,64,31205.65421930949,,0.25330703484798583,1.0376610478571848,0.24736448014323908,0
blk-r32-l64,11,111023,10,640,4766.7667338053388,,0.2083327717823355,1.7944773758345964,0.23182301124651608,0
blk-r32-l64,11,111023,399,25536,1155.3092333475749,,0.049569213885431798,797.80417424647419,0.043988836941112539,0
blk-r32-l64,11,111023,798,51072,1141.6178665161133,,0.00060342292787549958,402265.17120285489,0.00070765093071120037,0
blk-r32-l64,11,111023,1191,76224,1141.0952542622883,,0.0015792653180229973,25728799.288991876,0.0022826768001463103,0
blk-r32-l64,11,111023,1596,102144,1141.0928891499836,,0.13313903954912448,6.5657637436163654,0.15256496295313651,0
blk-r32-l64,11,111023,1986,127104,925.65265909830725,,0.017752409863995088,13731.312768090456,0.024509904004434913,0
blk-r32-l64,11,111023,2394,153216,918.30587768554688,,0.0091481145651738406,3674110.4025851241,0.0096177771027040858,0
blk-r32-l64,11,111023,2793,178752,917.28402964274085,,0.00073613065741499212,367237572.64088762,0.0010056228994225059,0
blk-r32-l64,11,111023,3192,204288,917.28289794921875,,0.037763362095147877,211.80708237638117,0.049356794410647858,0
blk-r32-l64,11,111023,3591,229824,917.28289794921875,,0.019258694646517437,16172.321519867406,0.024303567620098554,0
blk-r32-l64,11,111023,3969,254016,917.28289794921875,,0.0062400404987488648,172515.10344688792,0.0061441490407196982,0
blk-r32-l64,11,111023,4368,279552,917.28289794921875,,0.24016327648105337,1.4349178313072437,0.25723482454026392,0
blk-r32-l64,11,111023,4767,305088,917.28289794921875,,0.017078982030386949,906.07405823474505,0.015165452987266421,0
blk-r32-l64,11,111023,5166,330624,917.28289794921875,,0.0002402315065224722,372443.59978841431,0.0002411504369145878,0
blk-r32-l64,11,111023,5565,356160,917.28289794921875,,0.03660463093777138,220.38434919484186,0.042700494665387549,0
blk-r32-l64,11,111023,5964,381696,917.28289794921875,,0.0014629770333307293,361676.48793223058,0.0017351080203125357,0
blk-r32-l64,11,111023,6363,407232,917.28289794921875,,0.00099038264532068593,70689508.201258734,0.0028746343359461954,0
blk-r32-l64,11,111023,6762,432768,917.28289794921875,,0.00021092434368110956,122452124.97953363,0.0002612109218072146,0
blk-r32-l64,11,111023,7161,458304,917.28289794921875,,0.075311642434801582,38.17516423773877,0.086840520807048044,0
blk-r32-l64,11,111023,7560,483840,917.28289794921875,,0.0049792383104484165,25864.348064898266,0.0054927408145651769,0
blk-r32-l64,11,111023,7938,508032,917.28289794921875,,0.0029658498401755416,34807670.906135708,0.0050139396120889345,0
blk-r32-l64,11,111023,8337,533568,917.28289794921875,,0.00040167631714683322,38613867.816508271,0.00034975787272926686,0
blk-r32-l64,11,111023,8736,559104,917.28289794921875,,0.023624958685023772,3906.4618734664782,0.036303061617220522,0
blk-r32-l64,11,111023,9135,584640,917.28289794921875,,0.0073934537515024587,10737.610366717112,0.0070745989581648657,0
blk-r32-l64,11,111023,9534,610176,917.28289794921875,,0.004498527083862342,41166601.232309125,0.0046312814615959473,0
blk-r32-l64,11,111023,9933,635712,917.28289794921875,,0.00036346327903224063,107794275.15394051,0.00044978824891950698,0
blk-r32-l64,11,111023,10332,661248,917.28289794921875,,0.026446931004689228,3758.2471744072277,0.036073510102336795,0
blk-r32-l64,11,111023,10731,686784,917.28289794921875,,0.0014133838719187285,3096911.8747309539,0.0022559329368558325,0
blk-r32-l64,11,111023,11130,712320,917.28289794921875,,0.00022697923760103499,14233317.695730224,0.00036102077971035713,0
blk-r32-l64,11,111023,11529,737856,917.28289794921875,,0.040165192620917264,203.01164897077018,0.050198505043425226,0
blk-r32-l64,11,111023,11907,762048,917.28289794921875,,0.0039332872760304326,3660.0011383806955,0.0032055745828677416,0
blk-r32-l64,11,111023,12306,787584,917.28289794921875,,0.00073945676511170521,8865725.8723331615,0.00073743195188936592,0
blk-r32-l64,11,111023,12705,813120,917.28289794921875,,0.00074457298555930538,33890294.117703952,0.00079685842386904848,0
blk-r32-l64,11,111023,13104,838656,917.28289794921875,,0.024657819544852959,1259.4443580829634,0.023508796998736751,0
blk-r32-l64,11,111023,13503,864192,917.28289794921875,,0.00070291272025409083,1968573.8846885278,0.0010094947738094173,0
blk-r32-l64,11,111023,13902,889728,917.28289794921875,,0.00059275565960585045,342547178.02570409,0.0010606051036468965,0
blk-r32-l64,11,111023,14301,915264,917.28289794921875,,0.043294052615602915,825.48046859683677,0.059160607679020705,0
blk-r32-l64,11,111023,14700,940800,917.28289794921875,,0.0022411229968785809,299410.3437806709,0.0020550195055928952,0
blk-r32-l64,11,111023,15099,966336,917.28289794921875,,0.0014102472632408123,470686654.50058347,0.0034471983254901243,0
blk-r32-l64,11,111023,15498,991872,917.28289794921875,,0.0024568284903384433,991342632.75179565,0.0015847447024091332,0
blk-r32-l64,11,111023,15876,1016064,917.28289794921875,,0.087045151648646707,13.905036354803586,0.097356243527962585,0
blk-r32-l64,11,111023,16275,1041600,917.28289794921875,,0.0032608750688966391,4074.449052729442,0.0026537429462785518,0
blk-r32-l64,11,111023,16674,1067136,917.28289794921875,,0.00014477805945522075,5303389.5542706698,0.00013277755103981054,0
blk-r32-l64,11,111023,17073,1092672,917.28289794921875,,0.022200258598831735,4881.9238258850974,0.026444449244869356,0
blk-r32-l64,11,111023,17472,1118208,917.28289794921875,,0.0046861561372444089,477850.88853986008,0.0047006035432463128,0
blk-r32-l64,11,111023,17871,1143744,917.28289794921875,,0.0058369453235699682,192515805.92751297,0.0050533071717767403,0
blk-r32-l64,11,111023,18270,1169280,917.28289794921875,,0.00051395366257462845,415701777.27172738,0.00045907558276210336,0
blk-r32-l64,11,111023,18669,1194816,917.28289794921875,,0.01359111839986271,1843.1390821791638,0.013950494478059176,0
blk-r32-l64,11,111023,19068,1220352,917.28289794921875,,0.0007688178570613508,787438.94422126329,0.00098840414440458206,0
blk-r32-l64,11,111023,19467,1245888,917.28289794921875,,0.057697232202453909,40.700324479758883,0.0749454945216705,0
blk-r32-l64,11,111023,19844,1270016,893.75381596883142,,0.0043095221186993018,11836.4836428792,0.0049906081347100943,0
blk-r32-l64,11,111023,20244,1295616,892.79656600952148,,0.00012146783162230041,1831050.8654099586,0.00015041713125573362,0
blk-r32-l64,11,111023,20643,1321152,892.79656600952148,,0.015310134724242837,5630.0808930317371,0.019923116763837918,0
blk-r32-l64,11,111023,21042,1346688,892.79656600952148,,0.00034462599872247699,948162.76390182413,0.00041626229378610312,0
blk-r32-l64,11,111023,21441,1372224,892.79656600952148,,0.03308393492542399,202.66565486929113,0.035738680886026601,0
blk-r32-l64,11,111023,21840,1397760,892.79656600952148,,0.0047843861060832384,27734.951250607082,0.0051494041231396658,0
blk-r32-l64,11,111023,22239,1423296,892.79656600952148,,4.6217475867150299e-05,10550728.486981612,5.2292452719064372e-05,0
blk-r32-l64,11,111023,22638,1448832,892.79656600952148,,0.011079835466540613,21688.088237266395,0.018596955527148254,0
blk-r32-l64,11,111023,23037,1474368,892.79656600952148,,0.010249243969129308,114624635.64296791,0.025144246896114792,0
blk-r32-l64,11,111023,23436,1499904,892.79656600952148,,0.0004294351942752004,611921922.83289516,0.0008826283355594782,0
blk-r32-l64,11,111023,23814,1524096,892.79656600952148,,0.0014424722110135148,1961175056.950114,0.0041774640834274495,0
blk-r32-l64,11,111023,24213,1549632,892.79656600952148,,0.022059853151138419,64739.330127247224,0.030966907100526905,0
blk-r32-l64,11,111023,24612,1575168,892.79656600952148,,0.003365522424931404,9682416259.7845592,0.0045513422625635897,0
blk-r32-l64,11,111023,25011,1600704,892.79656600952148,,0.0014325082536304763,30099355167.075432,0.0018301331085848528,0
blk-r32-l64,11,111023,25410,1626240,892.79656600952148,,0.0041673831157414938,118532505498.32977,0.0051983766413537412,0
blk-r32-l64,11,111023,25809,1651776,892.79656600952148,,0.0032518651796473444,183503870068.87125,0.0043509532142912187,0
blk-r32-l64,11,111023,26208,1677312,892.79656600952148,,0.0019788409883826673,557754456915.73694,0.003219336224397944,0
blk-r32-l64,11,111023,26607,1702848,892.79656600952148,,0.0034036378162141103,493742831727.70398,0.0045964362070467337,0
blk-r32-l64,11,111023,27006,1728384,892.79656600952148,,0.0031719335621738266,622612866724.63013,0.0042330457301770624,0
blk-r32-l64,11,111023,27405,1753920,892.79656600952148,,0.023600157424532461,557.97746439818513,0.028778215485950203,0
blk-r32-l64,11,111023,27783,1778112,892.79656600952148,,0.0014075300890990135,45060.58323392483,0.0021150952558960275,0
blk-r32-l64,11,111023,28182,1803648,892.79656600952148,,0.0023035926646283534,35596261.039253198,0.004710106655355489,0
blk-r32-l64,11,111023,28581,1829184,892.79656600952148,,0.00052203806712637841,465430422.41760528,0.0010800315679640965,0
blk-r32-l64,11,111023,28980,1854720,892.79656600952148,,0.071516674549876369,635.69610367375753,0.11337768222649289,0
blk-r32-l64,11,111023,29379,1880256,892.79656600952148,,0.045544226342760959,8365.6818612614898,0.026067246650861194,0
blk-r32-l64,11,111023,29778,1905792,892.79656600952148,,0.0030176244103738534,31826811.057547294,0.0026570933932877263,0
blk-r32-l64,11,111023,30177,1931328,892.79656600952148,,0.00065443145751295235,73949934.970149636,0.00039265273558701486,0
blk-r32-l64,11,111023,30576,1956864,892.79656600952148,,0.071979158991611933,397.36467906775198,0.073842279712030681,0
blk-r32-l64,11,111023,30959,1981376,814.70568974812829,,0.0054002727432762758,55105.730949278295,0.0034495385165078081,0
blk-r32-l64,11,111023,31374,2007936,814.16934967041016,,0.00014649903547896262,6106011.2572975317,8.3649552835762112e-05,0
blk-r32-l64,11,111023,31752,2032128,814.16934967041016,,0.037534645565038424,713.25803716235225,0.04656996106313703,0
blk-r32-l64,11,111023,32151,2057664,814.16934967041016,,0.00088756199431886838,4325112.8542204667,0.0010977405734877914,0
blk-r32-l64,11,111023,32550,2083200,814.16934967041016,,0.00043353632459366357,27726642.371448115,0.00032933303776022411,0
blk-r32-l64,11,111023,32949,2108736,814.16934967041016,,0.06900483907158983,385.91284441260308,0.087519302826873188,0
blk-r32-l64,11,111023,33348,2134272,814.16934967041016,,0.047450566236374926,11501.896938921029,0.037331341570411555,0
blk-r32-l64,11,111023,33747,2159808,814.16934967041016,,0.0030038394598572073,1453660.7187672937,0.0021912797837928548,0
blk-r32-l64,11,111023,34146,2185344,814.16934967041016,,0.069606212984059099,120.61017045384246,0.079552596152658361,0
blk-r32-l64,11,111023,34545,2210880,814.16934967041016,,0.0024022058417680872,31708.842763028206,0.0022450486115873007,0
blk-r32-l64,11,111023,34944,2236416,814.16934967041016,,5.5808810604962661e-05,38192883.759079039,6.7326319790721029e-05,0
blk-r32-l64,11,111023,35322,2260608,814.16934967041016,,0.0083064032461363929,3768.0238218423319,0.0096896271684668821,0
blk-r32-l64,11,111023,35721,2286144,814.16934967041016,,0.0027675554003556801,1577273.2551132489,0.0038220627763349154,0
blk-r32-l64,11,111023,36120,2311680,814.16934967041016,,0.00080695899289181074,59981765.605361089,0.0012524807517172319,0
blk-r32-l64,11,111023,36519,2337216,814.16934967041016,,0.096278679302830211,17.200077994851178,0.11758028765496112,0
blk-r32-l64,11,111023,36918,2362752,814.16934967041016,,0.011302796104167895,1873.6411286558537,0.010432813185705577,0
blk-r32-l64,11,111023,37317,2388288,814.16934967041016,,0.00028353686548444375,440999.24709971756,0.00027109906573483659,0
blk-r32-l64,11,111023,37716,2413824,814.16934967041016,,0.014778972761917527,242.77999554253799,0.017149506430205127,0
blk-r32-l64,11,111023,38115,2439360,814.16934967041016,,0.0018652748813661724,19082.309349822764,0.0027124936490594662,0
blk-r32-l64,11,111023,38514,2464896,814.16934967041016,,0.00015176606738970337,15465068.548686445,0.00024582746511707517,0
blk-r32-l64,11,111023,38913,2490432,814.16934967041016,,0.025023659271539263,770.04461824507234,0.030340625372060972,0
blk-r32-l64,11,111023,39291,2514624,814.16934967041016,,0.00029964515045808899,446586.8389612129,0.00038111941438511912,0
blk-r32-l64,11,111023,39690,2540160,814.16934967041016,,0.00020037399552343252,4543047.0804062467,0.0002663430263563779,0
blk-r32-l64,11,111023,40089,2565696,814.16934967041016,,0.033300630890907866,1530.3393226154501,0.03837258524510169,0
blk-r32-l64,11,111023,40488,2591232,814.16934967041016,,0.0025362792536312634,279892.35699316219,0.002887000768449523,0
blk-r32-l64,11,111023,40887,2616768,814.16934967041016,,0.24786136516944698,3.0228487843133469,0.2677388098074604,0
blk-r32-l64,11,111023,41286,2642304,814.16934967041016,,0.0079607235407057279,9421.1064515885919,0.014710577593123064,0
blk-r32-l64,11,111023,41685,2667840,814.16934967041016,,0.0097809914376115383,2832376.3668705947,0.021862103315902846,0
blk-r32-l64,11,111023,42084,2693376,814.16934967041016,,0.2662060232122746,245508.80042141877,0.13635977391077692,0
blk-r32-l64,11,111023,42483,2718912,814.16934967041016,,0.91647372028447172,45692.535525010928,0.13894058088814251,0
blk-r32-l64,11,111023,42882,2744448,814.16934967041016,,0.021861455038091105,67542537.953285381,0.0035648075460585908,0
blk-r32-l64,11,111023,43260,2768640,814.16934967041016,,0.12732437595999938,5.3071136667059786,0.14921164220493058,0
blk-r32-l64,11,111023,43659,2794176,814.16934967041016,,0.011430031949061302,3355.3764571747101,0.01345702064132376,0
blk-r32-l64,11,111023,44058,2819712,814.16934967041016,,0.00082487782234030469,896196.1400161651,0.00087795674589360984,0
blk-r32-l64,11,111023,44457,2845248,814.16934967041016,,0.00012836215691130676,24546926.93105622,0.00017579854891481487,0
blk-r32-l64,11,111023,44520,2849280,814.16934967041016,,0.00012566424731985158,29437651.92919353,0.00019048863170378032,0
blk-r32-l64-passive,11,111023,1,64,31205.65421930949,,0.25330703484798583,1.0043306965090044,0.24609210870370268,0
blk-r32-l64-passive,11,111023,5,320,9595.2979774475098,,0.22921864750360274,1.3857358475652866,0.2441809435860649,0
blk-r32-l64-passive,11,111023,160,10240,1079.6713994344075,,0.051840355534116887,38.405363777574991,0.05239896084763572,0
blk-r32-l64-passive,11,111023,399,25536,972.28685124715173,,0.0096100416802385319,7111.717723756753,0.012359500166127926,0
blk-r32-l64-passive,11,111023,797,51008,969.4834874471029,,0.00058626111473382046,1592058.6069411533,0.00088411026534471887,0
blk-r32-l64-passive,11,111023,1197,76608,969.31250890096032,,0.00016391554360579736,13185271.385292158,0.00018066193692951421,0
blk-r32-l64-passive,11,111023,1596,102144,969.31250890096032,,0.037555060902934222,198.94528854234332,0.042221765573832233,0
blk-r32-l64-passive,11,111023,1995,127680,969.31250890096032,,0.0013108904251835157,34537.096340147655,0.0014630055145455178,0
blk-r32-l64-passive,11,111023,2394,153216,969.31250890096032,,0.0012264364892585853,1182037221.3264592,0.010608529837182851,0
blk-r32-l64-passive,11,111023,2793,178752,969.31250890096032,,0.012345950388306517,1625204497.1376557,0.014807255092006455,0
blk-r32-l64-passive,11,111023,3192,204288,969.31250890096032,,0.00332483816106876,935297822.53543246,0.0013320982399203233,0
blk-r32-l64-passive,11,111023,3591,229824,969.31250890096032,,0.028951017852509562,703.28369826650032,0.036541363209464321,0
blk-r32-l64-passive,11,111023,3969,254016,969.31250890096032,,0.026848683852812402,10193.40505245794,0.024352469438957518,0
blk-r32-l64-passive,11,111023,4368,279552,969.31250890096032,,0.00083972921995681675,557672.22767070355,0.00053509452108507327,0
blk-r32-l64-passive,11,111023,4767,305088,969.31250890096032,,0.1276270386619841,6.5735346728225128,0.15116431757768395,0
blk-r32-l64-passive,11,111023,5166,330624,969.31250890096032,,0.0091980694206743978,7209.1134336273399,0.010090482772970727,0
blk-r32-l64-passive,11,111023,5565,356160,969.31250890096032,,0.00018615289069964829,720934.95799073391,0.00015185292197685953,0
blk-r32-l64-passive,11,111023,5964,381696,969.31250890096032,,0.00020208623100110594,2623645.0866506482,0.00017138401484973674,0
blk-r32-l64-passive,11,111023,6363,407232,969.31250890096032,,0.018797136598312419,326.9998487315666,0.019039462809531178,0
blk-r32-l64-passive,11,111023,6762,432768,969.31250890096032,,0.00053389823016404081,65309.487891830584,0.00050049370927405731,0
blk-r32-l64-passive,11,111023,7161,458304,969.31250890096032,,0.039999476369465582,22.376504375133177,0.045737389575718636,0
blk-r32-l64-passive,11,111023,7560,483840,969.31250890096032,,0.0048173419401608755,19552.856788753706,0.0044164081339209248,0
blk-r32-l64-passive,11,111023,7938,508032,969.31250890096032,,0.00021550966615977907,694698.71569288627,0.00020931486231965123,0
blk-r32-l64-passive,11,111023,8337,533568,969.31250890096032,,0.049676882497360068,202.01065616201015,0.053681725373005897,0
blk-r32-l64-passive,11,111023,8736,559104,969.31250890096032,,0.0010590365103635719,11333.704701153529,0.00066555350554601937,0
blk-r32-l64-passive,11,111023,9135,584640,969.31250890096032,,0.098786135291514532,3.7337017115354971,0.10068720155972932,0
blk-r32-l64-passive,11,111023,9534,610176,969.31250890096032,,0.018944050633835904,1015.5552810165581,0.016046195907325565,0
blk-r32-l64-passive,11,111023,9933,635712,969.31250890096032,,0.10125034853872901,6448.3416724285189,0.055962176075081534,0
blk-r32-l64-passive,11,111023,10332,661248,969.31250890096032,,0.0061422985670121126,268746.51188779145,0.003056499244261809,0
blk-r32-l64-passive,11,111023,10731,686784,969.31250890096032,,0.00037758799705688343,5905363.3298641937,0.00016926701239804645,0
blk-r32-l64-passive,11,111023,11130,712320,969.31250890096032,,0.017938991838819678,1199.751848920946,0.017616750974406709,0
blk-r32-l64-passive,11,111023,11529,737856,969.31250890096032,,7.5229485118257083e-05,309681.84674130857,8.3898930609861838e-05,0
blk-r32-l64-passive,11,111023,11907,762048,924.23189544677734,,0.037901340390896154,1322.5053383483896,0.046565012263153412,0
blk-r32-l64-passive,11,111023,12306,787584,886.90476099650061,,0.0011025597091585961,216721.34865603087,0.00084713100241322163,0
blk-r32-l64-passive,11,111023,12705,813120,886.82726160685218,,0.21736097756898068,2.7302087018805743,0.23128851755660901,0
blk-r32-l64-passive,11,111023,13104,838656,886.82726160685218,,0.028928709562298319,6460.8993114950554,0.026534784340636955,0
blk-r32-l64-passive,11,111023,13503,864192,886.82726160685218,,0.00063059945244472114,1266815.3848192845,0.00042495744485417076,0
blk-r32-l64-passive,11,111023,13902,889728,886.82726160685218,,0.26321756156371534,1.9890032269759623,0.28778260665643363,0
blk-r32-l64-passive,11,111023,14301,915264,886.82726160685218,,0.032995933414222314,731.52380116645111,0.032434045618227152,0
blk-r32-l64-passive,11,111023,14700,940800,886.82726160685218,,0.00082328673293174406,24061.053675110321,0.00056005337665149322,0
blk-r32-l64-passive,11,111023,15099,966336,886.82726160685218,,8.1878523526764845e-05,898778.56416484423,5.1211673142838089e-05,0
blk-r32-l64-passive,11,111023,15498,991872,886.82726160685218,,0.036709036790559479,2296.7011874379609,0.032579242209764867,0
blk-r32-l64-passive,11,111023,15876,1016064,886.82726160685218,,0.0013306526211941789,305786.61550432647,0.0011879533996026702,0
blk-r32-l64-passive,11,111023,16275,1041600,886.82726160685218,,8.2201543333930034e-05,1313046.1524841832,7.7868122005155877e-05,0
blk-r32-l64-passive,11,111023,16674,1067136,886.82726160685218,,0.035963109578498638,680.29937029141627,0.038765127980943642,0
blk-r32-l64-passive,11,111023,17073,1092672,886.82726160685218,,0.00043246924289248498,320082.34409197659,0.0005391948389423146,0
blk-r32-l64-passive,11,111023,17472,1118208,886.82726160685218,,0.00016137971031432151,296237.86886674043,0.00014308994809735515,0
blk-r32-l64-passive,11,111023,17871,1143744,886.82726160685218,,0.059019403583635908,518.82275246314657,0.070654429491981183,0
blk-r32-l64-passive,11,111023,18270,1169280,886.82726160685218,,0.0035817712540758798,70470.639117988059,0.0024650640718963911,0
blk-r32-l64-passive,11,111023,18669,1194816,886.82726160685218,,0.00013940892729999424,786843.83817677409,8.9098428834669076e-05,0
blk-r32-l64-passive,11,111023,19068,1220352,886.82726160685218,,0.042454656094668988,55.979589516142667,0.048210577491549014,0
blk-r32-l64-passive,11,111023,19467,1245888,886.82726160685218,,0.022101380781960087,7404.3526158676586,0.021194457051388605,0
blk-r32-l64-passive,11,111023,19845,1270080,886.82726160685218,,0.0090993142957027564,186670.88194890018,0.0080506097145428002,0
blk-r32-l64-passive,11,111023,20244,1295616,886.82726160685218,,0.00030311437452503246,11742465.263880476,0.00025711955465379895,0
blk-r32-l64-passive,11,111023,20643,1321152,886.82726160685218,,0.02813676557604065,281.89885424460988,0.034407390225069126,0
blk-r32-l64-passive,11,111023,21042,1346688,886.82726160685218,,0.0021110125624469664,55390.507820089471,0.0022035144918405927,0
blk-r32-l64-passive,11,111023,21441,1372224,886.82726160685218,,0.00089936412241753937,14716037.792828863,0.0011689835661193228,0
blk-r32-l64-passive,11,111023,21840,1397760,886.82726160685218,,0.00012078016570578859,11879653.576781556,0.00010166201886610462,0
blk-r32-l64-passive,11,111023,22239,1423296,886.82726160685218,,0.047675863904061262,519.44180187230529,0.045907848089901129,0
blk-r32-l64-passive,11,111023,22638,1448832,886.82726160685218,,0.0020854648347256592,34902.589803236355,0.0016415118297720209,0
blk-r32-l64-passive,11,111023,23037,1474368,886.82726160685218,,0.00036928230196455456,1766160.4107399897,0.00027837544087421314,0
blk-r32-l64-passive,11,111023,23436,1499904,886.82726160685218,,0.043036712717537264,215.93932765769961,0.046974065744136109,0
blk-r32-l64-passive,11,111023,23814,1524096,884.23839696248376,,0.0011439965139324808,85967.135559077593,0.0012676954572814971,0
blk-r32-l64-passive,11,111023,24213,1549632,884.01916376749671,,0.27740188765874696,2.3019052382117713,0.3257350008996987,0
blk-r32-l64-passive,11,111023,24612,1575168,884.01916376749671,,0.023170790952398202,1498.0754246298666,0.024661664893052666,0
blk-r32-l64-passive,11,111023,25011,1600704,884.01916376749671,,0.00097578952756259866,373863.03352743026,0.0012858770825497053,0
blk-r32-l64-passive,11,111023,25410,1626240,884.01916376749671,,0.00038877293541333491,3752500.5384668503,0.00042073743978803294,0
blk-r32-l64-passive,11,111023,25809,1651776,884.01916376749671,,0.043634941088224431,111.15184942080496,0.060210318371121729,0
blk-r32-l64-passive,11,111023,26208,1677312,884.01916376749671,,0.0086721539777602826,5815.1162921747045,0.0070288366728152325,0
blk-r32-l64-passive,11,111023,26607,1702848,884.01916376749671,,0.00037527785677347815,8286554.840393452,0.00024509098926917791,0
blk-r32-l64-passive,11,111023,27006,1728384,884.01916376749671,,0.0018388248609687208,60920151.002693877,0.00085034160059877363,0
blk-r32-l64-passive,11,111023,27405,1753920,884.01916376749671,,0.056654145955409463,37.93321598294412,0.062614866868578256,0
blk-r32-l64-passive,11,111023,27783,1778112,884.01916376749671,,0.014249716810856626,12046.529899050294,0.010728321071993797,0
blk-r32-l64-passive,11,111023,28182,1803648,884.01916376749671,,0.00035785258909914146,2652113.1316254809,0.00043371542208844795,0
blk-r32-l64-passive,11,111023,28581,1829184,884.01916376749671,,0.043147561066422729,168.28210645380651,0.050184833746472333,0
blk-r32-l64-passive,11,111023,28980,1854720,884.01916376749671,,0.0021933854881384055,8180.2894587353339,0.0017024287447636047,0
blk-r32-l64-passive,11,111023,29379,1880256,884.01916376749671,,0.0002841937243873341,2732130.7076975326,0.00038609879493727684,0
blk-r32-l64-passive,11,111023,29778,1905792,884.01916376749671,,0.0015516022895993187,41366978.325279973,0.00096206248146771527,0
blk-r32-l64-passive,11,111023,30177,1931328,884.01916376749671,,0.0025422344078883806,208886735.0802756,0.0013731601479337649,0
blk-r32-l64-passive,11,111023,30576,1956864,884.01916376749671,,0.019614079414685442,972.64269673626723,0.024686016729257364,0
blk-r32-l64-passive,11,111023,30975,1982400,884.01916376749671,,0.00024902187049225178,949912.61584024772,0.00037561501866413012,0
blk-r32-l64-passive,11,111023,31374,2007936,884.01916376749671,,0.058914521491212256,73.375247304791074,0.073739157844210673,0
blk-r32-l64-passive,11,111023,31752,2032128,884.01916376749671,,0.0018481487628181415,10984.550830776103,0.001748240586564277,0
blk-r32-l64-passive,11,111023,32151,2057664,884.01916376749671,,5.1325206785996218e-05,450932.77946987894,3.6988158868182653e-05,0
blk-r32-l64-passive,11,111023,32550,2083200,884.01916376749671,,0.047075952600671982,2862.4677271205646,0.057152637414530319,0
blk-r32-l64-passive,11,111023,32949,2108736,884.01916376749671,,0.0070777277931606238,66575.058506176167,0.0055318022478345243,0
blk-r32-l64-passive,11,111023,33348,2134272,884.01916376749671,,0.00010100304225615601,848513.78415363282,9.5797099648552842e-05,0
blk-r32-l64-passive,11,111023,33747,2159808,884.01916376749671,,0.020162372065814328,980.06320192596047,0.020636752651780312,0
blk-r32-l64-passive,11,111023,34146,2185344,884.01916376749671,,0.0011038727761616505,1545510.0603908016,0.0018785525490121187,0
blk-r32-l64-passive,11,111023,34545,2210880,884.01916376749671,,0.0045135124445323561,1041601039.6221606,0.0093435462544841363,0
blk-r32-l64-passive,11,111023,34944,2236416,884.01916376749671,,0.31075999731440712,2.1406776354577359,0.33631093381675448,0
blk-r32-l64-passive,11,111023,35322,2260608,884.01916376749671,,0.012488094641507986,833.2500322639014,0.01403051090103844,0
blk-r32-l64-passive,11,111023,35721,2286144,884.01916376749671,,0.0035864871494738063,97232.923204054299,0.0046454274918263788,0
blk-r32-l64-passive,11,111023,36120,2311680,884.01916376749671,,0.00030110276553099426,13587476.395439338,0.00029420090026272303,0
blk-r32-l64-passive,11,111023,36519,2337216,884.01916376749671,,0.021385899210949095,195.02425397787368,0.026331922002606062,0
blk-r32-l64-passive,11,111023,36918,2362752,884.01916376749671,,0.00023191879113182583,770841.60079216887,0.00035887109998812555,0
blk-r32-l64-passive,11,111023,37317,2388288,884.01916376749671,,0.05894268342769772,184.14840789193144,0.077174056443751818,0
blk-r32-l64-passive,11,111023,37716,2413824,884.01916376749671,,0.0029698758962655868,13362.00613612893,0.002773664525102265,0
blk-r32-l64-passive,11,111023,38115,2439360,884.01916376749671,,0.00021858390413219558,6765304.5773853976,0.0002341269854684315,0
blk-r32-l64-passive,11,111023,38514,2464896,884.01916376749671,,0.032391509141933776,160.26551284554742,0.035762438595149271,0
blk-r32-l64-passive,11,111023,38913,2490432,884.01916376749671,,0.0011008752568635186,690383.53482017713,0.0011998659229939708,0
blk-r32-l64-passive,11,111023,39291,2514624,884.01916376749671,,0.0012497189881570262,39181981.877172112,0.0029102175994841703,0
blk-r32-l64-passive,11,111023,39690,2540160,884.01916376749671,,0.00022962832221302696,257879500.84922332,0.00029197344980903611,0
blk-r32-l64-passive,11,111023,40089,2565696,884.01916376749671,,0.035300800698254156,589.62212204656521,0.0429305524871538,0
blk-r32-l64-passive,11,111023,40488,2591232,884.01916376749671,,0.0014817280379608331,149200.22929064528,0.0018664490638316293,0
blk-r32-l64-passive,11,111023,40887,2616768,884.01916376749671,,8.8684129106530906e-05,17518892.183512338,0.00017493495029699234,0
blk-r32-l64,12,111024,1,64,22083.260697682697,,0.26356150666872413,1.1150164082266658,0.26655071176695849,0
blk-r32-l64,12,111024,5,320,6173.7597401936846,,0.2312667082613197,1.4357600367736951,0.24742806194909742,0
blk-r32-l64,12,111024,40,2560,1686.3520113627117,,0.20932226772439352,3.7077477948549467,0.22732752051322644,0
blk-r32-l64,12,111024,399,25536,1302.49302927653,,0.012534980492513522,4060.2940027073651,0.022050162379277021,0
blk-r32-l64,12,111024,798,51072,1297.9689242045085,,0.00026691214424213235,5555047.6251167096,0.00044126251996099824,0
blk-r32-l64,12,111024,1197,76608,1297.9637018839519,,0.11354661371933739,5.9718256980512585,0.13232184071311498,0
blk-r32-l64,12,111024,1590,101760,1253.0957387288411,,0.0029292886920098105,25921.3023299673,0.0056118931207342843,0
blk-r32-l64,12,111024,1995,127680,1252.7736473083496,,7.6650630477341226e-05,2408368.7427965924,0.00018090024653809997,0
blk-r32-l64,12,111024,2394,153216,1252.7735570271809,,0.038965976445793853,131.26549052781581,0.046685376038007105,0
blk-r32-l64,12,111024,2785,178240,1233.2139167785645,,0.0033707021120018012,43514.517217687935,0.004480292687400203,0
blk-r32-l64,12,111024,3192,204288,1233.0709330240886,,0.16063603991807326,3.7502332618957515,0.18491389824854856,0
blk-r32-l64,12,111024,3591,229824,1233.0709330240886,,0.0049368289864948466,850.6975314425074,0.0052134059342415382,0
blk-r32-l64,12,111024,3969,254016,1233.0709330240886,,0.00028855045987944973,22532637.637866817,0.00043298509571700283,0
blk-r32-l64,12,111024,4368,279552,1233.0709330240886,,0.036422261740699929,121.2899231784708,0.048948032459091788,0
blk-r32-l64,12,111024,4767,305088,1118.3610496520996,,0.028392746243211444,9162.5383314947157,0.029123509812636134,0
blk-r32-l64,12,111024,5166,330624,1115.6590105692546,,0.00031850459894139447,9748882.5154177118,0.0003985859063680266,0
blk-r32-l64,12,111024,5557,355648,1104.7092997233074,,0.043750476339979326,142.00041737731564,0.052567727038290275,0
blk-r32-l64,12,111024,5956,381184,1020.2715161641439,,0.00052060082512483496,1516540.9686046557,0.00060067916259326363,0
blk-r32-l64,12,111024,6363,407232,1020.2247581481934,,0.060065441060514778,60.874902442821522,0.071553645622897025,0
blk-r32-l64,12,111024,6752,432128,998.57707850138343,,0.0071502313654403645,12715.905809061533,0.0072064455898560604,0
blk-r32-l64,12,111024,7147,457408,997.01324590047204,,0.00026600131527179454,2425929.8188713449,0.0002635348183924989,0
blk-r32-l64,12,111024,7560,483840,996.99330012003577,,0.00030559052602801607,140210538.49690685,0.00026362024457709626,0
blk-r32-l64,12,111024,7938,508032,996.99326960245764,,0.041836358957271474,517.14084529407876,0.044205019826441851,0
blk-r32-l64,12,111024,8337,533568,996.99326960245764,,0.0019291437594199917,18835.053383686638,0.0015120819155293561,0
blk-r32-l64,12,111024,8736,559104,996.99326960245764,,0.00018233162997850438,2340826.9241349478,0.00013883289380881524,0
blk-r32-l64,12,111024,9135,584640,996.99326960245764,,0.063220451671968492,351.85321709182136,0.077854136333321194,0
blk-r32-l64,12,111024,9529,609856,895.7959200541178,,0.00066684708696451267,200928.12820372393,0.0010193727277221841,0
blk-r32-l64,12,111024,9933,635712,895.69793955485022,,0.080203510681118292,10.312892764506472,0.09541846801116631,0
blk-r32-l64,12,111024,10332,661248,895.69793955485022,,0.024725969234247618,15891.094414577179,0.023156711082158377,0
blk-r32-l64,12,111024,10731,686784,895.69793955485022,,9.5056131138036539e-05,3433675.0162778939,0.00010359475931755788,0
blk-r32-l64,12,111024,11130,712320,895.69793955485022,,0.026496624938509968,3056.2634393095686,0.032582313308644133,0
blk-r32-l64,12,111024,11529,737856,895.69793955485022,,0.00032647620306573114,2295105.2907903595,0.00034552144156786056,0
blk-r32-l64,12,111024,11907,762048,895.69793955485022,,0.17301009151683308,3.1140070798411585,0.18587134353949469,0
blk-r32-l64,12,111024,12306,787584,895.69793955485022,,0.0067599215536143136,11774.832134189741,0.010139826670347928,0
blk-r32-l64,12,111024,12705,813120,895.69793955485022,,0.00020659742285459383,2876265.8499373221,0.00037749159638789592,0
blk-r32-l64,12,111024,13104,838656,895.69793955485022,,0.17130360129178562,5.2188227632558446,0.1878122636664977,0
blk-r32-l64,12,111024,13503,864192,895.69793955485022,,0.037901628067337982,918.40035334562367,0.028988731874304622,0
blk-r32-l64,12,111024,13902,889728,895.69793955485022,,0.00052620337089001037,711790.49358796538,0.00052877225959096531,0
blk-r32-l64,12,111024,14301,915264,895.69793955485022,,0.083070009739381417,14.902308349912758,0.10854271231137869,0
blk-r32-l64,12,111024,14700,940800,895.69793955485022,,0.11092233121819435,4032.7788406926143,0.102674198802334,0
blk-r32-l64,12,111024,15083,965312,890.63002141316736,,0.0026228247376008399,238005.24910666046,0.0019156626728119915,0
blk-r32-l64,12,111024,15485,991040,889.18736267089844,,0.008660102369331556,36717266.291666076,0.0082942096994892602,0
blk-r32-l64,12,111024,15876,1016064,889.05945332845056,,0.33638622969720738,2.2300076469087751,0.38033648351160848,0
blk-r32-l64,12,111024,16275,1041600,889.05945332845056,,0.0087540917030491557,9939.3429054664066,0.01254230006348381,0
blk-r32-l64,12,111024,16674,1067136,889.05945332845056,,0.0025301123054298929,409158.29474455066,0.0030701969237505369,0
blk-r32-l64,12,111024,17073,1092672,889.05945332845056,,0.00019235365473742506,5257013.9752934864,0.00019810817040410471,0
blk-r32-l64,12,111024,17472,1118208,889.05945332845056,,0.035594763611004769,2064.9366169227951,0.048335780672343127,0
blk-r32-l64,12,111024,17871,1143744,889.05945332845056,,0.010818236497094503,44539.6547391942,0.011131288464543676,0
blk-r32-l64,12,111024,18270,1169280,889.05945332845056,,0.00029368331599750956,1160420.5991513445,0.00026641408994126144,0
blk-r32-l64,12,111024,18669,1194816,889.05945332845056,,0.067888590768586776,155.20578180522361,0.084882204995799751,0
blk-r32-l64,12,111024,19053,1219392,882.7524083455404,,0.0056834944954569141,226076.74298515017,0.0088763856534835733,0
blk-r32-l64,12,111024,19467,1245888,881.96726989746094,,0.000271569134341889,40449536.711331844,0.0004258322774906256,0
blk-r32-l64,12,111024,19845,1270080,881.96726989746094,,0.036066424994674329,8245.4647879912918,0.061446582993777234,0
blk-r32-l64,12,111024,20244,1295616,881.96726989746094,,0.00030346054045801604,1641883.4584300746,0.00044266725984503551,0
blk-r32-l64,12,111024,20643,1321152,881.96726989746094,,0.0011793481788845088,607495102.61416376,0.0018234898957086674,0
blk-r32-l64,12,111024,21042,1346688,881.96726989746094,,0.021028559908479832,1017.1278648805901,0.026671266077507666,0
blk-r32-l64,12,111024,21441,1372224,881.96726989746094,,0.00085245551341431769,3061674.401182679,0.0012427519874220463,0
blk-r32-l64,12,111024,21840,1397760,881.96726989746094,,9.677330788122597e-05,4574833.6710392535,0.00011467889020795831,0
blk-r32-l64,12,111024,22239,1423296,881.96726989746094,,0.0099246627144251882,7796.7897301144176,0.021234005401337356,0
blk-r32-l64,12,111024,22638,1448832,881.96726989746094,,0.00043055221322452767,9701176.5229334589,0.00090528221317129332,0
blk-r32-l64,12,111024,23037,1474368,881.96726989746094,,0.0010465814661070356,295084431.07121193,0.0016167739293032706,0
blk-r32-l64,12,111024,23436,1499904,881.96726989746094,,0.037935663062309943,613.15344159841391,0.041481494813466725,0
blk-r32-l64,12,111024,23814,1524096,881.96726989746094,,0.012090137229308275,24963.063302392125,0.0099355020526611278,0
blk-r32-l64,12,111024,24213,1549632,881.96726989746094,,0.0002597418583555292,6771365.7576445984,0.0002947873715279671,0
blk-r32-l64,12,111024,24612,1575168,881.96726989746094,,0.03380270957379311,518.65970485975913,0.043820673348863116,0
blk-r32-l64,12,111024,25011,1600704,881.96726989746094,,0.0025311236476102572,130976.18908996755,0.0042661426743174254,0
blk-r32-l64,12,111024,25410,1626240,881.96726989746094,,0.0019115145779169077,173861293.42984098,0.0061058423224325271,0
blk-r32-l64,12,111024,25809,1651776,881.96726989746094,,0.0049187234158624433,1105444565.6947479,0.0054525634293694459,0
blk-r32-l64,12,111024,26208,1677312,881.96726989746094,,0.24340896624418631,2.0119899300218638,0.26838212349066604,0
blk-r32-l64,12,111024,26607,1702848,881.96726989746094,,0.011614734274396027,1609.1466576105536,0.012864697662019338,0
blk-r32-l64,12,111024,27006,1728384,881.96726989746094,,0.00046469234173789065,976446.01749190665,0.00060653096580156099,0
blk-r32-l64,12,111024,27405,1753920,881.96726989746094,,0.055865095727554728,10.574193862199118,0.06747350372820396,0
blk-r32-l64,12,111024,27783,1778112,881.96726989746094,,0.0030229092051712982,1180.8501428669085,0.0033929132196176726,0
blk-r32-l64,12,111024,28182,1803648,881.96726989746094,,8.3397173311011065e-05,174768.52992386371,7.8353614469694189e-05,0
blk-r32-l64,12,111024,28581,1829184,881.96726989746094,,0.0012651429674583397,20855568.564775143,0.0010853448046554534,0
blk-r32-l64,12,111024,28980,1854720,881.96726989746094,,0.043908659864331366,202.80935533152041,0.052748727877403999,0
blk-r32-l64,12,111024,29379,1880256,881.96726989746094,,0.0040563344123761697,44293.979464745258,0.0066100119548897756,0
blk-r32-l64,12,111024,29778,1905792,881.96726989746094,,0.00023667478859701918,23949193.381999724,0.00045921889729438697,0
blk-r32-l64,12,111024,30177,1931328,881.96726989746094,,0.030776936548138487,555.80765971422113,0.034245040566953044,0
blk-r32-l64,12,111024,30576,1956864,881.96726989746094,,0.0010544809898001722,243976.06934139575,0.001602954142427406,0
blk-r32-l64,12,111024,30975,1982400,881.96726989746094,,0.0012349277563876097,131946161.08652475,0.0069072561293620476,0
blk-r32-l64,12,111024,31374,2007936,881.96726989746094,,0.00058659887492968894,87787178.51890035,0.00096414076329250802,0
blk-r32-l64,12,111024,31752,2032128,881.96726989746094,,0.02841303041822018,2575.504112365194,0.028660009900375615,0
blk-r32-l64,12,111024,32151,2057664,881.96726989746094,,0.0017014369144954414,3816158.7130120201,0.0012435434208534278,0
blk-r32-l64,12,111024,32550,2083200,881.96726989746094,,0.00053199597268221532,21153135.832960043,0.00049557713500454224,0
blk-r32-l64,12,111024,32949,2108736,881.96726989746094,,0.030219991866218321,1737.2683835289006,0.040400728609727508,0
blk-r32-l64,12,111024,33348,2134272,881.96726989746094,,0.00067339276130477051,93881.771446872721,0.00063890942506516189,0
blk-r32-l64,12,111024,33747,2159808,881.96726989746094,,0.20119118671811667,3.9221482018746996,0.23347278020996615,0
blk-r32-l64,12,111024,34146,2185344,881.96726989746094,,0.026025969862264079,12697.379810686323,0.028910478923681735,0
blk-r32-l64,12,111024,34545,2210880,881.96726989746094,,0.0032997374631642601,2394972.1613165336,0.0038431756038033319,0
blk-r32-l64,12,111024,34944,2236416,881.96726989746094,,8.1001528026559413e-05,27912484.171240162,0.00010704855239571063,0
blk-r32-l64,12,111024,35322,2260608,881.96726989746094,,0.024724231833608109,9611.6392930440888,0.027131400202283051,0
blk-r32-l64,12,111024,35721,2286144,881.96726989746094,,0.00022345131332563838,3418555.6423334796,0.00026241559531940684,0
blk-r32-l64,12,111024,36120,2311680,881.96726989746094,,0.033071630134697549,426.55389888249135,0.042134909328375811,0
blk-r32-l64,12,111024,36519,2337216,881.96726989746094,,0.0021831755919217966,14936.355673446438,0.0024382281187286456,0
blk-r32-l64,12,111024,36918,2362752,881.96726989746094,,6.0349130565761769e-05,3133592.573432744,8.3562032526321708e-05,0
blk-r32-l64,12,111024,37317,2388288,881.96726989746094,,0.054446601341587353,1249.9187604464312,0.056360772559830581,0
blk-r32-l64,12,111024,37716,2413824,881.96726989746094,,0.0059740775195426263,33495.473968129976,0.0034643406194801839,0
blk-r32-l64,12,111024,38115,2439360,881.96726989746094,,9.9594485807975251e-05,1393579.4859393432,5.0741972256273118e-05,0
blk-r32-l64-passive,12,111024,1,64,22083.260697682697,,0.26356150666872413,1.0824443583163177,0.26582155951668124,0
blk-r32-l64-passive,12,111024,5,320,4947.4316151936846,,0.24272239034369381,1.3628833132060207,0.25987652217407176,0
blk-r32-l64-passive,12,111024,160,10240,1266.5290794372559,,0.060464847000907193,49.416623636422905,0.073642204003919923,0
blk-r32-l64-passive,12,111024,399,25536,1194.617940266927,,0.010610558151730435,4617.8749482752464,0.011140520570132503,0
blk-r32-l64-passive,12,111024,798,51072,1193.2742945353191,,0.00019618898207554927,3769816.2363082902,0.00022433105026294057,0
blk-r32-l64-passive,12,111024,1197,76608,1193.2742563883464,,0.034000974898516612,204.77455637050011,0.042491197130557087,0
blk-r32-l64-passive,12,111024,1594,102016,1189.6476504007976,,0.0057977370873155314,4483.1066351496174,0.00496382374584771,0
blk-r32-l64-passive,12,111024,1995,127680,1188.2910753885906,,0.0002792390341786479,535871.33218324475,0.00024533496061047023,0
blk-r32-l64-passive,12,111024,2394,153216,1188.2909329732258,,0.036733382696765952,170.1143541882806,0.039107316929257063,0
blk-r32-l64-passive,12,111024,2779,177856,1075.6500027974446,,0.017750702669654114,2946.0196794714138,0.013755390971373713,0
blk-r32-l64-passive,12,111024,3176,203264,1072.363468170166,,0.0011502958317448837,662283.39917041687,0.00074265149421619085,0
blk-r32-l64-passive,12,111024,3591,229824,1072.3269742329915,,0.14374467529723012,4.5400902291510121,0.16021070988673058,0
blk-r32-l64-passive,12,111024,3969,254016,1072.3269742329915,,0.011067119817126648,1095.8296058324815,0.0083170968443969373,0
blk-r32-l64-passive,12,111024,4368,279552,1072.3269742329915,,0.00037056592064051169,584703.98158754793,0.00034788693109326618,0
blk-r32-l64-passive,12,111024,4767,305088,1072.3269742329915,,0.0026333643800722961,116136677.21575262,0.0030069673851394322,0
blk-r32-l64-passive,12,111024,5166,330624,1072.3269742329915,,0.0013080952670805116,493292522.10247833,0.0010499509491836909,0
blk-r32-l64-passive,12,111024,5565,356160,1072.3269742329915,,0.017187414968558565,565.52838136225137,0.025978451699716104,0
blk-r32-l64-passive,12,111024,5964,381696,1072.3269742329915,,0.0012790836389184456,141011.33067863996,0.0017051827954702079,0
blk-r32-l64-passive,12,111024,6363,407232,1072.3269742329915,,0.0044793595729841389,274033622.44378358,0.023358903170419453,0
blk-r32-l64-passive,12,111024,6762,432768,1072.3269742329915,,0.00067799083996044197,128925345.94241674,0.00054133489685056558,0
blk-r32-l64-passive,12,111024,7161,458304,1072.3269742329915,,0.17055271845041542,3.3289858856089256,0.18789033758402712,0
blk-r32-l64-passive,12,111024,7560,483840,1072.3269742329915,,0.029533852276161565,657.09299870387088,0.026611676172121033,0
blk-r32-l64-passive,12,111024,7938,508032,1072.3269742329915,,0.00038949971488168458,200477.40456823041,0.00031016168191005174,0
blk-r32-l64-passive,12,111024,8337,533568,1072.3269742329915,,0.13780945612582585,3.4722624733582701,0.14969321312232339,0
blk-r32-l64-passive,12,111024,8736,559104,1072.3269742329915,,0.010803967757383915,1337.8615129457835,0.011195523151580298,0
blk-r32-l64-passive,12,111024,9135,584640,1072.3269742329915,,0.00021269493832333508,572131.12430711708,0.0002041721903590568,0
blk-r32-l64-passive,12,111024,9534,610176,1072.3269742329915,,0.05570352085074546,130.12424632997818,0.059796845165428783,0
blk-r32-l64-passive,12,111024,9933,635712,1072.3269742329915,,0.0033498831391416853,25613.981480783863,0.0035921894898920084,0
blk-r32-l64-passive,12,111024,10332,661248,1072.3269742329915,,0.00022137078319624758,7380744.8541566245,0.00025660597281785668,0
blk-r32-l64-passive,12,111024,10731,686784,1072.3269742329915,,0.030428686530180531,679.49570262296879,0.032416782525950358,0
blk-r32-l64-passive,12,111024,11130,712320,1072.3269742329915,,0.00061246453816885438,658686.18019299104,0.00074100492872272022,0
blk-r32-l64-passive,12,111024,11529,737856,1072.3269742329915,,0.043932995938429829,98.179419146484747,0.061796134075591765,0
blk-r32-l64-passive,12,111024,11907,762048,1072.3269742329915,,0.0083832841812524327,6862.9487267421737,0.013457899474837281,0
blk-r32-l64-passive,12,111024,12306,787584,1072.3269742329915,,0.012651709306403731,1191558.3274222466,0.014634473753036002,0
blk-r32-l64-passive,12,111024,12705,813120,1072.3269742329915,,0.00046426970510485087,4970497.7814980876,0.00037316776824073989,0
blk-r32-l64-passive,12,111024,13104,838656,1072.3269742329915,,0.033017365027232216,571.4453038026985,0.03283583287916568,0
blk-r32-l64-passive,12,111024,13503,864192,1072.3269742329915,,0.0012568584094439343,61812.839314217985,0.00075889801385893997,0
blk-r32-l64-passive,12,111024,13902,889728,1072.3269742329915,,0.00016680137055134116,1750034.5934220606,0.00011539154086548107,0
blk-r32-l64-passive,12,111024,14301,915264,1072.3269742329915,,0.034254140831424973,1771.6698652149546,0.043270737492478534,0
blk-r32-l64-passive,12,111024,14700,940800,1072.3269742329915,,0.00057749159718574017,442878.27446400811,0.00057127394370072527,0
blk-r32-l64-passive,12,111024,15099,966336,1072.3269742329915,,0.31676649201460505,2.1367630914086453,0.34321883311918538,0
blk-r32-l64-passive,12,111024,15498,991872,1072.3269742329915,,0.03320827427362455,2553.9533266236904,0.038517614749232383,0
blk-r32-l64-passive,12,111024,15876,1016064,1072.3269742329915,,0.00064872801039762157,1145605.9206217364,0.00083817588834758812,0
blk-r32-l64-passive,12,111024,16275,1041600,1072.3269742329915,,0.013541334189577888,41308721.872026555,0.011657535291152051,0
blk-r32-l64-passive,12,111024,16674,1067136,1072.3269742329915,,0.0037535231353633012,44615205.853337027,0.0016904841759928322,0
blk-r32-l64-passive,12,111024,17073,1092672,1072.3269742329915,,0.041933988324322345,24.593390791813665,0.044292831902342233,0
blk-r32-l64-passive,12,111024,17472,1118208,1072.3269742329915,,0.051526739971401642,2405.5848459695126,0.050242038021645383,0
blk-r32-l64-passive,12,111024,17871,1143744,1072.3269742329915,,0.0033073684609804623,1202252.6107938015,0.0035941231591473674,0
blk-r32-l64-passive,12,111024,18270,1169280,1072.3269742329915,,0.00079142514351027539,56586773.573391572,0.00095715225347644129,0
blk-r32-l64-passive,12,111024,18669,1194816,1072.3269742329915,,0.049188511041875924,930.59587662040747,0.062947940182829301,0
blk-r32-l64-passive,12,111024,19057,1219648,1014.2925071716309,,0.016586054026401145,2679.4793625257198,0.0086015541901319787,0
blk-r32-l64-passive,12,111024,19463,1245632,1012.755755106608,,0.00017257261574735785,340468.70963882998,6.2119836937707282e-05,0
blk-r32-l64-passive,12,111024,19845,1270080,1012.7548433939616,,0.026806033680447327,643.91095700437211,0.035285134520073674,0
blk-r32-l64-passive,12,111024,20244,1295616,1012.7548433939616,,0.0072923805966376995,19626.670101211505,0.0086088797813960501,0
blk-r32-l64-passive,12,111024,20643,1321152,1012.7548433939616,,0.00027075779279780586,13952765.484766714,0.00028029731355489384,0
blk-r32-l64-passive,12,111024,21042,1346688,1012.7548433939616,,0.066688556360112977,46.281182062373716,0.077222536007043943,0
blk-r32-l64-passive,12,111024,21434,1371776,1012.060302734375,,0.0056014455983729883,6763.1626930185048,0.0054729387179103754,0
blk-r32-l64-passive,12,111024,21833,1397312,1009.0861536661783,,0.00083577733393259556,725208.72324783262,0.00078985669626646974,0
blk-r32-l64-passive,12,111024,22239,1423296,1009.0456034342448,,0.18280251107413775,2.6948784869089657,0.20969435032192352,0
blk-r32-l64-passive,12,111024,22624,1447936,1007.829273223877,,0.010784420897267584,2858.4357470947698,0.0092023937912350199,0
blk-r32-l64-passive,12,111024,23023,1473472,1004.5021044413248,,0.00019396774971739748,1792746.0903479487,0.00019213702637442168,0
blk-r32-l64-passive,12,111024,23417,1498688,1004.4283002217611,,0.00042069120721426018,10443653.346023336,0.00037045595089968316,0
blk-r32-l64-passive,12,111024,23814,1524096,1004.4279187520345,,0.05843287734963732,153.91916959169612,0.054449382614337398,0
blk-r32-l64-passive,12,111024,24210,1549440,911.67241923014319,,0.0025603256770116226,30363.992816177433,0.0018378632439801285,0
blk-r32-l64-passive,12,111024,24612,1575168,911.38880030314124,,8.1791879664364344e-05,1674622.4792449432,6.6044899805544236e-05,0
blk-r32-l64-passive,12,111024,25011,1600704,911.38879013061523,,0.023754148266025541,427.71034496369055,0.03058471519157473,0
blk-r32-l64-passive,12,111024,25410,1626240,911.38879013061523,,0.0013299732750110043,69630.426881223742,0.0016914724760221974,0
blk-r32-l64-passive,12,111024,25809,1651776,911.38879013061523,,0.0021099301904972823,17618310.362879358,0.0018146420955663649,0
blk-r32-l64-passive,12,111024,26208,1677312,911.38879013061523,,0.0012221277999588868,91908167.801939726,0.0014617498481207126,0
blk-r32-l64-passive,12,111024,26607,1702848,911.38879013061523,,0.025542198563349078,706.08164504005015,0.028354278316847479,0
blk-r32-l64-passive,12,111024,27006,1728384,911.38879013061523,,0.00054780262563578787,107599.50195584483,0.00063609945722510489,0
blk-r32-l64-passive,12,111024,27405,1753920,911.38879013061523,,0.062290553519238831,11.346295869969561,0.073948704460303508,0
blk-r32-l64-passive,12,111024,27783,1778112,911.38879013061523,,0.0044439448697116916,26272.827804538261,0.0047885855616637326,0
blk-r32-l64-passive,12,111024,28182,1803648,911.38879013061523,,0.00012919376545450197,2931963.9453312135,0.00013687289017276977,0
blk-r32-l64-passive,12,111024,28581,1829184,911.38879013061523,,0.014119451543993704,807.29194832210101,0.01486567894515455,0
blk-r32-l64-passive,12,111024,28980,1854720,911.38879013061523,,0.00063356217066605903,147368.33875021199,0.00051516460597869141,0
blk-r32-l64-passive,12,111024,29379,1880256,911.38879013061523,,0.058335813216872021,44.974317695729788,0.063888818189206761,0
blk-r32-l64-passive,12,111024,29778,1905792,911.38879013061523,,0.0037438403452844373,60809.572950930058,0.0032941036936382693,0
blk-r32-l64-passive,12,111024,30177,1931328,911.38879013061523,,9.1031359903742838e-05,435247.47217799193,5.6515434733792927e-05,0
blk-r32-l64-passive,12,111024,30576,1956864,911.38879013061523,,0.032906844089373374,1073.7016715372606,0.039293281398727627,0
blk-r32-l64-passive,12,111024,30975,1982400,911.38879013061523,,0.0034295626965041449,584140.69568229956,0.0040517605266717997,0
blk-r32-l64-passive,12,111024,31374,2007936,911.38879013061523,,0.00010550445227720221,6027303.6288704807,7.7474593457771976e-05,0
blk-r32-l64-passive,12,111024,31752,2032128,911.38879013061523,,0.010223821872936379,629.7342158998913,0.013528455634534286,0
blk-r32-l64-passive,12,111024,32151,2057664,911.38879013061523,,0.00073337417451729392,62209.686044482223,0.00078557409884162633,0
blk-r32-l64-passive,12,111024,32550,2083200,911.38879013061523,,0.00011364696866255531,2442994.6340224775,0.00016556476385743433,0
blk-r32-l64-passive,12,111024,32949,2108736,911.38879013061523,,0.0010475292705209697,112010263.61230932,0.0016791547655019461,0
blk-r32-l64-passive,12,111024,33348,2134272,911.38879013061523,,0.0057533410248856633,96066548.787143394,0.002839265998682239,0
blk-r32-l64-passive,12,111024,33747,2159808,911.38879013061523,,0.058573219484545636,87.001714363132493,0.074811917617463364,0
blk-r32-l64-passive,12,111024,34138,2184832,901.32026672363281,,0.0034975727858362802,27579.265525707444,0.0035179081778512027,0
blk-r32-l64-passive,12,111024,34529,2209856,899.77471669514978,,0.00030576129358419183,2705840.8671382088,0.00021149536367335618,0
blk-r32-l64-passive,12,111024,34929,2235456,899.66015370686853,,0.0020563781739562359,18392393.951153547,0.0010578656800514963,0
blk-r32-l64-passive,12,111024,35322,2260608,899.63416290283203,,0.0050373346077433835,283547195.76447737,0.0023097125510043223,0
blk-r32-l64-passive,12,111024,35721,2286144,899.63297144571936,,0.050342261126434751,87.292654260958258,0.064928505433165293,0
blk-r32-l64-passive,12,111024,36120,2311680,899.63297144571936,,0.001834338775910921,9168.7079769020784,0.001476335271209489,0
blk-r32-l64-passive,12,111024,36519,2337216,899.63297144571936,,6.6666523991246513e-05,963196.01266669144,6.9558742882426351e-05,0
blk-r32-l64-passive,12,111024,36918,2362752,899.63297144571936,,0.018852159741889751,1908.2617344178864,0.024612245437404149,0
blk-r32-l64-passive,12,111024,37317,2388288,899.63297144571936,,0.00028354097289378603,1190820.9130482222,0.00030605415954226177,0
blk-r32-l64-passive,12,111024,37716,2413824,899.63297144571936,,0.12320373270328691,4.3085645533193953,0.13375333401345976,0
blk-r32-l64-passive,12,111024,38115,2439360,899.63297144571936,,0.0045583263958034175,9786.7685443202336,0.0055765552794861239,0
blk-r32-l64-passive,12,111024,38514,2464896,899.63297144571936,,0.00018349369846190592,649256.97249673575,0.00023943378128741502,0
blk-r32-l64-passive,12,111024,38913,2490432,899.63297144571936,,0.057444333653955883,46.712400391492778,0.060097609365401622,0
blk-r32-l64-passive,12,111024,39291,2514624,899.63297144571936,,0.0054306923832281428,3018.7013055816979,0.0043664770546685367,0
blk-r32-l64-passive,12,111024,39690,2540160,899.63297144571936,,0.00013130423997620276,687089.39450393617,8.8605530149085394e-05,0
blk-r32-l64-passive,12,111024,40089,2565696,899.63297144571936,,0.029178268984896449,518.83773765598357,0.040366935623886033,0
blk-r32-l64-passive,12,111024,40488,2591232,899.63297144571936,,0.0045610671235268825,9955.3171310216148,0.0033043867525330015,0
blk-r32-l64-passive,12,111024,40887,2616768,899.63297144571936,,0.00011554983269715822,12617442.832895337,0.00011483416418765312,0
blk-r32-l64-passive,12,111024,41013,2624832,899.63297144571936,,8.2925632524920702e-05,25580885.318430524,8.6886040255350466e-05,0
