arm,block,seed,stage,restart,regime,population,iterations,evaluations,bestCost,termination
full-ipop-l64,1,119001,0,0,large,64,1405,89920,1110.7295366923015,tol_fun
full-ipop-l64,1,119001,0,1,large,128,1791,229248,1123.9744466145833,tol_fun
full-ipop-l64,1,119001,0,2,large,256,1433,366848,928.36686452229821,tol_fun
full-ipop-l64,1,119001,0,3,large,512,1606,822272,1074.7161547342937,tol_fun
full-ipop-l64,1,119001,0,4,large,1024,1755,1797120,1220.3764088948567,tol_fun
full-ipop-l64,1,119001,0,5,large,2048,1561,3196992,1220.17369333903,maximum_evaluations
full-r32-l64,1,119001,0,0,,0,1405,89920,1110.7295366923015,convergence
full-r32-l64,1,119001,0,1,,0,1781,113984,1149.0635922749836,convergence
full-r32-l64,1,119001,0,2,,0,1764,112896,1291.769847869873,convergence
full-r32-l64,1,119001,0,3,,0,3117,199488,1156.4685300191243,convergence
full-r32-l64,1,119001,0,4,,0,1419,90816,1110.7041867574055,convergence
full-r32-l64,1,119001,0,5,,0,1545,98880,1085.7453295389812,convergence
full-r32-l64,1,119001,0,6,,0,1316,84224,1191.2453727722168,convergence
full-r32-l64,1,119001,0,7,,0,1366,87424,1209.3305015563965,convergence
full-r32-l64,1,119001,0,8,,0,2096,134144,1286.3795750935872,convergence
full-r32-l64,1,119001,0,9,,0,1386,88704,1250.0230471293132,convergence
full-r32-l64,1,119001,0,10,,0,1301,83264,1167.4875653584797,convergence
full-r32-l64,1,119001,0,11,,0,1444,92416,962.65742238362634,convergence
full-r32-l64,1,119001,0,12,,0,1280,81920,1018.7425600687662,convergence
full-r32-l64,1,119001,0,13,,0,1450,92800,1194.409065246582,convergence
full-r32-l64,1,119001,0,14,,0,1655,105920,943.33321507771814,convergence
full-r32-l64,1,119001,0,15,,0,1270,81280,1021.8893648783366,convergence
full-r32-l64,1,119001,0,16,,0,1641,105024,893.18296432495117,convergence
full-r32-l64,1,119001,0,17,,0,1631,104384,872.11705780029297,convergence
full-r32-l64,1,119001,0,18,,0,2004,128256,1137.2251459757488,convergence
full-r32-l64,1,119001,0,19,,0,1296,82944,1071.2796986897786,convergence
full-r32-l64,1,119001,0,20,,0,1305,83520,1026.6545435587566,convergence
full-r32-l64,1,119001,0,21,,0,1179,75456,1298.736520131429,convergence
full-r32-l64,1,119001,0,22,,0,1493,95552,1330.7826957702637,convergence
full-r32-l64,1,119001,0,23,,0,1372,87808,1169.6051966349285,convergence
full-r32-l64,1,119001,0,24,,0,1756,112384,1111.9209658304851,convergence
full-r32-l64,1,119001,0,25,,0,1516,97024,1207.1876843770344,convergence
full-r32-l64,1,119001,0,26,,0,1576,100864,1220.4940897623699,convergence
full-r32-l64,1,119001,0,27,,0,1667,106688,1258.6598637898762,convergence
full-r32-l64,1,119001,0,28,,0,1805,115520,943.50745137532556,convergence
full-r32-l64,1,119001,0,29,,0,1559,99776,1061.5972175598145,convergence
full-r32-l64,1,119001,0,30,,0,1662,106368,1183.1802062988281,convergence
full-r32-l64,1,119001,0,31,,0,3175,203200,1202.0161031087239,completed
full-fill-l64,1,119001,0,0,,0,1405,89920,1110.7295366923015,convergence
full-fill-l64,1,119001,0,1,,0,1781,113984,1149.0635922749836,convergence
full-fill-l64,1,119001,0,2,,0,1764,112896,1291.769847869873,convergence
full-fill-l64,1,119001,0,3,,0,3117,199488,1156.4685300191243,convergence
full-fill-l64,1,119001,0,4,,0,1419,90816,1110.7041867574055,convergence
full-fill-l64,1,119001,0,5,,0,1545,98880,1085.7453295389812,convergence
full-fill-l64,1,119001,0,6,,0,1316,84224,1191.2453727722168,convergence
full-fill-l64,1,119001,0,7,,0,1366,87424,1209.3305015563965,convergence
full-fill-l64,1,119001,0,8,,0,2096,134144,1286.3795750935872,convergence
full-fill-l64,1,119001,0,9,,0,1386,88704,1250.0230471293132,convergence
full-fill-l64,1,119001,0,10,,0,1301,83264,1167.4875653584797,convergence
full-fill-l64,1,119001,0,11,,0,1444,92416,962.65742238362634,convergence
full-fill-l64,1,119001,0,12,,0,1280,81920,1018.7425600687662,convergence
full-fill-l64,1,119001,0,13,,0,1450,92800,1194.409065246582,convergence
full-fill-l64,1,119001,0,14,,0,1655,105920,943.33321507771814,convergence
full-fill-l64,1,119001,0,15,,0,1270,81280,1021.8893648783366,convergence
full-fill-l64,1,119001,0,16,,0,1641,105024,893.18296432495117,convergence
full-fill-l64,1,119001,0,17,,0,1631,104384,872.11705780029297,convergence
full-fill-l64,1,119001,0,18,,0,2004,128256,1137.2251459757488,convergence
full-fill-l64,1,119001,0,19,,0,1296,82944,1071.2796986897786,convergence
full-fill-l64,1,119001,0,20,,0,1305,83520,1026.6545435587566,convergence
full-fill-l64,1,119001,0,21,,0,1179,75456,1298.736520131429,convergence
full-fill-l64,1,119001,0,22,,0,1493,95552,1330.7826957702637,convergence
full-fill-l64,1,119001,0,23,,0,1372,87808,1169.6051966349285,convergence
full-fill-l64,1,119001,0,24,,0,1756,112384,1111.9209658304851,convergence
full-fill-l64,1,119001,0,25,,0,1516,97024,1207.1876843770344,convergence
full-fill-l64,1,119001,0,26,,0,1576,100864,1220.4940897623699,convergence
full-fill-l64,1,119001,0,27,,0,1667,106688,1258.6598637898762,convergence
full-fill-l64,1,119001,0,28,,0,1805,115520,943.50745137532556,convergence
full-fill-l64,1,119001,0,29,,0,1559,99776,1061.5972175598145,convergence
full-fill-l64,1,119001,0,30,,0,1662,106368,1183.1802062988281,convergence
full-fill-l64,1,119001,0,31,,0,3175,203200,1202.0161031087239,completed
full-fill-l64,1,119001,0,32,,0,1626,104064,1216.4211120605469,convergence
full-fill-l64,1,119001,0,33,,0,1479,94656,1127.423734029134,convergence
full-fill-l64,1,119001,0,34,,0,1305,83520,1202.0197881062825,convergence
full-fill-l64,1,119001,0,35,,0,1347,86208,983.13402557373047,convergence
full-fill-l64,1,119001,0,36,,0,1168,74752,1201.4713948567708,convergence
full-fill-l64,1,119001,0,37,,0,1719,110016,1273.234915415446,convergence
full-fill-l64,1,119001,0,38,,0,3175,203200,1238.022045135498,completed
full-fill-l64,1,119001,0,39,,0,1802,115328,1247.0449752807617,convergence
full-fill-l64,1,119001,0,40,,0,2643,169152,936.28726577758789,convergence
full-fill-l64,1,119001,0,41,,0,1425,91200,1174.6911735534668,convergence
full-fill-l64,1,119001,0,42,,0,1546,98944,929.68452199300134,convergence
full-fill-l64,1,119001,0,43,,0,1753,112192,1042.8747316996257,convergence
full-fill-l64,1,119001,0,44,,0,1341,85824,1137.2991917928059,convergence
full-fill-l64,1,119001,0,45,,0,1252,80128,1158.7860590616863,convergence
full-fill-l64,1,119001,0,46,,0,1661,106304,1016.2741355895996,convergence
full-fill-l64,1,119001,0,47,,0,1791,114624,1330.4200579325359,convergence
full-fill-l64,1,119001,0,48,,0,1545,98880,1202.7214024861653,convergence
full-fill-l64,1,119001,0,49,,0,1606,102784,1184.6326522827148,convergence
full-fill-l64,1,119001,0,50,,0,1402,89728,1022.954408009847,convergence
full-fill-l64,1,119001,0,51,,0,1489,95296,1058.2011400858562,convergence
full-fill-l64,1,119001,0,52,,0,1713,109632,1154.6041793823242,convergence
full-fill-l64,1,119001,0,53,,0,1594,102016,1244.358834584554,convergence
full-fill-l64,1,119001,0,54,,0,1865,119360,935.48354593912757,convergence
full-fill-l64,1,119001,0,55,,0,1860,119040,1290.0759366353352,convergence
full-fill-l64,1,119001,0,56,,0,2471,158144,1220.3609517415364,convergence
full-fill-l64,1,119001,0,57,,0,1525,97600,1140.4550806681316,convergence
full-fill-l64,1,119001,0,58,,0,2087,133568,1117.4172681172688,convergence
full-fill-l64,1,119001,0,59,,0,1713,109632,1223.4230893452961,convergence
full-ipop-l64,2,119002,0,0,large,64,1700,108800,1339.9755719502766,tol_fun
full-ipop-l64,2,119002,0,1,large,128,1339,171392,1263.9082921346028,tol_fun
full-ipop-l64,2,119002,0,2,large,256,1259,322304,1075.2326431274414,tol_fun
full-ipop-l64,2,119002,0,3,large,512,1589,813568,939.8897921244303,tol_fun
full-ipop-l64,2,119002,0,4,large,1024,1529,1565696,1008.6848627726237,tol_fun
full-ipop-l64,2,119002,0,5,large,2048,1680,3440640,973.82699966430664,tol_fun
full-ipop-l64,2,119002,0,6,large,4096,20,80000,1951.9942487080891,maximum_evaluations
full-r32-l64,2,119002,0,0,,0,1700,108800,1339.9755719502766,convergence
full-r32-l64,2,119002,0,1,,0,2371,151744,1157.4905802408855,convergence
full-r32-l64,2,119002,0,2,,0,1620,103680,1176.0779101053874,convergence
full-r32-l64,2,119002,0,3,,0,1401,89664,1211.3977673848469,convergence
full-r32-l64,2,119002,0,4,,0,1350,86400,1166.6816329956055,convergence
full-r32-l64,2,119002,0,5,,0,1610,103040,1375.816670735677,convergence
full-r32-l64,2,119002,0,6,,0,1891,121024,1168.4454727172852,convergence
full-r32-l64,2,119002,0,7,,0,3106,198784,1159.9446996053059,convergence
full-r32-l64,2,119002,0,8,,0,1470,94080,998.50988896687829,convergence
full-r32-l64,2,119002,0,9,,0,1316,84224,1261.7011985778809,convergence
full-r32-l64,2,119002,0,10,,0,1287,82368,1270.8920783996582,convergence
full-r32-l64,2,119002,0,11,,0,1567,100288,1052.5620091756184,convergence
full-r32-l64,2,119002,0,12,,0,1480,94720,1262.226843516032,convergence
full-r32-l64,2,119002,0,13,,0,1675,107200,1051.5020662943523,convergence
full-r32-l64,2,119002,0,14,,0,1626,104064,1101.8166186014812,convergence
full-r32-l64,2,119002,0,15,,0,1341,85824,1092.4714101155598,convergence
full-r32-l64,2,119002,0,16,,0,1307,83648,1373.6187426249187,convergence
full-r32-l64,2,119002,0,17,,0,1458,93312,1076.0741348266602,convergence
full-r32-l64,2,119002,0,18,,0,2158,138112,1193.8974838256836,convergence
full-r32-l64,2,119002,0,19,,0,1724,110336,1187.167256673177,convergence
full-r32-l64,2,119002,0,20,,0,1779,113856,929.972890218099,convergence
full-r32-l64,2,119002,0,21,,0,1333,85312,935.59098943074548,convergence
full-r32-l64,2,119002,0,22,,0,1321,84544,1086.7498639424641,convergence
full-r32-l64,2,119002,0,23,,0,1578,100992,903.96696980794275,convergence
full-r32-l64,2,119002,0,24,,0,1730,110720,986.81357955932617,convergence
full-r32-l64,2,119002,0,25,,0,2216,141824,1178.9618682861328,convergence
full-r32-l64,2,119002,0,26,,0,1372,87808,1178.4914665222168,convergence
full-r32-l64,2,119002,0,27,,0,1218,77952,1136.5842208862305,convergence
full-r32-l64,2,119002,0,28,,0,1316,84224,1059.9784291585286,convergence
full-r32-l64,2,119002,0,29,,0,1471,94144,1158.1215146382649,convergence
full-r32-l64,2,119002,0,30,,0,1489,95296,1147.5597445170085,convergence
full-r32-l64,2,119002,0,31,,0,1227,78528,1184.1507555643718,convergence
full-fill-l64,2,119002,0,0,,0,1700,108800,1339.9755719502766,convergence
full-fill-l64,2,119002,0,1,,0,2371,151744,1157.4905802408855,convergence
full-fill-l64,2,119002,0,2,,0,1620,103680,1176.0779101053874,convergence
full-fill-l64,2,119002,0,3,,0,1401,89664,1211.3977673848469,convergence
full-fill-l64,2,119002,0,4,,0,1350,86400,1166.6816329956055,convergence
full-fill-l64,2,119002,0,5,,0,1610,103040,1375.816670735677,convergence
full-fill-l64,2,119002,0,6,,0,1891,121024,1168.4454727172852,convergence
full-fill-l64,2,119002,0,7,,0,3106,198784,1159.9446996053059,convergence
full-fill-l64,2,119002,0,8,,0,1470,94080,998.50988896687829,convergence
full-fill-l64,2,119002,0,9,,0,1316,84224,1261.7011985778809,convergence
full-fill-l64,2,119002,0,10,,0,1287,82368,1270.8920783996582,convergence
full-fill-l64,2,119002,0,11,,0,1567,100288,1052.5620091756184,convergence
full-fill-l64,2,119002,0,12,,0,1480,94720,1262.226843516032,convergence
full-fill-l64,2,119002,0,13,,0,1675,107200,1051.5020662943523,convergence
full-fill-l64,2,119002,0,14,,0,1626,104064,1101.8166186014812,convergence
full-fill-l64,2,119002,0,15,,0,1341,85824,1092.4714101155598,convergence
full-fill-l64,2,119002,0,16,,0,1307,83648,1373.6187426249187,convergence
full-fill-l64,2,119002,0,17,,0,1458,93312,1076.0741348266602,convergence
full-fill-l64,2,119002,0,18,,0,2158,138112,1193.8974838256836,convergence
full-fill-l64,2,119002,0,19,,0,1724,110336,1187.167256673177,convergence
full-fill-l64,2,119002,0,20,,0,1779,113856,929.972890218099,convergence
full-fill-l64,2,119002,0,21,,0,1333,85312,935.59098943074548,convergence
full-fill-l64,2,119002,0,22,,0,1321,84544,1086.7498639424641,convergence
full-fill-l64,2,119002,0,23,,0,1578,100992,903.96696980794275,convergence
full-fill-l64,2,119002,0,24,,0,1730,110720,986.81357955932617,convergence
full-fill-l64,2,119002,0,25,,0,2216,141824,1178.9618682861328,convergence
full-fill-l64,2,119002,0,26,,0,1372,87808,1178.4914665222168,convergence
full-fill-l64,2,119002,0,27,,0,1218,77952,1136.5842208862305,convergence
full-fill-l64,2,119002,0,28,,0,1316,84224,1059.9784291585286,convergence
full-fill-l64,2,119002,0,29,,0,1471,94144,1158.1215146382649,convergence
full-fill-l64,2,119002,0,30,,0,1489,95296,1147.5597445170085,convergence
full-fill-l64,2,119002,0,31,,0,1227,78528,1184.1507555643718,convergence
full-fill-l64,2,119002,0,32,,0,1755,112320,1058.7590738932292,convergence
full-fill-l64,2,119002,0,33,,0,1391,89024,1238.5524838765461,convergence
full-fill-l64,2,119002,0,34,,0,1598,102272,1238.2440783182781,convergence
full-fill-l64,2,119002,0,35,,0,1634,104576,1163.7016258239746,convergence
full-fill-l64,2,119002,0,36,,0,1433,91712,1064.7769775390625,convergence
full-fill-l64,2,119002,0,37,,0,2493,159552,1126.9546712239583,convergence
full-fill-l64,2,119002,0,38,,0,1562,99968,1103.0537261962891,convergence
full-fill-l64,2,119002,0,39,,0,1478,94592,1120.1875648498535,convergence
full-fill-l64,2,119002,0,40,,0,1403,89792,1181.2724469502766,convergence
full-fill-l64,2,119002,0,41,,0,1619,103616,977.77478281656897,convergence
full-fill-l64,2,119002,0,42,,0,1637,104768,1128.758004506429,convergence
full-fill-l64,2,119002,0,43,,0,2115,135360,1019.5441385904948,convergence
full-fill-l64,2,119002,0,44,,0,1506,96384,1273.5172538757324,convergence
full-fill-l64,2,119002,0,45,,0,1316,84224,1119.8837127685547,convergence
full-fill-l64,2,119002,0,46,,0,1822,116608,1135.6278165181477,convergence
full-fill-l64,2,119002,0,47,,0,1415,90560,1099.429084777832,convergence
full-fill-l64,2,119002,0,48,,0,1367,87488,1346.5512975056965,convergence
full-fill-l64,2,119002,0,49,,0,1723,110272,1244.8337758382161,convergence
full-fill-l64,2,119002,0,50,,0,1593,101952,974.57605743408203,convergence
full-fill-l64,2,119002,0,51,,0,1394,89216,1260.3557395935059,convergence
full-fill-l64,2,119002,0,52,,0,1615,103360,995.69166437784827,convergence
full-fill-l64,2,119002,0,53,,0,1440,92160,1320.702091217041,convergence
full-fill-l64,2,119002,0,54,,0,1278,81792,1117.2575594584148,convergence
full-fill-l64,2,119002,0,55,,0,1447,92608,1066.9556287129719,convergence
full-fill-l64,2,119002,0,56,,0,1467,93888,1159.0619773864746,convergence
full-fill-l64,2,119002,0,57,,0,1243,79552,1169.9034372965496,convergence
full-fill-l64,2,119002,0,58,,0,1486,95104,1042.5761095682781,convergence
full-fill-l64,2,119002,0,59,,0,1439,92096,1106.1671435038249,convergence
full-fill-l64,2,119002,0,60,,0,1460,93440,1034.0556259155273,convergence
full-fill-l64,2,119002,0,61,,0,1732,110848,1044.8206202189128,convergence
full-fill-l64,2,119002,0,62,,0,1671,106944,1156.8344802856445,convergence
full-ipop-l64,3,119003,0,0,large,64,1376,88064,925.20144653320312,tol_fun
full-ipop-l64,3,119003,0,1,large,128,1574,201472,1300.6025339762371,tol_fun
full-ipop-l64,3,119003,0,2,large,256,1448,370688,1194.881425221761,tol_fun
full-ipop-l64,3,119003,0,3,large,512,1743,892416,1237.4945182800293,tol_fun
full-ipop-l64,3,119003,0,4,large,1024,1330,1361920,923.05366770426429,tol_fun
full-ipop-l64,3,119003,0,5,large,2048,1711,3504128,789.79812240600586,tol_fun
full-ipop-l64,3,119003,0,6,large,4096,20,83712,1767.9211374918621,maximum_evaluations
full-r32-l64,3,119003,0,0,,0,1376,88064,925.20144653320312,convergence
full-r32-l64,3,119003,0,1,,0,1582,101248,1102.8366279602051,convergence
full-r32-l64,3,119003,0,2,,0,1270,81280,1231.3455975850422,convergence
full-r32-l64,3,119003,0,3,,0,1970,126080,1204.4387105305989,convergence
full-r32-l64,3,119003,0,4,,0,1583,101312,1218.7935066223145,convergence
full-r32-l64,3,119003,0,5,,0,1567,100288,1167.8963139851887,convergence
full-r32-l64,3,119003,0,6,,0,1582,101248,1259.1522102355957,convergence
full-r32-l64,3,119003,0,7,,0,1520,97280,1013.1201909383138,convergence
full-r32-l64,3,119003,0,8,,0,1410,90240,930.70990498860681,convergence
full-r32-l64,3,119003,0,9,,0,1372,87808,1241.9365921020508,convergence
full-r32-l64,3,119003,0,10,,0,1886,120704,1118.6404368082683,convergence
full-r32-l64,3,119003,0,11,,0,1346,86144,1244.6885579427083,convergence
full-r32-l64,3,119003,0,12,,0,1201,76864,1259.3868865966797,convergence
full-r32-l64,3,119003,0,13,,0,1373,87872,986.72048823038733,convergence
full-r32-l64,3,119003,0,14,,0,1772,113408,970.13931274414062,convergence
full-r32-l64,3,119003,0,15,,0,1384,88576,1156.4205411275227,convergence
full-r32-l64,3,119003,0,16,,0,1445,92480,1255.1167526245117,convergence
full-r32-l64,3,119003,0,17,,0,3175,203200,1093.4463780721028,completed
full-r32-l64,3,119003,0,18,,0,1847,118208,916.55087788899743,convergence
full-r32-l64,3,119003,0,19,,0,1630,104320,1349.5192400614421,convergence
full-r32-l64,3,119003,0,20,,0,1209,77376,1248.819485982259,convergence
full-r32-l64,3,119003,0,21,,0,1589,101696,1225.6031608581543,convergence
full-r32-l64,3,119003,0,22,,0,1648,105472,928.98795827229821,convergence
full-r32-l64,3,119003,0,23,,0,1539,98496,1245.9762929280598,convergence
full-r32-l64,3,119003,0,24,,0,1303,83392,1119.3809178670247,convergence
full-r32-l64,3,119003,0,25,,0,1406,89984,1004.2510744730631,convergence
full-r32-l64,3,119003,0,26,,0,1553,99392,1207.8195164998372,convergence
full-r32-l64,3,119003,0,27,,0,2190,140160,983.29291915893555,convergence
full-r32-l64,3,119003,0,28,,0,1505,96320,1241.378116607666,convergence
full-r32-l64,3,119003,0,29,,0,1893,121152,988.89605458577478,convergence
full-r32-l64,3,119003,0,30,,0,1249,79936,1247.0800793965657,convergence
full-r32-l64,3,119003,0,31,,0,1168,74752,1241.6380360921223,convergence
full-fill-l64,3,119003,0,0,,0,1376,88064,925.20144653320312,convergence
full-fill-l64,3,119003,0,1,,0,1582,101248,1102.8366279602051,convergence
full-fill-l64,3,119003,0,2,,0,1270,81280,1231.3455975850422,convergence
full-fill-l64,3,119003,0,3,,0,1970,126080,1204.4387105305989,convergence
full-fill-l64,3,119003,0,4,,0,1583,101312,1218.7935066223145,convergence
full-fill-l64,3,119003,0,5,,0,1567,100288,1167.8963139851887,convergence
full-fill-l64,3,119003,0,6,,0,1582,101248,1259.1522102355957,convergence
full-fill-l64,3,119003,0,7,,0,1520,97280,1013.1201909383138,convergence
full-fill-l64,3,119003,0,8,,0,1410,90240,930.70990498860681,convergence
full-fill-l64,3,119003,0,9,,0,1372,87808,1241.9365921020508,convergence
full-fill-l64,3,119003,0,10,,0,1886,120704,1118.6404368082683,convergence
full-fill-l64,3,119003,0,11,,0,1346,86144,1244.6885579427083,convergence
full-fill-l64,3,119003,0,12,,0,1201,76864,1259.3868865966797,convergence
full-fill-l64,3,119003,0,13,,0,1373,87872,986.72048823038733,convergence
full-fill-l64,3,119003,0,14,,0,1772,113408,970.13931274414062,convergence
full-fill-l64,3,119003,0,15,,0,1384,88576,1156.4205411275227,convergence
full-fill-l64,3,119003,0,16,,0,1445,92480,1255.1167526245117,convergence
full-fill-l64,3,119003,0,17,,0,3175,203200,1093.4463780721028,completed
full-fill-l64,3,119003,0,18,,0,1847,118208,916.55087788899743,convergence
full-fill-l64,3,119003,0,19,,0,1630,104320,1349.5192400614421,convergence
full-fill-l64,3,119003,0,20,,0,1209,77376,1248.819485982259,convergence
full-fill-l64,3,119003,0,21,,0,1589,101696,1225.6031608581543,convergence
full-fill-l64,3,119003,0,22,,0,1648,105472,928.98795827229821,convergence
full-fill-l64,3,119003,0,23,,0,1539,98496,1245.9762929280598,convergence
full-fill-l64,3,119003,0,24,,0,1303,83392,1119.3809178670247,convergence
full-fill-l64,3,119003,0,25,,0,1406,89984,1004.2510744730631,convergence
full-fill-l64,3,119003,0,26,,0,1553,99392,1207.8195164998372,convergence
full-fill-l64,3,119003,0,27,,0,2190,140160,983.29291915893555,convergence
full-fill-l64,3,119003,0,28,,0,1505,96320,1241.378116607666,convergence
full-fill-l64,3,119003,0,29,,0,1893,121152,988.89605458577478,convergence
full-fill-l64,3,119003,0,30,,0,1249,79936,1247.0800793965657,convergence
full-fill-l64,3,119003,0,31,,0,1168,74752,1241.6380360921223,convergence
full-fill-l64,3,119003,0,32,,0,1276,81664,1137.6311683654785,convergence
full-fill-l64,3,119003,0,33,,0,1297,83008,1033.486551920573,convergence
full-fill-l64,3,119003,0,34,,0,1617,103488,1146.3169962565105,convergence
full-fill-l64,3,119003,0,35,,0,2508,160512,1115.9575131734211,convergence
full-fill-l64,3,119003,0,36,,0,1457,93248,1048.1366895039876,convergence
full-fill-l64,3,119003,0,37,,0,1332,85248,1014.0374819437662,convergence
full-fill-l64,3,119003,0,38,,0,1878,120192,1148.6329854329426,convergence
full-fill-l64,3,119003,0,39,,0,1679,107456,1081.2595074971516,convergence
full-fill-l64,3,119003,0,40,,0,2216,141824,1198.3781344095867,convergence
full-fill-l64,3,119003,0,41,,0,1758,112512,1186.9384600321453,convergence
full-fill-l64,3,119003,0,42,,0,1486,95104,981.18212890625,convergence
full-fill-l64,3,119003,0,43,,0,1278,81792,1184.404468536377,convergence
full-fill-l64,3,119003,0,44,,0,1202,76928,1129.9486045837402,convergence
full-fill-l64,3,119003,0,45,,0,1426,91264,967.08865102132165,convergence
full-fill-l64,3,119003,0,46,,0,1696,108544,1361.1403096516926,convergence
full-fill-l64,3,119003,0,47,,0,1287,82368,927.45451990763343,convergence
full-fill-l64,3,119003,0,48,,0,1105,70720,1144.806074778239,convergence
full-fill-l64,3,119003,0,49,,0,1331,85184,915.01646041870117,convergence
full-fill-l64,3,119003,0,50,,0,1509,96576,1179.4664154052734,convergence
full-fill-l64,3,119003,0,51,,0,1689,108096,1259.3017247517903,convergence
full-fill-l64,3,119003,0,52,,0,1350,86400,1045.7767308553059,convergence
full-fill-l64,3,119003,0,53,,0,1786,114304,1091.361836751302,convergence
full-fill-l64,3,119003,0,54,,0,1341,85824,1041.7847468058269,convergence
full-fill-l64,3,119003,0,55,,0,1526,97664,1225.8987795511882,convergence
full-fill-l64,3,119003,0,56,,0,1225,78400,1175.0748926798503,convergence
full-fill-l64,3,119003,0,57,,0,1340,85760,1109.3503112792969,convergence
full-fill-l64,3,119003,0,58,,0,1420,90880,1254.5728073120117,convergence
full-fill-l64,3,119003,0,59,,0,1581,101184,1247.3324686686199,convergence
full-fill-l64,3,119003,0,60,,0,1443,92352,1058.217362721761,convergence
full-fill-l64,3,119003,0,61,,0,1470,94080,1037.6721776326497,convergence
full-fill-l64,3,119003,0,62,,0,1485,95040,1061.5882364908855,convergence
full-fill-l64,3,119003,0,63,,0,1822,116608,956.81482442220056,convergence
full-ipop-l64,4,119004,0,0,large,64,1256,80384,1155.1679229736328,tol_fun
full-ipop-l64,4,119004,0,1,large,128,1521,194688,1041.8497517903645,tol_fun
full-ipop-l64,4,119004,0,2,large,256,1693,433408,1173.905933380127,tol_fun
full-ipop-l64,4,119004,0,3,large,512,1677,858624,1187.3012351989746,tol_fun
full-ipop-l64,4,119004,0,4,large,1024,1620,1658880,950.71667607625329,tol_fun
full-ipop-l64,4,119004,0,5,large,2048,1600,3276416,951.9407742818197,maximum_evaluations
full-r32-l64,4,119004,0,0,,0,1256,80384,1155.1679229736328,convergence
full-r32-l64,4,119004,0,1,,0,1654,105856,1154.5094248453777,convergence
full-r32-l64,4,119004,0,2,,0,1769,113216,1167.4362602233887,convergence
full-r32-l64,4,119004,0,3,,0,1295,82880,945.274169921875,convergence
full-r32-l64,4,119004,0,4,,0,1524,97536,1161.2178408304851,convergence
full-r32-l64,4,119004,0,5,,0,1752,112128,1238.3479169209797,convergence
full-r32-l64,4,119004,0,6,,0,1340,85760,1021.8813095092773,convergence
full-r32-l64,4,119004,0,7,,0,1826,116864,1230.1873423258464,convergence
full-r32-l64,4,119004,0,8,,0,1586,101504,1203.6189320882161,convergence
full-r32-l64,4,119004,0,9,,0,1363,87232,1178.7644996643066,convergence
full-r32-l64,4,119004,0,10,,0,1745,111680,1017.6034228006998,convergence
full-r32-l64,4,119004,0,11,,0,1378,88192,1241.3380533854167,convergence
full-r32-l64,4,119004,0,12,,0,1474,94336,1116.3164914449055,convergence
full-r32-l64,4,119004,0,13,,0,1784,114176,927.03434880574548,convergence
full-r32-l64,4,119004,0,14,,0,1432,91648,1183.2482287089031,convergence
full-r32-l64,4,119004,0,15,,0,1542,98688,1125.6933720906575,convergence
full-r32-l64,4,119004,0,16,,0,3175,203200,1286.1803601582844,completed
full-r32-l64,4,119004,0,17,,0,1533,98112,1268.815808614095,convergence
full-r32-l64,4,119004,0,18,,0,1458,93312,1143.9445699055989,convergence
full-r32-l64,4,119004,0,19,,0,1581,101184,1197.266035715739,convergence
full-r32-l64,4,119004,0,20,,0,1605,102720,1033.2231559753418,convergence
full-r32-l64,4,119004,0,21,,0,2294,146816,1085.8553886413574,convergence
full-r32-l64,4,119004,0,22,,0,1741,111424,1091.3252741495769,convergence
full-r32-l64,4,119004,0,23,,0,1889,120896,1168.1396369934082,convergence
full-r32-l64,4,119004,0,24,,0,1385,88640,1250.4246152242024,convergence
full-r32-l64,4,119004,0,25,,0,1653,105792,1325.3535029093425,convergence
full-r32-l64,4,119004,0,26,,0,1817,116288,1054.1207377115886,convergence
full-r32-l64,4,119004,0,27,,0,1390,88960,950.65581130981445,convergence
full-r32-l64,4,119004,0,28,,0,1370,87680,1369.4337450663249,convergence
full-r32-l64,4,119004,0,29,,0,2121,135744,1140.5796635945637,convergence
full-r32-l64,4,119004,0,30,,0,1515,96960,1130.427864074707,convergence
full-r32-l64,4,119004,0,31,,0,1219,78016,1273.1022796630859,convergence
full-fill-l64,4,119004,0,0,,0,1256,80384,1155.1679229736328,convergence
full-fill-l64,4,119004,0,1,,0,1654,105856,1154.5094248453777,convergence
full-fill-l64,4,119004,0,2,,0,1769,113216,1167.4362602233887,convergence
full-fill-l64,4,119004,0,3,,0,1295,82880,945.274169921875,convergence
full-fill-l64,4,119004,0,4,,0,1524,97536,1161.2178408304851,convergence
full-fill-l64,4,119004,0,5,,0,1752,112128,1238.3479169209797,convergence
full-fill-l64,4,119004,0,6,,0,1340,85760,1021.8813095092773,convergence
full-fill-l64,4,119004,0,7,,0,1826,116864,1230.1873423258464,convergence
full-fill-l64,4,119004,0,8,,0,1586,101504,1203.6189320882161,convergence
full-fill-l64,4,119004,0,9,,0,1363,87232,1178.7644996643066,convergence
full-fill-l64,4,119004,0,10,,0,1745,111680,1017.6034228006998,convergence
full-fill-l64,4,119004,0,11,,0,1378,88192,1241.3380533854167,convergence
full-fill-l64,4,119004,0,12,,0,1474,94336,1116.3164914449055,convergence
full-fill-l64,4,119004,0,13,,0,1784,114176,927.03434880574548,convergence
full-fill-l64,4,119004,0,14,,0,1432,91648,1183.2482287089031,convergence
full-fill-l64,4,119004,0,15,,0,1542,98688,1125.6933720906575,convergence
full-fill-l64,4,119004,0,16,,0,3175,203200,1286.1803601582844,completed
full-fill-l64,4,119004,0,17,,0,1533,98112,1268.815808614095,convergence
full-fill-l64,4,119004,0,18,,0,1458,93312,1143.9445699055989,convergence
full-fill-l64,4,119004,0,19,,0,1581,101184,1197.266035715739,convergence
full-fill-l64,4,119004,0,20,,0,1605,102720,1033.2231559753418,convergence
full-fill-l64,4,119004,0,21,,0,2294,146816,1085.8553886413574,convergence
full-fill-l64,4,119004,0,22,,0,1741,111424,1091.3252741495769,convergence
full-fill-l64,4,119004,0,23,,0,1889,120896,1168.1396369934082,convergence
full-fill-l64,4,119004,0,24,,0,1385,88640,1250.4246152242024,convergence
full-fill-l64,4,119004,0,25,,0,1653,105792,1325.3535029093425,convergence
full-fill-l64,4,119004,0,26,,0,1817,116288,1054.1207377115886,convergence
full-fill-l64,4,119004,0,27,,0,1390,88960,950.65581130981445,convergence
full-fill-l64,4,119004,0,28,,0,1370,87680,1369.4337450663249,convergence
full-fill-l64,4,119004,0,29,,0,2121,135744,1140.5796635945637,convergence
full-fill-l64,4,119004,0,30,,0,1515,96960,1130.427864074707,convergence
full-fill-l64,4,119004,0,31,,0,1219,78016,1273.1022796630859,convergence
full-fill-l64,4,119004,0,32,,0,2094,134016,919.6700325012207,convergence
full-fill-l64,4,119004,0,33,,0,1676,107264,1059.9198760986328,convergence
full-fill-l64,4,119004,0,34,,0,1583,101312,1133.9487380981445,convergence
full-fill-l64,4,119004,0,35,,0,3175,203200,1288.2187004089355,completed
full-fill-l64,4,119004,0,36,,0,1383,88512,1011.2928123474121,convergence
full-fill-l64,4,119004,0,37,,0,1470,94080,1154.6493810017903,convergence
full-fill-l64,4,119004,0,38,,0,1636,104704,1246.4182980855305,convergence
full-fill-l64,4,119004,0,39,,0,3175,203200,1134.0197906494141,completed
full-fill-l64,4,119004,0,40,,0,1295,82880,1303.5327644348145,convergence
full-fill-l64,4,119004,0,41,,0,1596,102144,1049.6455357869465,convergence
full-fill-l64,4,119004,0,42,,0,1858,118912,923.41175969441736,convergence
full-fill-l64,4,119004,0,43,,0,1626,104064,1237.3518091837566,convergence
full-fill-l64,4,119004,0,44,,0,1478,94592,1239.6505063374836,convergence
full-fill-l64,4,119004,0,45,,0,1225,78400,1250.8127593994141,convergence
full-fill-l64,4,119004,0,46,,0,1222,78208,1214.9583079020183,convergence
full-fill-l64,4,119004,0,47,,0,1203,76992,1265.2153549194336,convergence
full-fill-l64,4,119004,0,48,,0,1331,85184,1212.798750559489,convergence
full-fill-l64,4,119004,0,49,,0,1238,79232,1186.7100003560383,convergence
full-fill-l64,4,119004,0,50,,0,1500,96000,1268.2444686889648,convergence
full-fill-l64,4,119004,0,51,,0,1709,109376,1040.0431747436523,convergence
full-fill-l64,4,119004,0,52,,0,1407,90048,1214.6464907328289,convergence
full-fill-l64,4,119004,0,53,,0,1988,127232,1062.454251607259,convergence
full-fill-l64,4,119004,0,54,,0,1520,97280,1232.3200861612956,convergence
full-fill-l64,4,119004,0,55,,0,1757,112448,1171.606388092041,convergence
full-fill-l64,4,119004,0,56,,0,1798,115072,1174.8177426656086,convergence
full-fill-l64,4,119004,0,57,,0,1384,88576,1013.7444636027018,convergence
full-fill-l64,4,119004,0,58,,0,1462,93568,1138.0147883097331,convergence
full-fill-l64,4,119004,0,59,,0,1496,95744,1157.6013793945312,convergence
full-ipop-l64,5,119005,0,0,large,64,1406,89984,1185.8492190043132,tol_fun
full-ipop-l64,5,119005,0,1,large,128,2674,342272,1116.327688852946,tol_fun
full-ipop-l64,5,119005,0,2,large,256,1350,345600,1079.7452723185222,tol_fun
full-ipop-l64,5,119005,0,3,large,512,1489,762368,902.53931935628259,tol_fun
full-ipop-l64,5,119005,0,4,large,1024,1857,1901568,877.8552360534668,tol_fun
full-ipop-l64,5,119005,0,5,large,2048,1479,3028992,975.81903203328454,tol_fun
full-ipop-l64,5,119005,0,6,large,4096,8,31616,1774.5900408426921,maximum_evaluations
full-r32-l64,5,119005,0,0,,0,1406,89984,1185.8492190043132,convergence
full-r32-l64,5,119005,0,1,,0,1636,104704,1185.2768363952637,convergence
full-r32-l64,5,119005,0,2,,0,1442,92288,988.49261983235681,convergence
full-r32-l64,5,119005,0,3,,0,1460,93440,1063.2290776570637,convergence
full-r32-l64,5,119005,0,4,,0,1692,108288,1148.6484565734863,convergence
full-r32-l64,5,119005,0,5,,0,1450,92800,976.52421696980798,convergence
full-r32-l64,5,119005,0,6,,0,1523,97472,1061.2537574768066,convergence
full-r32-l64,5,119005,0,7,,0,1575,100800,930.20362981160486,convergence
full-r32-l64,5,119005,0,8,,0,1302,83328,943.22834523518884,convergence
full-r32-l64,5,119005,0,9,,0,1406,89984,1241.4554786682129,convergence
full-r32-l64,5,119005,0,10,,0,1340,85760,1224.9202372233074,convergence
full-r32-l64,5,119005,0,11,,0,1440,92160,1206.4953918457031,convergence
full-r32-l64,5,119005,0,12,,0,2556,163584,930.1159451802572,convergence
full-r32-l64,5,119005,0,13,,0,1382,88448,1033.8827476501465,convergence
full-r32-l64,5,119005,0,14,,0,1471,94144,1079.3583666483562,convergence
full-r32-l64,5,119005,0,15,,0,1490,95360,1274.6831092834473,convergence
full-r32-l64,5,119005,0,16,,0,1631,104384,1069.576754252116,convergence
full-r32-l64,5,119005,0,17,,0,1277,81728,1216.2952372233074,convergence
full-r32-l64,5,119005,0,18,,0,3175,203200,1105.0210927327473,completed
full-r32-l64,5,119005,0,19,,0,2958,189312,1085.1961415608723,convergence
full-r32-l64,5,119005,0,20,,0,3175,203200,1038.1096216837566,completed
full-r32-l64,5,119005,0,21,,0,2023,129472,1034.7439460754395,convergence
full-r32-l64,5,119005,0,22,,0,1562,99968,949.92167027791345,convergence
full-r32-l64,5,119005,0,23,,0,1410,90240,1275.3336639404297,convergence
full-r32-l64,5,119005,0,24,,0,1589,101696,1157.89515431722,convergence
full-r32-l64,5,119005,0,25,,0,1489,95296,1165.5368741353352,convergence
full-r32-l64,5,119005,0,26,,0,1677,107328,1057.8561248779297,convergence
full-r32-l64,5,119005,0,27,,0,1299,83136,1008.2799390157064,convergence
full-r32-l64,5,119005,0,28,,0,1618,103552,1120.3191197713215,convergence
full-r32-l64,5,119005,0,29,,0,1442,92288,1085.0614229838054,convergence
full-r32-l64,5,119005,0,30,,0,1720,110080,1030.1672554016113,convergence
full-r32-l64,5,119005,0,31,,0,1677,107328,1224.4621772766113,convergence
full-fill-l64,5,119005,0,0,,0,1406,89984,1185.8492190043132,convergence
full-fill-l64,5,119005,0,1,,0,1636,104704,1185.2768363952637,convergence
full-fill-l64,5,119005,0,2,,0,1442,92288,988.49261983235681,convergence
full-fill-l64,5,119005,0,3,,0,1460,93440,1063.2290776570637,convergence
full-fill-l64,5,119005,0,4,,0,1692,108288,1148.6484565734863,convergence
full-fill-l64,5,119005,0,5,,0,1450,92800,976.52421696980798,convergence
full-fill-l64,5,119005,0,6,,0,1523,97472,1061.2537574768066,convergence
full-fill-l64,5,119005,0,7,,0,1575,100800,930.20362981160486,convergence
full-fill-l64,5,119005,0,8,,0,1302,83328,943.22834523518884,convergence
full-fill-l64,5,119005,0,9,,0,1406,89984,1241.4554786682129,convergence
full-fill-l64,5,119005,0,10,,0,1340,85760,1224.9202372233074,convergence
full-fill-l64,5,119005,0,11,,0,1440,92160,1206.4953918457031,convergence
full-fill-l64,5,119005,0,12,,0,2556,163584,930.1159451802572,convergence
full-fill-l64,5,119005,0,13,,0,1382,88448,1033.8827476501465,convergence
full-fill-l64,5,119005,0,14,,0,1471,94144,1079.3583666483562,convergence
full-fill-l64,5,119005,0,15,,0,1490,95360,1274.6831092834473,convergence
full-fill-l64,5,119005,0,16,,0,1631,104384,1069.576754252116,convergence
full-fill-l64,5,119005,0,17,,0,1277,81728,1216.2952372233074,convergence
full-fill-l64,5,119005,0,18,,0,3175,203200,1105.0210927327473,completed
full-fill-l64,5,119005,0,19,,0,2958,189312,1085.1961415608723,convergence
full-fill-l64,5,119005,0,20,,0,3175,203200,1038.1096216837566,completed
full-fill-l64,5,119005,0,21,,0,2023,129472,1034.7439460754395,convergence
full-fill-l64,5,119005,0,22,,0,1562,99968,949.92167027791345,convergence
full-fill-l64,5,119005,0,23,,0,1410,90240,1275.3336639404297,convergence
full-fill-l64,5,119005,0,24,,0,1589,101696,1157.89515431722,convergence
full-fill-l64,5,119005,0,25,,0,1489,95296,1165.5368741353352,convergence
full-fill-l64,5,119005,0,26,,0,1677,107328,1057.8561248779297,convergence
full-fill-l64,5,119005,0,27,,0,1299,83136,1008.2799390157064,convergence
full-fill-l64,5,119005,0,28,,0,1618,103552,1120.3191197713215,convergence
full-fill-l64,5,119005,0,29,,0,1442,92288,1085.0614229838054,convergence
full-fill-l64,5,119005,0,30,,0,1720,110080,1030.1672554016113,convergence
full-fill-l64,5,119005,0,31,,0,1677,107328,1224.4621772766113,convergence
full-fill-l64,5,119005,0,32,,0,1295,82880,945.91989517211914,convergence
full-fill-l64,5,119005,0,33,,0,1533,98112,1124.1970036824544,convergence
full-fill-l64,5,119005,0,34,,0,1330,85120,1075.4376881917317,convergence
full-fill-l64,5,119005,0,35,,0,1629,104256,1125.2863235473633,convergence
full-fill-l64,5,119005,0,36,,0,1392,89088,1057.1277249654133,convergence
full-fill-l64,5,119005,0,37,,0,1279,81856,1219.4783198038738,convergence
full-fill-l64,5,119005,0,38,,0,1512,96768,1186.4350102742512,convergence
full-fill-l64,5,119005,0,39,,0,1357,86848,954.56393686930335,convergence
full-fill-l64,5,119005,0,40,,0,1265,80960,1167.3256594340007,convergence
full-fill-l64,5,119005,0,41,,0,1276,81664,1208.4396375020344,convergence
full-fill-l64,5,119005,0,42,,0,1596,102144,1219.0628153483074,convergence
full-fill-l64,5,119005,0,43,,0,1214,77696,1049.6741549173992,convergence
full-fill-l64,5,119005,0,44,,0,1871,119744,985.11250559488929,convergence
full-fill-l64,5,119005,0,45,,0,1451,92864,1046.8054695129395,convergence
full-fill-l64,5,119005,0,46,,0,1873,119872,982.83550898234046,convergence
full-fill-l64,5,119005,0,47,,0,1675,107200,1020.7454884847006,convergence
full-fill-l64,5,119005,0,48,,0,1324,84736,1218.3955968221028,convergence
full-fill-l64,5,119005,0,49,,0,1527,97728,915.06608835856116,convergence
full-fill-l64,5,119005,0,50,,0,1563,100032,1107.4233055114746,convergence
full-fill-l64,5,119005,0,51,,0,1670,106880,1163.9556299845378,convergence
full-fill-l64,5,119005,0,52,,0,2035,130240,1243.5146942138672,convergence
full-fill-l64,5,119005,0,53,,0,1488,95232,1143.6375020345051,convergence
full-fill-l64,5,119005,0,54,,0,1197,76608,1151.5900955200195,convergence
full-fill-l64,5,119005,0,55,,0,1499,95936,1152.2883745829265,convergence
full-fill-l64,5,119005,0,56,,0,1787,114368,1173.4786542256672,convergence
full-fill-l64,5,119005,0,57,,0,3175,203200,1019.824275970459,completed
full-fill-l64,5,119005,0,58,,0,2035,130240,1218.5117047627766,convergence
full-fill-l64,5,119005,0,59,,0,3175,203200,1023.2238184611002,completed
full-ipop-l64,6,119006,0,0,large,64,1536,98304,1014.0241775512695,tol_fun
full-ipop-l64,6,119006,0,1,large,128,1462,187136,967.87076441446936,tol_fun
full-ipop-l64,6,119006,0,2,large,256,1092,279552,1105.7582092285156,tol_fun
full-ipop-l64,6,119006,0,3,large,512,2017,1032704,822.58345921834314,tol_fun
full-ipop-l64,6,119006,0,4,large,1024,1578,1615872,947.81978988647461,tol_fun
full-ipop-l64,6,119006,0,5,large,2048,1606,3288832,1219.7077039082844,maximum_evaluations
full-r32-l64,6,119006,0,0,,0,1536,98304,1014.0241775512695,convergence
full-r32-l64,6,119006,0,1,,0,1202,76928,1185.4775403340657,convergence
full-r32-l64,6,119006,0,2,,0,1593,101952,1253.536641438802,convergence
full-r32-l64,6,119006,0,3,,0,1353,86592,1175.6914812723796,convergence
full-r32-l64,6,119006,0,4,,0,1393,89152,1102.5578219095867,convergence
full-r32-l64,6,119006,0,5,,0,1748,111872,994.80016454060876,convergence
full-r32-l64,6,119006,0,6,,0,1468,93952,1254.6254717508953,convergence
full-r32-l64,6,119006,0,7,,0,1531,97984,990.53080495198571,convergence
full-r32-l64,6,119006,0,8,,0,1373,87872,1256.6221300760906,convergence
full-r32-l64,6,119006,0,9,,0,1334,85376,1158.8055597941081,convergence
full-r32-l64,6,119006,0,10,,0,1530,97920,1219.8219083150227,convergence
full-r32-l64,6,119006,0,11,,0,2149,137536,1233.0019696553547,convergence
full-r32-l64,6,119006,0,12,,0,1559,99776,1160.404894510905,convergence
full-r32-l64,6,119006,0,13,,0,1575,100800,1120.7897364298503,convergence
full-r32-l64,6,119006,0,14,,0,1490,95360,1081.8599281311035,convergence
full-r32-l64,6,119006,0,15,,0,2515,160960,1084.7973988850911,convergence
full-r32-l64,6,119006,0,16,,0,1707,109248,916.78442891438806,convergence
full-r32-l64,6,119006,0,17,,0,1690,108160,1199.738301595052,convergence
full-r32-l64,6,119006,0,18,,0,1559,99776,923.41548538208008,convergence
full-r32-l64,6,119006,0,19,,0,1323,84672,995.93921152750647,convergence
full-r32-l64,6,119006,0,20,,0,1216,77824,1168.0582593282063,convergence
full-r32-l64,6,119006,0,21,,0,1538,98432,1047.8205235799153,convergence
full-r32-l64,6,119006,0,22,,0,2235,143040,1172.2130343119304,convergence
full-r32-l64,6,119006,0,23,,0,1448,92672,1293.1460800170898,convergence
full-r32-l64,6,119006,0,24,,0,1658,106112,937.77680842081702,convergence
full-r32-l64,6,119006,0,25,,0,1288,82432,1297.2189750671387,convergence
full-r32-l64,6,119006,0,26,,0,1645,105280,1129.1743837992351,convergence
full-r32-l64,6,119006,0,27,,0,1594,102016,1208.6587511698406,convergence
full-r32-l64,6,119006,0,28,,0,1246,79744,936.89837519327796,convergence
full-r32-l64,6,119006,0,29,,0,1583,101312,1074.6490160624187,convergence
full-r32-l64,6,119006,0,30,,0,1308,83712,1146.2478981018066,convergence
full-r32-l64,6,119006,0,31,,0,1619,103616,1189.9002087910969,convergence
full-fill-l64,6,119006,0,0,,0,1536,98304,1014.0241775512695,convergence
full-fill-l64,6,119006,0,1,,0,1202,76928,1185.4775403340657,convergence
full-fill-l64,6,119006,0,2,,0,1593,101952,1253.536641438802,convergence
full-fill-l64,6,119006,0,3,,0,1353,86592,1175.6914812723796,convergence
full-fill-l64,6,119006,0,4,,0,1393,89152,1102.5578219095867,convergence
full-fill-l64,6,119006,0,5,,0,1748,111872,994.80016454060876,convergence
full-fill-l64,6,119006,0,6,,0,1468,93952,1254.6254717508953,convergence
full-fill-l64,6,119006,0,7,,0,1531,97984,990.53080495198571,convergence
full-fill-l64,6,119006,0,8,,0,1373,87872,1256.6221300760906,convergence
full-fill-l64,6,119006,0,9,,0,1334,85376,1158.8055597941081,convergence
full-fill-l64,6,119006,0,10,,0,1530,97920,1219.8219083150227,convergence
full-fill-l64,6,119006,0,11,,0,2149,137536,1233.0019696553547,convergence
full-fill-l64,6,119006,0,12,,0,1559,99776,1160.404894510905,convergence
full-fill-l64,6,119006,0,13,,0,1575,100800,1120.7897364298503,convergence
full-fill-l64,6,119006,0,14,,0,1490,95360,1081.8599281311035,convergence
full-fill-l64,6,119006,0,15,,0,2515,160960,1084.7973988850911,convergence
full-fill-l64,6,119006,0,16,,0,1707,109248,916.78442891438806,convergence
full-fill-l64,6,119006,0,17,,0,1690,108160,1199.738301595052,convergence
full-fill-l64,6,119006,0,18,,0,1559,99776,923.41548538208008,convergence
full-fill-l64,6,119006,0,19,,0,1323,84672,995.93921152750647,convergence
full-fill-l64,6,119006,0,20,,0,1216,77824,1168.0582593282063,convergence
full-fill-l64,6,119006,0,21,,0,1538,98432,1047.8205235799153,convergence
full-fill-l64,6,119006,0,22,,0,2235,143040,1172.2130343119304,convergence
full-fill-l64,6,119006,0,23,,0,1448,92672,1293.1460800170898,convergence
full-fill-l64,6,119006,0,24,,0,1658,106112,937.77680842081702,convergence
full-fill-l64,6,119006,0,25,,0,1288,82432,1297.2189750671387,convergence
full-fill-l64,6,119006,0,26,,0,1645,105280,1129.1743837992351,convergence
full-fill-l64,6,119006,0,27,,0,1594,102016,1208.6587511698406,convergence
full-fill-l64,6,119006,0,28,,0,1246,79744,936.89837519327796,convergence
full-fill-l64,6,119006,0,29,,0,1583,101312,1074.6490160624187,convergence
full-fill-l64,6,119006,0,30,,0,1308,83712,1146.2478981018066,convergence
full-fill-l64,6,119006,0,31,,0,1619,103616,1189.9002087910969,convergence
full-fill-l64,6,119006,0,32,,0,2641,169024,1204.3732426961262,convergence
full-fill-l64,6,119006,0,33,,0,1547,99008,1277.743953704834,convergence
full-fill-l64,6,119006,0,34,,0,1361,87104,1240.1409734090169,convergence
full-fill-l64,6,119006,0,35,,0,1482,94848,1227.1289952596028,convergence
full-fill-l64,6,119006,0,36,,0,1604,102656,1234.3810399373372,convergence
full-fill-l64,6,119006,0,37,,0,3097,198208,917.50172424316406,convergence
full-fill-l64,6,119006,0,38,,0,1369,87616,1186.8689893086751,convergence
full-fill-l64,6,119006,0,39,,0,1245,79680,1211.2019500732422,convergence
full-fill-l64,6,119006,0,40,,0,2125,136000,950.41932932535804,convergence
full-fill-l64,6,119006,0,41,,0,1729,110656,1022.3299179077148,convergence
full-fill-l64,6,119006,0,42,,0,1800,115200,1284.8641942342122,convergence
full-fill-l64,6,119006,0,43,,0,3175,203200,1236.7705103556316,completed
full-fill-l64,6,119006,0,44,,0,1616,103424,1260.6535746256511,convergence
full-fill-l64,6,119006,0,45,,0,1470,94080,1045.2795397440593,convergence
full-fill-l64,6,119006,0,46,,0,1421,90944,1223.0480702718098,convergence
full-fill-l64,6,119006,0,47,,0,1525,97600,1196.1306597391765,convergence
full-fill-l64,6,119006,0,48,,0,2782,178048,1131.2288729349773,convergence
full-fill-l64,6,119006,0,49,,0,1387,88768,1161.560437520345,convergence
full-fill-l64,6,119006,0,50,,0,1318,84352,972.83686701456702,convergence
full-fill-l64,6,119006,0,51,,0,1352,86528,1152.811845143636,convergence
full-fill-l64,6,119006,0,52,,0,1439,92096,1186.9843292236328,convergence
full-fill-l64,6,119006,0,53,,0,1292,82688,1047.9928550720215,convergence
full-fill-l64,6,119006,0,54,,0,1546,98944,1232.3234990437825,convergence
full-fill-l64,6,119006,0,55,,0,1626,104064,1011.6497179667155,convergence
full-fill-l64,6,119006,0,56,,0,1309,83776,1198.567679087321,convergence
full-fill-l64,6,119006,0,57,,0,1629,104256,1243.3598658243816,convergence
full-fill-l64,6,119006,0,58,,0,1704,109056,1087.4133974711101,convergence
full-fill-l64,6,119006,0,59,,0,1434,91776,1048.366434733073,convergence
full-fill-l64,6,119006,0,60,,0,1363,87232,1035.1652285257976,convergence
full-ipop-l64,7,119007,0,0,large,64,1299,83136,1176.963996887207,tol_fun
full-ipop-l64,7,119007,0,1,large,128,1713,219264,1192.1752344767253,tol_fun
full-ipop-l64,7,119007,0,2,large,256,1548,396288,915.60743586222327,tol_fun
full-ipop-l64,7,119007,0,3,large,512,1886,965632,1088.6609077453613,tol_fun
full-ipop-l64,7,119007,0,4,large,1024,1821,1864704,1147.3331909179688,tol_fun
full-ipop-l64,7,119007,0,5,large,2048,1452,2973376,997.05676651000977,maximum_evaluations
full-r32-l64,7,119007,0,0,,0,1299,83136,1176.963996887207,convergence
full-r32-l64,7,119007,0,1,,0,1737,111168,1185.1198183695476,convergence
full-r32-l64,7,119007,0,2,,0,1425,91200,1143.1236534118652,convergence
full-r32-l64,7,119007,0,3,,0,1766,113024,1085.1709251403809,convergence
full-r32-l64,7,119007,0,4,,0,1617,103488,1255.0260531107585,convergence
full-r32-l64,7,119007,0,5,,0,1594,102016,1117.4189402262371,convergence
full-r32-l64,7,119007,0,6,,0,1153,73792,1140.980130513509,convergence
full-r32-l64,7,119007,0,7,,0,2155,137920,1220.5257708231609,convergence
full-r32-l64,7,119007,0,8,,0,1588,101632,954.30052312215173,convergence
full-r32-l64,7,119007,0,9,,0,1687,107968,931.92466481526696,convergence
full-r32-l64,7,119007,0,10,,0,1593,101952,940.02941004435218,convergence
full-r32-l64,7,119007,0,11,,0,1377,88128,1055.7840741475422,convergence
full-r32-l64,7,119007,0,12,,0,1513,96832,1312.6849365234375,convergence
full-r32-l64,7,119007,0,13,,0,2251,144064,915.51956176757812,convergence
full-r32-l64,7,119007,0,14,,0,3175,203200,1158.5093154907227,completed
full-r32-l64,7,119007,0,15,,0,1498,95872,897.90805308024085,convergence
full-r32-l64,7,119007,0,16,,0,1690,108160,898.43417485555017,convergence
full-r32-l64,7,119007,0,17,,0,1563,100032,910.15971247355139,convergence
full-r32-l64,7,119007,0,18,,0,2098,134272,1307.6525917053223,convergence
full-r32-l64,7,119007,0,19,,0,1443,92352,1177.8248443603516,convergence
full-r32-l64,7,119007,0,20,,0,1451,92864,1213.8779780069988,convergence
full-r32-l64,7,119007,0,21,,0,1293,82752,1250.8091888427734,convergence
full-r32-l64,7,119007,0,22,,0,1359,86976,1242.6505839029949,convergence
full-r32-l64,7,119007,0,23,,0,1672,107008,1153.4898745218914,convergence
full-r32-l64,7,119007,0,24,,0,1325,84800,1114.5619812011719,convergence
full-r32-l64,7,119007,0,25,,0,1315,84160,1196.3841921488445,convergence
full-r32-l64,7,119007,0,26,,0,1322,84608,1222.5872751871746,convergence
full-r32-l64,7,119007,0,27,,0,2055,131520,955.8774630228678,convergence
full-r32-l64,7,119007,0,28,,0,2883,184512,958.77829996744788,convergence
full-r32-l64,7,119007,0,29,,0,1441,92224,1182.1069208780925,convergence
full-r32-l64,7,119007,0,30,,0,1572,100608,1191.146312713623,convergence
full-r32-l64,7,119007,0,31,,0,1364,87296,1330.225924173991,convergence
full-fill-l64,7,119007,0,0,,0,1299,83136,1176.963996887207,convergence
full-fill-l64,7,119007,0,1,,0,1737,111168,1185.1198183695476,convergence
full-fill-l64,7,119007,0,2,,0,1425,91200,1143.1236534118652,convergence
full-fill-l64,7,119007,0,3,,0,1766,113024,1085.1709251403809,convergence
full-fill-l64,7,119007,0,4,,0,1617,103488,1255.0260531107585,convergence
full-fill-l64,7,119007,0,5,,0,1594,102016,1117.4189402262371,convergence
full-fill-l64,7,119007,0,6,,0,1153,73792,1140.980130513509,convergence
full-fill-l64,7,119007,0,7,,0,2155,137920,1220.5257708231609,convergence
full-fill-l64,7,119007,0,8,,0,1588,101632,954.30052312215173,convergence
full-fill-l64,7,119007,0,9,,0,1687,107968,931.92466481526696,convergence
full-fill-l64,7,119007,0,10,,0,1593,101952,940.02941004435218,convergence
full-fill-l64,7,119007,0,11,,0,1377,88128,1055.7840741475422,convergence
full-fill-l64,7,119007,0,12,,0,1513,96832,1312.6849365234375,convergence
full-fill-l64,7,119007,0,13,,0,2251,144064,915.51956176757812,convergence
full-fill-l64,7,119007,0,14,,0,3175,203200,1158.5093154907227,completed
full-fill-l64,7,119007,0,15,,0,1498,95872,897.90805308024085,convergence
full-fill-l64,7,119007,0,16,,0,1690,108160,898.43417485555017,convergence
full-fill-l64,7,119007,0,17,,0,1563,100032,910.15971247355139,convergence
full-fill-l64,7,119007,0,18,,0,2098,134272,1307.6525917053223,convergence
full-fill-l64,7,119007,0,19,,0,1443,92352,1177.8248443603516,convergence
full-fill-l64,7,119007,0,20,,0,1451,92864,1213.8779780069988,convergence
full-fill-l64,7,119007,0,21,,0,1293,82752,1250.8091888427734,convergence
full-fill-l64,7,119007,0,22,,0,1359,86976,1242.6505839029949,convergence
full-fill-l64,7,119007,0,23,,0,1672,107008,1153.4898745218914,convergence
full-fill-l64,7,119007,0,24,,0,1325,84800,1114.5619812011719,convergence
full-fill-l64,7,119007,0,25,,0,1315,84160,1196.3841921488445,convergence
full-fill-l64,7,119007,0,26,,0,1322,84608,1222.5872751871746,convergence
full-fill-l64,7,119007,0,27,,0,2055,131520,955.8774630228678,convergence
full-fill-l64,7,119007,0,28,,0,2883,184512,958.77829996744788,convergence
full-fill-l64,7,119007,0,29,,0,1441,92224,1182.1069208780925,convergence
full-fill-l64,7,119007,0,30,,0,1572,100608,1191.146312713623,convergence
full-fill-l64,7,119007,0,31,,0,1364,87296,1330.225924173991,convergence
full-fill-l64,7,119007,0,32,,0,1273,81472,1024.6417185465496,convergence
full-fill-l64,7,119007,0,33,,0,1709,109376,917.11678949991858,convergence
full-fill-l64,7,119007,0,34,,0,1432,91648,1233.4653867085774,convergence
full-fill-l64,7,119007,0,35,,0,1389,88896,1253.595723470052,convergence
full-fill-l64,7,119007,0,36,,0,1378,88192,1045.7770805358887,convergence
full-fill-l64,7,119007,0,37,,0,1241,79424,1138.1861928304036,convergence
full-fill-l64,7,119007,0,38,,0,1694,108416,1340.6289812723796,convergence
full-fill-l64,7,119007,0,39,,0,1404,89856,1012.6739489237467,convergence
full-fill-l64,7,119007,0,40,,0,3175,203200,926.19952519734704,completed
full-fill-l64,7,119007,0,41,,0,1322,84608,1198.0497881571453,convergence
full-fill-l64,7,119007,0,42,,0,1485,95040,1251.7120882670085,convergence
full-fill-l64,7,119007,0,43,,0,1774,113536,1222.7526308695476,convergence
full-fill-l64,7,119007,0,44,,0,1534,98176,1245.7111269632976,convergence
full-fill-l64,7,119007,0,45,,0,1676,107264,1067.3115386962891,convergence
full-fill-l64,7,119007,0,46,,0,2304,147456,1129.8936462402344,convergence
full-fill-l64,7,119007,0,47,,0,1301,83264,1347.256457010905,convergence
full-fill-l64,7,119007,0,48,,0,1348,86272,887.81329472859704,convergence
full-fill-l64,7,119007,0,49,,0,1443,92352,1145.229564666748,convergence
full-fill-l64,7,119007,0,50,,0,1444,92416,1245.5616137186687,convergence
full-fill-l64,7,119007,0,51,,0,1517,97088,941.31225077311194,convergence
full-fill-l64,7,119007,0,52,,0,1464,93696,1191.7662111918132,convergence
full-fill-l64,7,119007,0,53,,0,1488,95232,1230.5106175740559,convergence
full-fill-l64,7,119007,0,54,,0,2451,156864,931.81308364868164,convergence
full-fill-l64,7,119007,0,55,,0,1367,87488,1223.8543561299641,convergence
full-fill-l64,7,119007,0,56,,0,1457,93248,1082.5044339497883,convergence
full-fill-l64,7,119007,0,57,,0,1491,95424,1069.6632817586262,convergence
full-fill-l64,7,119007,0,58,,0,1457,93248,1046.1963717142742,convergence
full-fill-l64,7,119007,0,59,,0,1430,91520,1324.78138478597,convergence
full-fill-l64,7,119007,0,60,,0,2287,146368,1143.8635292053223,convergence
full-ipop-l64,8,119008,0,0,large,64,2055,131520,1113.9789784749348,tol_fun
full-ipop-l64,8,119008,0,1,large,128,2303,294784,932.5141817728678,tol_fun
full-ipop-l64,8,119008,0,2,large,256,1248,319488,1254.9810485839844,tol_fun
full-ipop-l64,8,119008,0,3,large,512,1742,891904,1184.186092376709,tol_fun
full-ipop-l64,8,119008,0,4,large,1024,2406,2463744,1235.1211967468262,tol_fun
full-ipop-l64,8,119008,0,5,large,2048,1152,2359296,1024.4322675069172,tol_fun
full-ipop-l64,8,119008,0,6,large,4096,10,41664,1862.4424184163411,maximum_evaluations
full-r32-l64,8,119008,0,0,,0,2055,131520,1113.9789784749348,convergence
full-r32-l64,8,119008,0,1,,0,1620,103680,1281.6732266743977,convergence
full-r32-l64,8,119008,0,2,,0,2195,140480,1090.9358940124512,convergence
full-r32-l64,8,119008,0,3,,0,2606,166784,1089.9875920613606,convergence
full-r32-l64,8,119008,0,4,,0,1517,97088,1168.6011708577473,convergence
full-r32-l64,8,119008,0,5,,0,1188,76032,1244.2014592488606,convergence
full-r32-l64,8,119008,0,6,,0,1602,102528,1258.8505007425945,convergence
full-r32-l64,8,119008,0,7,,0,3175,203200,1194.5072504679363,completed
full-r32-l64,8,119008,0,8,,0,1483,94912,1246.678638458252,convergence
full-r32-l64,8,119008,0,9,,0,1453,92992,1187.1486117045085,convergence
full-r32-l64,8,119008,0,10,,0,2739,175296,1166.4740651448567,convergence
full-r32-l64,8,119008,0,11,,0,1465,93760,1136.4990285237629,convergence
full-r32-l64,8,119008,0,12,,0,1447,92608,1060.1669578552246,convergence
full-r32-l64,8,119008,0,13,,0,1254,80256,1172.5705655415852,convergence
full-r32-l64,8,119008,0,14,,0,1692,108288,1149.920260111491,convergence
full-r32-l64,8,119008,0,15,,0,1342,85888,1240.2632280985515,convergence
full-r32-l64,8,119008,0,16,,0,1710,109440,1010.8192494710287,convergence
full-r32-l64,8,119008,0,17,,0,1308,83712,1171.3411649068196,convergence
full-r32-l64,8,119008,0,18,,0,1671,106944,1197.9696998596191,convergence
full-r32-l64,8,119008,0,19,,0,1618,103552,988.94143295288086,convergence
full-r32-l64,8,119008,0,20,,0,2518,161152,1225.8283551534016,convergence
full-r32-l64,8,119008,0,21,,0,1389,88896,1220.1511548360188,convergence
full-r32-l64,8,119008,0,22,,0,1244,79616,1255.4584744771321,convergence
full-r32-l64,8,119008,0,23,,0,1337,85568,1009.6126950581869,convergence
full-r32-l64,8,119008,0,24,,0,1421,90944,1197.6721725463867,convergence
full-r32-l64,8,119008,0,25,,0,1489,95296,938.27566401163733,convergence
full-r32-l64,8,119008,0,26,,0,1800,115200,1025.6905517578125,convergence
full-r32-l64,8,119008,0,27,,0,1379,88256,1347.7406984965007,convergence
full-r32-l64,8,119008,0,28,,0,1735,111040,1326.0675888061523,convergence
full-r32-l64,8,119008,0,29,,0,1535,98240,1120.8855641682942,convergence
full-r32-l64,8,119008,0,30,,0,1549,99136,1337.6760584513347,convergence
full-r32-l64,8,119008,0,31,,0,1446,92544,1151.6905339558919,convergence
full-fill-l64,8,119008,0,0,,0,2055,131520,1113.9789784749348,convergence
full-fill-l64,8,119008,0,1,,0,1620,103680,1281.6732266743977,convergence
full-fill-l64,8,119008,0,2,,0,2195,140480,1090.9358940124512,convergence
full-fill-l64,8,119008,0,3,,0,2606,166784,1089.9875920613606,convergence
full-fill-l64,8,119008,0,4,,0,1517,97088,1168.6011708577473,convergence
full-fill-l64,8,119008,0,5,,0,1188,76032,1244.2014592488606,convergence
full-fill-l64,8,119008,0,6,,0,1602,102528,1258.8505007425945,convergence
full-fill-l64,8,119008,0,7,,0,3175,203200,1194.5072504679363,completed
full-fill-l64,8,119008,0,8,,0,1483,94912,1246.678638458252,convergence
full-fill-l64,8,119008,0,9,,0,1453,92992,1187.1486117045085,convergence
full-fill-l64,8,119008,0,10,,0,2739,175296,1166.4740651448567,convergence
full-fill-l64,8,119008,0,11,,0,1465,93760,1136.4990285237629,convergence
full-fill-l64,8,119008,0,12,,0,1447,92608,1060.1669578552246,convergence
full-fill-l64,8,119008,0,13,,0,1254,80256,1172.5705655415852,convergence
full-fill-l64,8,119008,0,14,,0,1692,108288,1149.920260111491,convergence
full-fill-l64,8,119008,0,15,,0,1342,85888,1240.2632280985515,convergence
full-fill-l64,8,119008,0,16,,0,1710,109440,1010.8192494710287,convergence
full-fill-l64,8,119008,0,17,,0,1308,83712,1171.3411649068196,convergence
full-fill-l64,8,119008,0,18,,0,1671,106944,1197.9696998596191,convergence
full-fill-l64,8,119008,0,19,,0,1618,103552,988.94143295288086,convergence
full-fill-l64,8,119008,0,20,,0,2518,161152,1225.8283551534016,convergence
full-fill-l64,8,119008,0,21,,0,1389,88896,1220.1511548360188,convergence
full-fill-l64,8,119008,0,22,,0,1244,79616,1255.4584744771321,convergence
full-fill-l64,8,119008,0,23,,0,1337,85568,1009.6126950581869,convergence
full-fill-l64,8,119008,0,24,,0,1421,90944,1197.6721725463867,convergence
full-fill-l64,8,119008,0,25,,0,1489,95296,938.27566401163733,convergence
full-fill-l64,8,119008,0,26,,0,1800,115200,1025.6905517578125,convergence
full-fill-l64,8,119008,0,27,,0,1379,88256,1347.7406984965007,convergence
full-fill-l64,8,119008,0,28,,0,1735,111040,1326.0675888061523,convergence
full-fill-l64,8,119008,0,29,,0,1535,98240,1120.8855641682942,convergence
full-fill-l64,8,119008,0,30,,0,1549,99136,1337.6760584513347,convergence
full-fill-l64,8,119008,0,31,,0,1446,92544,1151.6905339558919,convergence
full-fill-l64,8,119008,0,32,,0,1367,87488,1061.1165084838867,convergence
full-fill-l64,8,119008,0,33,,0,1765,112960,1013.0869750976562,convergence
full-fill-l64,8,119008,0,34,,0,1364,87296,1319.673999786377,convergence
full-fill-l64,8,119008,0,35,,0,2126,136064,1233.3334528605144,convergence
full-fill-l64,8,119008,0,36,,0,1411,90304,935.24986521402991,convergence
full-fill-l64,8,119008,0,37,,0,1695,108480,1280.4315198262532,convergence
full-fill-l64,8,119008,0,38,,0,1709,109376,1216.0495007832844,convergence
full-fill-l64,8,119008,0,39,,0,1464,93696,1044.0260378519695,convergence
full-fill-l64,8,119008,0,40,,0,1386,88704,1186.6832784016926,convergence
full-fill-l64,8,119008,0,41,,0,1511,96704,1057.1347503662109,convergence
full-fill-l64,8,119008,0,42,,0,1612,103168,910.65461730957031,convergence
full-fill-l64,8,119008,0,43,,0,1203,76992,1186.7735188802083,convergence
full-fill-l64,8,119008,0,44,,0,1629,104256,986.66690063476562,convergence
full-fill-l64,8,119008,0,45,,0,1689,108096,1046.1549835205078,convergence
full-fill-l64,8,119008,0,46,,0,3175,203200,1004.9711558024088,completed
full-fill-l64,8,119008,0,47,,0,1538,98432,1180.6542116800945,convergence
full-fill-l64,8,119008,0,48,,0,1423,91072,1390.9656664530437,convergence
full-fill-l64,8,119008,0,49,,0,1761,112704,1025.7177950541179,convergence
full-fill-l64,8,119008,0,50,,0,1749,111936,1204.2535909016926,convergence
full-fill-l64,8,119008,0,51,,0,2068,132352,1220.5200386047363,convergence
full-fill-l64,8,119008,0,52,,0,1536,98304,1115.7417577107747,convergence
full-fill-l64,8,119008,0,53,,0,1380,88320,1229.8221855163574,convergence
full-fill-l64,8,119008,0,54,,0,1639,104896,1390.1208483378093,convergence
full-fill-l64,8,119008,0,55,,0,1205,77120,1023.277353922526,convergence
full-fill-l64,8,119008,0,56,,0,1301,83264,1200.1943372090657,convergence
full-fill-l64,8,119008,0,57,,0,1823,116672,934.48294576009118,convergence
full-fill-l64,8,119008,0,58,,0,1398,89472,970.42123540242517,convergence
full-fill-l64,8,119008,0,59,,0,1525,97600,1319.6537857055664,convergence
full-ipop-l64,9,119009,0,0,large,64,1407,90048,948.50847625732422,tol_fun
full-ipop-l64,9,119009,0,1,large,128,1414,180992,1256.7894172668457,tol_fun
full-ipop-l64,9,119009,0,2,large,256,1677,429312,1173.0750363667805,tol_fun
full-ipop-l64,9,119009,0,3,large,512,1699,869888,886.03665542602539,tol_fun
full-ipop-l64,9,119009,0,4,large,1024,1717,1758208,1085.6625912984211,tol_fun
full-ipop-l64,9,119009,0,5,large,2048,1469,3008512,1231.3923250834148,tol_fun
full-ipop-l64,9,119009,0,6,large,4096,40,165440,1545.232531229655,maximum_evaluations
full-r32-l64,9,119009,0,0,,0,1407,90048,948.50847625732422,convergence
full-r32-l64,9,119009,0,1,,0,1575,100800,1167.1241022745769,convergence
full-r32-l64,9,119009,0,2,,0,1741,111424,1011.3479092915853,convergence
full-r32-l64,9,119009,0,3,,0,1570,100480,1203.7437362670898,convergence
full-r32-l64,9,119009,0,4,,0,1367,87488,1099.685469309489,convergence
full-r32-l64,9,119009,0,5,,0,1356,86784,1267.7340443929036,convergence
full-r32-l64,9,119009,0,6,,0,1451,92864,1057.5607617696126,convergence
full-r32-l64,9,119009,0,7,,0,1753,112192,1102.9027811686199,convergence
full-r32-l64,9,119009,0,8,,0,1432,91648,1217.0408477783203,convergence
full-r32-l64,9,119009,0,9,,0,1268,81152,1007.108465830485,convergence
full-r32-l64,9,119009,0,10,,0,1260,80640,1016.3888854980469,convergence
full-r32-l64,9,119009,0,11,,0,1640,104960,1053.5784899393718,convergence
full-r32-l64,9,119009,0,12,,0,1483,94912,1173.2655423482258,convergence
full-r32-l64,9,119009,0,13,,0,2199,140736,940.97921625773108,convergence
full-r32-l64,9,119009,0,14,,0,1307,83648,1278.3517672220867,convergence
full-r32-l64,9,119009,0,15,,0,1604,102656,1157.4222793579102,convergence
full-r32-l64,9,119009,0,16,,0,1397,89408,1149.2903785705566,convergence
full-r32-l64,9,119009,0,17,,0,1515,96960,1071.2530657450359,convergence
full-r32-l64,9,119009,0,18,,0,1195,76480,1174.0243822733562,convergence
full-r32-l64,9,119009,0,19,,0,1345,86080,1057.1491139729817,convergence
full-r32-l64,9,119009,0,20,,0,1775,113600,1070.7477493286133,convergence
full-r32-l64,9,119009,0,21,,0,1523,97472,876.61063385009766,convergence
full-r32-l64,9,119009,0,22,,0,1420,90880,1243.3884735107422,convergence
full-r32-l64,9,119009,0,23,,0,1251,80064,1167.8234278361003,convergence
full-r32-l64,9,119009,0,24,,0,1476,94464,1181.6395378112793,convergence
full-r32-l64,9,119009,0,25,,0,2577,164928,1223.0991109212239,convergence
full-r32-l64,9,119009,0,26,,0,1427,91328,1254.7375386555989,convergence
full-r32-l64,9,119009,0,27,,0,1367,87488,966.76923243204749,convergence
full-r32-l64,9,119009,0,28,,0,1652,105728,1168.9678777058919,convergence
full-r32-l64,9,119009,0,29,,0,2080,133120,1274.9894091288249,convergence
full-r32-l64,9,119009,0,30,,0,1526,97664,1230.1680145263672,convergence
full-r32-l64,9,119009,0,31,,0,1782,114048,1138.54869333903,convergence
full-fill-l64,9,119009,0,0,,0,1407,90048,948.50847625732422,convergence
full-fill-l64,9,119009,0,1,,0,1575,100800,1167.1241022745769,convergence
full-fill-l64,9,119009,0,2,,0,1741,111424,1011.3479092915853,convergence
full-fill-l64,9,119009,0,3,,0,1570,100480,1203.7437362670898,convergence
full-fill-l64,9,119009,0,4,,0,1367,87488,1099.685469309489,convergence
full-fill-l64,9,119009,0,5,,0,1356,86784,1267.7340443929036,convergence
full-fill-l64,9,119009,0,6,,0,1451,92864,1057.5607617696126,convergence
full-fill-l64,9,119009,0,7,,0,1753,112192,1102.9027811686199,convergence
full-fill-l64,9,119009,0,8,,0,1432,91648,1217.0408477783203,convergence
full-fill-l64,9,119009,0,9,,0,1268,81152,1007.108465830485,convergence
full-fill-l64,9,119009,0,10,,0,1260,80640,1016.3888854980469,convergence
full-fill-l64,9,119009,0,11,,0,1640,104960,1053.5784899393718,convergence
full-fill-l64,9,119009,0,12,,0,1483,94912,1173.2655423482258,convergence
full-fill-l64,9,119009,0,13,,0,2199,140736,940.97921625773108,convergence
full-fill-l64,9,119009,0,14,,0,1307,83648,1278.3517672220867,convergence
full-fill-l64,9,119009,0,15,,0,1604,102656,1157.4222793579102,convergence
full-fill-l64,9,119009,0,16,,0,1397,89408,1149.2903785705566,convergence
full-fill-l64,9,119009,0,17,,0,1515,96960,1071.2530657450359,convergence
full-fill-l64,9,119009,0,18,,0,1195,76480,1174.0243822733562,convergence
full-fill-l64,9,119009,0,19,,0,1345,86080,1057.1491139729817,convergence
full-fill-l64,9,119009,0,20,,0,1775,113600,1070.7477493286133,convergence
full-fill-l64,9,119009,0,21,,0,1523,97472,876.61063385009766,convergence
full-fill-l64,9,119009,0,22,,0,1420,90880,1243.3884735107422,convergence
full-fill-l64,9,119009,0,23,,0,1251,80064,1167.8234278361003,convergence
full-fill-l64,9,119009,0,24,,0,1476,94464,1181.6395378112793,convergence
full-fill-l64,9,119009,0,25,,0,2577,164928,1223.0991109212239,convergence
full-fill-l64,9,119009,0,26,,0,1427,91328,1254.7375386555989,convergence
full-fill-l64,9,119009,0,27,,0,1367,87488,966.76923243204749,convergence
full-fill-l64,9,119009,0,28,,0,1652,105728,1168.9678777058919,convergence
full-fill-l64,9,119009,0,29,,0,2080,133120,1274.9894091288249,convergence
full-fill-l64,9,119009,0,30,,0,1526,97664,1230.1680145263672,convergence
full-fill-l64,9,119009,0,31,,0,1782,114048,1138.54869333903,convergence
full-fill-l64,9,119009,0,32,,0,1042,66688,1220.5878156026204,convergence
full-fill-l64,9,119009,0,33,,0,1251,80064,1096.1014544169109,convergence
full-fill-l64,9,119009,0,34,,0,2493,159552,1205.5710767110188,convergence
full-fill-l64,9,119009,0,35,,0,3175,203200,1346.8376909891765,completed
full-fill-l64,9,119009,0,36,,0,1727,110528,1158.5858777364094,convergence
full-fill-l64,9,119009,0,37,,0,1492,95488,1009.7447179158529,convergence
full-fill-l64,9,119009,0,38,,0,1547,99008,1341.319299062093,convergence
full-fill-l64,9,119009,0,39,,0,1818,116352,1179.3723246256511,convergence
full-fill-l64,9,119009,0,40,,0,1520,97280,1077.2674496968586,convergence
full-fill-l64,9,119009,0,41,,0,1373,87872,1221.3864237467449,convergence
full-fill-l64,9,119009,0,42,,0,1376,88064,1042.3978284200032,convergence
full-fill-l64,9,119009,0,43,,0,2057,131648,1152.9295883178711,convergence
full-fill-l64,9,119009,0,44,,0,1726,110464,1151.4662857055664,convergence
full-fill-l64,9,119009,0,45,,0,1868,119552,1075.6280148824055,convergence
full-fill-l64,9,119009,0,46,,0,1753,112192,1215.1624399820964,convergence
full-fill-l64,9,119009,0,47,,0,1621,103744,1159.2223383585613,convergence
full-fill-l64,9,119009,0,48,,0,1826,116864,1267.9436073303223,convergence
full-fill-l64,9,119009,0,49,,0,1322,84608,1224.0734354654949,convergence
full-fill-l64,9,119009,0,50,,0,1615,103360,1184.4325790405273,convergence
full-fill-l64,9,119009,0,51,,0,1317,84288,1210.6908505757649,convergence
full-fill-l64,9,119009,0,52,,0,1625,104000,1252.3378219604492,convergence
full-fill-l64,9,119009,0,53,,0,1491,95424,1273.2624727884929,convergence
full-fill-l64,9,119009,0,54,,0,1695,108480,911.35205841064453,convergence
full-fill-l64,9,119009,0,55,,0,2215,141760,1162.4161707560222,convergence
full-fill-l64,9,119009,0,56,,0,1479,94656,1145.4668235778809,convergence
full-fill-l64,9,119009,0,57,,0,1375,88000,1119.8136761983235,convergence
full-fill-l64,9,119009,0,58,,0,1439,92096,1208.5277442932129,convergence
full-fill-l64,9,119009,0,59,,0,2400,153600,1145.2079073588054,convergence
full-fill-l64,9,119009,0,60,,0,3175,203200,1105.8915087381999,completed
full-ipop-l64,10,119010,0,0,large,64,1920,122880,1148.1721369425456,tol_fun
full-ipop-l64,10,119010,0,1,large,128,1187,151936,1007.8029619852701,tol_fun
full-ipop-l64,10,119010,0,2,large,256,2099,537344,1238.4795341491699,tol_fun
full-ipop-l64,10,119010,0,3,large,512,1222,625664,1202.5640347798665,tol_fun
full-ipop-l64,10,119010,0,4,large,1024,1458,1492992,1089.0293502807617,tol_fun
full-ipop-l64,10,119010,0,5,large,2048,1512,3096576,884.06018320719397,tol_fun
full-ipop-l64,10,119010,0,6,large,4096,116,475008,1312.0426012674968,maximum_evaluations
full-r32-l64,10,119010,0,0,,0,1920,122880,1148.1721369425456,convergence
full-r32-l64,10,119010,0,1,,0,1462,93568,1143.7678718566895,convergence
full-r32-l64,10,119010,0,2,,0,1329,85056,1171.7508583068848,convergence
full-r32-l64,10,119010,0,3,,0,1623,103872,931.9328397115072,convergence
full-r32-l64,10,119010,0,4,,0,1470,94080,926.46721013387048,convergence
full-r32-l64,10,119010,0,5,,0,1934,123776,1175.775577545166,convergence
full-r32-l64,10,119010,0,6,,0,1319,84416,1218.241662343343,convergence
full-r32-l64,10,119010,0,7,,0,1430,91520,1196.2067222595215,convergence
full-r32-l64,10,119010,0,8,,0,1494,95616,1241.6873626708984,convergence
full-r32-l64,10,119010,0,9,,0,1313,84032,1333.2680676778157,convergence
full-r32-l64,10,119010,0,10,,0,2120,135680,1034.046122233073,convergence
full-r32-l64,10,119010,0,11,,0,1347,86208,1274.6147804260254,convergence
full-r32-l64,10,119010,0,12,,0,1277,81728,996.26199213663733,convergence
full-r32-l64,10,119010,0,13,,0,1385,88640,920.40534718831384,convergence
full-r32-l64,10,119010,0,14,,0,1568,100352,1236.8336232503254,convergence
full-r32-l64,10,119010,0,15,,0,1869,119616,1108.1050860087078,convergence
full-r32-l64,10,119010,0,16,,0,1459,93376,1199.7756576538086,convergence
full-r32-l64,10,119010,0,17,,0,1467,93888,899.58112462361657,convergence
full-r32-l64,10,119010,0,18,,0,1383,88512,1218.0133158365886,convergence
full-r32-l64,10,119010,0,19,,0,1819,116416,1213.3301391601562,convergence
full-r32-l64,10,119010,0,20,,0,1764,112896,1228.9346834818523,convergence
full-r32-l64,10,119010,0,21,,0,1728,110592,1029.1550420125325,convergence
full-r32-l64,10,119010,0,22,,0,1626,104064,1182.2841682434082,convergence
full-r32-l64,10,119010,0,23,,0,1589,101696,1231.4455858866374,convergence
full-r32-l64,10,119010,0,24,,0,1626,104064,1221.7940559387207,convergence
full-r32-l64,10,119010,0,25,,0,1784,114176,1161.4362805684407,convergence
full-r32-l64,10,119010,0,26,,0,1271,81344,1253.4968681335449,convergence
full-r32-l64,10,119010,0,27,,0,1718,109952,1124.5577875773113,convergence
full-r32-l64,10,119010,0,28,,0,1566,100224,1235.7188873291016,convergence
full-r32-l64,10,119010,0,29,,0,1164,74496,928.68100229899085,convergence
full-r32-l64,10,119010,0,30,,0,1601,102464,995.56202061971032,convergence
full-r32-l64,10,119010,0,31,,0,1461,93504,1038.2798245747883,convergence
full-fill-l64,10,119010,0,0,,0,1920,122880,1148.1721369425456,convergence
full-fill-l64,10,119010,0,1,,0,1462,93568,1143.7678718566895,convergence
full-fill-l64,10,119010,0,2,,0,1329,85056,1171.7508583068848,convergence
full-fill-l64,10,119010,0,3,,0,1623,103872,931.9328397115072,convergence
full-fill-l64,10,119010,0,4,,0,1470,94080,926.46721013387048,convergence
full-fill-l64,10,119010,0,5,,0,1934,123776,1175.775577545166,convergence
full-fill-l64,10,119010,0,6,,0,1319,84416,1218.241662343343,convergence
full-fill-l64,10,119010,0,7,,0,1430,91520,1196.2067222595215,convergence
full-fill-l64,10,119010,0,8,,0,1494,95616,1241.6873626708984,convergence
full-fill-l64,10,119010,0,9,,0,1313,84032,1333.2680676778157,convergence
full-fill-l64,10,119010,0,10,,0,2120,135680,1034.046122233073,convergence
full-fill-l64,10,119010,0,11,,0,1347,86208,1274.6147804260254,convergence
full-fill-l64,10,119010,0,12,,0,1277,81728,996.26199213663733,convergence
full-fill-l64,10,119010,0,13,,0,1385,88640,920.40534718831384,convergence
full-fill-l64,10,119010,0,14,,0,1568,100352,1236.8336232503254,convergence
full-fill-l64,10,119010,0,15,,0,1869,119616,1108.1050860087078,convergence
full-fill-l64,10,119010,0,16,,0,1459,93376,1199.7756576538086,convergence
full-fill-l64,10,119010,0,17,,0,1467,93888,899.58112462361657,convergence
full-fill-l64,10,119010,0,18,,0,1383,88512,1218.0133158365886,convergence
full-fill-l64,10,119010,0,19,,0,1819,116416,1213.3301391601562,convergence
full-fill-l64,10,119010,0,20,,0,1764,112896,1228.9346834818523,convergence
full-fill-l64,10,119010,0,21,,0,1728,110592,1029.1550420125325,convergence
full-fill-l64,10,119010,0,22,,0,1626,104064,1182.2841682434082,convergence
full-fill-l64,10,119010,0,23,,0,1589,101696,1231.4455858866374,convergence
full-fill-l64,10,119010,0,24,,0,1626,104064,1221.7940559387207,convergence
full-fill-l64,10,119010,0,25,,0,1784,114176,1161.4362805684407,convergence
full-fill-l64,10,119010,0,26,,0,1271,81344,1253.4968681335449,convergence
full-fill-l64,10,119010,0,27,,0,1718,109952,1124.5577875773113,convergence
full-fill-l64,10,119010,0,28,,0,1566,100224,1235.7188873291016,convergence
full-fill-l64,10,119010,0,29,,0,1164,74496,928.68100229899085,convergence
full-fill-l64,10,119010,0,30,,0,1601,102464,995.56202061971032,convergence
full-fill-l64,10,119010,0,31,,0,1461,93504,1038.2798245747883,convergence
full-fill-l64,10,119010,0,32,,0,1631,104384,1086.3076159159343,convergence
full-fill-l64,10,119010,0,33,,0,1528,97792,997.21225229899085,convergence
full-fill-l64,10,119010,0,34,,0,1492,95488,1346.3031107584636,convergence
full-fill-l64,10,119010,0,35,,0,1382,88448,1158.7793896993001,convergence
full-fill-l64,10,119010,0,36,,0,1671,106944,1200.1506055196126,convergence
full-fill-l64,10,119010,0,37,,0,1623,103872,1075.6752891540527,convergence
full-fill-l64,10,119010,0,38,,0,1352,86528,1194.668290456136,convergence
full-fill-l64,10,119010,0,39,,0,2286,146304,932.26580810546875,convergence
full-fill-l64,10,119010,0,40,,0,1518,97152,1168.2360547383626,convergence
full-fill-l64,10,119010,0,41,,0,1239,79296,1017.6990229288737,convergence
full-fill-l64,10,119010,0,42,,0,1509,96576,1236.4027099609375,convergence
full-fill-l64,10,119010,0,43,,0,1423,91072,1162.3348325093586,convergence
full-fill-l64,10,119010,0,44,,0,1263,80832,1188.0530993143718,convergence
full-fill-l64,10,119010,0,45,,0,1824,116736,1355.1181246439617,convergence
full-fill-l64,10,119010,0,46,,0,2870,183680,937.06414286295569,convergence
full-fill-l64,10,119010,0,47,,0,2305,147520,1172.1734504699707,convergence
full-fill-l64,10,119010,0,48,,0,1374,87936,1179.0975036621094,convergence
full-fill-l64,10,119010,0,49,,0,1411,90304,1250.0510876973469,convergence
full-fill-l64,10,119010,0,50,,0,1247,79808,1059.8485908508301,convergence
full-fill-l64,10,119010,0,51,,0,1407,90048,1153.4932390848796,convergence
full-fill-l64,10,119010,0,52,,0,3175,203200,1056.1600901285808,completed
full-fill-l64,10,119010,0,53,,0,3175,203200,1108.3435859680176,completed
full-fill-l64,10,119010,0,54,,0,1490,95360,1134.429328918457,convergence
full-fill-l64,10,119010,0,55,,0,1406,89984,1043.5269355773926,convergence
full-fill-l64,10,119010,0,56,,0,1479,94656,1274.2655232747395,convergence
full-fill-l64,10,119010,0,57,,0,1963,125632,1198.7776870727539,convergence
full-fill-l64,10,119010,0,58,,0,1381,88384,1190.9312451680501,convergence
full-fill-l64,10,119010,0,59,,0,1467,93888,1075.5222434997559,convergence
full-fill-l64,10,119010,0,60,,0,1659,106176,1016.0063807169596,convergence
full-ipop-l64,11,119011,0,0,large,64,1303,83392,1051.5128606160481,tol_fun
full-ipop-l64,11,119011,0,1,large,128,1860,238080,1238.198092142741,tol_fun
full-ipop-l64,11,119011,0,2,large,256,1445,369920,1129.7100639343262,tol_fun
full-ipop-l64,11,119011,0,3,large,512,1459,747008,1128.258841196696,tol_fun
full-ipop-l64,11,119011,0,4,large,1024,2824,2891776,1154.8689231872559,tol_fun
full-ipop-l64,11,119011,0,5,large,2048,1061,2172224,1059.5295562744141,maximum_evaluations
full-r32-l64,11,119011,0,0,,0,1303,83392,1051.5128606160481,convergence
full-r32-l64,11,119011,0,1,,0,2312,147968,1141.3857701619465,convergence
full-r32-l64,11,119011,0,2,,0,1899,121536,1117.213040669759,convergence
full-r32-l64,11,119011,0,3,,0,1643,105152,1176.0289662679036,convergence
full-r32-l64,11,119011,0,4,,0,1651,105664,1149.8122227986653,convergence
full-r32-l64,11,119011,0,5,,0,1559,99776,1076.0349617004395,convergence
full-r32-l64,11,119011,0,6,,0,1767,113088,1196.5155639648438,convergence
full-r32-l64,11,119011,0,7,,0,1826,116864,1199.0689303080242,convergence
full-r32-l64,11,119011,0,8,,0,1602,102528,1197.6897862752278,convergence
full-r32-l64,11,119011,0,9,,0,1732,110848,927.15655899047852,convergence
full-r32-l64,11,119011,0,10,,0,1585,101440,1208.17711130778,convergence
full-r32-l64,11,119011,0,11,,0,1684,107776,1246.236328125,convergence
full-r32-l64,11,119011,0,12,,0,1779,113856,1013.2667617797852,convergence
full-r32-l64,11,119011,0,13,,0,2020,129280,1238.1028696695964,convergence
full-r32-l64,11,119011,0,14,,0,1333,85312,1048.1856066385906,convergence
full-r32-l64,11,119011,0,15,,0,1810,115840,1343.0212554931641,convergence
full-r32-l64,11,119011,0,16,,0,1514,96896,1073.285348256429,convergence
full-r32-l64,11,119011,0,17,,0,1342,85888,1043.4391708374023,convergence
full-r32-l64,11,119011,0,18,,0,1289,82496,997.95758565266931,convergence
full-r32-l64,11,119011,0,19,,0,1571,100544,1148.8023147583008,convergence
full-r32-l64,11,119011,0,20,,0,1786,114304,1136.9739583333333,convergence
full-r32-l64,11,119011,0,21,,0,1470,94080,1180.8218104044597,convergence
full-r32-l64,11,119011,0,22,,0,1369,87616,1225.8057975769043,convergence
full-r32-l64,11,119011,0,23,,0,1538,98432,1090.3236325581868,convergence
full-r32-l64,11,119011,0,24,,0,1876,120064,1178.7122268676758,convergence
full-r32-l64,11,119011,0,25,,0,1404,89856,1034.5946617126465,convergence
full-r32-l64,11,119011,0,26,,0,1700,108800,1017.5017369588217,convergence
full-r32-l64,11,119011,0,27,,0,1256,80384,1065.5948028564453,convergence
full-r32-l64,11,119011,0,28,,0,1325,84800,1143.6048393249512,convergence
full-r32-l64,11,119011,0,29,,0,1626,104064,932.57813771565759,convergence
full-r32-l64,11,119011,0,30,,0,1418,90752,946.04467391967773,convergence
full-r32-l64,11,119011,0,31,,0,1480,94720,1060.8472417195637,convergence
full-fill-l64,11,119011,0,0,,0,1303,83392,1051.5128606160481,convergence
full-fill-l64,11,119011,0,1,,0,2312,147968,1141.3857701619465,convergence
full-fill-l64,11,119011,0,2,,0,1899,121536,1117.213040669759,convergence
full-fill-l64,11,119011,0,3,,0,1643,105152,1176.0289662679036,convergence
full-fill-l64,11,119011,0,4,,0,1651,105664,1149.8122227986653,convergence
full-fill-l64,11,119011,0,5,,0,1559,99776,1076.0349617004395,convergence
full-fill-l64,11,119011,0,6,,0,1767,113088,1196.5155639648438,convergence
full-fill-l64,11,119011,0,7,,0,1826,116864,1199.0689303080242,convergence
full-fill-l64,11,119011,0,8,,0,1602,102528,1197.6897862752278,convergence
full-fill-l64,11,119011,0,9,,0,1732,110848,927.15655899047852,convergence
full-fill-l64,11,119011,0,10,,0,1585,101440,1208.17711130778,convergence
full-fill-l64,11,119011,0,11,,0,1684,107776,1246.236328125,convergence
full-fill-l64,11,119011,0,12,,0,1779,113856,1013.2667617797852,convergence
full-fill-l64,11,119011,0,13,,0,2020,129280,1238.1028696695964,convergence
full-fill-l64,11,119011,0,14,,0,1333,85312,1048.1856066385906,convergence
full-fill-l64,11,119011,0,15,,0,1810,115840,1343.0212554931641,convergence
full-fill-l64,11,119011,0,16,,0,1514,96896,1073.285348256429,convergence
full-fill-l64,11,119011,0,17,,0,1342,85888,1043.4391708374023,convergence
full-fill-l64,11,119011,0,18,,0,1289,82496,997.95758565266931,convergence
full-fill-l64,11,119011,0,19,,0,1571,100544,1148.8023147583008,convergence
full-fill-l64,11,119011,0,20,,0,1786,114304,1136.9739583333333,convergence
full-fill-l64,11,119011,0,21,,0,1470,94080,1180.8218104044597,convergence
full-fill-l64,11,119011,0,22,,0,1369,87616,1225.8057975769043,convergence
full-fill-l64,11,119011,0,23,,0,1538,98432,1090.3236325581868,convergence
full-fill-l64,11,119011,0,24,,0,1876,120064,1178.7122268676758,convergence
full-fill-l64,11,119011,0,25,,0,1404,89856,1034.5946617126465,convergence
full-fill-l64,11,119011,0,26,,0,1700,108800,1017.5017369588217,convergence
full-fill-l64,11,119011,0,27,,0,1256,80384,1065.5948028564453,convergence
full-fill-l64,11,119011,0,28,,0,1325,84800,1143.6048393249512,convergence
full-fill-l64,11,119011,0,29,,0,1626,104064,932.57813771565759,convergence
full-fill-l64,11,119011,0,30,,0,1418,90752,946.04467391967773,convergence
full-fill-l64,11,119011,0,31,,0,1480,94720,1060.8472417195637,convergence
full-fill-l64,11,119011,0,32,,0,1510,96640,1031.3133583068848,convergence
full-fill-l64,11,119011,0,33,,0,1383,88512,1072.0440076192219,convergence
full-fill-l64,11,119011,0,34,,0,1374,87936,1223.5271224975586,convergence
full-fill-l64,11,119011,0,35,,0,1379,88256,910.04778671264648,convergence
full-fill-l64,11,119011,0,36,,0,1905,121920,1183.627030690511,convergence
full-fill-l64,11,119011,0,37,,0,1225,78400,1084.5056762695312,convergence
full-fill-l64,11,119011,0,38,,0,1667,106688,1225.3302040100098,convergence
full-fill-l64,11,119011,0,39,,0,1819,116416,1247.1949857076008,convergence
full-fill-l64,11,119011,0,40,,0,1714,109696,1130.8444951375325,convergence
full-fill-l64,11,119011,0,41,,0,2086,133504,1081.7147763570149,convergence
full-fill-l64,11,119011,0,42,,0,1535,98240,1088.7171936035156,convergence
full-fill-l64,11,119011,0,43,,0,1330,85120,1327.0534426371257,convergence
full-fill-l64,11,119011,0,44,,0,1451,92864,972.80926132202148,convergence
full-fill-l64,11,119011,0,45,,0,1913,122432,1143.203348795573,convergence
full-fill-l64,11,119011,0,46,,0,2284,146176,1126.8804054260254,convergence
full-fill-l64,11,119011,0,47,,0,1336,85504,1371.8888537089031,convergence
full-fill-l64,11,119011,0,48,,0,1500,96000,1262.2403017679851,convergence
full-fill-l64,11,119011,0,49,,0,1583,101312,1240.9191678365071,convergence
full-fill-l64,11,119011,0,50,,0,1353,86592,1236.9076906840007,convergence
full-fill-l64,11,119011,0,51,,0,1263,80832,1194.3035888671875,convergence
full-fill-l64,11,119011,0,52,,0,1492,95488,1010.8286972045898,convergence
full-fill-l64,11,119011,0,53,,0,1190,76160,1231.5988095601399,convergence
full-fill-l64,11,119011,0,54,,0,1576,100864,1136.3026237487793,convergence
full-fill-l64,11,119011,0,55,,0,1373,87872,1244.532450358073,convergence
full-fill-l64,11,119011,0,56,,0,1480,94720,1205.9715347290039,convergence
full-fill-l64,11,119011,0,57,,0,1330,85120,1195.9751612345378,convergence
full-fill-l64,11,119011,0,58,,0,1881,120384,1140.7108828226726,convergence
full-fill-l64,11,119011,0,59,,0,1484,94976,1037.5386098225911,convergence
full-fill-l64,11,119011,0,60,,0,1466,93824,1088.9532775878906,convergence
full-fill-l64,11,119011,0,61,,0,1540,98560,1180.6670811971028,convergence
full-fill-l64,11,119011,0,62,,0,1462,93568,1183.8159459431965,convergence
full-ipop-l64,12,119012,0,0,large,64,1607,102848,1137.8664881388347,tol_fun
full-ipop-l64,12,119012,0,1,large,128,1479,189312,978.67909495035804,tol_fun
full-ipop-l64,12,119012,0,2,large,256,1426,365056,1152.459300994873,tol_fun
full-ipop-l64,12,119012,0,3,large,512,1668,854016,907.48767598470056,tol_fun
full-ipop-l64,12,119012,0,4,large,1024,1536,1572864,980.55423355102539,tol_fun
full-ipop-l64,12,119012,0,5,large,2048,1397,2861056,1204.9407005310059,tol_fun
full-ipop-l64,12,119012,0,6,large,4096,136,557248,1305.8959668477376,maximum_evaluations
full-r32-l64,12,119012,0,0,,0,1607,102848,1137.8664881388347,convergence
full-r32-l64,12,119012,0,1,,0,1729,110656,1107.4721450805664,convergence
full-r32-l64,12,119012,0,2,,0,1737,111168,1233.1805521647136,convergence
full-r32-l64,12,119012,0,3,,0,1718,109952,942.97756576538086,convergence
full-r32-l64,12,119012,0,4,,0,2029,129856,1039.7794901529949,convergence
full-r32-l64,12,119012,0,5,,0,1653,105792,1081.2626444498699,convergence
full-r32-l64,12,119012,0,6,,0,1363,87232,1198.5001564025879,convergence
full-r32-l64,12,119012,0,7,,0,1237,79168,1159.9412549336751,convergence
full-r32-l64,12,119012,0,8,,0,2724,174336,966.16440200805664,convergence
full-r32-l64,12,119012,0,9,,0,1597,102208,1233.9039103190105,convergence
full-r32-l64,12,119012,0,10,,0,1836,117504,1054.9368960062664,convergence
full-r32-l64,12,119012,0,11,,0,2039,130496,994.52482732137048,convergence
full-r32-l64,12,119012,0,12,,0,1465,93760,972.85410563151038,convergence
full-r32-l64,12,119012,0,13,,0,1553,99392,953.98866399129236,convergence
full-r32-l64,12,119012,0,14,,0,2037,130368,1329.1819445292156,convergence
full-r32-l64,12,119012,0,15,,0,1765,112960,1202.4146906534831,convergence
full-r32-l64,12,119012,0,16,,0,1226,78464,1213.9996172587078,convergence
full-r32-l64,12,119012,0,17,,0,1500,96000,1231.3789100646973,convergence
full-r32-l64,12,119012,0,18,,0,1810,115840,1042.7130393981934,convergence
full-r32-l64,12,119012,0,19,,0,1597,102208,1087.7344779968262,convergence
full-r32-l64,12,119012,0,20,,0,2143,137152,1181.0886967976887,convergence
full-r32-l64,12,119012,0,21,,0,1552,99328,1070.9195073445637,convergence
full-r32-l64,12,119012,0,22,,0,1627,104128,912.38337834676111,convergence
full-r32-l64,12,119012,0,23,,0,1349,86336,1236.1522394816081,convergence
full-r32-l64,12,119012,0,24,,0,1217,77888,1214.0942268371582,convergence
full-r32-l64,12,119012,0,25,,0,1688,108032,1022.7201093037924,convergence
full-r32-l64,12,119012,0,26,,0,1788,114432,1139.0637296040852,convergence
full-r32-l64,12,119012,0,27,,0,1620,103680,962.68998336791992,convergence
full-r32-l64,12,119012,0,28,,0,3175,203200,1236.0667839050293,completed
full-r32-l64,12,119012,0,29,,0,1396,89344,1182.6632881164551,convergence
full-r32-l64,12,119012,0,30,,0,1361,87104,1227.5995686848958,convergence
full-r32-l64,12,119012,0,31,,0,1808,115712,1207.6207898457844,convergence
full-fill-l64,12,119012,0,0,,0,1607,102848,1137.8664881388347,convergence
full-fill-l64,12,119012,0,1,,0,1729,110656,1107.4721450805664,convergence
full-fill-l64,12,119012,0,2,,0,1737,111168,1233.1805521647136,convergence
full-fill-l64,12,119012,0,3,,0,1718,109952,942.97756576538086,convergence
full-fill-l64,12,119012,0,4,,0,2029,129856,1039.7794901529949,convergence
full-fill-l64,12,119012,0,5,,0,1653,105792,1081.2626444498699,convergence
full-fill-l64,12,119012,0,6,,0,1363,87232,1198.5001564025879,convergence
full-fill-l64,12,119012,0,7,,0,1237,79168,1159.9412549336751,convergence
full-fill-l64,12,119012,0,8,,0,2724,174336,966.16440200805664,convergence
full-fill-l64,12,119012,0,9,,0,1597,102208,1233.9039103190105,convergence
full-fill-l64,12,119012,0,10,,0,1836,117504,1054.9368960062664,convergence
full-fill-l64,12,119012,0,11,,0,2039,130496,994.52482732137048,convergence
full-fill-l64,12,119012,0,12,,0,1465,93760,972.85410563151038,convergence
full-fill-l64,12,119012,0,13,,0,1553,99392,953.98866399129236,convergence
full-fill-l64,12,119012,0,14,,0,2037,130368,1329.1819445292156,convergence
full-fill-l64,12,119012,0,15,,0,1765,112960,1202.4146906534831,convergence
full-fill-l64,12,119012,0,16,,0,1226,78464,1213.9996172587078,convergence
full-fill-l64,12,119012,0,17,,0,1500,96000,1231.3789100646973,convergence
full-fill-l64,12,119012,0,18,,0,1810,115840,1042.7130393981934,convergence
full-fill-l64,12,119012,0,19,,0,1597,102208,1087.7344779968262,convergence
full-fill-l64,12,119012,0,20,,0,2143,137152,1181.0886967976887,convergence
full-fill-l64,12,119012,0,21,,0,1552,99328,1070.9195073445637,convergence
full-fill-l64,12,119012,0,22,,0,1627,104128,912.38337834676111,convergence
full-fill-l64,12,119012,0,23,,0,1349,86336,1236.1522394816081,convergence
full-fill-l64,12,119012,0,24,,0,1217,77888,1214.0942268371582,convergence
full-fill-l64,12,119012,0,25,,0,1688,108032,1022.7201093037924,convergence
full-fill-l64,12,119012,0,26,,0,1788,114432,1139.0637296040852,convergence
full-fill-l64,12,119012,0,27,,0,1620,103680,962.68998336791992,convergence
full-fill-l64,12,119012,0,28,,0,3175,203200,1236.0667839050293,completed
full-fill-l64,12,119012,0,29,,0,1396,89344,1182.6632881164551,convergence
full-fill-l64,12,119012,0,30,,0,1361,87104,1227.5995686848958,convergence
full-fill-l64,12,119012,0,31,,0,1808,115712,1207.6207898457844,convergence
full-fill-l64,12,119012,0,32,,0,2795,178880,949.7515538533529,convergence
full-fill-l64,12,119012,0,33,,0,1683,107712,1185.7098821004231,convergence
full-fill-l64,12,119012,0,34,,0,1540,98560,1174.8230883280437,convergence
full-fill-l64,12,119012,0,35,,0,1441,92224,1123.9378369649251,convergence
full-fill-l64,12,119012,0,36,,0,1494,95616,1186.5802459716797,convergence
full-fill-l64,12,119012,0,37,,0,1710,109440,1023.2522010803223,convergence
full-fill-l64,12,119012,0,38,,0,1363,87232,1311.336535135905,convergence
full-fill-l64,12,119012,0,39,,0,1399,89536,1091.6406606038411,convergence
full-fill-l64,12,119012,0,40,,0,1687,107968,1110.1546618143718,convergence
full-fill-l64,12,119012,0,41,,0,1492,95488,1111.5097757975261,convergence
full-fill-l64,12,119012,0,42,,0,1448,92672,1148.320915222168,convergence
full-fill-l64,12,119012,0,43,,0,1377,88128,1013.6928787231445,convergence
full-fill-l64,12,119012,0,44,,0,1396,89344,1161.5363718668621,convergence
full-fill-l64,12,119012,0,45,,0,1557,99648,1263.656327565511,convergence
full-fill-l64,12,119012,0,46,,0,1244,79616,1167.5473899841309,convergence
full-fill-l64,12,119012,0,47,,0,2915,186560,1127.5400149027507,convergence
full-fill-l64,12,119012,0,48,,0,1550,99200,1125.3898582458496,convergence
full-fill-l64,12,119012,0,49,,0,1492,95488,1341.089163462321,convergence
full-fill-l64,12,119012,0,50,,0,1471,94144,1203.1971588134766,convergence
full-fill-l64,12,119012,0,51,,0,1717,109888,1055.3527221679688,convergence
full-fill-l64,12,119012,0,52,,0,1383,88512,986.17714309692383,convergence
full-fill-l64,12,119012,0,53,,0,1747,111808,1037.1818860371907,convergence
full-fill-l64,12,119012,0,54,,0,1414,90496,1270.6304779052734,convergence
full-fill-l64,12,119012,0,55,,0,1472,94208,1251.8638598124187,convergence
full-fill-l64,12,119012,0,56,,0,1413,90432,1035.3451868693035,convergence
full-fill-l64,12,119012,0,57,,0,1758,112512,1189.0534922281902,convergence
full-fill-l64,12,119012,0,58,,0,1556,99584,988.47137324015296,convergence
full-ipop-l64,13,119013,0,0,large,64,1351,86464,1185.6183331807454,tol_fun
full-ipop-l64,13,119013,0,1,large,128,1459,186752,1184.2005996704102,tol_fun
full-ipop-l64,13,119013,0,2,large,256,1407,360192,1137.9427541097004,tol_fun
full-ipop-l64,13,119013,0,3,large,512,1501,768512,1232.7790209452312,tol_fun
full-ipop-l64,13,119013,0,4,large,1024,1452,1486848,1108.2360560099285,tol_fun
full-ipop-l64,13,119013,0,5,large,2048,1764,3613632,842.74893569946289,maximum_evaluations
full-r32-l64,13,119013,0,0,,0,1351,86464,1185.6183331807454,convergence
full-r32-l64,13,119013,0,1,,0,1295,82880,1125.433297475179,convergence
full-r32-l64,13,119013,0,2,,0,2627,168128,1031.3571268717449,convergence
full-r32-l64,13,119013,0,3,,0,1338,85632,1247.8811467488606,convergence
full-r32-l64,13,119013,0,4,,0,3175,203200,1135.0503094991047,completed
full-r32-l64,13,119013,0,5,,0,1213,77632,1264.570987701416,convergence
full-r32-l64,13,119013,0,6,,0,1320,84480,1389.8450978597004,convergence
full-r32-l64,13,119013,0,7,,0,1522,97408,1048.153636932373,convergence
full-r32-l64,13,119013,0,8,,0,1590,101760,1243.0164159138997,convergence
full-r32-l64,13,119013,0,9,,0,1432,91648,992.5178108215332,convergence
full-r32-l64,13,119013,0,10,,0,1511,96704,1220.4121716817219,convergence
full-r32-l64,13,119013,0,11,,0,1568,100352,958.03535715738929,convergence
full-r32-l64,13,119013,0,12,,0,1541,98624,1212.1186714172363,convergence
full-r32-l64,13,119013,0,13,,0,1414,90496,1043.8622856140137,convergence
full-r32-l64,13,119013,0,14,,0,1383,88512,1232.7309710184734,convergence
full-r32-l64,13,119013,0,15,,0,1537,98368,1194.639212290446,convergence
full-r32-l64,13,119013,0,16,,0,1687,107968,1118.2186787923176,convergence
full-r32-l64,13,119013,0,17,,0,3175,203200,1121.0150108337402,completed
full-r32-l64,13,119013,0,18,,0,1531,97984,1095.509745279948,convergence
full-r32-l64,13,119013,0,19,,0,2790,178560,1201.5517717997234,convergence
full-r32-l64,13,119013,0,20,,0,1239,79296,1216.5294176737468,convergence
full-r32-l64,13,119013,0,21,,0,1628,104192,1245.1451148986816,convergence
full-r32-l64,13,119013,0,22,,0,1608,102912,1173.5086580912273,convergence
full-r32-l64,13,119013,0,23,,0,1252,80128,1230.6556498209636,convergence
full-r32-l64,13,119013,0,24,,0,1579,101056,1185.6027590433757,convergence
full-r32-l64,13,119013,0,25,,0,1481,94784,896.20695495605469,convergence
full-r32-l64,13,119013,0,26,,0,2759,176576,1380.8968900044758,convergence
full-r32-l64,13,119013,0,27,,0,1641,105024,984.30474980672204,convergence
full-r32-l64,13,119013,0,28,,0,1411,90304,1226.3984591166179,convergence
full-r32-l64,13,119013,0,29,,0,1472,94208,1038.8568916320801,convergence
full-r32-l64,13,119013,0,30,,0,1297,83008,1137.7207908630371,convergence
full-r32-l64,13,119013,0,31,,0,1523,97472,1196.5436414082844,convergence
full-fill-l64,13,119013,0,0,,0,1351,86464,1185.6183331807454,convergence
full-fill-l64,13,119013,0,1,,0,1295,82880,1125.433297475179,convergence
full-fill-l64,13,119013,0,2,,0,2627,168128,1031.3571268717449,convergence
full-fill-l64,13,119013,0,3,,0,1338,85632,1247.8811467488606,convergence
full-fill-l64,13,119013,0,4,,0,3175,203200,1135.0503094991047,completed
full-fill-l64,13,119013,0,5,,0,1213,77632,1264.570987701416,convergence
full-fill-l64,13,119013,0,6,,0,1320,84480,1389.8450978597004,convergence
full-fill-l64,13,119013,0,7,,0,1522,97408,1048.153636932373,convergence
full-fill-l64,13,119013,0,8,,0,1590,101760,1243.0164159138997,convergence
full-fill-l64,13,119013,0,9,,0,1432,91648,992.5178108215332,convergence
full-fill-l64,13,119013,0,10,,0,1511,96704,1220.4121716817219,convergence
full-fill-l64,13,119013,0,11,,0,1568,100352,958.03535715738929,convergence
full-fill-l64,13,119013,0,12,,0,1541,98624,1212.1186714172363,convergence
full-fill-l64,13,119013,0,13,,0,1414,90496,1043.8622856140137,convergence
full-fill-l64,13,119013,0,14,,0,1383,88512,1232.7309710184734,convergence
full-fill-l64,13,119013,0,15,,0,1537,98368,1194.639212290446,convergence
full-fill-l64,13,119013,0,16,,0,1687,107968,1118.2186787923176,convergence
full-fill-l64,13,119013,0,17,,0,3175,203200,1121.0150108337402,completed
full-fill-l64,13,119013,0,18,,0,1531,97984,1095.509745279948,convergence
full-fill-l64,13,119013,0,19,,0,2790,178560,1201.5517717997234,convergence
full-fill-l64,13,119013,0,20,,0,1239,79296,1216.5294176737468,convergence
full-fill-l64,13,119013,0,21,,0,1628,104192,1245.1451148986816,convergence
full-fill-l64,13,119013,0,22,,0,1608,102912,1173.5086580912273,convergence
full-fill-l64,13,119013,0,23,,0,1252,80128,1230.6556498209636,convergence
full-fill-l64,13,119013,0,24,,0,1579,101056,1185.6027590433757,convergence
full-fill-l64,13,119013,0,25,,0,1481,94784,896.20695495605469,convergence
full-fill-l64,13,119013,0,26,,0,2759,176576,1380.8968900044758,convergence
full-fill-l64,13,119013,0,27,,0,1641,105024,984.30474980672204,convergence
full-fill-l64,13,119013,0,28,,0,1411,90304,1226.3984591166179,convergence
full-fill-l64,13,119013,0,29,,0,1472,94208,1038.8568916320801,convergence
full-fill-l64,13,119013,0,30,,0,1297,83008,1137.7207908630371,convergence
full-fill-l64,13,119013,0,31,,0,1523,97472,1196.5436414082844,convergence
full-fill-l64,13,119013,0,32,,0,1683,107712,1178.9758478800456,convergence
full-fill-l64,13,119013,0,33,,0,1894,121216,1092.9487368265789,convergence
full-fill-l64,13,119013,0,34,,0,1312,83968,1034.5400314331055,convergence
full-fill-l64,13,119013,0,35,,0,1475,94400,1041.2393557230632,convergence
full-fill-l64,13,119013,0,36,,0,1777,113728,1077.1655120849609,convergence
full-fill-l64,13,119013,0,37,,0,1156,73984,1260.9493026733398,convergence
full-fill-l64,13,119013,0,38,,0,1552,99328,1098.590165456136,convergence
full-fill-l64,13,119013,0,39,,0,1380,88320,1181.3986193339031,convergence
full-fill-l64,13,119013,0,40,,0,1514,96896,1220.6155611673992,convergence
full-fill-l64,13,119013,0,41,,0,1945,124480,917.70865758260095,convergence
full-fill-l64,13,119013,0,42,,0,1942,124288,1060.219763437907,convergence
full-fill-l64,13,119013,0,43,,0,1396,89344,1325.6261965433757,convergence
full-fill-l64,13,119013,0,44,,0,1528,97792,937.83035786946618,convergence
full-fill-l64,13,119013,0,45,,0,1394,89216,1052.7122217814128,convergence
full-fill-l64,13,119013,0,46,,0,1673,107072,1242.782491048177,convergence
full-fill-l64,13,119013,0,47,,0,1265,80960,1234.2017300923665,convergence
full-fill-l64,13,119013,0,48,,0,1445,92480,1102.6066970825195,convergence
full-fill-l64,13,119013,0,49,,0,1518,97152,1098.8439267476399,convergence
full-fill-l64,13,119013,0,50,,0,1746,111744,1158.0051167805989,convergence
full-fill-l64,13,119013,0,51,,0,1525,97600,965.30029296875,convergence
full-fill-l64,13,119013,0,52,,0,1621,103744,1010.3208758036295,convergence
full-fill-l64,13,119013,0,53,,0,1712,109568,1151.1720784505208,convergence
full-fill-l64,13,119013,0,54,,0,1522,97408,1238.6087188720703,convergence
full-fill-l64,13,119013,0,55,,0,1939,124096,1054.256497701009,convergence
full-fill-l64,13,119013,0,56,,0,1386,88704,969.73737589518225,convergence
full-fill-l64,13,119013,0,57,,0,1590,101760,1108.4537569681804,convergence
full-fill-l64,13,119013,0,58,,0,1366,87424,1219.6097386678059,convergence
full-fill-l64,13,119013,0,59,,0,1686,107904,968.31581242879236,convergence
full-fill-l64,13,119013,0,60,,0,1566,100224,1122.0546913146973,convergence
full-ipop-l64,14,119014,0,0,large,64,1660,106240,1154.5515569051106,tol_fun
full-ipop-l64,14,119014,0,1,large,128,1334,170752,1185.0844319661458,tol_fun
full-ipop-l64,14,119014,0,2,large,256,1323,338688,1162.0046399434407,tol_fun
full-ipop-l64,14,119014,0,3,large,512,1738,889856,973.27457555135095,tol_fun
full-ipop-l64,14,119014,0,4,large,1024,1667,1707008,1081.6220766703289,condition_number
full-ipop-l64,14,119014,0,5,large,2048,1265,2590720,906.94300587972009,tol_fun
full-ipop-l64,14,119014,0,6,large,4096,171,699136,1206.1745363871257,maximum_evaluations
full-r32-l64,14,119014,0,0,,0,1660,106240,1154.5515569051106,convergence
full-r32-l64,14,119014,0,1,,0,1663,106432,1054.0761884053547,convergence
full-r32-l64,14,119014,0,2,,0,1467,93888,1243.4296251932781,convergence
full-r32-l64,14,119014,0,3,,0,1389,88896,1176.6949259440105,convergence
full-r32-l64,14,119014,0,4,,0,1550,99200,1168.6630694071453,convergence
full-r32-l64,14,119014,0,5,,0,1243,79552,1018.732546488444,convergence
full-r32-l64,14,119014,0,6,,0,2717,173888,955.27569325764978,convergence
full-r32-l64,14,119014,0,7,,0,1222,78208,1229.0055694580078,convergence
full-r32-l64,14,119014,0,8,,0,1424,91136,1236.2178090413411,convergence
full-r32-l64,14,119014,0,9,,0,3175,203200,1200.230583190918,completed
full-r32-l64,14,119014,0,10,,0,1466,93824,1207.4950536092122,convergence
full-r32-l64,14,119014,0,11,,0,1916,122624,1173.0683161417644,convergence
full-r32-l64,14,119014,0,12,,0,1620,103680,1342.6742973327637,convergence
full-r32-l64,14,119014,0,13,,0,2367,151488,1066.2337341308594,convergence
full-r32-l64,14,119014,0,14,,0,1396,89344,949.91811370849609,convergence
full-r32-l64,14,119014,0,15,,0,2044,130816,1053.8468170166016,convergence
full-r32-l64,14,119014,0,16,,0,1455,93120,1077.7401987711589,convergence
full-r32-l64,14,119014,0,17,,0,1346,86144,1268.0031178792317,convergence
full-r32-l64,14,119014,0,18,,0,1299,83136,1272.3846384684246,convergence
full-r32-l64,14,119014,0,19,,0,1857,118848,1180.3336524963379,convergence
full-r32-l64,14,119014,0,20,,0,1994,127616,1061.7257118225098,convergence
full-r32-l64,14,119014,0,21,,0,1350,86400,1202.4617818196614,convergence
full-r32-l64,14,119014,0,22,,0,1139,72896,1198.7942123413086,convergence
full-r32-l64,14,119014,0,23,,0,1604,102656,1220.2681337992351,convergence
full-r32-l64,14,119014,0,24,,0,1833,117312,1012.1979484558105,convergence
full-r32-l64,14,119014,0,25,,0,1607,102848,994.85573832194007,convergence
full-r32-l64,14,119014,0,26,,0,1952,124928,915.27730433146155,convergence
full-r32-l64,14,119014,0,27,,0,1772,113408,912.366709391276,convergence
full-r32-l64,14,119014,0,28,,0,1389,88896,1275.5321617126465,convergence
full-r32-l64,14,119014,0,29,,0,1425,91200,1032.0211130777996,convergence
full-r32-l64,14,119014,0,30,,0,1433,91712,1188.5961151123047,convergence
full-r32-l64,14,119014,0,31,,0,1199,76736,1025.1738230387371,convergence
full-fill-l64,14,119014,0,0,,0,1660,106240,1154.5515569051106,convergence
full-fill-l64,14,119014,0,1,,0,1663,106432,1054.0761884053547,convergence
full-fill-l64,14,119014,0,2,,0,1467,93888,1243.4296251932781,convergence
full-fill-l64,14,119014,0,3,,0,1389,88896,1176.6949259440105,convergence
full-fill-l64,14,119014,0,4,,0,1550,99200,1168.6630694071453,convergence
full-fill-l64,14,119014,0,5,,0,1243,79552,1018.732546488444,convergence
full-fill-l64,14,119014,0,6,,0,2717,173888,955.27569325764978,convergence
full-fill-l64,14,119014,0,7,,0,1222,78208,1229.0055694580078,convergence
full-fill-l64,14,119014,0,8,,0,1424,91136,1236.2178090413411,convergence
full-fill-l64,14,119014,0,9,,0,3175,203200,1200.230583190918,completed
full-fill-l64,14,119014,0,10,,0,1466,93824,1207.4950536092122,convergence
full-fill-l64,14,119014,0,11,,0,1916,122624,1173.0683161417644,convergence
full-fill-l64,14,119014,0,12,,0,1620,103680,1342.6742973327637,convergence
full-fill-l64,14,119014,0,13,,0,2367,151488,1066.2337341308594,convergence
full-fill-l64,14,119014,0,14,,0,1396,89344,949.91811370849609,convergence
full-fill-l64,14,119014,0,15,,0,2044,130816,1053.8468170166016,convergence
full-fill-l64,14,119014,0,16,,0,1455,93120,1077.7401987711589,convergence
full-fill-l64,14,119014,0,17,,0,1346,86144,1268.0031178792317,convergence
full-fill-l64,14,119014,0,18,,0,1299,83136,1272.3846384684246,convergence
full-fill-l64,14,119014,0,19,,0,1857,118848,1180.3336524963379,convergence
full-fill-l64,14,119014,0,20,,0,1994,127616,1061.7257118225098,convergence
full-fill-l64,14,119014,0,21,,0,1350,86400,1202.4617818196614,convergence
full-fill-l64,14,119014,0,22,,0,1139,72896,1198.7942123413086,convergence
full-fill-l64,14,119014,0,23,,0,1604,102656,1220.2681337992351,convergence
full-fill-l64,14,119014,0,24,,0,1833,117312,1012.1979484558105,convergence
full-fill-l64,14,119014,0,25,,0,1607,102848,994.85573832194007,convergence
full-fill-l64,14,119014,0,26,,0,1952,124928,915.27730433146155,convergence
full-fill-l64,14,119014,0,27,,0,1772,113408,912.366709391276,convergence
full-fill-l64,14,119014,0,28,,0,1389,88896,1275.5321617126465,convergence
full-fill-l64,14,119014,0,29,,0,1425,91200,1032.0211130777996,convergence
full-fill-l64,14,119014,0,30,,0,1433,91712,1188.5961151123047,convergence
full-fill-l64,14,119014,0,31,,0,1199,76736,1025.1738230387371,convergence
full-fill-l64,14,119014,0,32,,0,1377,88128,1262.8498102823894,convergence
full-fill-l64,14,119014,0,33,,0,1397,89408,1209.0278015136719,convergence
full-fill-l64,14,119014,0,34,,0,1348,86272,1125.6969998677571,convergence
full-fill-l64,14,119014,0,35,,0,1323,84672,1087.8380025227864,convergence
full-fill-l64,14,119014,0,36,,0,1799,115136,1278.9738464355469,convergence
full-fill-l64,14,119014,0,37,,0,1497,95808,1230.4933268229167,convergence
full-fill-l64,14,119014,0,38,,0,1658,106112,1197.8280741373699,convergence
full-fill-l64,14,119014,0,39,,0,1400,89600,1083.3274459838867,convergence
full-fill-l64,14,119014,0,40,,0,1382,88448,1155.0677960713704,convergence
full-fill-l64,14,119014,0,41,,0,1060,67840,1248.0800641377766,convergence
full-fill-l64,14,119014,0,42,,0,1412,90368,1200.8052864074707,convergence
full-fill-l64,14,119014,0,43,,0,2184,139776,1256.1427001953125,convergence
full-fill-l64,14,119014,0,44,,0,1198,76672,1351.442928314209,convergence
full-fill-l64,14,119014,0,45,,0,1530,97920,1242.7392959594727,convergence
full-fill-l64,14,119014,0,46,,0,1646,105344,1246.4779434204102,convergence
full-fill-l64,14,119014,0,47,,0,1406,89984,1079.069149017334,convergence
full-fill-l64,14,119014,0,48,,0,1736,111104,1068.5806821187336,convergence
full-fill-l64,14,119014,0,49,,0,1428,91392,1196.6330591837566,convergence
full-fill-l64,14,119014,0,50,,0,1798,115072,1154.7191505432129,convergence
full-fill-l64,14,119014,0,51,,0,1367,87488,1233.4466692606609,convergence
full-fill-l64,14,119014,0,52,,0,1698,108672,952.67617162068689,convergence
full-fill-l64,14,119014,0,53,,0,1406,89984,1069.1153081258137,convergence
full-fill-l64,14,119014,0,54,,0,1542,98688,1064.1820157368977,convergence
full-fill-l64,14,119014,0,55,,0,1391,89024,1172.631664276123,convergence
full-fill-l64,14,119014,0,56,,0,1417,90688,1136.8076057434082,convergence
full-fill-l64,14,119014,0,57,,0,1492,95488,1206.740608215332,convergence
full-fill-l64,14,119014,0,58,,0,1435,91840,1272.6144434611003,convergence
full-fill-l64,14,119014,0,59,,0,1406,89984,1016.846612294515,convergence
full-fill-l64,14,119014,0,60,,0,1730,110720,993.36344655354821,convergence
full-fill-l64,14,119014,0,61,,0,1650,105600,1046.5804532368977,convergence
full-fill-l64,14,119014,0,62,,0,1355,86720,1108.6854718526204,convergence
full-ipop-l64,15,119015,0,0,large,64,1567,100288,1023.575616200765,tol_fun
full-ipop-l64,15,119015,0,1,large,128,1594,204032,931.88352839152014,tol_fun
full-ipop-l64,15,119015,0,2,large,256,1789,457984,1165.7927373250325,tol_fun
full-ipop-l64,15,119015,0,3,large,512,1594,816128,1055.9033381144206,tol_fun
full-ipop-l64,15,119015,0,4,large,1024,2723,2788352,871.78304163614905,tol_fun
full-ipop-l64,15,119015,0,5,large,2048,1043,2135616,1208.0801531473796,maximum_evaluations
full-r32-l64,15,119015,0,0,,0,1567,100288,1023.575616200765,convergence
full-r32-l64,15,119015,0,1,,0,1542,98688,1071.1849708557129,convergence
full-r32-l64,15,119015,0,2,,0,2668,170752,1188.5979626973469,convergence
full-r32-l64,15,119015,0,3,,0,1995,127680,1108.0273399353027,convergence
full-r32-l64,15,119015,0,4,,0,1237,79168,1217.1993268330891,convergence
full-r32-l64,15,119015,0,5,,0,1801,115264,937.05428949991858,convergence
full-r32-l64,15,119015,0,6,,0,1389,88896,943.08675638834632,convergence
full-r32-l64,15,119015,0,7,,0,1633,104512,1206.0948867797852,convergence
full-r32-l64,15,119015,0,8,,0,3175,203200,1148.618542989095,completed
full-r32-l64,15,119015,0,9,,0,1306,83584,1180.4725519816081,convergence
full-r32-l64,15,119015,0,10,,0,1423,91072,1218.9299252827961,convergence
full-r32-l64,15,119015,0,11,,0,1181,75584,1268.9344291687012,convergence
full-r32-l64,15,119015,0,12,,0,2091,133824,1149.4653256734211,convergence
full-r32-l64,15,119015,0,13,,0,1506,96384,1064.3621775309246,convergence
full-r32-l64,15,119015,0,14,,0,1344,86016,1031.1866912841797,convergence
full-r32-l64,15,119015,0,15,,0,1549,99136,1260.9905064900715,convergence
full-r32-l64,15,119015,0,16,,0,1449,92736,1250.1619656880696,convergence
full-r32-l64,15,119015,0,17,,0,3175,203200,1078.3393287658691,completed
full-r32-l64,15,119015,0,18,,0,1569,100416,1048.5383758544922,convergence
full-r32-l64,15,119015,0,19,,0,1130,72320,1140.6452356974285,convergence
full-r32-l64,15,119015,0,20,,0,1338,85632,1046.6603647867839,convergence
full-r32-l64,15,119015,0,21,,0,1611,103104,1038.5324249267578,convergence
full-r32-l64,15,119015,0,22,,0,1531,97984,1026.0102424621582,convergence
full-r32-l64,15,119015,0,23,,0,2684,171776,1226.7545750935872,convergence
full-r32-l64,15,119015,0,24,,0,1463,93632,1057.8102429707844,convergence
full-r32-l64,15,119015,0,25,,0,1602,102528,1256.2193514506023,convergence
full-r32-l64,15,119015,0,26,,0,1491,95424,1359.0888951619465,convergence
full-r32-l64,15,119015,0,27,,0,1258,80512,1077.034236907959,convergence
full-r32-l64,15,119015,0,28,,0,1285,82240,1150.7450180053711,convergence
full-r32-l64,15,119015,0,29,,0,1400,89600,1183.7478981018066,convergence
full-r32-l64,15,119015,0,30,,0,1502,96128,1087.9791806538899,convergence
full-r32-l64,15,119015,0,31,,0,1132,72448,1239.7572542826335,convergence
full-fill-l64,15,119015,0,0,,0,1567,100288,1023.575616200765,convergence
full-fill-l64,15,119015,0,1,,0,1542,98688,1071.1849708557129,convergence
full-fill-l64,15,119015,0,2,,0,2668,170752,1188.5979626973469,convergence
full-fill-l64,15,119015,0,3,,0,1995,127680,1108.0273399353027,convergence
full-fill-l64,15,119015,0,4,,0,1237,79168,1217.1993268330891,convergence
full-fill-l64,15,119015,0,5,,0,1801,115264,937.05428949991858,convergence
full-fill-l64,15,119015,0,6,,0,1389,88896,943.08675638834632,convergence
full-fill-l64,15,119015,0,7,,0,1633,104512,1206.0948867797852,convergence
full-fill-l64,15,119015,0,8,,0,3175,203200,1148.618542989095,completed
full-fill-l64,15,119015,0,9,,0,1306,83584,1180.4725519816081,convergence
full-fill-l64,15,119015,0,10,,0,1423,91072,1218.9299252827961,convergence
full-fill-l64,15,119015,0,11,,0,1181,75584,1268.9344291687012,convergence
full-fill-l64,15,119015,0,12,,0,2091,133824,1149.4653256734211,convergence
full-fill-l64,15,119015,0,13,,0,1506,96384,1064.3621775309246,convergence
full-fill-l64,15,119015,0,14,,0,1344,86016,1031.1866912841797,convergence
full-fill-l64,15,119015,0,15,,0,1549,99136,1260.9905064900715,convergence
full-fill-l64,15,119015,0,16,,0,1449,92736,1250.1619656880696,convergence
full-fill-l64,15,119015,0,17,,0,3175,203200,1078.3393287658691,completed
full-fill-l64,15,119015,0,18,,0,1569,100416,1048.5383758544922,convergence
full-fill-l64,15,119015,0,19,,0,1130,72320,1140.6452356974285,convergence
full-fill-l64,15,119015,0,20,,0,1338,85632,1046.6603647867839,convergence
full-fill-l64,15,119015,0,21,,0,1611,103104,1038.5324249267578,convergence
full-fill-l64,15,119015,0,22,,0,1531,97984,1026.0102424621582,convergence
full-fill-l64,15,119015,0,23,,0,2684,171776,1226.7545750935872,convergence
full-fill-l64,15,119015,0,24,,0,1463,93632,1057.8102429707844,convergence
full-fill-l64,15,119015,0,25,,0,1602,102528,1256.2193514506023,convergence
full-fill-l64,15,119015,0,26,,0,1491,95424,1359.0888951619465,convergence
full-fill-l64,15,119015,0,27,,0,1258,80512,1077.034236907959,convergence
full-fill-l64,15,119015,0,28,,0,1285,82240,1150.7450180053711,convergence
full-fill-l64,15,119015,0,29,,0,1400,89600,1183.7478981018066,convergence
full-fill-l64,15,119015,0,30,,0,1502,96128,1087.9791806538899,convergence
full-fill-l64,15,119015,0,31,,0,1132,72448,1239.7572542826335,convergence
full-fill-l64,15,119015,0,32,,0,1588,101632,940.05189768473304,convergence
full-fill-l64,15,119015,0,33,,0,1430,91520,1039.0085550944011,convergence
full-fill-l64,15,119015,0,34,,0,1322,84608,1101.4455718994141,convergence
full-fill-l64,15,119015,0,35,,0,1400,89600,1144.6166407267253,convergence
full-fill-l64,15,119015,0,36,,0,1287,82368,1036.8775520324707,convergence
full-fill-l64,15,119015,0,37,,0,1483,94912,1221.4908765157063,convergence
full-fill-l64,15,119015,0,38,,0,1595,102080,1036.9545758565266,convergence
full-fill-l64,15,119015,0,39,,0,2083,133312,1173.6931088765461,convergence
full-fill-l64,15,119015,0,40,,0,1697,108608,1064.6333923339844,convergence
full-fill-l64,15,119015,0,41,,0,1440,92160,1293.3083203633626,convergence
full-fill-l64,15,119015,0,42,,0,1477,94528,1120.9867248535156,convergence
full-fill-l64,15,119015,0,43,,0,1280,81920,1174.8269017537434,convergence
full-fill-l64,15,119015,0,44,,0,1650,105600,1073.1585083007812,convergence
full-fill-l64,15,119015,0,45,,0,1453,92992,1223.2173398335774,convergence
full-fill-l64,15,119015,0,46,,0,1346,86144,1322.4313786824544,convergence
full-fill-l64,15,119015,0,47,,0,1381,88384,1041.8437398274739,convergence
full-fill-l64,15,119015,0,48,,0,2326,148864,1228.5926933288574,convergence
full-fill-l64,15,119015,0,49,,0,1382,88448,1053.6462529500325,convergence
full-fill-l64,15,119015,0,50,,0,1591,101824,1337.4262390136719,convergence
full-fill-l64,15,119015,0,51,,0,1530,97920,962.20198440551758,convergence
full-fill-l64,15,119015,0,52,,0,1406,89984,1004.5659268697103,convergence
full-fill-l64,15,119015,0,53,,0,1412,90368,1229.0682856241863,convergence
full-fill-l64,15,119015,0,54,,0,1234,78976,1034.6742553710938,convergence
full-fill-l64,15,119015,0,55,,0,1575,100800,948.31474177042639,convergence
full-fill-l64,15,119015,0,56,,0,1500,96000,1265.5419705708821,convergence
full-fill-l64,15,119015,0,57,,0,2769,177216,1255.8124415079753,convergence
full-fill-l64,15,119015,0,58,,0,1732,110848,1042.7008972167969,convergence
full-fill-l64,15,119015,0,59,,0,1368,87552,1048.647570292155,convergence
full-fill-l64,15,119015,0,60,,0,1581,101184,1103.0752881368001,convergence
full-fill-l64,15,119015,0,61,,0,1596,102144,1166.359151204427,convergence
full-ipop-l64,16,119016,0,0,large,64,2679,171456,1268.7083498636882,tol_fun
full-ipop-l64,16,119016,0,1,large,128,1348,172544,1199.4179623921711,tol_fun
full-ipop-l64,16,119016,0,2,large,256,1423,364288,915.02188110351562,tol_fun
full-ipop-l64,16,119016,0,3,large,512,1802,922624,1148.3226992289226,tol_fun
full-ipop-l64,16,119016,0,4,large,1024,1836,1880064,997.67231241861975,tol_fun
full-ipop-l64,16,119016,0,5,large,2048,1441,2951168,992.44862238566077,tol_fun
full-ipop-l64,16,119016,0,6,large,4096,10,40256,1659.4047800699871,maximum_evaluations
full-r32-l64,16,119016,0,0,,0,2679,171456,1268.7083498636882,convergence
full-r32-l64,16,119016,0,1,,0,1486,95104,1000.4324811299642,convergence
full-r32-l64,16,119016,0,2,,0,1465,93760,1294.519344329834,convergence
full-r32-l64,16,119016,0,3,,0,1719,110016,1218.9357274373372,convergence
full-r32-l64,16,119016,0,4,,0,1640,104960,1212.176419576009,convergence
full-r32-l64,16,119016,0,5,,0,1412,90368,1216.2591438293457,convergence
full-r32-l64,16,119016,0,6,,0,1317,84288,1250.2176157633464,convergence
full-r32-l64,16,119016,0,7,,0,1431,91584,1194.2619145711262,convergence
full-r32-l64,16,119016,0,8,,0,1383,88512,1070.1241976420085,convergence
full-r32-l64,16,119016,0,9,,0,1601,102464,1046.3534736633301,convergence
full-r32-l64,16,119016,0,10,,0,1171,74944,1174.3367780049641,convergence
full-r32-l64,16,119016,0,11,,0,1898,121472,1392.0542017618816,convergence
full-r32-l64,16,119016,0,12,,0,1515,96960,1177.3453687032063,convergence
full-r32-l64,16,119016,0,13,,0,3175,203200,1186.3347078959148,completed
full-r32-l64,16,119016,0,14,,0,1431,91584,992.2013041178385,convergence
full-r32-l64,16,119016,0,15,,0,2073,132672,1315.8046112060547,convergence
full-r32-l64,16,119016,0,16,,0,1606,102784,1165.4216384887695,convergence
full-r32-l64,16,119016,0,17,,0,1328,84992,1178.3564262390137,convergence
full-r32-l64,16,119016,0,18,,0,1645,105280,1228.8761698404949,convergence
full-r32-l64,16,119016,0,19,,0,1373,87872,1154.964375813802,convergence
full-r32-l64,16,119016,0,20,,0,1509,96576,1241.165475209554,convergence
full-r32-l64,16,119016,0,21,,0,1985,127040,1127.0432383219402,convergence
full-r32-l64,16,119016,0,22,,0,1499,95936,1238.8406270345051,convergence
full-r32-l64,16,119016,0,23,,0,1299,83136,1374.6089731852214,convergence
full-r32-l64,16,119016,0,24,,0,1360,87040,1030.0062942504883,convergence
full-r32-l64,16,119016,0,25,,0,1797,115008,1133.4706420898438,convergence
full-r32-l64,16,119016,0,26,,0,1273,81472,928.63576126098633,convergence
full-r32-l64,16,119016,0,27,,0,1207,77248,1184.3120180765789,convergence
full-r32-l64,16,119016,0,28,,0,1722,110208,1303.8272272745769,convergence
full-r32-l64,16,119016,0,29,,0,1863,119232,1197.7621828715007,convergence
full-r32-l64,16,119016,0,30,,0,1432,91648,1134.3817405700684,convergence
full-r32-l64,16,119016,0,31,,0,1552,99328,1176.5898361206055,convergence
full-fill-l64,16,119016,0,0,,0,2679,171456,1268.7083498636882,convergence
full-fill-l64,16,119016,0,1,,0,1486,95104,1000.4324811299642,convergence
full-fill-l64,16,119016,0,2,,0,1465,93760,1294.519344329834,convergence
full-fill-l64,16,119016,0,3,,0,1719,110016,1218.9357274373372,convergence
full-fill-l64,16,119016,0,4,,0,1640,104960,1212.176419576009,convergence
full-fill-l64,16,119016,0,5,,0,1412,90368,1216.2591438293457,convergence
full-fill-l64,16,119016,0,6,,0,1317,84288,1250.2176157633464,convergence
full-fill-l64,16,119016,0,7,,0,1431,91584,1194.2619145711262,convergence
full-fill-l64,16,119016,0,8,,0,1383,88512,1070.1241976420085,convergence
full-fill-l64,16,119016,0,9,,0,1601,102464,1046.3534736633301,convergence
full-fill-l64,16,119016,0,10,,0,1171,74944,1174.3367780049641,convergence
full-fill-l64,16,119016,0,11,,0,1898,121472,1392.0542017618816,convergence
full-fill-l64,16,119016,0,12,,0,1515,96960,1177.3453687032063,convergence
full-fill-l64,16,119016,0,13,,0,3175,203200,1186.3347078959148,completed
full-fill-l64,16,119016,0,14,,0,1431,91584,992.2013041178385,convergence
full-fill-l64,16,119016,0,15,,0,2073,132672,1315.8046112060547,convergence
full-fill-l64,16,119016,0,16,,0,1606,102784,1165.4216384887695,convergence
full-fill-l64,16,119016,0,17,,0,1328,84992,1178.3564262390137,convergence
full-fill-l64,16,119016,0,18,,0,1645,105280,1228.8761698404949,convergence
full-fill-l64,16,119016,0,19,,0,1373,87872,1154.964375813802,convergence
full-fill-l64,16,119016,0,20,,0,1509,96576,1241.165475209554,convergence
full-fill-l64,16,119016,0,21,,0,1985,127040,1127.0432383219402,convergence
full-fill-l64,16,119016,0,22,,0,1499,95936,1238.8406270345051,convergence
full-fill-l64,16,119016,0,23,,0,1299,83136,1374.6089731852214,convergence
full-fill-l64,16,119016,0,24,,0,1360,87040,1030.0062942504883,convergence
full-fill-l64,16,119016,0,25,,0,1797,115008,1133.4706420898438,convergence
full-fill-l64,16,119016,0,26,,0,1273,81472,928.63576126098633,convergence
full-fill-l64,16,119016,0,27,,0,1207,77248,1184.3120180765789,convergence
full-fill-l64,16,119016,0,28,,0,1722,110208,1303.8272272745769,convergence
full-fill-l64,16,119016,0,29,,0,1863,119232,1197.7621828715007,convergence
full-fill-l64,16,119016,0,30,,0,1432,91648,1134.3817405700684,convergence
full-fill-l64,16,119016,0,31,,0,1552,99328,1176.5898361206055,convergence
full-fill-l64,16,119016,0,32,,0,1481,94784,1141.3757247924805,convergence
full-fill-l64,16,119016,0,33,,0,1317,84288,1228.5700060526531,convergence
full-fill-l64,16,119016,0,34,,0,1642,105088,907.18555450439453,convergence
full-fill-l64,16,119016,0,35,,0,2494,159616,1136.7631136576335,convergence
full-fill-l64,16,119016,0,36,,0,2275,145600,1206.3859685262044,convergence
full-fill-l64,16,119016,0,37,,0,1725,110400,1180.9165725708008,convergence
full-fill-l64,16,119016,0,38,,0,1561,99904,921.57429122924805,convergence
full-fill-l64,16,119016,0,39,,0,1298,83072,1049.5392837524414,convergence
full-fill-l64,16,119016,0,40,,0,1514,96896,1066.4960861206055,convergence
full-fill-l64,16,119016,0,41,,0,1366,87424,1023.7066879272461,convergence
full-fill-l64,16,119016,0,42,,0,1483,94912,1261.6044184366863,convergence
full-fill-l64,16,119016,0,43,,0,3175,203200,999.2534510294596,completed
full-fill-l64,16,119016,0,44,,0,3175,203200,1204.006950378418,completed
full-fill-l64,16,119016,0,45,,0,1516,97024,1185.1397895812988,convergence
full-fill-l64,16,119016,0,46,,0,1440,92160,978.70520401000977,convergence
full-fill-l64,16,119016,0,47,,0,1368,87552,981.66645304361975,convergence
full-fill-l64,16,119016,0,48,,0,1764,112896,1070.1786117553711,convergence
full-fill-l64,16,119016,0,49,,0,1969,126016,1233.6973813374836,convergence
full-fill-l64,16,119016,0,50,,0,1677,107328,1058.4679107666016,convergence
full-fill-l64,16,119016,0,51,,0,1422,91008,1057.5926666259766,convergence
full-fill-l64,16,119016,0,52,,0,1135,72640,1172.0674832661946,convergence
full-fill-l64,16,119016,0,53,,0,1509,96576,949.47486877441406,convergence
full-fill-l64,16,119016,0,54,,0,1430,91520,934.07400258382165,convergence
full-fill-l64,16,119016,0,55,,0,1464,93696,1091.0255699157715,convergence
full-fill-l64,16,119016,0,56,,0,1702,108928,1073.100045522054,convergence
full-fill-l64,16,119016,0,57,,0,1757,112448,1029.4172515869141,convergence
full-fill-l64,16,119016,0,58,,0,2608,166912,1263.2972971598308,convergence
full-ipop-l64,17,119017,0,0,large,64,1477,94528,901.93781789143884,tol_fun
full-ipop-l64,17,119017,0,1,large,128,1379,176512,1200.9758160909016,tol_fun
full-ipop-l64,17,119017,0,2,large,256,2063,528128,1175.7182146708171,tol_fun
full-ipop-l64,17,119017,0,3,large,512,1627,833024,1211.2200597127278,tol_fun
full-ipop-l64,17,119017,0,4,large,1024,2245,2298880,1161.1743291219075,tol_fun
full-ipop-l64,17,119017,0,5,large,2048,1256,2571328,959.6997286478678,maximum_evaluations
full-r32-l64,17,119017,0,0,,0,1477,94528,901.93781789143884,convergence
full-r32-l64,17,119017,0,1,,0,1681,107584,1058.4700457255046,convergence
full-r32-l64,17,119017,0,2,,0,1577,100928,1164.0350405375164,convergence
full-r32-l64,17,119017,0,3,,0,1552,99328,1066.8565470377605,convergence
full-r32-l64,17,119017,0,4,,0,2226,142464,1346.7538439432781,convergence
full-r32-l64,17,119017,0,5,,0,2631,168384,1047.0913492838542,convergence
full-r32-l64,17,119017,0,6,,0,1498,95872,1255.3068682352703,convergence
full-r32-l64,17,119017,0,7,,0,1542,98688,1215.0454508463542,convergence
full-r32-l64,17,119017,0,8,,0,1220,78080,1169.6051317850749,convergence
full-r32-l64,17,119017,0,9,,0,1467,93888,1155.5666249593098,convergence
full-r32-l64,17,119017,0,10,,0,1718,109952,1092.2839495340984,convergence
full-r32-l64,17,119017,0,11,,0,1240,79360,1331.0512542724609,convergence
full-r32-l64,17,119017,0,12,,0,2011,128704,1198.5768305460613,convergence
full-r32-l64,17,119017,0,13,,0,1252,80128,1274.4375,convergence
full-r32-l64,17,119017,0,14,,0,1257,80448,940.84370803833008,convergence
full-r32-l64,17,119017,0,15,,0,1713,109632,1187.9021492004395,convergence
full-r32-l64,17,119017,0,16,,0,1383,88512,1160.0733464558919,convergence
full-r32-l64,17,119017,0,17,,0,1613,103232,983.76032511393225,convergence
full-r32-l64,17,119017,0,18,,0,1258,80512,1204.5115585327148,convergence
full-r32-l64,17,119017,0,19,,0,1341,85824,1360.3320439656575,convergence
full-r32-l64,17,119017,0,20,,0,1442,92288,1134.7226219177246,convergence
full-r32-l64,17,119017,0,21,,0,1515,96960,1244.9191538492839,convergence
full-r32-l64,17,119017,0,22,,0,1701,108864,1211.5007705688477,convergence
full-r32-l64,17,119017,0,23,,0,3016,193024,1291.8856264750164,convergence
full-r32-l64,17,119017,0,24,,0,3175,203200,1027.1184730529785,completed
full-r32-l64,17,119017,0,25,,0,1488,95232,1150.5277061462402,convergence
full-r32-l64,17,119017,0,26,,0,1565,100160,1000.5642356872559,convergence
full-r32-l64,17,119017,0,27,,0,1521,97344,1154.481278737386,convergence
full-r32-l64,17,119017,0,28,,0,1569,100416,1234.3354110717773,convergence
full-r32-l64,17,119017,0,29,,0,1327,84928,1014.9238497416178,convergence
full-r32-l64,17,119017,0,30,,0,1442,92288,1047.8615264892578,convergence
full-r32-l64,17,119017,0,31,,0,3175,203200,1264.8123219807942,completed
full-fill-l64,17,119017,0,0,,0,1477,94528,901.93781789143884,convergence
full-fill-l64,17,119017,0,1,,0,1681,107584,1058.4700457255046,convergence
full-fill-l64,17,119017,0,2,,0,1577,100928,1164.0350405375164,convergence
full-fill-l64,17,119017,0,3,,0,1552,99328,1066.8565470377605,convergence
full-fill-l64,17,119017,0,4,,0,2226,142464,1346.7538439432781,convergence
full-fill-l64,17,119017,0,5,,0,2631,168384,1047.0913492838542,convergence
full-fill-l64,17,119017,0,6,,0,1498,95872,1255.3068682352703,convergence
full-fill-l64,17,119017,0,7,,0,1542,98688,1215.0454508463542,convergence
full-fill-l64,17,119017,0,8,,0,1220,78080,1169.6051317850749,convergence
full-fill-l64,17,119017,0,9,,0,1467,93888,1155.5666249593098,convergence
full-fill-l64,17,119017,0,10,,0,1718,109952,1092.2839495340984,convergence
full-fill-l64,17,119017,0,11,,0,1240,79360,1331.0512542724609,convergence
full-fill-l64,17,119017,0,12,,0,2011,128704,1198.5768305460613,convergence
full-fill-l64,17,119017,0,13,,0,1252,80128,1274.4375,convergence
full-fill-l64,17,119017,0,14,,0,1257,80448,940.84370803833008,convergence
full-fill-l64,17,119017,0,15,,0,1713,109632,1187.9021492004395,convergence
full-fill-l64,17,119017,0,16,,0,1383,88512,1160.0733464558919,convergence
full-fill-l64,17,119017,0,17,,0,1613,103232,983.76032511393225,convergence
full-fill-l64,17,119017,0,18,,0,1258,80512,1204.5115585327148,convergence
full-fill-l64,17,119017,0,19,,0,1341,85824,1360.3320439656575,convergence
full-fill-l64,17,119017,0,20,,0,1442,92288,1134.7226219177246,convergence
full-fill-l64,17,119017,0,21,,0,1515,96960,1244.9191538492839,convergence
full-fill-l64,17,119017,0,22,,0,1701,108864,1211.5007705688477,convergence
full-fill-l64,17,119017,0,23,,0,3016,193024,1291.8856264750164,convergence
full-fill-l64,17,119017,0,24,,0,3175,203200,1027.1184730529785,completed
full-fill-l64,17,119017,0,25,,0,1488,95232,1150.5277061462402,convergence
full-fill-l64,17,119017,0,26,,0,1565,100160,1000.5642356872559,convergence
full-fill-l64,17,119017,0,27,,0,1521,97344,1154.481278737386,convergence
full-fill-l64,17,119017,0,28,,0,1569,100416,1234.3354110717773,convergence
full-fill-l64,17,119017,0,29,,0,1327,84928,1014.9238497416178,convergence
full-fill-l64,17,119017,0,30,,0,1442,92288,1047.8615264892578,convergence
full-fill-l64,17,119017,0,31,,0,3175,203200,1264.8123219807942,completed
full-fill-l64,17,119017,0,32,,0,1280,81920,1009.2544759114584,convergence
full-fill-l64,17,119017,0,33,,0,1281,81984,1178.5163040161133,convergence
full-fill-l64,17,119017,0,34,,0,2592,165888,1147.0521952311199,convergence
full-fill-l64,17,119017,0,35,,0,1452,92928,1190.6688842773438,convergence
full-fill-l64,17,119017,0,36,,0,1370,87680,1234.8834559122722,convergence
full-fill-l64,17,119017,0,37,,0,2543,162752,1379.4848581949871,convergence
full-fill-l64,17,119017,0,38,,0,1518,97152,955.02186330159509,convergence
full-fill-l64,17,119017,0,39,,0,1493,95552,1247.8841819763184,convergence
full-fill-l64,17,119017,0,40,,0,2212,141568,1268.6448542277019,convergence
full-fill-l64,17,119017,0,41,,0,1626,104064,1126.1114870707195,convergence
full-fill-l64,17,119017,0,42,,0,2420,154880,1182.8427085876465,convergence
full-fill-l64,17,119017,0,43,,0,1832,117248,1354.7692731221516,convergence
full-fill-l64,17,119017,0,44,,0,1476,94464,1222.3841578165691,convergence
full-fill-l64,17,119017,0,45,,0,1364,87296,1215.6135279337566,convergence
full-fill-l64,17,119017,0,46,,0,1201,76864,960.23650232950843,convergence
full-fill-l64,17,119017,0,47,,0,1539,98496,1142.2699305216472,convergence
full-fill-l64,17,119017,0,48,,0,1506,96384,1258.3173967997234,convergence
full-fill-l64,17,119017,0,49,,0,1468,93952,1280.123587290446,convergence
full-fill-l64,17,119017,0,50,,0,1242,79488,1284.4072113037109,convergence
full-fill-l64,17,119017,0,51,,0,1571,100544,1166.8589375813801,convergence
full-fill-l64,17,119017,0,52,,0,1581,101184,892.44740041097009,convergence
full-fill-l64,17,119017,0,53,,0,1692,108288,1195.2078030904133,convergence
full-fill-l64,17,119017,0,54,,0,1419,90816,955.19804255167639,convergence
full-fill-l64,17,119017,0,55,,0,1553,99392,1029.106616973877,convergence
full-fill-l64,17,119017,0,56,,0,1702,108928,1235.74427541097,convergence
full-fill-l64,17,119017,0,57,,0,1394,89216,1235.0873730977376,convergence
full-fill-l64,17,119017,0,58,,0,1777,113728,1250.8070424397786,convergence
full-ipop-l64,18,119018,0,0,large,64,1324,84736,1223.3067169189453,tol_fun
full-ipop-l64,18,119018,0,1,large,128,1099,140672,1363.8857154846191,tol_fun
full-ipop-l64,18,119018,0,2,large,256,1855,474880,1140.7446619669597,tol_fun
full-ipop-l64,18,119018,0,3,large,512,1473,754176,1123.0322723388672,tol_fun
full-ipop-l64,18,119018,0,4,large,1024,1614,1652736,1220.3821652730305,tol_fun
full-ipop-l64,18,119018,0,5,large,2048,1430,2928640,1115.2607739766438,tol_fun
full-ipop-l64,18,119018,0,6,large,4096,114,466560,1330.2663129170735,maximum_evaluations
full-r32-l64,18,119018,0,0,,0,1324,84736,1223.3067169189453,convergence
full-r32-l64,18,119018,0,1,,0,1441,92224,1219.1243782043457,convergence
full-r32-l64,18,119018,0,2,,0,1359,86976,933.81812413533532,convergence
full-r32-l64,18,119018,0,3,,0,1422,91008,1112.2667808532715,convergence
full-r32-l64,18,119018,0,4,,0,1522,97408,959.14054997762048,convergence
full-r32-l64,18,119018,0,5,,0,1709,109376,1183.6135927836101,convergence
full-r32-l64,18,119018,0,6,,0,1485,95040,1213.5903676350911,convergence
full-r32-l64,18,119018,0,7,,0,1569,100416,1052.8131078084309,convergence
full-r32-l64,18,119018,0,8,,0,1354,86656,1195.5952898661296,convergence
full-r32-l64,18,119018,0,9,,0,1496,95744,1224.1769218444824,convergence
full-r32-l64,18,119018,0,10,,0,1687,107968,937.13083267211914,convergence
full-r32-l64,18,119018,0,11,,0,1540,98560,1090.9421641031902,convergence
full-r32-l64,18,119018,0,12,,0,2181,139584,1262.0369733174641,convergence
full-r32-l64,18,119018,0,13,,0,1727,110528,849.27338282267249,convergence
full-r32-l64,18,119018,0,14,,0,1421,90944,1138.1532567342122,convergence
full-r32-l64,18,119018,0,15,,0,1318,84352,1005.0220731099447,convergence
full-r32-l64,18,119018,0,16,,0,1633,104512,1059.0833524068196,convergence
full-r32-l64,18,119018,0,17,,0,3175,203200,1170.0356178283691,completed
full-r32-l64,18,119018,0,18,,0,1258,80512,1053.5965321858723,convergence
full-r32-l64,18,119018,0,19,,0,1463,93632,1092.7631696065266,convergence
full-r32-l64,18,119018,0,20,,0,1455,93120,1056.9343655904133,convergence
full-r32-l64,18,119018,0,21,,0,1418,90752,1061.0154457092285,convergence
full-r32-l64,18,119018,0,22,,0,1431,91584,1271.0373573303223,convergence
full-r32-l64,18,119018,0,23,,0,1321,84544,1104.2324320475261,convergence
full-r32-l64,18,119018,0,24,,0,2646,169344,1275.0592219034831,convergence
full-r32-l64,18,119018,0,25,,0,1542,98688,1175.5897267659504,convergence
full-r32-l64,18,119018,0,26,,0,1695,108480,1133.5670649210613,convergence
full-r32-l64,18,119018,0,27,,0,1297,83008,1101.2044932047527,convergence
full-r32-l64,18,119018,0,28,,0,2948,188672,1098.9556159973145,convergence
full-r32-l64,18,119018,0,29,,0,1474,94336,1154.8417142232258,convergence
full-r32-l64,18,119018,0,30,,0,1478,94592,1131.0416768391926,convergence
full-r32-l64,18,119018,0,31,,0,1269,81216,1084.9700724283855,convergence
full-fill-l64,18,119018,0,0,,0,1324,84736,1223.3067169189453,convergence
full-fill-l64,18,119018,0,1,,0,1441,92224,1219.1243782043457,convergence
full-fill-l64,18,119018,0,2,,0,1359,86976,933.81812413533532,convergence
full-fill-l64,18,119018,0,3,,0,1422,91008,1112.2667808532715,convergence
full-fill-l64,18,119018,0,4,,0,1522,97408,959.14054997762048,convergence
full-fill-l64,18,119018,0,5,,0,1709,109376,1183.6135927836101,convergence
full-fill-l64,18,119018,0,6,,0,1485,95040,1213.5903676350911,convergence
full-fill-l64,18,119018,0,7,,0,1569,100416,1052.8131078084309,convergence
full-fill-l64,18,119018,0,8,,0,1354,86656,1195.5952898661296,convergence
full-fill-l64,18,119018,0,9,,0,1496,95744,1224.1769218444824,convergence
full-fill-l64,18,119018,0,10,,0,1687,107968,937.13083267211914,convergence
full-fill-l64,18,119018,0,11,,0,1540,98560,1090.9421641031902,convergence
full-fill-l64,18,119018,0,12,,0,2181,139584,1262.0369733174641,convergence
full-fill-l64,18,119018,0,13,,0,1727,110528,849.27338282267249,convergence
full-fill-l64,18,119018,0,14,,0,1421,90944,1138.1532567342122,convergence
full-fill-l64,18,119018,0,15,,0,1318,84352,1005.0220731099447,convergence
full-fill-l64,18,119018,0,16,,0,1633,104512,1059.0833524068196,convergence
full-fill-l64,18,119018,0,17,,0,3175,203200,1170.0356178283691,completed
full-fill-l64,18,119018,0,18,,0,1258,80512,1053.5965321858723,convergence
full-fill-l64,18,119018,0,19,,0,1463,93632,1092.7631696065266,convergence
full-fill-l64,18,119018,0,20,,0,1455,93120,1056.9343655904133,convergence
full-fill-l64,18,119018,0,21,,0,1418,90752,1061.0154457092285,convergence
full-fill-l64,18,119018,0,22,,0,1431,91584,1271.0373573303223,convergence
full-fill-l64,18,119018,0,23,,0,1321,84544,1104.2324320475261,convergence
full-fill-l64,18,119018,0,24,,0,2646,169344,1275.0592219034831,convergence
full-fill-l64,18,119018,0,25,,0,1542,98688,1175.5897267659504,convergence
full-fill-l64,18,119018,0,26,,0,1695,108480,1133.5670649210613,convergence
full-fill-l64,18,119018,0,27,,0,1297,83008,1101.2044932047527,convergence
full-fill-l64,18,119018,0,28,,0,2948,188672,1098.9556159973145,convergence
full-fill-l64,18,119018,0,29,,0,1474,94336,1154.8417142232258,convergence
full-fill-l64,18,119018,0,30,,0,1478,94592,1131.0416768391926,convergence
full-fill-l64,18,119018,0,31,,0,1269,81216,1084.9700724283855,convergence
full-fill-l64,18,119018,0,32,,0,1503,96192,1233.7205060323079,convergence
full-fill-l64,18,119018,0,33,,0,1546,98944,1250.5131657918294,convergence
full-fill-l64,18,119018,0,34,,0,1594,102016,1050.5612551371257,convergence
full-fill-l64,18,119018,0,35,,0,1411,90304,1201.1868362426758,convergence
full-fill-l64,18,119018,0,36,,0,1187,75968,1264.1124572753906,convergence
full-fill-l64,18,119018,0,37,,0,1428,91392,948.225830078125,convergence
full-fill-l64,18,119018,0,38,,0,1541,98624,1126.8374989827473,convergence
full-fill-l64,18,119018,0,39,,0,1463,93632,1017.7194073994955,convergence
full-fill-l64,18,119018,0,40,,0,1582,101248,1192.8419443766277,convergence
full-fill-l64,18,119018,0,41,,0,1579,101056,915.71357727050781,convergence
full-fill-l64,18,119018,0,42,,0,1610,103040,1265.375867207845,convergence
full-fill-l64,18,119018,0,43,,0,1246,79744,1227.6408831278484,convergence
full-fill-l64,18,119018,0,44,,0,1335,85440,1161.3821385701497,convergence
full-fill-l64,18,119018,0,45,,0,2403,153792,1090.0618731180828,convergence
full-fill-l64,18,119018,0,46,,0,1569,100416,1240.56103515625,convergence
full-fill-l64,18,119018,0,47,,0,1208,77312,1017.2885894775391,convergence
full-fill-l64,18,119018,0,48,,0,1804,115456,1169.7866287231445,convergence
full-fill-l64,18,119018,0,49,,0,1237,79168,1163.2165514628093,convergence
full-fill-l64,18,119018,0,50,,0,1774,113536,1206.7137641906738,convergence
full-fill-l64,18,119018,0,51,,0,1533,98112,1133.1908747355144,convergence
full-fill-l64,18,119018,0,52,,0,1479,94656,1358.3960126241047,convergence
full-fill-l64,18,119018,0,53,,0,1395,89280,1232.7557474772136,convergence
full-fill-l64,18,119018,0,54,,0,1415,90560,1308.673828125,convergence
full-fill-l64,18,119018,0,55,,0,1687,107968,1167.9776916503906,convergence
full-fill-l64,18,119018,0,56,,0,1559,99776,1195.3600311279297,convergence
full-fill-l64,18,119018,0,57,,0,1432,91648,937.04856872558594,convergence
full-fill-l64,18,119018,0,58,,0,1315,84160,1183.2189178466797,convergence
full-fill-l64,18,119018,0,59,,0,1138,72832,952.39339319864905,convergence
full-fill-l64,18,119018,0,60,,0,1525,97600,1081.0780563354492,convergence
full-fill-l64,18,119018,0,61,,0,1608,102912,1010.1353365580241,convergence
full-fill-l64,18,119018,0,62,,0,1659,106176,1114.6996243794758,convergence
full-ipop-l64,19,119019,0,0,large,64,1793,114752,1243.837740580241,tol_fun
full-ipop-l64,19,119019,0,1,large,128,1298,166144,1239.3957366943359,tol_fun
full-ipop-l64,19,119019,0,2,large,256,1266,324096,1240.4977289835613,tol_fun
full-ipop-l64,19,119019,0,3,large,512,1662,850944,1111.5911267598469,tol_fun
full-ipop-l64,19,119019,0,4,large,1024,1871,1915904,931.07622782389319,tol_fun
full-ipop-l64,19,119019,0,5,large,2048,1529,3130560,943.44118626912439,maximum_evaluations
full-r32-l64,19,119019,0,0,,0,1793,114752,1243.837740580241,convergence
full-r32-l64,19,119019,0,1,,0,1243,79552,1327.2563603719075,convergence
full-r32-l64,19,119019,0,2,,0,1258,80512,1242.1677920023601,convergence
full-r32-l64,19,119019,0,3,,0,1312,83968,966.87619272867835,convergence
full-r32-l64,19,119019,0,4,,0,1510,96640,973.77482096354163,convergence
full-r32-l64,19,119019,0,5,,0,1524,97536,932.30837504069007,convergence
full-r32-l64,19,119019,0,6,,0,1607,102848,1331.278268178304,convergence
full-r32-l64,19,119019,0,7,,0,1444,92416,1011.0536804199219,convergence
full-r32-l64,19,119019,0,8,,0,1516,97024,1167.5765647888184,convergence
full-r32-l64,19,119019,0,9,,0,1457,93248,983.22970962524414,convergence
full-r32-l64,19,119019,0,10,,0,1528,97792,1072.2253595987956,convergence
full-r32-l64,19,119019,0,11,,0,3175,203200,989.59192657470703,completed
full-r32-l64,19,119019,0,12,,0,1466,93824,1258.6895446777344,convergence
full-r32-l64,19,119019,0,13,,0,1255,80320,1238.0300343831379,convergence
full-r32-l64,19,119019,0,14,,0,1585,101440,1225.5392049153645,convergence
full-r32-l64,19,119019,0,15,,0,1687,107968,1060.5343767801921,convergence
full-r32-l64,19,119019,0,16,,0,1526,97664,1189.087023417155,convergence
full-r32-l64,19,119019,0,17,,0,1205,77120,1278.8353118896484,convergence
full-r32-l64,19,119019,0,18,,0,1805,115520,1193.7330500284831,convergence
full-r32-l64,19,119019,0,19,,0,1275,81600,1323.7341397603352,convergence
full-r32-l64,19,119019,0,20,,0,1610,103040,1144.7734095255535,convergence
full-r32-l64,19,119019,0,21,,0,1525,97600,1212.5054054260254,convergence
full-r32-l64,19,119019,0,22,,0,1382,88448,935.6228141784668,convergence
full-r32-l64,19,119019,0,23,,0,1708,109312,854.19744618733728,convergence
full-r32-l64,19,119019,0,24,,0,1386,88704,1180.0892232259114,convergence
full-r32-l64,19,119019,0,25,,0,1814,116096,1189.9004923502605,convergence
full-r32-l64,19,119019,0,26,,0,1451,92864,1259.7827123006184,convergence
full-r32-l64,19,119019,0,27,,0,1482,94848,1060.9043935139973,convergence
full-r32-l64,19,119019,0,28,,0,1518,97152,1005.651538848877,convergence
full-r32-l64,19,119019,0,29,,0,1494,95616,1184.2338383992512,convergence
full-r32-l64,19,119019,0,30,,0,1412,90368,1162.6689732869465,convergence
full-r32-l64,19,119019,0,31,,0,1493,95552,1299.1868095397949,convergence
full-fill-l64,19,119019,0,0,,0,1793,114752,1243.837740580241,convergence
full-fill-l64,19,119019,0,1,,0,1243,79552,1327.2563603719075,convergence
full-fill-l64,19,119019,0,2,,0,1258,80512,1242.1677920023601,convergence
full-fill-l64,19,119019,0,3,,0,1312,83968,966.87619272867835,convergence
full-fill-l64,19,119019,0,4,,0,1510,96640,973.77482096354163,convergence
full-fill-l64,19,119019,0,5,,0,1524,97536,932.30837504069007,convergence
full-fill-l64,19,119019,0,6,,0,1607,102848,1331.278268178304,convergence
full-fill-l64,19,119019,0,7,,0,1444,92416,1011.0536804199219,convergence
full-fill-l64,19,119019,0,8,,0,1516,97024,1167.5765647888184,convergence
full-fill-l64,19,119019,0,9,,0,1457,93248,983.22970962524414,convergence
full-fill-l64,19,119019,0,10,,0,1528,97792,1072.2253595987956,convergence
full-fill-l64,19,119019,0,11,,0,3175,203200,989.59192657470703,completed
full-fill-l64,19,119019,0,12,,0,1466,93824,1258.6895446777344,convergence
full-fill-l64,19,119019,0,13,,0,1255,80320,1238.0300343831379,convergence
full-fill-l64,19,119019,0,14,,0,1585,101440,1225.5392049153645,convergence
full-fill-l64,19,119019,0,15,,0,1687,107968,1060.5343767801921,convergence
full-fill-l64,19,119019,0,16,,0,1526,97664,1189.087023417155,convergence
full-fill-l64,19,119019,0,17,,0,1205,77120,1278.8353118896484,convergence
full-fill-l64,19,119019,0,18,,0,1805,115520,1193.7330500284831,convergence
full-fill-l64,19,119019,0,19,,0,1275,81600,1323.7341397603352,convergence
full-fill-l64,19,119019,0,20,,0,1610,103040,1144.7734095255535,convergence
full-fill-l64,19,119019,0,21,,0,1525,97600,1212.5054054260254,convergence
full-fill-l64,19,119019,0,22,,0,1382,88448,935.6228141784668,convergence
full-fill-l64,19,119019,0,23,,0,1708,109312,854.19744618733728,convergence
full-fill-l64,19,119019,0,24,,0,1386,88704,1180.0892232259114,convergence
full-fill-l64,19,119019,0,25,,0,1814,116096,1189.9004923502605,convergence
full-fill-l64,19,119019,0,26,,0,1451,92864,1259.7827123006184,convergence
full-fill-l64,19,119019,0,27,,0,1482,94848,1060.9043935139973,convergence
full-fill-l64,19,119019,0,28,,0,1518,97152,1005.651538848877,convergence
full-fill-l64,19,119019,0,29,,0,1494,95616,1184.2338383992512,convergence
full-fill-l64,19,119019,0,30,,0,1412,90368,1162.6689732869465,convergence
full-fill-l64,19,119019,0,31,,0,1493,95552,1299.1868095397949,convergence
full-fill-l64,19,119019,0,32,,0,1419,90816,950.11125437418616,convergence
full-fill-l64,19,119019,0,33,,0,1856,118784,1136.6161003112793,convergence
full-fill-l64,19,119019,0,34,,0,1598,102272,1046.2517700195312,convergence
full-fill-l64,19,119019,0,35,,0,1731,110784,1142.7648366292317,convergence
full-fill-l64,19,119019,0,36,,0,1526,97664,914.31554539998376,convergence
full-fill-l64,19,119019,0,37,,0,1552,99328,1202.8657048543294,convergence
full-fill-l64,19,119019,0,38,,0,1273,81472,907.22006734212243,convergence
full-fill-l64,19,119019,0,39,,0,1470,94080,1057.9637400309246,convergence
full-fill-l64,19,119019,0,40,,0,1638,104832,1033.0761426289876,convergence
full-fill-l64,19,119019,0,41,,0,1488,95232,1003.2955602010092,convergence
full-fill-l64,19,119019,0,42,,0,2360,151040,1127.9649709065754,convergence
full-fill-l64,19,119019,0,43,,0,1443,92352,1262.9065831502278,convergence
full-fill-l64,19,119019,0,44,,0,1545,98880,1226.6742693583171,convergence
full-fill-l64,19,119019,0,45,,0,1227,78528,1283.3165283203125,convergence
full-fill-l64,19,119019,0,46,,0,1379,88256,1235.9748853047688,convergence
full-fill-l64,19,119019,0,47,,0,1264,80896,1037.4817568461101,convergence
full-fill-l64,19,119019,0,48,,0,1448,92672,1055.8704274495442,convergence
full-fill-l64,19,119019,0,49,,0,1782,114048,1121.5620994567871,convergence
full-fill-l64,19,119019,0,50,,0,2388,152832,1210.035306294759,convergence
full-fill-l64,19,119019,0,51,,0,1797,115008,1378.4555486043294,convergence
full-fill-l64,19,119019,0,52,,0,1492,95488,1249.7382659912109,convergence
full-fill-l64,19,119019,0,53,,0,1541,98624,980.3185145060221,convergence
full-fill-l64,19,119019,0,54,,0,1532,98048,1079.6002349853516,convergence
full-fill-l64,19,119019,0,55,,0,1964,125696,899.22547912597656,convergence
full-fill-l64,19,119019,0,56,,0,1276,81664,1141.4663518269856,convergence
full-fill-l64,19,119019,0,57,,0,1243,79552,1158.3002179463704,convergence
full-fill-l64,19,119019,0,58,,0,1264,80896,1211.4764887491863,convergence
full-fill-l64,19,119019,0,59,,0,1392,89088,1145.2277336120605,convergence
full-fill-l64,19,119019,0,60,,0,1556,99584,1280.5383834838867,convergence
full-fill-l64,19,119019,0,61,,0,2054,131456,1201.7062772115071,convergence
full-fill-l64,19,119019,0,62,,0,1686,107904,1249.1147041320801,convergence
full-ipop-l64,20,119020,0,0,large,64,1289,82496,1066.6797205607097,tol_fun
full-ipop-l64,20,119020,0,1,large,128,1255,160640,1000.1527036031088,tol_fun
full-ipop-l64,20,119020,0,2,large,256,2805,718080,1087.3226572672527,tol_fun
full-ipop-l64,20,119020,0,3,large,512,1471,753152,1229.8077824910481,tol_fun
full-ipop-l64,20,119020,0,4,large,1024,2251,2305024,981.18095397949219,tol_fun
full-ipop-l64,20,119020,0,5,large,2048,1212,2483008,902.36672465006507,maximum_evaluations
full-r32-l64,20,119020,0,0,,0,1289,82496,1066.6797205607097,convergence
full-r32-l64,20,119020,0,1,,0,1565,100160,1350.3588511149089,convergence
full-r32-l64,20,119020,0,2,,0,1394,89216,1220.6534016927083,convergence
full-r32-l64,20,119020,0,3,,0,1320,84480,1063.1922505696614,convergence
full-r32-l64,20,119020,0,4,,0,1606,102784,974.47472381591797,convergence
full-r32-l64,20,119020,0,5,,0,1497,95808,1187.4134635925293,convergence
full-r32-l64,20,119020,0,6,,0,1518,97152,1015.7833722432455,convergence
full-r32-l64,20,119020,0,7,,0,2363,151232,978.56084187825525,convergence
full-r32-l64,20,119020,0,8,,0,1426,91264,974.788075764974,convergence
full-r32-l64,20,119020,0,9,,0,1656,105984,966.28939819335938,convergence
full-r32-l64,20,119020,0,10,,0,1845,118080,1000.209779103597,convergence
full-r32-l64,20,119020,0,11,,0,1417,90688,1177.8572158813477,convergence
full-r32-l64,20,119020,0,12,,0,1474,94336,1260.6055692036946,convergence
full-r32-l64,20,119020,0,13,,0,1614,103296,1228.1759757995605,convergence
full-r32-l64,20,119020,0,14,,0,1498,95872,909.53990936279297,convergence
full-r32-l64,20,119020,0,15,,0,1957,125248,1082.5433082580566,convergence
full-r32-l64,20,119020,0,16,,0,1621,103744,1180.117015838623,convergence
full-r32-l64,20,119020,0,17,,0,1135,72640,1350.7527656555176,convergence
full-r32-l64,20,119020,0,18,,0,2062,131968,926.53449249267578,convergence
full-r32-l64,20,119020,0,19,,0,1309,83776,1268.0252990722656,convergence
full-r32-l64,20,119020,0,20,,0,1381,88384,1051.2923164367676,convergence
full-r32-l64,20,119020,0,21,,0,1586,101504,1156.8780059814453,convergence
full-r32-l64,20,119020,0,22,,0,1734,110976,1283.5669161478679,convergence
full-r32-l64,20,119020,0,23,,0,1740,111360,1152.2008221944172,convergence
full-r32-l64,20,119020,0,24,,0,1880,120320,1253.4677060445149,convergence
full-r32-l64,20,119020,0,25,,0,1443,92352,1258.5450146993001,convergence
full-r32-l64,20,119020,0,26,,0,1192,76288,1233.7816009521484,convergence
full-r32-l64,20,119020,0,27,,0,1474,94336,1219.6332422892253,convergence
full-r32-l64,20,119020,0,28,,0,1436,91904,1068.3941179911296,convergence
full-r32-l64,20,119020,0,29,,0,2322,148608,1269.5236015319824,convergence
full-r32-l64,20,119020,0,30,,0,1192,76288,995.20620346069336,convergence
full-r32-l64,20,119020,0,31,,0,1486,95104,1223.0205701192219,convergence
full-fill-l64,20,119020,0,0,,0,1289,82496,1066.6797205607097,convergence
full-fill-l64,20,119020,0,1,,0,1565,100160,1350.3588511149089,convergence
full-fill-l64,20,119020,0,2,,0,1394,89216,1220.6534016927083,convergence
full-fill-l64,20,119020,0,3,,0,1320,84480,1063.1922505696614,convergence
full-fill-l64,20,119020,0,4,,0,1606,102784,974.47472381591797,convergence
full-fill-l64,20,119020,0,5,,0,1497,95808,1187.4134635925293,convergence
full-fill-l64,20,119020,0,6,,0,1518,97152,1015.7833722432455,convergence
full-fill-l64,20,119020,0,7,,0,2363,151232,978.56084187825525,convergence
full-fill-l64,20,119020,0,8,,0,1426,91264,974.788075764974,convergence
full-fill-l64,20,119020,0,9,,0,1656,105984,966.28939819335938,convergence
full-fill-l64,20,119020,0,10,,0,1845,118080,1000.209779103597,convergence
full-fill-l64,20,119020,0,11,,0,1417,90688,1177.8572158813477,convergence
full-fill-l64,20,119020,0,12,,0,1474,94336,1260.6055692036946,convergence
full-fill-l64,20,119020,0,13,,0,1614,103296,1228.1759757995605,convergence
full-fill-l64,20,119020,0,14,,0,1498,95872,909.53990936279297,convergence
full-fill-l64,20,119020,0,15,,0,1957,125248,1082.5433082580566,convergence
full-fill-l64,20,119020,0,16,,0,1621,103744,1180.117015838623,convergence
full-fill-l64,20,119020,0,17,,0,1135,72640,1350.7527656555176,convergence
full-fill-l64,20,119020,0,18,,0,2062,131968,926.53449249267578,convergence
full-fill-l64,20,119020,0,19,,0,1309,83776,1268.0252990722656,convergence
full-fill-l64,20,119020,0,20,,0,1381,88384,1051.2923164367676,convergence
full-fill-l64,20,119020,0,21,,0,1586,101504,1156.8780059814453,convergence
full-fill-l64,20,119020,0,22,,0,1734,110976,1283.5669161478679,convergence
full-fill-l64,20,119020,0,23,,0,1740,111360,1152.2008221944172,convergence
full-fill-l64,20,119020,0,24,,0,1880,120320,1253.4677060445149,convergence
full-fill-l64,20,119020,0,25,,0,1443,92352,1258.5450146993001,convergence
full-fill-l64,20,119020,0,26,,0,1192,76288,1233.7816009521484,convergence
full-fill-l64,20,119020,0,27,,0,1474,94336,1219.6332422892253,convergence
full-fill-l64,20,119020,0,28,,0,1436,91904,1068.3941179911296,convergence
full-fill-l64,20,119020,0,29,,0,2322,148608,1269.5236015319824,convergence
full-fill-l64,20,119020,0,30,,0,1192,76288,995.20620346069336,convergence
full-fill-l64,20,119020,0,31,,0,1486,95104,1223.0205701192219,convergence
full-fill-l64,20,119020,0,32,,0,1300,83200,908.01705042521155,convergence
full-fill-l64,20,119020,0,33,,0,1218,77952,1153.7905756632488,convergence
full-fill-l64,20,119020,0,34,,0,1678,107392,1048.4497515360515,convergence
full-fill-l64,20,119020,0,35,,0,1686,107904,969.78610102335608,convergence
full-fill-l64,20,119020,0,36,,0,1433,91712,1184.3105417887371,convergence
full-fill-l64,20,119020,0,37,,0,1445,92480,1223.8912010192871,convergence
full-fill-l64,20,119020,0,38,,0,1471,94144,1245.9284400939941,convergence
full-fill-l64,20,119020,0,39,,0,2061,131904,1178.131721496582,convergence
full-fill-l64,20,119020,0,40,,0,1346,86144,1116.4551035563152,convergence
full-fill-l64,20,119020,0,41,,0,1327,84928,1326.5735537211101,convergence
full-fill-l64,20,119020,0,42,,0,1464,93696,1065.0308443705242,convergence
full-fill-l64,20,119020,0,43,,0,1604,102656,1250.1773147583008,convergence
full-fill-l64,20,119020,0,44,,0,1389,88896,1039.5459009806316,convergence
full-fill-l64,20,119020,0,45,,0,1580,101120,900.92073822021484,convergence
full-fill-l64,20,119020,0,46,,0,1342,85888,1165.905595143636,convergence
full-fill-l64,20,119020,0,47,,0,1417,90688,1042.5745035807292,convergence
full-fill-l64,20,119020,0,48,,0,1784,114176,913.35636520385742,convergence
full-fill-l64,20,119020,0,49,,0,3175,203200,1170.7890485127766,completed
full-fill-l64,20,119020,0,50,,0,1308,83712,1190.9561258951824,convergence
full-fill-l64,20,119020,0,51,,0,1547,99008,1189.0565121968586,convergence
full-fill-l64,20,119020,0,52,,0,1611,103104,921.01584879557288,convergence
full-fill-l64,20,119020,0,53,,0,1512,96768,1187.6709899902344,convergence
full-fill-l64,20,119020,0,54,,0,2017,129088,1248.5210698445637,convergence
full-fill-l64,20,119020,0,55,,0,1642,105088,1192.9380645751953,convergence
full-fill-l64,20,119020,0,56,,0,1840,117760,1044.4264424641926,convergence
full-fill-l64,20,119020,0,57,,0,1503,96192,1161.9934666951497,convergence
full-fill-l64,20,119020,0,58,,0,1452,92928,1195.5916074117024,convergence
full-fill-l64,20,119020,0,59,,0,3175,203200,1071.792012532552,completed
full-fill-l64,20,119020,0,60,,0,1420,90880,1063.6863708496094,convergence
full-fill-l64,20,119020,0,61,,0,1584,101376,1170.1027857462566,convergence
full-ipop-l64,21,119021,0,0,large,64,1685,107840,1215.4163602193196,tol_fun
full-ipop-l64,21,119021,0,1,large,128,2188,280064,1080.0753555297852,tol_fun
full-ipop-l64,21,119021,0,2,large,256,1602,410112,1018.8558540344238,tol_fun
full-ipop-l64,21,119021,0,3,large,512,2238,1145856,862.78248850504554,tol_fun
full-ipop-l64,21,119021,0,4,large,1024,1693,1733632,981.92941538492835,tol_fun
full-ipop-l64,21,119021,0,5,large,2048,1379,2824896,811.75932439168298,maximum_evaluations
full-r32-l64,21,119021,0,0,,0,1685,107840,1215.4163602193196,convergence
full-r32-l64,21,119021,0,1,,0,1929,123456,1194.7732671101887,convergence
full-r32-l64,21,119021,0,2,,0,1472,94208,1186.5344924926758,convergence
full-r32-l64,21,119021,0,3,,0,1327,84928,1074.9282239278157,convergence
full-r32-l64,21,119021,0,4,,0,1535,98240,1030.79966990153,convergence
full-r32-l64,21,119021,0,5,,0,1745,111680,1162.1764882405598,convergence
full-r32-l64,21,119021,0,6,,0,3175,203200,1144.4521344502766,completed
full-r32-l64,21,119021,0,7,,0,1346,86144,1196.957369486491,convergence
full-r32-l64,21,119021,0,8,,0,1645,105280,1132.7708981831868,convergence
full-r32-l64,21,119021,0,9,,0,1575,100800,1109.2707583109539,convergence
full-r32-l64,21,119021,0,10,,0,1382,88448,1256.4324493408203,convergence
full-r32-l64,21,119021,0,11,,0,1353,86592,1066.7601305643718,convergence
full-r32-l64,21,119021,0,12,,0,1829,117056,1157.8634198506672,convergence
full-r32-l64,21,119021,0,13,,0,2099,134336,913.09549585978186,convergence
full-r32-l64,21,119021,0,14,,0,1650,105600,1222.069485982259,convergence
full-r32-l64,21,119021,0,15,,0,1518,97152,940.44333648681641,convergence
full-r32-l64,21,119021,0,16,,0,1625,104000,1067.1234118143718,convergence
full-r32-l64,21,119021,0,17,,0,2901,185664,1223.5734469095867,convergence
full-r32-l64,21,119021,0,18,,0,1727,110528,897.06845092773438,convergence
full-r32-l64,21,119021,0,19,,0,1572,100608,1216.4577166239421,convergence
full-r32-l64,21,119021,0,20,,0,1534,98176,1197.5544916788738,convergence
full-r32-l64,21,119021,0,21,,0,2172,139008,983.61909103393555,convergence
full-r32-l64,21,119021,0,22,,0,1580,101120,1140.1257820129395,convergence
full-r32-l64,21,119021,0,23,,0,2145,137280,1156.7187436421711,convergence
full-r32-l64,21,119021,0,24,,0,1665,106560,1323.9892158508301,convergence
full-r32-l64,21,119021,0,25,,0,1556,99584,1267.9493255615234,convergence
full-r32-l64,21,119021,0,26,,0,1527,97728,1153.8497543334961,convergence
full-r32-l64,21,119021,0,27,,0,1148,73472,1060.3620821634929,convergence
full-r32-l64,21,119021,0,28,,0,3175,203200,1136.7420857747395,completed
full-r32-l64,21,119021,0,29,,0,1558,99712,1169.8108151753743,convergence
full-r32-l64,21,119021,0,30,,0,1940,124160,1017.3096707661947,convergence
full-r32-l64,21,119021,0,31,,0,1480,94720,1148.3344853719075,convergence
full-fill-l64,21,119021,0,0,,0,1685,107840,1215.4163602193196,convergence
full-fill-l64,21,119021,0,1,,0,1929,123456,1194.7732671101887,convergence
full-fill-l64,21,119021,0,2,,0,1472,94208,1186.5344924926758,convergence
full-fill-l64,21,119021,0,3,,0,1327,84928,1074.9282239278157,convergence
full-fill-l64,21,119021,0,4,,0,1535,98240,1030.79966990153,convergence
full-fill-l64,21,119021,0,5,,0,1745,111680,1162.1764882405598,convergence
full-fill-l64,21,119021,0,6,,0,3175,203200,1144.4521344502766,completed
full-fill-l64,21,119021,0,7,,0,1346,86144,1196.957369486491,convergence
full-fill-l64,21,119021,0,8,,0,1645,105280,1132.7708981831868,convergence
full-fill-l64,21,119021,0,9,,0,1575,100800,1109.2707583109539,convergence
full-fill-l64,21,119021,0,10,,0,1382,88448,1256.4324493408203,convergence
full-fill-l64,21,119021,0,11,,0,1353,86592,1066.7601305643718,convergence
full-fill-l64,21,119021,0,12,,0,1829,117056,1157.8634198506672,convergence
full-fill-l64,21,119021,0,13,,0,2099,134336,913.09549585978186,convergence
full-fill-l64,21,119021,0,14,,0,1650,105600,1222.069485982259,convergence
full-fill-l64,21,119021,0,15,,0,1518,97152,940.44333648681641,convergence
full-fill-l64,21,119021,0,16,,0,1625,104000,1067.1234118143718,convergence
full-fill-l64,21,119021,0,17,,0,2901,185664,1223.5734469095867,convergence
full-fill-l64,21,119021,0,18,,0,1727,110528,897.06845092773438,convergence
full-fill-l64,21,119021,0,19,,0,1572,100608,1216.4577166239421,convergence
full-fill-l64,21,119021,0,20,,0,1534,98176,1197.5544916788738,convergence
full-fill-l64,21,119021,0,21,,0,2172,139008,983.61909103393555,convergence
full-fill-l64,21,119021,0,22,,0,1580,101120,1140.1257820129395,convergence
full-fill-l64,21,119021,0,23,,0,2145,137280,1156.7187436421711,convergence
full-fill-l64,21,119021,0,24,,0,1665,106560,1323.9892158508301,convergence
full-fill-l64,21,119021,0,25,,0,1556,99584,1267.9493255615234,convergence
full-fill-l64,21,119021,0,26,,0,1527,97728,1153.8497543334961,convergence
full-fill-l64,21,119021,0,27,,0,1148,73472,1060.3620821634929,convergence
full-fill-l64,21,119021,0,28,,0,3175,203200,1136.7420857747395,completed
full-fill-l64,21,119021,0,29,,0,1558,99712,1169.8108151753743,convergence
full-fill-l64,21,119021,0,30,,0,1940,124160,1017.3096707661947,convergence
full-fill-l64,21,119021,0,31,,0,1480,94720,1148.3344853719075,convergence
full-fill-l64,21,119021,0,32,,0,1720,110080,999.93007659912109,convergence
full-fill-l64,21,119021,0,33,,0,1318,84352,1286.8235613505046,convergence
full-fill-l64,21,119021,0,34,,0,1658,106112,1229.9837760925293,convergence
full-fill-l64,21,119021,0,35,,0,1600,102400,1113.1635284423828,convergence
full-fill-l64,21,119021,0,36,,0,2044,130816,1296.347541809082,convergence
full-fill-l64,21,119021,0,37,,0,1635,104640,1226.0886446634929,convergence
full-fill-l64,21,119021,0,38,,0,1621,103744,1167.0276133219402,convergence
full-fill-l64,21,119021,0,39,,0,1565,100160,1214.9608980814617,convergence
full-fill-l64,21,119021,0,40,,0,2051,131264,1277.8764266967773,convergence
full-fill-l64,21,119021,0,41,,0,1415,90560,1041.2330284118652,convergence
full-fill-l64,21,119021,0,42,,0,1818,116352,1127.5004806518555,convergence
full-fill-l64,21,119021,0,43,,0,1580,101120,1233.4644546508789,convergence
full-fill-l64,21,119021,0,44,,0,1098,70272,1059.6501808166504,convergence
full-fill-l64,21,119021,0,45,,0,1385,88640,1249.1790618896484,convergence
full-fill-l64,21,119021,0,46,,0,1433,91712,1194.5566482543945,convergence
full-fill-l64,21,119021,0,47,,0,1139,72896,1016.6739196777344,convergence
full-fill-l64,21,119021,0,48,,0,1440,92160,1230.7998186747234,convergence
full-fill-l64,21,119021,0,49,,0,1338,85632,1138.4088452657063,convergence
full-fill-l64,21,119021,0,50,,0,3175,203200,958.23386383056641,completed
full-fill-l64,21,119021,0,51,,0,1557,99648,1169.5406532287598,convergence
full-fill-l64,21,119021,0,52,,0,1501,96064,984.06371943155921,convergence
full-fill-l64,21,119021,0,53,,0,1295,82880,1373.5256830851238,convergence
full-fill-l64,21,119021,0,54,,0,1534,98176,950.39777628580725,convergence
full-fill-l64,21,119021,0,55,,0,1701,108864,1125.6201515197754,convergence
full-fill-l64,21,119021,0,56,,0,1855,118720,1188.1373074849446,convergence
full-fill-l64,21,119021,0,57,,0,1831,117184,920.61971155802405,convergence
full-ipop-l64,22,119022,0,0,large,64,1616,103424,853.10251108805335,tol_fun
full-ipop-l64,22,119022,0,1,large,128,1342,171776,1319.0143788655598,tol_fun
full-ipop-l64,22,119022,0,2,large,256,1468,375808,1071.4451077779133,tol_fun
full-ipop-l64,22,119022,0,3,large,512,1707,873984,907.12471389770508,tol_fun
full-ipop-l64,22,119022,0,4,large,1024,1542,1579008,929.49267959594727,tol_fun
full-ipop-l64,22,119022,0,5,large,2048,1424,2916352,952.21893819173181,tol_fun
full-ipop-l64,22,119022,0,6,large,4096,118,482048,1298.600118001302,maximum_evaluations
full-r32-l64,22,119022,0,0,,0,1616,103424,853.10251108805335,convergence
full-r32-l64,22,119022,0,1,,0,1474,94336,951.75155766805017,convergence
full-r32-l64,22,119022,0,2,,0,1263,80832,1146.4246800740559,convergence
full-r32-l64,22,119022,0,3,,0,1371,87744,1263.6822967529297,convergence
full-r32-l64,22,119022,0,4,,0,2059,131776,1310.3718159993489,convergence
full-r32-l64,22,119022,0,5,,0,1605,102720,1143.708792368571,convergence
full-r32-l64,22,119022,0,6,,0,1289,82496,1190.1830749511719,convergence
full-r32-l64,22,119022,0,7,,0,1381,88384,1201.2317186991374,convergence
full-r32-l64,22,119022,0,8,,0,1488,95232,1151.5945434570312,convergence
full-r32-l64,22,119022,0,9,,0,1782,114048,1245.8765385945637,convergence
full-r32-l64,22,119022,0,10,,0,1583,101312,1017.975087483724,convergence
full-r32-l64,22,119022,0,11,,0,1289,82496,1369.8684819539387,convergence
full-r32-l64,22,119022,0,12,,0,1584,101376,1263.4856185913086,convergence
full-r32-l64,22,119022,0,13,,0,1299,83136,916.27493921915686,convergence
full-r32-l64,22,119022,0,14,,0,1214,77696,1179.7497812906902,convergence
full-r32-l64,22,119022,0,15,,0,1490,95360,1096.750597635905,convergence
full-r32-l64,22,119022,0,16,,0,1409,90176,991.97668202718103,convergence
full-r32-l64,22,119022,0,17,,0,2461,157504,1105.8323084513347,convergence
full-r32-l64,22,119022,0,18,,0,1679,107456,1149.9706204732258,convergence
full-r32-l64,22,119022,0,19,,0,1596,102144,1157.3783861796062,convergence
full-r32-l64,22,119022,0,20,,0,1498,95872,1220.9341608683269,convergence
full-r32-l64,22,119022,0,21,,0,1498,95872,1247.1970062255859,convergence
full-r32-l64,22,119022,0,22,,0,1347,86208,1296.7268880208333,convergence
full-r32-l64,22,119022,0,23,,0,1578,100992,1184.0182050069172,convergence
full-r32-l64,22,119022,0,24,,0,3175,203200,1216.3212814331055,completed
full-r32-l64,22,119022,0,25,,0,1290,82560,1076.2813962300618,convergence
full-r32-l64,22,119022,0,26,,0,1383,88512,1136.6235313415527,convergence
full-r32-l64,22,119022,0,27,,0,1656,105984,1014.0560913085938,convergence
full-r32-l64,22,119022,0,28,,0,1296,82944,1234.5811525980632,convergence
full-r32-l64,22,119022,0,29,,0,2385,152640,1155.1113179524739,convergence
full-r32-l64,22,119022,0,30,,0,1618,103552,979.22107315063477,convergence
full-r32-l64,22,119022,0,31,,0,3175,203200,1272.4455515543621,completed
full-fill-l64,22,119022,0,0,,0,1616,103424,853.10251108805335,convergence
full-fill-l64,22,119022,0,1,,0,1474,94336,951.75155766805017,convergence
full-fill-l64,22,119022,0,2,,0,1263,80832,1146.4246800740559,convergence
full-fill-l64,22,119022,0,3,,0,1371,87744,1263.6822967529297,convergence
full-fill-l64,22,119022,0,4,,0,2059,131776,1310.3718159993489,convergence
full-fill-l64,22,119022,0,5,,0,1605,102720,1143.708792368571,convergence
full-fill-l64,22,119022,0,6,,0,1289,82496,1190.1830749511719,convergence
full-fill-l64,22,119022,0,7,,0,1381,88384,1201.2317186991374,convergence
full-fill-l64,22,119022,0,8,,0,1488,95232,1151.5945434570312,convergence
full-fill-l64,22,119022,0,9,,0,1782,114048,1245.8765385945637,convergence
full-fill-l64,22,119022,0,10,,0,1583,101312,1017.975087483724,convergence
full-fill-l64,22,119022,0,11,,0,1289,82496,1369.8684819539387,convergence
full-fill-l64,22,119022,0,12,,0,1584,101376,1263.4856185913086,convergence
full-fill-l64,22,119022,0,13,,0,1299,83136,916.27493921915686,convergence
full-fill-l64,22,119022,0,14,,0,1214,77696,1179.7497812906902,convergence
full-fill-l64,22,119022,0,15,,0,1490,95360,1096.750597635905,convergence
full-fill-l64,22,119022,0,16,,0,1409,90176,991.97668202718103,convergence
full-fill-l64,22,119022,0,17,,0,2461,157504,1105.8323084513347,convergence
full-fill-l64,22,119022,0,18,,0,1679,107456,1149.9706204732258,convergence
full-fill-l64,22,119022,0,19,,0,1596,102144,1157.3783861796062,convergence
full-fill-l64,22,119022,0,20,,0,1498,95872,1220.9341608683269,convergence
full-fill-l64,22,119022,0,21,,0,1498,95872,1247.1970062255859,convergence
full-fill-l64,22,119022,0,22,,0,1347,86208,1296.7268880208333,convergence
full-fill-l64,22,119022,0,23,,0,1578,100992,1184.0182050069172,convergence
full-fill-l64,22,119022,0,24,,0,3175,203200,1216.3212814331055,completed
full-fill-l64,22,119022,0,25,,0,1290,82560,1076.2813962300618,convergence
full-fill-l64,22,119022,0,26,,0,1383,88512,1136.6235313415527,convergence
full-fill-l64,22,119022,0,27,,0,1656,105984,1014.0560913085938,convergence
full-fill-l64,22,119022,0,28,,0,1296,82944,1234.5811525980632,convergence
full-fill-l64,22,119022,0,29,,0,2385,152640,1155.1113179524739,convergence
full-fill-l64,22,119022,0,30,,0,1618,103552,979.22107315063477,convergence
full-fill-l64,22,119022,0,31,,0,3175,203200,1272.4455515543621,completed
full-fill-l64,22,119022,0,32,,0,1679,107456,1200.1077868143718,convergence
full-fill-l64,22,119022,0,33,,0,1554,99456,1262.6687126159668,convergence
full-fill-l64,22,119022,0,34,,0,1423,91072,1240.7780329386394,convergence
full-fill-l64,22,119022,0,35,,0,1693,108352,968.43877156575525,convergence
full-fill-l64,22,119022,0,36,,0,1446,92544,1184.9867922465007,convergence
full-fill-l64,22,119022,0,37,,0,1338,85632,1148.7857042948406,convergence
full-fill-l64,22,119022,0,38,,0,1673,107072,1193.473409016927,convergence
full-fill-l64,22,119022,0,39,,0,1404,89856,1022.7620913187662,convergence
full-fill-l64,22,119022,0,40,,0,2280,145920,913.24371337890625,convergence
full-fill-l64,22,119022,0,41,,0,1644,105216,1160.6663881937664,convergence
full-fill-l64,22,119022,0,42,,0,1404,89856,1090.4910278320312,convergence
full-fill-l64,22,119022,0,43,,0,1418,90752,1226.3493092854817,convergence
full-fill-l64,22,119022,0,44,,0,1476,94464,1041.1900253295898,convergence
full-fill-l64,22,119022,0,45,,0,1621,103744,919.29192860921228,convergence
full-fill-l64,22,119022,0,46,,0,1333,85312,1240.0234909057617,convergence
full-fill-l64,22,119022,0,47,,0,1577,100928,1183.3186747233074,convergence
full-fill-l64,22,119022,0,48,,0,1707,109248,904.99092610677087,convergence
full-fill-l64,22,119022,0,49,,0,1352,86528,1091.8287442525227,convergence
full-fill-l64,22,119022,0,50,,0,1539,98496,1126.5841102600098,convergence
full-fill-l64,22,119022,0,51,,0,1781,113984,965.15105311075843,convergence
full-fill-l64,22,119022,0,52,,0,1433,91712,1146.3439407348633,convergence
full-fill-l64,22,119022,0,53,,0,1435,91840,928.14656066894531,convergence
full-fill-l64,22,119022,0,54,,0,1329,85056,994.80655288696289,convergence
full-fill-l64,22,119022,0,55,,0,3175,203200,1004.7459437052408,completed
full-fill-l64,22,119022,0,56,,0,1551,99264,1228.3096402486165,convergence
full-fill-l64,22,119022,0,57,,0,1329,85056,1209.0420659383137,convergence
full-fill-l64,22,119022,0,58,,0,1701,108864,1408.165475209554,convergence
full-fill-l64,22,119022,0,59,,0,1598,102272,1095.1344350179036,convergence
full-fill-l64,22,119022,0,60,,0,1379,88256,1043.401252746582,convergence
full-ipop-l64,23,119023,0,0,large,64,1690,108160,1229.9773953755696,tol_fun
full-ipop-l64,23,119023,0,1,large,128,1503,192384,942.51184336344397,tol_fun
full-ipop-l64,23,119023,0,2,large,256,1624,415744,1080.220967610677,tol_fun
full-ipop-l64,23,119023,0,3,large,512,1626,832512,1084.0537109375,tol_fun
full-ipop-l64,23,119023,0,4,large,1024,1911,1956864,910.51957066853845,tol_fun
full-ipop-l64,23,119023,0,5,large,2048,1264,2588672,833.7505887349447,tol_fun
full-ipop-l64,23,119023,0,6,large,4096,100,408064,1371.7736167907715,maximum_evaluations
full-r32-l64,23,119023,0,0,,0,1690,108160,1229.9773953755696,convergence
full-r32-l64,23,119023,0,1,,0,1252,80128,1183.121883392334,convergence
full-r32-l64,23,119023,0,2,,0,1406,89984,1214.2753817240398,convergence
full-r32-l64,23,119023,0,3,,0,1456,93184,1170.4873008728027,convergence
full-r32-l64,23,119023,0,4,,0,1891,121024,1144.451229095459,convergence
full-r32-l64,23,119023,0,5,,0,2226,142464,988.50287755330407,convergence
full-r32-l64,23,119023,0,6,,0,1481,94784,1233.0244013468425,convergence
full-r32-l64,23,119023,0,7,,0,1467,93888,1111.1018575032551,convergence
full-r32-l64,23,119023,0,8,,0,1389,88896,1192.1420453389485,convergence
full-r32-l64,23,119023,0,9,,0,1281,81984,1260.1357154846191,convergence
full-r32-l64,23,119023,0,10,,0,1355,86720,1249.4183451334636,convergence
full-r32-l64,23,119023,0,11,,0,1514,96896,1163.8811772664387,convergence
full-r32-l64,23,119023,0,12,,0,1623,103872,1207.699328104655,convergence
full-r32-l64,23,119023,0,13,,0,1432,91648,1044.5541636149089,convergence
full-r32-l64,23,119023,0,14,,0,1702,108928,1142.7347106933594,convergence
full-r32-l64,23,119023,0,15,,0,1532,98048,1016.3050384521484,convergence
full-r32-l64,23,119023,0,16,,0,1378,88192,1234.7706133524578,convergence
full-r32-l64,23,119023,0,17,,0,1448,92672,1010.6309051513672,convergence
full-r32-l64,23,119023,0,18,,0,1634,104576,1144.9527422587078,convergence
full-r32-l64,23,119023,0,19,,0,1489,95296,924.1680793762207,convergence
full-r32-l64,23,119023,0,20,,0,1514,96896,1254.3814722696941,convergence
full-r32-l64,23,119023,0,21,,0,2979,190656,1194.5306167602539,convergence
full-r32-l64,23,119023,0,22,,0,3175,203200,1256.4114201863606,completed
full-r32-l64,23,119023,0,23,,0,1520,97280,1036.0108299255371,convergence
full-r32-l64,23,119023,0,24,,0,1658,106112,1125.5729192097981,convergence
full-r32-l64,23,119023,0,25,,0,1113,71232,1180.4841562906902,convergence
full-r32-l64,23,119023,0,26,,0,1229,78656,1182.3870989481609,convergence
full-r32-l64,23,119023,0,27,,0,1767,113088,887.4832547505697,convergence
full-r32-l64,23,119023,0,28,,0,1109,70976,1235.5421002705891,convergence
full-r32-l64,23,119023,0,29,,0,1910,122240,1272.6076164245605,convergence
full-r32-l64,23,119023,0,30,,0,3175,203200,1226.7389806111653,completed
full-r32-l64,23,119023,0,31,,0,1501,96064,1286.1797002156575,convergence
full-fill-l64,23,119023,0,0,,0,1690,108160,1229.9773953755696,convergence
full-fill-l64,23,119023,0,1,,0,1252,80128,1183.121883392334,convergence
full-fill-l64,23,119023,0,2,,0,1406,89984,1214.2753817240398,convergence
full-fill-l64,23,119023,0,3,,0,1456,93184,1170.4873008728027,convergence
full-fill-l64,23,119023,0,4,,0,1891,121024,1144.451229095459,convergence
full-fill-l64,23,119023,0,5,,0,2226,142464,988.50287755330407,convergence
full-fill-l64,23,119023,0,6,,0,1481,94784,1233.0244013468425,convergence
full-fill-l64,23,119023,0,7,,0,1467,93888,1111.1018575032551,convergence
full-fill-l64,23,119023,0,8,,0,1389,88896,1192.1420453389485,convergence
full-fill-l64,23,119023,0,9,,0,1281,81984,1260.1357154846191,convergence
full-fill-l64,23,119023,0,10,,0,1355,86720,1249.4183451334636,convergence
full-fill-l64,23,119023,0,11,,0,1514,96896,1163.8811772664387,convergence
full-fill-l64,23,119023,0,12,,0,1623,103872,1207.699328104655,convergence
full-fill-l64,23,119023,0,13,,0,1432,91648,1044.5541636149089,convergence
full-fill-l64,23,119023,0,14,,0,1702,108928,1142.7347106933594,convergence
full-fill-l64,23,119023,0,15,,0,1532,98048,1016.3050384521484,convergence
full-fill-l64,23,119023,0,16,,0,1378,88192,1234.7706133524578,convergence
full-fill-l64,23,119023,0,17,,0,1448,92672,1010.6309051513672,convergence
full-fill-l64,23,119023,0,18,,0,1634,104576,1144.9527422587078,convergence
full-fill-l64,23,119023,0,19,,0,1489,95296,924.1680793762207,convergence
full-fill-l64,23,119023,0,20,,0,1514,96896,1254.3814722696941,convergence
full-fill-l64,23,119023,0,21,,0,2979,190656,1194.5306167602539,convergence
full-fill-l64,23,119023,0,22,,0,3175,203200,1256.4114201863606,completed
full-fill-l64,23,119023,0,23,,0,1520,97280,1036.0108299255371,convergence
full-fill-l64,23,119023,0,24,,0,1658,106112,1125.5729192097981,convergence
full-fill-l64,23,119023,0,25,,0,1113,71232,1180.4841562906902,convergence
full-fill-l64,23,119023,0,26,,0,1229,78656,1182.3870989481609,convergence
full-fill-l64,23,119023,0,27,,0,1767,113088,887.4832547505697,convergence
full-fill-l64,23,119023,0,28,,0,1109,70976,1235.5421002705891,convergence
full-fill-l64,23,119023,0,29,,0,1910,122240,1272.6076164245605,convergence
full-fill-l64,23,119023,0,30,,0,3175,203200,1226.7389806111653,completed
full-fill-l64,23,119023,0,31,,0,1501,96064,1286.1797002156575,convergence
full-fill-l64,23,119023,0,32,,0,1468,93952,1279.3545506795247,convergence
full-fill-l64,23,119023,0,33,,0,1566,100224,980.38893254597986,convergence
full-fill-l64,23,119023,0,34,,0,3175,203200,1286.9459203084309,completed
full-fill-l64,23,119023,0,35,,0,1997,127808,1212.2556838989258,convergence
full-fill-l64,23,119023,0,36,,0,1514,96896,968.29683812459314,convergence
full-fill-l64,23,119023,0,37,,0,3175,203200,1017.5283851623535,completed
full-fill-l64,23,119023,0,38,,0,1518,97152,1018.6182594299316,convergence
full-fill-l64,23,119023,0,39,,0,1293,82752,1255.9829750061035,convergence
full-fill-l64,23,119023,0,40,,0,3175,203200,1129.6942392985027,completed
full-fill-l64,23,119023,0,41,,0,1282,82048,1227.9247779846191,convergence
full-fill-l64,23,119023,0,42,,0,1353,86592,1041.2756106058757,convergence
full-fill-l64,23,119023,0,43,,0,1341,85824,1297.042558034261,convergence
full-fill-l64,23,119023,0,44,,0,1301,83264,1248.4879493713379,convergence
full-fill-l64,23,119023,0,45,,0,1625,104000,1174.4488614400227,convergence
full-fill-l64,23,119023,0,46,,0,2033,130112,1162.2136001586914,convergence
full-fill-l64,23,119023,0,47,,0,1576,100864,1183.324988047282,convergence
full-fill-l64,23,119023,0,48,,0,1418,90752,1240.4699122111003,convergence
full-fill-l64,23,119023,0,49,,0,1577,100928,980.09143320719397,convergence
full-fill-l64,23,119023,0,50,,0,1259,80576,1164.9942410786946,convergence
full-fill-l64,23,119023,0,51,,0,1386,88704,1061.5725364685059,convergence
full-fill-l64,23,119023,0,52,,0,1522,97408,1185.7597147623699,convergence
full-fill-l64,23,119023,0,53,,0,1653,105792,1324.746187845866,convergence
full-fill-l64,23,119023,0,54,,0,1714,109696,1071.4624328613281,convergence
full-fill-l64,23,119023,0,55,,0,1944,124416,1076.3898569742839,convergence
full-fill-l64,23,119023,0,56,,0,1296,82944,995.38264338175452,convergence
full-fill-l64,23,119023,0,57,,0,1318,84352,1252.4416376749675,convergence
full-fill-l64,23,119023,0,58,,0,1503,96192,1117.5512797037761,convergence
full-ipop-l64,24,119024,0,0,large,64,1616,103424,1334.6648623148601,tol_fun
full-ipop-l64,24,119024,0,1,large,128,2544,325632,1216.473461151123,tol_fun
full-ipop-l64,24,119024,0,2,large,256,1146,293376,985.01183191935218,tol_fun
full-ipop-l64,24,119024,0,3,large,512,1553,795136,1208.0245590209961,tol_fun
full-ipop-l64,24,119024,0,4,large,1024,1870,1914880,847.50284322102868,tol_fun
full-ipop-l64,24,119024,0,5,large,2048,1499,3069952,1215.812048594157,maximum_evaluations
full-r32-l64,24,119024,0,0,,0,1616,103424,1334.6648623148601,convergence
full-r32-l64,24,119024,0,1,,0,1864,119296,1261.0878079732258,convergence
full-r32-l64,24,119024,0,2,,0,1247,79808,963.71125284830725,convergence
full-r32-l64,24,119024,0,3,,0,2722,174208,1263.5728658040364,convergence
full-r32-l64,24,119024,0,4,,0,1882,120448,1088.4318593343098,convergence
full-r32-l64,24,119024,0,5,,0,1510,96640,994.29877980550134,convergence
full-r32-l64,24,119024,0,6,,0,1980,126720,1202.0891927083333,convergence
full-r32-l64,24,119024,0,7,,0,1256,80384,1027.4900945027669,convergence
full-r32-l64,24,119024,0,8,,0,1602,102528,1149.8771311442058,convergence
full-r32-l64,24,119024,0,9,,0,1591,101824,1133.6478487650554,convergence
full-r32-l64,24,119024,0,10,,0,1695,108480,1237.1882642110188,convergence
full-r32-l64,24,119024,0,11,,0,1640,104960,948.07745107014978,convergence
full-r32-l64,24,119024,0,12,,0,1413,90432,1226.9267323811848,convergence
full-r32-l64,24,119024,0,13,,0,1249,79936,1152.5991401672363,convergence
full-r32-l64,24,119024,0,14,,0,1384,88576,979.31050237019861,convergence
full-r32-l64,24,119024,0,15,,0,1963,125632,1156.4674936930339,convergence
full-r32-l64,24,119024,0,16,,0,2176,139264,960.70088958740234,convergence
full-r32-l64,24,119024,0,17,,0,1193,76352,1273.2430000305176,convergence
full-r32-l64,24,119024,0,18,,0,1135,72640,1049.6642367045085,convergence
full-r32-l64,24,119024,0,19,,0,1329,85056,1193.4658470153809,convergence
full-r32-l64,24,119024,0,20,,0,1791,114624,1231.9110705057781,convergence
full-r32-l64,24,119024,0,21,,0,1657,106048,1028.8934300740559,convergence
full-r32-l64,24,119024,0,22,,0,1507,96448,1187.3870811462402,convergence
full-r32-l64,24,119024,0,23,,0,1938,124032,1218.7080739339192,convergence
full-r32-l64,24,119024,0,24,,0,1667,106688,1052.126033782959,convergence
full-r32-l64,24,119024,0,25,,0,1670,106880,1025.7202288309734,convergence
full-r32-l64,24,119024,0,26,,0,1568,100352,1033.1539255777996,convergence
full-r32-l64,24,119024,0,27,,0,1459,93376,1120.9870134989421,convergence
full-r32-l64,24,119024,0,28,,0,1461,93504,1288.5381406148274,convergence
full-r32-l64,24,119024,0,29,,0,1430,91520,1150.0732180277507,convergence
full-r32-l64,24,119024,0,30,,0,1388,88832,952.81887308756507,convergence
full-r32-l64,24,119024,0,31,,0,2254,144256,1192.3094126383464,convergence
full-fill-l64,24,119024,0,0,,0,1616,103424,1334.6648623148601,convergence
full-fill-l64,24,119024,0,1,,0,1864,119296,1261.0878079732258,convergence
full-fill-l64,24,119024,0,2,,0,1247,79808,963.71125284830725,convergence
full-fill-l64,24,119024,0,3,,0,2722,174208,1263.5728658040364,convergence
full-fill-l64,24,119024,0,4,,0,1882,120448,1088.4318593343098,convergence
full-fill-l64,24,119024,0,5,,0,1510,96640,994.29877980550134,convergence
full-fill-l64,24,119024,0,6,,0,1980,126720,1202.0891927083333,convergence
full-fill-l64,24,119024,0,7,,0,1256,80384,1027.4900945027669,convergence
full-fill-l64,24,119024,0,8,,0,1602,102528,1149.8771311442058,convergence
full-fill-l64,24,119024,0,9,,0,1591,101824,1133.6478487650554,convergence
full-fill-l64,24,119024,0,10,,0,1695,108480,1237.1882642110188,convergence
full-fill-l64,24,119024,0,11,,0,1640,104960,948.07745107014978,convergence
full-fill-l64,24,119024,0,12,,0,1413,90432,1226.9267323811848,convergence
full-fill-l64,24,119024,0,13,,0,1249,79936,1152.5991401672363,convergence
full-fill-l64,24,119024,0,14,,0,1384,88576,979.31050237019861,convergence
full-fill-l64,24,119024,0,15,,0,1963,125632,1156.4674936930339,convergence
full-fill-l64,24,119024,0,16,,0,2176,139264,960.70088958740234,convergence
full-fill-l64,24,119024,0,17,,0,1193,76352,1273.2430000305176,convergence
full-fill-l64,24,119024,0,18,,0,1135,72640,1049.6642367045085,convergence
full-fill-l64,24,119024,0,19,,0,1329,85056,1193.4658470153809,convergence
full-fill-l64,24,119024,0,20,,0,1791,114624,1231.9110705057781,convergence
full-fill-l64,24,119024,0,21,,0,1657,106048,1028.8934300740559,convergence
full-fill-l64,24,119024,0,22,,0,1507,96448,1187.3870811462402,convergence
full-fill-l64,24,119024,0,23,,0,1938,124032,1218.7080739339192,convergence
full-fill-l64,24,119024,0,24,,0,1667,106688,1052.126033782959,convergence
full-fill-l64,24,119024,0,25,,0,1670,106880,1025.7202288309734,convergence
full-fill-l64,24,119024,0,26,,0,1568,100352,1033.1539255777996,convergence
full-fill-l64,24,119024,0,27,,0,1459,93376,1120.9870134989421,convergence
full-fill-l64,24,119024,0,28,,0,1461,93504,1288.5381406148274,convergence
full-fill-l64,24,119024,0,29,,0,1430,91520,1150.0732180277507,convergence
full-fill-l64,24,119024,0,30,,0,1388,88832,952.81887308756507,convergence
full-fill-l64,24,119024,0,31,,0,2254,144256,1192.3094126383464,convergence
full-fill-l64,24,119024,0,32,,0,1667,106688,1162.3963572184246,convergence
full-fill-l64,24,119024,0,33,,0,1530,97920,1359.5775820414226,convergence
full-fill-l64,24,119024,0,34,,0,2264,144896,1244.7690900166829,convergence
full-fill-l64,24,119024,0,35,,0,1810,115840,945.96474965413415,convergence
full-fill-l64,24,119024,0,36,,0,3148,201472,1054.2860285441081,convergence
full-fill-l64,24,119024,0,37,,0,1381,88384,1195.9635569254558,convergence
full-fill-l64,24,119024,0,38,,0,1436,91904,1106.2947209676106,convergence
full-fill-l64,24,119024,0,39,,0,1812,115968,1111.5282859802246,convergence
full-fill-l64,24,119024,0,40,,0,1804,115456,1007.3008117675781,convergence
full-fill-l64,24,119024,0,41,,0,1695,108480,1137.7660013834636,convergence
full-fill-l64,24,119024,0,42,,0,1462,93568,999.90354792277014,convergence
full-fill-l64,24,119024,0,43,,0,1554,99456,1052.8725903828938,convergence
full-fill-l64,24,119024,0,44,,0,1398,89472,1025.0459454854329,convergence
full-fill-l64,24,119024,0,45,,0,1318,84352,1254.8183352152507,convergence
full-fill-l64,24,119024,0,46,,0,1438,92032,901.00191497802734,convergence
full-fill-l64,24,119024,0,47,,0,2063,132032,1141.134090423584,convergence
full-fill-l64,24,119024,0,48,,0,1537,98368,1282.1262626647949,convergence
full-fill-l64,24,119024,0,49,,0,1648,105472,1055.0253728230794,convergence
full-fill-l64,24,119024,0,50,,0,1759,112576,1165.6514574686687,convergence
full-fill-l64,24,119024,0,51,,0,1414,90496,1219.8359298706055,convergence
full-fill-l64,24,119024,0,52,,0,1230,78720,1332.7939720153809,convergence
full-fill-l64,24,119024,0,53,,0,1423,91072,1273.8350791931152,convergence
full-fill-l64,24,119024,0,54,,0,1241,79424,1258.9242337544758,convergence
full-fill-l64,24,119024,0,55,,0,1866,119424,963.83644994099939,convergence
full-fill-l64,24,119024,0,56,,0,1374,87936,1040.0566380818684,convergence
full-fill-l64,24,119024,0,57,,0,2045,130880,1168.1488062540691,convergence
full-fill-l64,24,119024,0,58,,0,1524,97536,1199.636282602946,convergence
full-fill-l64,24,119024,0,59,,0,1443,92352,1352.9884096781414,convergence
