arm,block,seed,stage,restart,regime,population,iterations,evaluations,bestCost,termination
ext-w8,1,120001,0,0,,0,1695,108480,685.79057184855139,convergence
ext-w8,1,120001,0,1,,0,1686,107904,683.26805750528968,convergence
ext-w8,1,120001,0,2,,0,1225,78400,660.38382339477539,convergence
ext-w8,1,120001,0,3,,0,1573,100672,654.85182571411133,convergence
ext-w8,1,120001,0,4,,0,1411,90304,660.3648351033529,convergence
ext-w8,1,120001,0,5,,0,1280,81920,670.14647674560547,convergence
ext-w8,1,120001,0,6,,0,1269,81216,677.75173950195312,convergence
ext-w8,1,120001,0,7,,0,1548,99072,623.28801472981775,convergence
ext-w8,1,120001,0,8,,0,1401,89664,671.24162038167321,convergence
ext-w8,1,120001,0,9,,0,1307,83648,649.65329360961914,convergence
ext-w8,1,120001,0,10,,0,1293,82752,659.24581400553382,convergence
ext-w8,1,120001,0,11,,0,1724,110336,649.64936955769861,convergence
ext-w8,1,120001,0,12,,0,1455,93120,645.73482259114587,convergence
ext-w8,1,120001,0,13,,0,1364,87296,659.81861114501953,convergence
ext-w8,1,120001,0,14,,0,1260,80640,655.40531158447266,convergence
ext-w8,1,120001,0,15,,0,1615,103360,659.84553400675452,convergence
ext-w8,1,120001,0,16,,0,1426,91264,681.55617904663086,convergence
ext-w8,1,120001,0,17,,0,1126,72064,646.80013529459632,convergence
ext-w8,1,120001,0,18,,0,1317,84288,657.67092768351233,convergence
ext-w8,1,120001,0,19,,0,1534,98176,642.22159194946289,convergence
ext-w8,1,120001,0,20,,0,1605,102720,649.49082565307617,convergence
ext-w8,1,120001,0,21,,0,1660,106240,681.41989135742188,convergence
ext-w8,1,120001,0,22,,0,1442,92288,661.05388895670569,convergence
ext-w8,1,120001,0,23,,0,1648,105472,677.78288269042969,convergence
ext-w8,1,120001,0,24,,0,1832,117248,663.9383875528971,convergence
ext-w8,1,120001,0,25,,0,1570,100480,657.2951990763346,convergence
ext-w8,1,120001,0,26,,0,1516,97024,649.85316975911462,convergence
ext-w8,1,120001,0,27,,0,1562,99968,665.50190607706702,convergence
ext-w8,1,120001,0,28,,0,1423,91072,627.08875274658203,convergence
ext-w8,1,120001,0,29,,0,2947,188608,680.55377070109046,convergence
ext-w8,1,120001,0,30,,0,1438,92032,660.83007049560547,convergence
ext-w8,1,120001,0,31,,0,1333,85312,622.26701482137048,convergence
ext-w8,1,120001,0,32,,0,2725,174400,665.00612640380859,convergence
ext-w8,1,120001,0,33,,0,1425,91200,696.12426503499353,convergence
ext-w8,1,120001,0,34,,0,1532,98048,633.14896011352539,convergence
ext-w8,1,120001,0,35,,0,1658,106112,650.36410776774085,convergence
ext-w8,1,120001,0,36,,0,1320,84480,679.87219746907556,convergence
ext-w8,1,120001,0,37,,0,1298,83072,662.34644444783532,convergence
ext-w8,1,120001,0,38,,0,1973,126272,679.76066716512048,convergence
ext-w8,1,120001,0,39,,0,1410,90240,642.61961491902673,convergence
ext-w8,1,120001,0,40,,0,1160,74240,651.29305267333984,convergence
ext-w8,1,120001,0,41,,0,1758,112512,640.90237299601233,convergence
ext-w8,1,120001,0,42,,0,1502,96128,645.7191263834635,convergence
ext-w8,1,120001,0,43,,0,2735,175040,639.64450327555335,convergence
ext-w8,1,120001,0,44,,0,1624,103936,662.27937698364258,convergence
ext-w8,1,120001,0,45,,0,1336,85504,656.71386337280273,convergence
ext-w8,1,120001,0,46,,0,1198,76672,664.16697565714514,convergence
ext-w8,1,120001,0,47,,0,1193,76352,642.92652893066406,convergence
ext-w8,1,120001,0,48,,0,1324,84736,666.46854527791345,convergence
ext-w8,1,120001,0,49,,0,1710,109440,680.7657140096029,convergence
ext-w8,1,120001,0,50,,0,2532,162048,652.22357304890954,convergence
ext-w8,1,120001,0,51,,0,1283,82112,659.9389864603678,convergence
ext-w8,1,120001,0,52,,0,1289,82496,663.50331624348962,convergence
ext-w8,1,120001,0,53,,0,1885,120640,660.90098444620764,convergence
ext-w8,1,120001,0,54,,0,1328,84992,647.30326843261719,convergence
ext-w8,1,120001,0,55,,0,1387,88768,648.57453536987305,convergence
ext-w8,1,120001,0,56,,0,1062,67968,665.03812535603845,convergence
ext-w8,1,120001,0,57,,0,1317,84288,636.29798634847009,convergence
ext-w8,1,120001,0,58,,0,1192,76288,665.13219960530603,convergence
ext-w8,1,120001,0,59,,0,1120,71680,677.22493616739905,convergence
ext-w8,1,120001,0,60,,0,1431,91584,641.0638427734375,convergence
ext-w8,1,120001,0,61,,0,1356,86784,672.90306727091468,convergence
ext-w8,1,120001,0,62,,0,1295,82880,640.16580963134766,convergence
ext-w8,1,120001,0,63,,0,1389,88896,675.87436294555664,convergence
ext-w4,1,120001,0,0,,0,759,48576,644.49334589640296,convergence
ext-w4,1,120001,0,1,,0,688,44032,656.4201876322428,convergence
ext-w4,1,120001,0,2,,0,647,41408,653.39956537882483,convergence
ext-w4,1,120001,0,3,,0,739,47296,657.12658945719397,convergence
ext-w4,1,120001,0,4,,0,874,55936,672.86102167765296,convergence
ext-w4,1,120001,0,5,,0,580,37120,674.19180425008142,convergence
ext-w4,1,120001,0,6,,0,598,38272,651.73644510904944,convergence
ext-w4,1,120001,0,7,,0,741,47424,668.45756403605139,convergence
ext-w4,1,120001,0,8,,0,647,41408,651.88994979858398,convergence
ext-w4,1,120001,0,9,,0,750,48000,676.32317733764648,convergence
ext-w4,1,120001,0,10,,0,727,46528,656.91067504882812,convergence
ext-w4,1,120001,0,11,,0,689,44096,671.96577580769861,convergence
ext-w4,1,120001,0,12,,0,690,44160,671.72528076171875,convergence
ext-w4,1,120001,0,13,,0,693,44352,680.44569905598962,convergence
ext-w4,1,120001,0,14,,0,513,32832,677.07632191975915,convergence
ext-w4,1,120001,0,15,,0,708,45312,655.69629796346032,convergence
ext-w4,1,120001,0,16,,0,629,40256,671.82931900024414,convergence
ext-w4,1,120001,0,17,,0,587,37568,655.26933288574219,convergence
ext-w4,1,120001,0,18,,0,551,35264,651.83326848347986,convergence
ext-w4,1,120001,0,19,,0,570,36480,658.24349466959632,convergence
ext-w4,1,120001,0,20,,0,694,44416,693.89228820800781,convergence
ext-w4,1,120001,0,21,,0,640,40960,685.90282440185547,convergence
ext-w4,1,120001,0,22,,0,681,43584,675.66794586181641,convergence
ext-w4,1,120001,0,23,,0,822,52608,670.68678283691406,convergence
ext-w4,1,120001,0,24,,0,698,44672,673.4157600402832,convergence
ext-w4,1,120001,0,25,,0,538,34432,677.16061401367188,convergence
ext-w4,1,120001,0,26,,0,617,39488,675.47373580932617,convergence
ext-w4,1,120001,0,27,,0,571,36544,657.73158772786462,convergence
ext-w4,1,120001,0,28,,0,743,47552,673.94078191121423,convergence
ext-w4,1,120001,0,29,,0,583,37312,670.36505126953125,convergence
ext-w4,1,120001,0,30,,0,611,39104,676.22935485839844,convergence
ext-w4,1,120001,0,31,,0,926,59264,680.60668436686194,convergence
ext-w4,1,120001,0,32,,0,719,46016,671.12656275431311,convergence
ext-w4,1,120001,0,33,,0,764,48896,650.35301844278968,convergence
ext-w4,1,120001,0,34,,0,797,51008,670.14240010579431,convergence
ext-w4,1,120001,0,35,,0,725,46400,671.92596054077148,convergence
ext-w4,1,120001,0,36,,0,607,38848,656.91320419311523,convergence
ext-w4,1,120001,0,37,,0,729,46656,678.33058420817054,convergence
ext-w4,1,120001,0,38,,0,647,41408,690.60462188720703,convergence
ext-w4,1,120001,0,39,,0,911,58304,698.13696416219079,convergence
ext-w4,1,120001,0,40,,0,1688,108032,691.57500966389978,convergence
ext-w4,1,120001,0,41,,0,777,49728,666.74586486816406,convergence
ext-w4,1,120001,0,42,,0,670,42880,692.78865814208984,convergence
ext-w4,1,120001,0,43,,0,790,50560,670.07212829589844,convergence
ext-w4,1,120001,0,44,,0,655,41920,680.62381362915039,convergence
ext-w4,1,120001,0,45,,0,975,62400,684.00189844767249,convergence
ext-w4,1,120001,0,46,,0,507,32448,670.58808008829749,convergence
ext-w4,1,120001,0,47,,0,652,41728,674.4588623046875,convergence
ext-w4,1,120001,0,48,,0,789,50496,683.89313125610352,convergence
ext-w4,1,120001,0,49,,0,1247,79808,684.03577041625977,convergence
ext-w4,1,120001,0,50,,0,687,43968,692.1843045552572,convergence
ext-w4,1,120001,0,51,,0,546,34944,672.90138117472327,convergence
ext-w4,1,120001,0,52,,0,585,37440,669.56745910644531,convergence
ext-w4,1,120001,0,53,,0,902,57728,684.43055725097656,convergence
ext-w4,1,120001,0,54,,0,649,41536,684.65236918131507,convergence
ext-w4,1,120001,0,55,,0,644,41216,670.9324061075846,convergence
ext-w4,1,120001,0,56,,0,662,42368,670.80598068237305,convergence
ext-w4,1,120001,0,57,,0,639,40896,669.28772862752282,convergence
ext-w4,1,120001,0,58,,0,547,35008,672.31193669637048,convergence
ext-w4,1,120001,0,59,,0,642,41088,678.28778839111328,convergence
ext-w4,1,120001,0,60,,0,812,51968,652.53960927327478,convergence
ext-w4,1,120001,0,61,,0,585,37440,679.34568532307946,convergence
ext-w4,1,120001,0,62,,0,796,50944,658.54740397135413,convergence
ext-w4,1,120001,0,63,,0,701,44864,671.8006261189779,convergence
ext-w4,1,120001,0,64,,0,823,52672,687.87779998779297,convergence
ext-w4,1,120001,0,65,,0,572,36608,671.02789433797204,convergence
ext-w4,1,120001,0,66,,0,565,36160,675.42242558797204,convergence
ext-w4,1,120001,0,67,,0,672,43008,673.14124043782556,convergence
ext-w4,1,120001,0,68,,0,759,48576,669.29753875732422,convergence
ext-w4,1,120001,1,0,,0,604,38656,593.72600555419922,convergence
ext-w4,1,120001,1,1,,0,817,52288,608.45540110270179,convergence
ext-w4,1,120001,1,2,,0,750,48000,618.79000218709314,convergence
ext-w4,1,120001,1,3,,0,689,44096,604.4620030721029,convergence
ext-w4,1,120001,1,4,,0,678,43392,604.70185724894202,convergence
ext-w4,1,120001,1,5,,0,858,54912,619.9136861165365,convergence
ext-w4,1,120001,1,6,,0,644,41216,597.80342610677087,convergence
ext-w4,1,120001,1,7,,0,577,36928,612.17998377482093,convergence
ext-w4,1,120001,1,8,,0,654,41856,612.36233266194665,convergence
ext-w4,1,120001,1,9,,0,712,45568,616.61390940348304,convergence
ext-w4,1,120001,1,10,,0,724,46336,613.73116175333655,convergence
ext-w4,1,120001,1,11,,0,717,45888,601.97866312662757,convergence
ext-w4,1,120001,1,12,,0,681,43584,633.54950459798181,convergence
ext-w4,1,120001,1,13,,0,643,41152,613.14583206176758,convergence
ext-w4,1,120001,1,14,,0,683,43712,601.12080510457361,convergence
ext-w4,1,120001,1,15,,0,614,39296,621.22175979614258,convergence
ext-w4,1,120001,1,16,,0,705,45120,624.53841145833337,convergence
ext-w4,1,120001,1,17,,0,861,55104,618.76354726155603,convergence
ext-w4,1,120001,1,18,,0,651,41664,617.78569412231445,convergence
ext-w4,1,120001,1,19,,0,681,43584,611.315907796224,convergence
ext-w4,1,120001,1,20,,0,646,41344,612.28361256917321,convergence
ext-w4,1,120001,1,21,,0,581,37184,609.93091583251953,convergence
ext-w4,1,120001,1,22,,0,634,40576,613.10942459106445,convergence
ext-w4,1,120001,1,23,,0,566,36224,596.09613672892249,convergence
ext-w4,1,120001,1,24,,0,595,38080,608.35872777303064,convergence
ext-w4,1,120001,1,25,,0,624,39936,600.46743011474609,convergence
ext-w4,1,120001,1,26,,0,757,48448,626.31917699178064,convergence
ext-w4,1,120001,1,27,,0,599,38336,605.26188023885095,convergence
ext-w4,1,120001,1,28,,0,704,45056,618.45285669962561,convergence
ext-w4,1,120001,1,29,,0,784,50176,632.90149688720703,convergence
ext-w4,1,120001,1,30,,0,624,39936,607.3896369934082,convergence
ext-w4,1,120001,1,31,,0,594,38016,609.09612528483069,convergence
ext-w4,1,120001,1,32,,0,697,44608,608.73059844970703,convergence
ext-w4,1,120001,1,33,,0,656,41984,602.80069096883142,convergence
ext-w4,1,120001,1,34,,0,589,37696,598.92293802897132,convergence
ext-w4,1,120001,1,35,,0,643,41152,621.10703277587891,convergence
ext-w4,1,120001,1,36,,0,851,54464,611.43058141072595,convergence
ext-w4,1,120001,1,37,,0,655,41920,605.19459788004554,convergence
ext-w4,1,120001,1,38,,0,676,43264,618.00700378417969,convergence
ext-w4,1,120001,1,39,,0,517,33088,615.1192626953125,convergence
ext-w4,1,120001,1,40,,0,617,39488,608.77098210652673,convergence
ext-w4,1,120001,1,41,,0,777,49728,606.94053777058923,convergence
ext-w4,1,120001,1,42,,0,634,40576,610.13296508789062,convergence
ext-w4,1,120001,1,43,,0,729,46656,601.35813522338867,convergence
ext-w4,1,120001,1,44,,0,1027,65728,610.51063664754236,convergence
ext-w4,1,120001,1,45,,0,1112,71168,615.60841115315759,convergence
ext-w4,1,120001,1,46,,0,674,43136,610.10713068644202,convergence
ext-w4,1,120001,1,47,,0,603,38592,612.20134989420569,convergence
ext-w4,1,120001,1,48,,0,881,56384,610.76246007283532,convergence
ext-w4,1,120001,1,49,,0,740,47360,607.01927439371741,convergence
ext-w4,1,120001,1,50,,0,755,48320,605.18635050455725,convergence
ext-w4,1,120001,1,51,,0,708,45312,628.32347869873047,convergence
ext-w4,1,120001,1,52,,0,612,39168,610.11408487955725,convergence
ext-w4,1,120001,1,53,,0,602,38528,594.78538258870446,convergence
ext-w4,1,120001,1,54,,0,549,35136,612.92808787027991,convergence
ext-w4,1,120001,1,55,,0,614,39296,596.22310765584314,convergence
ext-w4,1,120001,1,56,,0,648,41472,604.88275019327796,convergence
ext-w4,1,120001,1,57,,0,580,37120,614.74455515543616,convergence
ext-w4,1,120001,1,58,,0,731,46784,614.9953727722168,convergence
ext-w4,1,120001,1,59,,0,630,40320,623.98656717936194,convergence
ext-w4,1,120001,1,60,,0,610,39040,613.79343668619788,convergence
ext-w4,1,120001,1,61,,0,837,53568,616.4095675150553,convergence
ext-w4,1,120001,1,62,,0,566,36224,613.02381642659509,convergence
ext-w4,1,120001,1,63,,0,677,43328,603.49439366658532,convergence
ext-w4,1,120001,1,64,,0,549,35136,616.92672220865882,convergence
ext-w4,1,120001,1,65,,0,673,43072,610.91159311930335,convergence
ext-w4,1,120001,1,66,,0,671,42944,621.9123649597168,convergence
ext-w4,1,120001,1,67,,0,561,35904,612.18492126464844,convergence
ext-w4,1,120001,1,68,,0,944,60416,612.51506042480469,convergence
ext-w4,1,120001,1,69,,0,603,38592,613.13472366333008,convergence
ext-w4,1,120001,1,70,,0,682,43648,601.15245183308923,convergence
ext-w2,1,120001,0,0,,0,395,25280,695.32883326212561,convergence
ext-w2,1,120001,0,1,,0,394,25216,694.53583653767907,convergence
ext-w2,1,120001,0,2,,0,352,22528,694.38913091023767,convergence
ext-w2,1,120001,0,3,,0,394,25216,720.85004679361975,convergence
ext-w2,1,120001,0,4,,0,327,20928,694.71643320719397,convergence
ext-w2,1,120001,0,5,,0,358,22912,704.1534309387207,convergence
ext-w2,1,120001,0,6,,0,289,18496,686.37260055541992,convergence
ext-w2,1,120001,0,7,,0,351,22464,704.26452128092444,convergence
ext-w2,1,120001,0,8,,0,349,22336,697.59186935424805,convergence
ext-w2,1,120001,0,9,,0,308,19712,689.82626978556311,convergence
ext-w2,1,120001,0,10,,0,292,18688,677.71538162231445,convergence
ext-w2,1,120001,0,11,,0,312,19968,689.84040323893225,convergence
ext-w2,1,120001,0,12,,0,321,20544,700.27723948160804,convergence
ext-w2,1,120001,0,13,,0,317,20288,690.62444432576501,convergence
ext-w2,1,120001,0,14,,0,261,16704,694.9525248209635,convergence
ext-w2,1,120001,0,15,,0,316,20224,693.88245264689124,convergence
ext-w2,1,120001,0,16,,0,285,18240,693.8812154134115,convergence
ext-w2,1,120001,0,17,,0,353,22592,702.7070528666178,convergence
ext-w2,1,120001,0,18,,0,283,18112,695.50025939941406,convergence
ext-w2,1,120001,0,19,,0,265,16960,695.02972666422522,convergence
ext-w2,1,120001,0,20,,0,356,22784,694.73628489176429,convergence
ext-w2,1,120001,0,21,,0,362,23168,694.46041742960608,convergence
ext-w2,1,120001,0,22,,0,423,27072,693.875732421875,convergence
ext-w2,1,120001,0,23,,0,282,18048,690.68693669637048,convergence
ext-w2,1,120001,0,24,,0,393,25152,700.3250846862793,convergence
ext-w2,1,120001,0,25,,0,365,23360,694.97469329833984,convergence
ext-w2,1,120001,0,26,,0,435,27840,694.4979248046875,convergence
ext-w2,1,120001,0,27,,0,397,25408,682.09100087483728,convergence
ext-w2,1,120001,0,28,,0,323,20672,700.31131490071618,convergence
ext-w2,1,120001,0,29,,0,247,15808,692.07376988728845,convergence
ext-w2,1,120001,0,30,,0,312,19968,700.28596242268884,convergence
ext-w2,1,120001,0,31,,0,292,18688,706.0480740865072,convergence
ext-w2,1,120001,0,32,,0,325,20800,708.48506546020508,convergence
ext-w2,1,120001,0,33,,0,309,19776,703.53247324625647,convergence
ext-w2,1,120001,0,34,,0,261,16704,694.40331522623694,convergence
ext-w2,1,120001,0,35,,0,274,17536,688.75662612915039,convergence
ext-w2,1,120001,0,36,,0,327,20928,683.81255340576172,convergence
ext-w2,1,120001,0,37,,0,348,22272,705.92956034342444,convergence
ext-w2,1,120001,0,38,,0,536,34304,694.92696253458655,convergence
ext-w2,1,120001,0,39,,0,307,19648,695.04385503133142,convergence
ext-w2,1,120001,0,40,,0,316,20224,693.89870071411133,convergence
ext-w2,1,120001,0,41,,0,289,18496,694.94490432739258,convergence
ext-w2,1,120001,0,42,,0,373,23872,693.88654836018884,convergence
ext-w2,1,120001,0,43,,0,261,16704,694.72458902994788,convergence
ext-w2,1,120001,0,44,,0,300,19200,694.40801493326819,convergence
ext-w2,1,120001,0,45,,0,358,22912,681.98964818318689,convergence
ext-w2,1,120001,0,46,,0,382,24448,702.58757146199548,convergence
ext-w2,1,120001,0,47,,0,336,21504,694.36666742960608,convergence
ext-w2,1,120001,0,48,,0,311,19904,708.86183039347327,convergence
ext-w2,1,120001,0,49,,0,249,15936,687.07807668050134,convergence
ext-w2,1,120001,0,50,,0,250,16000,686.27107620239258,convergence
ext-w2,1,120001,0,51,,0,331,21184,687.86630376180017,convergence
ext-w2,1,120001,0,52,,0,258,16512,694.98324203491211,convergence
ext-w2,1,120001,0,53,,0,341,21824,704.21706517537439,convergence
ext-w2,1,120001,0,54,,0,368,23552,700.27824401855469,convergence
ext-w2,1,120001,0,55,,0,324,20736,694.38722991943359,convergence
ext-w2,1,120001,0,56,,0,274,17536,694.39753341674805,convergence
ext-w2,1,120001,0,57,,0,345,22080,703.51847966512048,convergence
ext-w2,1,120001,0,58,,0,328,20992,701.82081858317054,convergence
ext-w2,1,120001,0,59,,0,345,22080,701.8213221232096,convergence
ext-w2,1,120001,0,60,,0,316,20224,700.32641983032227,convergence
ext-w2,1,120001,0,61,,0,333,21312,694.44008000691736,convergence
ext-w2,1,120001,0,62,,0,306,19584,693.87528483072913,convergence
ext-w2,1,120001,0,63,,0,275,17600,694.39525477091468,convergence
ext-w2,1,120001,0,64,,0,250,16000,683.77283986409509,convergence
ext-w2,1,120001,0,65,,0,371,23744,694.37200164794922,convergence
ext-w2,1,120001,0,66,,0,305,19520,693.89851888020837,convergence
ext-w2,1,120001,0,67,,0,387,24768,694.37430699666345,convergence
ext-w2,1,120001,0,68,,0,350,22400,701.83709462483728,convergence
ext-w2,1,120001,0,69,,0,337,21568,694.47898991902673,convergence
ext-w2,1,120001,0,70,,0,239,15296,694.96601740519202,convergence
ext-w2,1,120001,0,71,,0,255,16320,694.98279444376624,convergence
ext-w2,1,120001,0,72,,0,271,17344,695.04222997029626,convergence
ext-w2,1,120001,0,73,,0,376,24064,700.32551320393884,convergence
ext-w2,1,120001,0,74,,0,346,22144,687.85074488321936,convergence
ext-w2,1,120001,1,0,,0,283,18112,654.4522819519043,convergence
ext-w2,1,120001,1,1,,0,362,23168,651.48980077107751,convergence
ext-w2,1,120001,1,2,,0,376,24064,648.59362411499023,convergence
ext-w2,1,120001,1,3,,0,368,23552,664.32839330037439,convergence
ext-w2,1,120001,1,4,,0,360,23040,655.56753921508789,convergence
ext-w2,1,120001,1,5,,0,368,23552,660.51511637369788,convergence
ext-w2,1,120001,1,6,,0,357,22848,653.91238149007165,convergence
ext-w2,1,120001,1,7,,0,386,24704,659.11006164550781,convergence
ext-w2,1,120001,1,8,,0,295,18880,655.54393132527673,convergence
ext-w2,1,120001,1,9,,0,352,22528,641.62281545003259,convergence
ext-w2,1,120001,1,10,,0,348,22272,648.64785130818689,convergence
ext-w2,1,120001,1,11,,0,440,28160,651.89903132120764,convergence
ext-w2,1,120001,1,12,,0,329,21056,653.3298454284668,convergence
ext-w2,1,120001,1,13,,0,316,20224,659.98020553588867,convergence
ext-w2,1,120001,1,14,,0,279,17856,648.63790766398108,convergence
ext-w2,1,120001,1,15,,0,319,20416,650.5999539693197,convergence
ext-w2,1,120001,1,16,,0,402,25728,647.89097595214844,convergence
ext-w2,1,120001,1,17,,0,348,22272,652.88507334391272,convergence
ext-w2,1,120001,1,18,,0,330,21120,666.0334256490072,convergence
ext-w2,1,120001,1,19,,0,359,22976,662.99582163492835,convergence
ext-w2,1,120001,1,20,,0,324,20736,652.80350875854492,convergence
ext-w2,1,120001,1,21,,0,310,19840,655.28198623657227,convergence
ext-w2,1,120001,1,22,,0,319,20416,670.95283762613929,convergence
ext-w2,1,120001,1,23,,0,292,18688,653.38162994384766,convergence
ext-w2,1,120001,1,24,,0,278,17792,652.56608708699548,convergence
ext-w2,1,120001,1,25,,0,272,17408,652.85152562459314,convergence
ext-w2,1,120001,1,26,,0,365,23360,655.40680821736657,convergence
ext-w2,1,120001,1,27,,0,411,26304,666.60727691650391,convergence
ext-w2,1,120001,1,28,,0,288,18432,640.85671361287439,convergence
ext-w2,1,120001,1,29,,0,321,20544,648.66975275675452,convergence
ext-w2,1,120001,1,30,,0,356,22784,667.91294606526696,convergence
ext-w2,1,120001,1,31,,0,321,20544,635.8743565877279,convergence
ext-w2,1,120001,1,32,,0,267,17088,654.42072677612305,convergence
ext-w2,1,120001,1,33,,0,294,18816,647.64451217651367,convergence
ext-w2,1,120001,1,34,,0,326,20864,668.99838511149085,convergence
ext-w2,1,120001,1,35,,0,397,25408,653.32929738362634,convergence
ext-w2,1,120001,1,36,,0,257,16448,647.88699340820312,convergence
ext-w2,1,120001,1,37,,0,304,19456,656.15137100219727,convergence
ext-w2,1,120001,1,38,,0,294,18816,633.89265314737952,convergence
ext-w2,1,120001,1,39,,0,351,22464,633.89591344197595,convergence
ext-w2,1,120001,1,40,,0,285,18240,666.94784927368164,convergence
ext-w2,1,120001,1,41,,0,309,19776,657.55236943562829,convergence
ext-w2,1,120001,1,42,,0,368,23552,655.28267161051429,convergence
ext-w2,1,120001,1,43,,0,377,24128,652.84854125976562,convergence
ext-w2,1,120001,1,44,,0,289,18496,633.9091682434082,convergence
ext-w2,1,120001,1,45,,0,337,21568,646.88821029663086,convergence
ext-w2,1,120001,1,46,,0,315,20160,657.58891423543298,convergence
ext-w2,1,120001,1,47,,0,426,27264,651.47630437215173,convergence
ext-w2,1,120001,1,48,,0,358,22912,657.23708979288733,convergence
ext-w2,1,120001,1,49,,0,371,23744,652.88651021321618,convergence
ext-w2,1,120001,1,50,,0,296,18944,655.75883992513025,convergence
ext-w2,1,120001,1,51,,0,291,18624,665.3322868347168,convergence
ext-w2,1,120001,1,52,,0,387,24768,657.25631586710608,convergence
ext-w2,1,120001,1,53,,0,264,16896,653.36269505818689,convergence
ext-w2,1,120001,1,54,,0,382,24448,635.87230173746741,convergence
ext-w2,1,120001,1,55,,0,302,19328,633.89843368530273,convergence
ext-w2,1,120001,1,56,,0,333,21312,649.10238774617517,convergence
ext-w2,1,120001,1,57,,0,412,26368,664.59522120157874,convergence
ext-w2,1,120001,1,58,,0,366,23424,667.7488009134928,convergence
ext-w2,1,120001,1,59,,0,285,18240,633.89591344197595,convergence
ext-w2,1,120001,1,60,,0,339,21696,655.12809880574548,convergence
ext-w2,1,120001,1,61,,0,260,16640,668.08087666829431,convergence
ext-w2,1,120001,1,62,,0,269,17216,651.87200546264648,convergence
ext-w2,1,120001,1,63,,0,296,18944,656.05671564737952,convergence
ext-w2,1,120001,1,64,,0,356,22784,649.91662979125977,convergence
ext-w2,1,120001,1,65,,0,289,18496,646.35945002237952,convergence
ext-w2,1,120001,1,66,,0,396,25344,657.23708979288733,convergence
ext-w2,1,120001,1,67,,0,363,23232,646.35030110677087,convergence
ext-w2,1,120001,1,68,,0,310,19840,665.78089269002282,convergence
ext-w2,1,120001,1,69,,0,312,19968,661.07650629679358,convergence
ext-w2,1,120001,1,70,,0,280,17920,650.13487370808923,convergence
ext-w2,1,120001,1,71,,0,304,19456,657.62129847208655,convergence
ext-w2,1,120001,1,72,,0,277,17728,654.26953506469727,convergence
ext-w2,1,120001,1,73,,0,281,17984,640.89914703369141,convergence
ext-w2,1,120001,2,0,,0,372,23808,611.02930959065759,convergence
ext-w2,1,120001,2,1,,0,255,16320,627.60855992635095,convergence
ext-w2,1,120001,2,2,,0,317,20288,616.88236745198571,convergence
ext-w2,1,120001,2,3,,0,277,17728,612.89457448323571,convergence
ext-w2,1,120001,2,4,,0,334,21376,618.28366851806641,convergence
ext-w2,1,120001,2,5,,0,400,25600,615.44328180948889,convergence
ext-w2,1,120001,2,6,,0,361,23104,616.15841547648108,convergence
ext-w2,1,120001,2,7,,0,379,24256,609.64359283447266,convergence
ext-w2,1,120001,2,8,,0,323,20672,618.44071960449219,convergence
ext-w2,1,120001,2,9,,0,330,21120,625.73173141479492,convergence
ext-w2,1,120001,2,10,,0,311,19904,611.10833613077796,convergence
ext-w2,1,120001,2,11,,0,322,20608,610.6148796081543,convergence
ext-w2,1,120001,2,12,,0,382,24448,614.33292007446289,convergence
ext-w2,1,120001,2,13,,0,348,22272,611.11149342854821,convergence
ext-w2,1,120001,2,14,,0,290,18560,612.89423624674475,convergence
ext-w2,1,120001,2,15,,0,357,22848,616.42146174112952,convergence
ext-w2,1,120001,2,16,,0,442,28288,616.28068288167321,convergence
ext-w2,1,120001,2,17,,0,388,24832,613.32923889160156,convergence
ext-w2,1,120001,2,18,,0,400,25600,609.68606948852539,convergence
ext-w2,1,120001,2,19,,0,309,19776,605.29491933186853,convergence
ext-w2,1,120001,2,20,,0,326,20864,611.03840128580725,convergence
ext-w2,1,120001,2,21,,0,425,27200,626.34359741210938,convergence
ext-w2,1,120001,2,22,,0,440,28160,616.15469741821289,convergence
ext-w2,1,120001,2,23,,0,383,24512,604.79473241170251,convergence
ext-w2,1,120001,2,24,,0,354,22656,615.44348271687829,convergence
ext-w2,1,120001,2,25,,0,312,19968,610.64907455444336,convergence
ext-w2,1,120001,2,26,,0,550,35200,621.61693445841468,convergence
ext-w2,1,120001,2,27,,0,304,19456,606.78960545857751,convergence
ext-w2,1,120001,2,28,,0,327,20928,604.83930079142249,convergence
ext-w2,1,120001,2,29,,0,329,21056,611.76772689819336,convergence
ext-w2,1,120001,2,30,,0,420,26880,615.14123280843103,convergence
ext-w2,1,120001,2,31,,0,296,18944,610.06503677368164,convergence
ext-w2,1,120001,2,32,,0,365,23360,604.7685763041178,convergence
ext-w2,1,120001,2,33,,0,401,25664,626.2163976033529,convergence
ext-w2,1,120001,2,34,,0,341,21824,610.05339813232422,convergence
ext-w2,1,120001,2,35,,0,323,20672,613.71464411417639,convergence
ext-w2,1,120001,2,36,,0,331,21184,627.15236028035486,convergence
ext-w2,1,120001,2,37,,0,270,17280,616.95373280843103,convergence
ext-w2,1,120001,2,38,,0,344,22016,619.17135747273767,convergence
ext-w2,1,120001,2,39,,0,300,19200,606.77575429280603,convergence
ext-w2,1,120001,2,40,,0,428,27392,617.65423075358069,convergence
ext-w2,1,120001,2,41,,0,337,21568,606.78523890177405,convergence
ext-w2,1,120001,2,42,,0,305,19520,611.06781260172522,convergence
ext-w2,1,120001,2,43,,0,474,30336,611.05361811319983,convergence
ext-w2,1,120001,2,44,,0,370,23680,618.70070012410486,convergence
ext-w2,1,120001,2,45,,0,374,23936,621.7663358052572,convergence
ext-w2,1,120001,2,46,,0,319,20416,604.82434209187829,convergence
ext-w2,1,120001,2,47,,0,300,19200,611.01931508382165,convergence
ext-w2,1,120001,2,48,,0,352,22528,611.76864878336585,convergence
ext-w2,1,120001,2,49,,0,309,19776,609.50737889607751,convergence
ext-w2,1,120001,2,50,,0,355,22720,610.03874842325843,convergence
ext-w2,1,120001,2,51,,0,335,21440,604.89761352539062,convergence
ext-w2,1,120001,2,52,,0,419,26816,604.7685763041178,convergence
ext-w2,1,120001,2,53,,0,329,21056,626.23058827718103,convergence
ext-w2,1,120001,2,54,,0,361,23104,620.51795069376624,convergence
ext-w2,1,120001,2,55,,0,305,19520,610.55092875162757,convergence
ext-w2,1,120001,2,56,,0,315,20160,604.81966018676758,convergence
ext-w2,1,120001,2,57,,0,316,20224,616.86324946085608,convergence
ext-w2,1,120001,2,58,,0,345,22080,620.23005040486657,convergence
ext-w2,1,120001,2,59,,0,322,20608,613.41386159261071,convergence
ext-w2,1,120001,2,60,,0,291,18624,612.113759358724,convergence
ext-w2,1,120001,2,61,,0,577,36928,614.04550679524743,convergence
ext-w2,1,120001,2,62,,0,334,21376,611.07000096639001,convergence
ext-w2,1,120001,2,63,,0,348,22272,613.47372436523438,convergence
ext-w2,1,120001,2,64,,0,329,21056,614.72888056437171,convergence
ext-w2,1,120001,2,65,,0,345,22080,626.33580017089844,convergence
ext-w2,1,120001,2,66,,0,324,20736,611.06917063395179,convergence
ext-w2,1,120001,2,67,,0,373,23872,620.63288497924805,convergence
ext-w2,1,120001,2,68,,0,402,25728,597.8592745463053,convergence
ext-w2,1,120001,3,0,,0,315,20160,591.06543604532874,convergence
ext-w2,1,120001,3,1,,0,352,22528,588.00631205240882,convergence
ext-w2,1,120001,3,2,,0,276,17664,585.62311045328772,convergence
ext-w2,1,120001,3,3,,0,365,23360,583.49824905395508,convergence
ext-w2,1,120001,3,4,,0,374,23936,569.66259765625,convergence
ext-w2,1,120001,3,5,,0,352,22528,588.05125045776367,convergence
ext-w2,1,120001,3,6,,0,295,18880,587.70120620727539,convergence
ext-w2,1,120001,3,7,,0,310,19840,588.18172327677405,convergence
ext-w2,1,120001,3,8,,0,323,20672,585.59518432617188,convergence
ext-w2,1,120001,3,9,,0,292,18688,590.09236907958984,convergence
ext-w2,1,120001,3,10,,0,345,22080,587.72183990478516,convergence
ext-w2,1,120001,3,11,,0,300,19200,580.48376592000329,convergence
ext-w2,1,120001,3,12,,0,324,20736,587.62162399291992,convergence
ext-w2,1,120001,3,13,,0,304,19456,581.46525319417321,convergence
ext-w2,1,120001,3,14,,0,360,23040,583.14765421549475,convergence
ext-w2,1,120001,3,15,,0,303,19392,583.43720881144202,convergence
ext-w2,1,120001,3,16,,0,336,21504,576.89080174764001,convergence
ext-w2,1,120001,3,17,,0,299,19136,579.90341949462891,convergence
ext-w2,1,120001,3,18,,0,326,20864,590.37286631266272,convergence
ext-w2,1,120001,3,19,,0,323,20672,580.76012547810876,convergence
ext-w2,1,120001,3,20,,0,302,19328,581.50468063354492,convergence
ext-w2,1,120001,3,21,,0,357,22848,586.74201202392578,convergence
ext-w2,1,120001,3,22,,0,406,25984,576.79024887084961,convergence
ext-w2,1,120001,3,23,,0,346,22144,583.16345342000329,convergence
ext-w2,1,120001,3,24,,0,310,19840,580.74044036865234,convergence
ext-w2,1,120001,3,25,,0,393,25152,585.60366058349609,convergence
ext-w2,1,120001,3,26,,0,310,19840,590.177988688151,convergence
ext-w2,1,120001,3,27,,0,279,17856,587.67808659871423,convergence
ext-w2,1,120001,3,28,,0,299,19136,580.75892384847009,convergence
ext-w2,1,120001,3,29,,0,298,19072,580.74254735310876,convergence
ext-w2,1,120001,3,30,,0,309,19776,587.72009150187171,convergence
ext-w2,1,120001,3,31,,0,319,20416,582.12921651204431,convergence
ext-w2,1,120001,3,32,,0,318,20352,585.50619633992517,convergence
ext-w2,1,120001,3,33,,0,338,21632,590.1775118509928,convergence
ext-w2,1,120001,3,34,,0,386,24704,590.11391194661462,convergence
ext-w2,1,120001,3,35,,0,282,18048,581.5205408732096,convergence
ext-w2,1,120001,3,36,,0,299,19136,588.18509801228845,convergence
ext-w2,1,120001,3,37,,0,246,15744,583.09265518188477,convergence
ext-w2,1,120001,3,38,,0,439,28096,585.60651779174805,convergence
ext-w2,1,120001,3,39,,0,321,20544,587.67923100789392,convergence
ext-w2,1,120001,3,40,,0,352,22528,581.46898523966468,convergence
ext-w2,1,120001,3,41,,0,351,22464,588.53141276041663,convergence
ext-w2,1,120001,3,42,,0,321,20544,580.32480494181311,convergence
ext-w2,1,120001,3,43,,0,338,21632,580.75905354817712,convergence
ext-w2,1,120001,3,44,,0,370,23680,590.13222885131836,convergence
ext-w2,1,120001,3,45,,0,386,24704,591.291737874349,convergence
ext-w2,1,120001,3,46,,0,358,22912,590.17337417602539,convergence
ext-w2,1,120001,3,47,,0,355,22720,590.41789372762048,convergence
ext-w2,1,120001,3,48,,0,245,15680,590.9713020324707,convergence
ext-w2,1,120001,3,49,,0,299,19136,590.10776011149085,convergence
ext-w2,1,120001,3,50,,0,410,26240,581.74139149983728,convergence
ext-w2,1,120001,3,51,,0,338,21632,593.09269205729163,convergence
ext-w2,1,120001,3,52,,0,328,20992,584.97895685831702,convergence
ext-w2,1,120001,3,53,,0,320,20480,586.69555536905921,convergence
ext-w2,1,120001,3,54,,0,417,26688,590.18299738566077,convergence
ext-w2,1,120001,3,55,,0,326,20864,576.29740269978845,convergence
ext-w2,1,120001,3,56,,0,405,25920,579.6007080078125,convergence
ext-w2,1,120001,3,57,,0,309,19776,581.52212015787757,convergence
ext-w2,1,120001,3,58,,0,346,22144,590.31894429524743,convergence
ext-w2,1,120001,3,59,,0,364,23296,580.7610969543457,convergence
ext-w2,1,120001,3,60,,0,359,22976,583.92448170979821,convergence
ext-w2,1,120001,3,61,,0,323,20672,588.0056037902832,convergence
ext-w2,1,120001,3,62,,0,419,26816,581.32926559448242,convergence
ext-w2,1,120001,3,63,,0,395,25280,581.45672861735022,convergence
ext-w2,1,120001,3,64,,0,314,20096,591.16084416707361,convergence
ext-w2,1,120001,3,65,,0,357,22848,586.77101389567054,convergence
ext-w2,1,120001,3,66,,0,309,19776,590.80919138590491,convergence
ext-w2,1,120001,3,67,,0,369,23616,583.42903264363611,convergence
ext-w2,1,120001,3,68,,0,403,25792,590.10485585530603,convergence
ext-w2,1,120001,3,69,,0,310,19840,590.07776260375977,convergence
ext-w2,1,120001,3,70,,0,290,18560,576.86081314086914,convergence
ext-w2,1,120001,3,71,,0,371,23744,581.492919921875,convergence
ext-w1,1,120001,0,0,,0,148,9472,707.27220408121741,convergence
ext-w1,1,120001,0,1,,0,114,7296,703.97617721557617,convergence
ext-w1,1,120001,0,2,,0,176,11264,708.08597564697266,convergence
ext-w1,1,120001,0,3,,0,139,8896,721.18278630574548,convergence
ext-w1,1,120001,0,4,,0,147,9408,707.25217056274414,convergence
ext-w1,1,120001,0,5,,0,181,11584,707.25075149536133,convergence
ext-w1,1,120001,0,6,,0,155,9920,707.25381596883142,convergence
ext-w1,1,120001,0,7,,0,115,7360,708.9628791809082,convergence
ext-w1,1,120001,0,8,,0,156,9984,721.41690444946289,convergence
ext-w1,1,120001,0,9,,0,153,9792,711.47855631510413,convergence
ext-w1,1,120001,0,10,,0,117,7488,711.41332117716468,convergence
ext-w1,1,120001,0,11,,0,159,10176,711.30661646525061,convergence
ext-w1,1,120001,0,12,,0,106,6784,703.97793706258142,convergence
ext-w1,1,120001,0,13,,0,189,12096,707.24986521402991,convergence
ext-w1,1,120001,0,14,,0,106,6784,708.9628791809082,convergence
ext-w1,1,120001,0,15,,0,180,11520,707.28029378255212,convergence
ext-w1,1,120001,0,16,,0,135,8640,707.27220408121741,convergence
ext-w1,1,120001,0,17,,0,103,6592,708.09639104207361,convergence
ext-w1,1,120001,0,18,,0,155,9920,707.2578341166178,convergence
ext-w1,1,120001,0,19,,0,155,9920,707.25948079427087,convergence
ext-w1,1,120001,0,20,,0,127,8128,708.09639104207361,convergence
ext-w1,1,120001,0,21,,0,158,10112,714.02279535929358,convergence
ext-w1,1,120001,0,22,,0,145,9280,707.25171025594079,convergence
ext-w1,1,120001,0,23,,0,152,9728,711.47855631510413,convergence
ext-w1,1,120001,0,24,,0,117,7488,703.97617721557617,convergence
ext-w1,1,120001,0,25,,0,180,11520,707.28186162312829,convergence
ext-w1,1,120001,0,26,,0,162,10368,707.26432927449548,convergence
ext-w1,1,120001,0,27,,0,181,11584,708.09142939249671,convergence
ext-w1,1,120001,0,28,,0,117,7488,708.9628791809082,convergence
ext-w1,1,120001,0,29,,0,168,10752,721.07887395222986,convergence
ext-w1,1,120001,0,30,,0,188,12032,707.27297719319665,convergence
ext-w1,1,120001,0,31,,0,157,10048,707.25602595011389,convergence
ext-w1,1,120001,0,32,,0,167,10688,707.25154240926111,convergence
ext-w1,1,120001,0,33,,0,247,15808,708.0472310384115,convergence
ext-w1,1,120001,0,34,,0,133,8512,708.9628791809082,convergence
ext-w1,1,120001,0,35,,0,214,13696,707.24892807006836,convergence
ext-w1,1,120001,0,36,,0,121,7744,703.97793706258142,convergence
ext-w1,1,120001,0,37,,0,190,12160,707.2572123209635,convergence
ext-w1,1,120001,0,38,,0,173,11072,707.25608317057288,convergence
ext-w1,1,120001,0,39,,0,169,10816,707.25841776529944,convergence
ext-w1,1,120001,0,40,,0,157,10048,707.27132797241211,convergence
ext-w1,1,120001,0,41,,0,149,9536,707.25706100463867,convergence
ext-w1,1,120001,0,42,,0,157,10048,707.25134913126624,convergence
ext-w1,1,120001,0,43,,0,188,12032,707.25381596883142,convergence
ext-w1,1,120001,0,44,,0,158,10112,707.25984827677405,convergence
ext-w1,1,120001,0,45,,0,142,9088,708.95988591512048,convergence
ext-w1,1,120001,0,46,,0,165,10560,707.25071716308594,convergence
ext-w1,1,120001,0,47,,0,162,10368,707.25061289469397,convergence
ext-w1,1,120001,0,48,,0,125,8000,708.09639104207361,convergence
ext-w1,1,120001,0,49,,0,114,7296,703.97617721557617,convergence
ext-w1,1,120001,0,50,,0,164,10496,707.26292037963867,convergence
ext-w1,1,120001,0,51,,0,124,7936,703.97810236612952,convergence
ext-w1,1,120001,0,52,,0,170,10880,707.25583394368493,convergence
ext-w1,1,120001,0,53,,0,170,10880,707.251719156901,convergence
ext-w1,1,120001,0,54,,0,139,8896,703.97793706258142,convergence
ext-w1,1,120001,0,55,,0,157,10048,707.28029378255212,convergence
ext-w1,1,120001,0,56,,0,168,10752,707.25853983561194,convergence
ext-w1,1,120001,0,57,,0,131,8384,703.97617721557617,convergence
ext-w1,1,120001,0,58,,0,166,10624,707.25102488199866,convergence
ext-w1,1,120001,0,59,,0,217,13888,707.25076039632165,convergence
ext-w1,1,120001,0,60,,0,155,9920,707.25892893473304,convergence
ext-w1,1,120001,0,61,,0,126,8064,711.49117151896155,convergence
ext-w1,1,120001,0,62,,0,198,12672,707.25071716308594,convergence
ext-w1,1,120001,0,63,,0,135,8640,711.48341878255212,convergence
ext-w1,1,120001,0,64,,0,155,9920,707.25706100463867,convergence
ext-w1,1,120001,0,65,,0,136,8704,703.97793706258142,convergence
ext-w1,1,120001,0,66,,0,212,13568,707.27258173624671,convergence
ext-w1,1,120001,0,67,,0,182,11648,707.25706100463867,convergence
ext-w1,1,120001,0,68,,0,161,10304,707.25706100463867,convergence
ext-w1,1,120001,0,69,,0,199,12736,707.27082697550452,convergence
ext-w1,1,120001,0,70,,0,179,11456,707.25134913126624,convergence
ext-w1,1,120001,0,71,,0,95,6080,708.09639104207361,convergence
ext-w1,1,120001,0,72,,0,163,10432,707.26248931884766,convergence
ext-w1,1,120001,0,73,,0,167,10688,707.26809310913086,convergence
ext-w1,1,120001,0,74,,0,185,11840,707.24900054931641,convergence
ext-w1,1,120001,0,75,,0,165,10560,707.25,convergence
ext-w1,1,120001,0,76,,0,169,10816,707.26387405395508,convergence
ext-w1,1,120001,0,77,,0,178,11392,707.27167002360022,convergence
ext-w1,1,120001,1,0,,0,149,9536,682.8480339050293,convergence
ext-w1,1,120001,1,1,,0,157,10048,696.45624796549475,convergence
ext-w1,1,120001,1,2,,0,205,13120,682.84377924601233,convergence
ext-w1,1,120001,1,3,,0,142,9088,683.67695490519202,convergence
ext-w1,1,120001,1,4,,0,192,12288,682.84307861328125,convergence
ext-w1,1,120001,1,5,,0,204,13056,682.84407806396484,convergence
ext-w1,1,120001,1,6,,0,200,12800,682.84415181477868,convergence
ext-w1,1,120001,1,7,,0,151,9664,682.84600067138672,convergence
ext-w1,1,120001,1,8,,0,166,10624,682.84912109375,convergence
ext-w1,1,120001,1,9,,0,164,10496,682.85001754760742,convergence
ext-w1,1,120001,1,10,,0,187,11968,682.84377034505212,convergence
ext-w1,1,120001,1,11,,0,204,13056,682.84340031941736,convergence
ext-w1,1,120001,1,12,,0,154,9856,682.84758631388343,convergence
ext-w1,1,120001,1,13,,0,190,12160,682.85120900472009,convergence
ext-w1,1,120001,1,14,,0,221,14144,683.6410013834635,convergence
ext-w1,1,120001,1,15,,0,157,10048,682.85027694702148,convergence
ext-w1,1,120001,1,16,,0,167,10688,682.84314092000329,convergence
ext-w1,1,120001,1,17,,0,179,11456,682.84546534220374,convergence
ext-w1,1,120001,1,18,,0,181,11584,682.84385808308923,convergence
ext-w1,1,120001,1,19,,0,141,9024,683.75626118977868,convergence
ext-w1,1,120001,1,20,,0,164,10496,682.84377034505212,convergence
ext-w1,1,120001,1,21,,0,126,8064,687.08530934651696,convergence
ext-w1,1,120001,1,22,,0,154,9856,682.84603500366211,convergence
ext-w1,1,120001,1,23,,0,163,10432,686.20703887939453,convergence
ext-w1,1,120001,1,24,,0,153,9792,682.84377034505212,convergence
ext-w1,1,120001,1,25,,0,136,8704,682.85995610555017,convergence
ext-w1,1,120001,1,26,,0,138,8832,687.08464177449548,convergence
ext-w1,1,120001,1,27,,0,145,9280,682.84448750813806,convergence
ext-w1,1,120001,1,28,,0,158,10112,698.54631042480469,convergence
ext-w1,1,120001,1,29,,0,198,12672,682.84340031941736,convergence
ext-w1,1,120001,1,30,,0,176,11264,682.86509831746423,convergence
ext-w1,1,120001,1,31,,0,156,9984,678.80558395385742,convergence
ext-w1,1,120001,1,32,,0,147,9408,684.55664952596032,convergence
ext-w1,1,120001,1,33,,0,128,8192,687.05210494995117,convergence
ext-w1,1,120001,1,34,,0,187,11968,682.84513854980469,convergence
ext-w1,1,120001,1,35,,0,148,9472,682.85149129231775,convergence
ext-w1,1,120001,1,36,,0,156,9984,683.69016138712561,convergence
ext-w1,1,120001,1,37,,0,168,10752,682.84377924601233,convergence
ext-w1,1,120001,1,38,,0,142,9088,682.84438323974609,convergence
ext-w1,1,120001,1,39,,0,159,10176,682.84651438395179,convergence
ext-w1,1,120001,1,40,,0,159,10176,682.8576443990072,convergence
ext-w1,1,120001,1,41,,0,166,10624,682.85083134969079,convergence
ext-w1,1,120001,1,42,,0,115,7360,687.08541997273767,convergence
ext-w1,1,120001,1,43,,0,156,9984,687.08494186401367,convergence
ext-w1,1,120001,1,44,,0,162,10368,682.86597442626953,convergence
ext-w1,1,120001,1,45,,0,152,9728,682.84448750813806,convergence
ext-w1,1,120001,1,46,,0,138,8832,697.01987330118811,convergence
ext-w1,1,120001,1,47,,0,161,10304,682.84385808308923,convergence
ext-w1,1,120001,1,48,,0,152,9728,682.84594090779626,convergence
ext-w1,1,120001,1,49,,0,180,11520,682.84415181477868,convergence
ext-w1,1,120001,1,50,,0,168,10752,682.84407806396484,convergence
ext-w1,1,120001,1,51,,0,122,7808,687.11376190185547,convergence
ext-w1,1,120001,1,52,,0,150,9600,687.08494186401367,convergence
ext-w1,1,120001,1,53,,0,166,10624,682.85478973388672,convergence
ext-w1,1,120001,1,54,,0,172,11008,682.84979629516602,convergence
ext-w1,1,120001,1,55,,0,193,12352,682.87399291992188,convergence
ext-w1,1,120001,1,56,,0,163,10432,682.84594090779626,convergence
ext-w1,1,120001,1,57,,0,155,9920,682.84579722086585,convergence
ext-w1,1,120001,1,58,,0,213,13632,682.84277089436853,convergence
ext-w1,1,120001,1,59,,0,158,10112,695.00809733072913,convergence
ext-w1,1,120001,1,60,,0,115,7360,684.55664952596032,convergence
ext-w1,1,120001,1,61,,0,152,9728,682.85160446166992,convergence
ext-w1,1,120001,1,62,,0,255,16320,683.6410013834635,convergence
ext-w1,1,120001,1,63,,0,123,7872,687.086680094401,convergence
ext-w1,1,120001,1,64,,0,182,11648,682.84506607055664,convergence
ext-w1,1,120001,1,65,,0,127,8128,687.08541997273767,convergence
ext-w1,1,120001,1,66,,0,142,9088,697.01987330118811,convergence
ext-w1,1,120001,1,67,,0,156,9984,682.87276331583655,convergence
ext-w1,1,120001,1,68,,0,180,11520,682.84377924601233,convergence
ext-w1,1,120001,1,69,,0,121,7744,683.69016138712561,convergence
ext-w1,1,120001,1,70,,0,179,11456,682.84277089436853,convergence
ext-w1,1,120001,1,71,,0,185,11840,682.86935933430993,convergence
ext-w1,1,120001,1,72,,0,175,11200,682.84385808308923,convergence
ext-w1,1,120001,1,73,,0,169,10816,682.84377924601233,convergence
ext-w1,1,120001,2,0,,0,155,9920,668.65590667724609,convergence
ext-w1,1,120001,2,1,,0,162,10368,657.67489624023438,convergence
ext-w1,1,120001,2,2,,0,156,9984,662.78305435180664,convergence
ext-w1,1,120001,2,3,,0,172,11008,668.65482838948571,convergence
ext-w1,1,120001,2,4,,0,125,8000,661.91434860229492,convergence
ext-w1,1,120001,2,5,,0,141,9024,662.78461329142249,convergence
ext-w1,1,120001,2,6,,0,136,8704,662.80103302001953,convergence
ext-w1,1,120001,2,7,,0,181,11584,657.67378997802734,convergence
ext-w1,1,120001,2,8,,0,144,9216,662.78772354125977,convergence
ext-w1,1,120001,2,9,,0,175,11200,657.67393747965491,convergence
ext-w1,1,120001,2,10,,0,177,11328,662.78850046793616,convergence
ext-w1,1,120001,2,11,,0,201,12864,657.69400405883789,convergence
ext-w1,1,120001,2,12,,0,149,9536,662.80119069417321,convergence
ext-w1,1,120001,2,13,,0,171,10944,657.68334452311194,convergence
ext-w1,1,120001,2,14,,0,175,11200,667.18740844726562,convergence
ext-w1,1,120001,2,15,,0,141,9024,662.76775232950843,convergence
ext-w1,1,120001,2,16,,0,175,11200,667.76932398478186,convergence
ext-w1,1,120001,2,17,,0,187,11968,662.74500020345056,convergence
ext-w1,1,120001,2,18,,0,131,8384,662.7635498046875,convergence
ext-w1,1,120001,2,19,,0,148,9472,663.11828994750977,convergence
ext-w1,1,120001,2,20,,0,146,9344,662.79314168294275,convergence
ext-w1,1,120001,2,21,,0,123,7872,662.80119069417321,convergence
ext-w1,1,120001,2,22,,0,136,8704,662.79494857788086,convergence
ext-w1,1,120001,2,23,,0,147,9408,662.77046839396155,convergence
ext-w1,1,120001,2,24,,0,180,11520,666.97599411010742,convergence
ext-w1,1,120001,2,25,,0,158,10112,662.77143605550134,convergence
ext-w1,1,120001,2,26,,0,133,8512,672.00074768066406,convergence
ext-w1,1,120001,2,27,,0,237,15168,657.69454447428382,convergence
ext-w1,1,120001,2,28,,0,177,11328,667.12776311238611,convergence
ext-w1,1,120001,2,29,,0,155,9920,657.70347086588538,convergence
ext-w1,1,120001,2,30,,0,168,10752,662.79740142822266,convergence
ext-w1,1,120001,2,31,,0,193,12352,662.7635498046875,convergence
ext-w1,1,120001,2,32,,0,193,12352,667.77145258585608,convergence
ext-w1,1,120001,2,33,,0,155,9920,662.7635498046875,convergence
ext-w1,1,120001,2,34,,0,136,8704,662.77718098958337,convergence
ext-w1,1,120001,2,35,,0,162,10368,667.77007420857751,convergence
ext-w1,1,120001,2,36,,0,148,9472,662.75181325276696,convergence
ext-w1,1,120001,2,37,,0,141,9024,662.77922058105469,convergence
ext-w1,1,120001,2,38,,0,134,8576,668.77156194051111,convergence
ext-w1,1,120001,2,39,,0,156,9984,662.80363464355469,convergence
ext-w1,1,120001,2,40,,0,152,9728,662.78461329142249,convergence
ext-w1,1,120001,2,41,,0,145,9280,661.9197998046875,convergence
ext-w1,1,120001,2,42,,0,133,8512,661.92047373453772,convergence
ext-w1,1,120001,2,43,,0,156,9984,662.69175211588538,convergence
ext-w1,1,120001,2,44,,0,139,8896,662.69175211588538,convergence
ext-w1,1,120001,2,45,,0,158,10112,667.790283203125,convergence
ext-w1,1,120001,2,46,,0,204,13056,667.05921300252282,convergence
ext-w1,1,120001,2,47,,0,125,8000,661.10462315877282,convergence
ext-w1,1,120001,2,48,,0,150,9600,667.14598846435547,convergence
ext-w1,1,120001,2,49,,0,132,8448,662.7635498046875,convergence
ext-w1,1,120001,2,50,,0,145,9280,662.77046839396155,convergence
ext-w1,1,120001,2,51,,0,165,10560,667.254384358724,convergence
ext-w1,1,120001,2,52,,0,154,9856,662.78305435180664,convergence
ext-w1,1,120001,2,53,,0,158,10112,662.76921081542969,convergence
ext-w1,1,120001,2,54,,0,206,13184,668.72287495930993,convergence
ext-w1,1,120001,2,55,,0,157,10048,662.79849751790368,convergence
ext-w1,1,120001,2,56,,0,144,9216,662.78854878743493,convergence
ext-w1,1,120001,2,57,,0,183,11712,662.79193623860681,convergence
ext-w1,1,120001,2,58,,0,132,8448,661.90043385823571,convergence
ext-w1,1,120001,2,59,,0,120,7680,662.7785428365072,convergence
ext-w1,1,120001,2,60,,0,163,10432,662.7556482950846,convergence
ext-w1,1,120001,2,61,,0,128,8192,661.92047373453772,convergence
ext-w1,1,120001,2,62,,0,154,9856,662.78589630126953,convergence
ext-w1,1,120001,2,63,,0,133,8512,662.77779134114587,convergence
ext-w1,1,120001,2,64,,0,164,10496,657.6749051411947,convergence
ext-w1,1,120001,2,65,,0,117,7488,661.91434860229492,convergence
ext-w1,1,120001,2,66,,0,197,12608,657.67379379272461,convergence
ext-w1,1,120001,2,67,,0,142,9088,662.75325393676758,convergence
ext-w1,1,120001,2,68,,0,168,10752,657.67920303344727,convergence
ext-w1,1,120001,2,69,,0,141,9024,658.51851526896155,convergence
ext-w1,1,120001,2,70,,0,154,9856,662.78888829549157,convergence
ext-w1,1,120001,2,71,,0,130,8320,662.78541819254554,convergence
ext-w1,1,120001,2,72,,0,160,10240,662.774668375651,convergence
ext-w1,1,120001,2,73,,0,161,10304,662.74930826822913,convergence
ext-w1,1,120001,2,74,,0,192,12288,662.75390625,convergence
ext-w1,1,120001,2,75,,0,168,10752,661.9017333984375,convergence
ext-w1,1,120001,2,76,,0,126,8064,662.73154449462891,convergence
ext-w1,1,120001,2,77,,0,141,9024,661.91415405273438,convergence
ext-w1,1,120001,3,0,,0,165,10560,638.25503285725915,convergence
ext-w1,1,120001,3,1,,0,196,12544,651.82153828938806,convergence
ext-w1,1,120001,3,2,,0,136,8704,640.22194798787439,convergence
ext-w1,1,120001,3,3,,0,217,13888,651.66201782226562,convergence
ext-w1,1,120001,3,4,,0,177,11328,651.67759958902991,convergence
ext-w1,1,120001,3,5,,0,139,8896,650.71748606363929,convergence
ext-w1,1,120001,3,6,,0,170,10880,648.20517730712891,convergence
ext-w1,1,120001,3,7,,0,132,8448,644.29027811686194,convergence
ext-w1,1,120001,3,8,,0,146,9344,650.42948659261071,convergence
ext-w1,1,120001,3,9,,0,139,8896,644.2916361490885,convergence
ext-w1,1,120001,3,10,,0,162,10368,652.71369298299157,convergence
ext-w1,1,120001,3,11,,0,164,10496,640.215576171875,convergence
ext-w1,1,120001,3,12,,0,117,7488,644.29067611694336,convergence
ext-w1,1,120001,3,13,,0,156,9984,650.71068700154626,convergence
ext-w1,1,120001,3,14,,0,163,10432,640.23944218953454,convergence
ext-w1,1,120001,3,15,,0,134,8576,649.33928171793616,convergence
ext-w1,1,120001,3,16,,0,155,9920,650.70828755696618,convergence
ext-w1,1,120001,3,17,,0,108,6912,644.29435984293616,convergence
ext-w1,1,120001,3,18,,0,162,10368,652.5011202494303,convergence
ext-w1,1,120001,3,19,,0,144,9216,640.28839238484704,convergence
ext-w1,1,120001,3,20,,0,128,8192,650.71068700154626,convergence
ext-w1,1,120001,3,21,,0,166,10624,640.23688252766931,convergence
ext-w1,1,120001,3,22,,0,153,9792,644.28840255737305,convergence
ext-w1,1,120001,3,23,,0,139,8896,644.80064392089844,convergence
ext-w1,1,120001,3,24,,0,164,10496,654.26100413004554,convergence
ext-w1,1,120001,3,25,,0,141,9024,640.23566309610999,convergence
ext-w1,1,120001,3,26,,0,126,8064,649.91839090983069,convergence
ext-w1,1,120001,3,27,,0,131,8384,644.29357274373376,convergence
ext-w1,1,120001,3,28,,0,125,8000,638.2542622884115,convergence
ext-w1,1,120001,3,29,,0,124,7936,647.34296417236328,convergence
ext-w1,1,120001,3,30,,0,133,8512,638.25485992431641,convergence
ext-w1,1,120001,3,31,,0,166,10624,647.69581985473633,convergence
ext-w1,1,120001,3,32,,0,194,12416,652.71033604939782,convergence
ext-w1,1,120001,3,33,,0,167,10688,640.23944218953454,convergence
ext-w1,1,120001,3,34,,0,165,10560,652.83145650227868,convergence
ext-w1,1,120001,3,35,,0,162,10368,650.71678161621094,convergence
ext-w1,1,120001,3,36,,0,161,10304,651.74267578125,convergence
ext-w1,1,120001,3,37,,0,155,9920,652.42563120524085,convergence
ext-w1,1,120001,3,38,,0,128,8192,638.25126902262366,convergence
ext-w1,1,120001,3,39,,0,166,10624,650.14377085367835,convergence
ext-w1,1,120001,3,40,,0,183,11712,650.71913146972656,convergence
ext-w1,1,120001,3,41,,0,176,11264,650.8553682963053,convergence
ext-w1,1,120001,3,42,,0,123,7872,638.2542622884115,convergence
ext-w1,1,120001,3,43,,0,152,9728,650.72060902913415,convergence
ext-w1,1,120001,3,44,,0,189,12096,652.47859827677405,convergence
ext-w1,1,120001,3,45,,0,145,9280,649.65834045410156,convergence
ext-w1,1,120001,3,46,,0,111,7104,638.26054382324219,convergence
ext-w1,1,120001,3,47,,0,171,10944,651.86617279052734,convergence
ext-w1,1,120001,3,48,,0,139,8896,640.24162673950195,convergence
ext-w1,1,120001,3,49,,0,189,12096,651.65481185913086,convergence
ext-w1,1,120001,3,50,,0,153,9792,646.65269597371423,convergence
ext-w1,1,120001,3,51,,0,156,9984,652.14324569702148,convergence
ext-w1,1,120001,3,52,,0,157,10048,651.65109888712561,convergence
ext-w1,1,120001,3,53,,0,113,7232,638.2542622884115,convergence
ext-w1,1,120001,3,54,,0,163,10432,650.72042338053382,convergence
ext-w1,1,120001,3,55,,0,174,11136,651.86550776163733,convergence
ext-w1,1,120001,3,56,,0,202,12928,647.71025975545251,convergence
ext-w1,1,120001,3,57,,0,162,10368,650.71748606363929,convergence
ext-w1,1,120001,3,58,,0,139,8896,640.21102015177405,convergence
ext-w1,1,120001,3,59,,0,147,9408,638.2542622884115,convergence
ext-w1,1,120001,3,60,,0,164,10496,640.23877716064453,convergence
ext-w1,1,120001,3,61,,0,183,11712,651.40745417277014,convergence
ext-w1,1,120001,3,62,,0,189,12096,651.34095509847009,convergence
ext-w1,1,120001,3,63,,0,164,10496,644.28606796264648,convergence
ext-w1,1,120001,3,64,,0,169,10816,640.215576171875,convergence
ext-w1,1,120001,3,65,,0,212,13568,639.08730824788415,convergence
ext-w1,1,120001,3,66,,0,167,10688,650.99533843994141,convergence
ext-w1,1,120001,3,67,,0,174,11136,652.57342020670569,convergence
ext-w1,1,120001,3,68,,0,136,8704,644.799306233724,convergence
ext-w1,1,120001,3,69,,0,152,9728,644.79802703857422,convergence
ext-w1,1,120001,3,70,,0,127,8128,644.28623453776038,convergence
ext-w1,1,120001,3,71,,0,125,8000,644.29357274373376,convergence
ext-w1,1,120001,3,72,,0,165,10560,652.57410176595056,convergence
ext-w1,1,120001,3,73,,0,117,7488,648.95368321736657,convergence
ext-w1,1,120001,3,74,,0,156,9984,651.65209197998047,convergence
ext-w1,1,120001,3,75,,0,141,9024,644.29027811686194,convergence
ext-w1,1,120001,3,76,,0,155,9920,644.81987253824866,convergence
ext-w1,1,120001,3,77,,0,207,13248,650.00717544555664,convergence
ext-w1,1,120001,4,0,,0,141,9024,624.86703364054358,convergence
ext-w1,1,120001,4,1,,0,184,11776,620.79305521647132,convergence
ext-w1,1,120001,4,2,,0,180,11520,620.84482320149743,convergence
ext-w1,1,120001,4,3,,0,150,9600,620.84021504720056,convergence
ext-w1,1,120001,4,4,,0,148,9472,620.83394114176429,convergence
ext-w1,1,120001,4,5,,0,148,9472,624.86919021606445,convergence
ext-w1,1,120001,4,6,,0,113,7232,624.86995697021484,convergence
ext-w1,1,120001,4,7,,0,136,8704,632.03089269002282,convergence
ext-w1,1,120001,4,8,,0,206,13184,620.78804906209314,convergence
ext-w1,1,120001,4,9,,0,149,9536,624.8635470072428,convergence
ext-w1,1,120001,4,10,,0,161,10304,620.81671905517578,convergence
ext-w1,1,120001,4,11,,0,126,8064,625.39042409261071,convergence
ext-w1,1,120001,4,12,,0,127,8128,624.86371358235681,convergence
ext-w1,1,120001,4,13,,0,180,11520,620.83865102132165,convergence
ext-w1,1,120001,4,14,,0,147,9408,620.81692123413086,convergence
ext-w1,1,120001,4,15,,0,145,9280,625.38989893595374,convergence
ext-w1,1,120001,4,16,,0,151,9664,620.82260513305664,convergence
ext-w1,1,120001,4,17,,0,157,10048,634.92016220092773,convergence
ext-w1,1,120001,4,18,,0,150,9600,620.79658889770508,convergence
ext-w1,1,120001,4,19,,0,185,11840,620.81880442301429,convergence
ext-w1,1,120001,4,20,,0,178,11392,620.85883458455407,convergence
ext-w1,1,120001,4,21,,0,150,9600,620.82077153523767,convergence
ext-w1,1,120001,4,22,,0,121,7744,624.86822764078772,convergence
ext-w1,1,120001,4,23,,0,125,8000,624.87041091918945,convergence
ext-w1,1,120001,4,24,,0,122,7808,624.86969375610352,convergence
ext-w1,1,120001,4,25,,0,158,10112,620.81734085083008,convergence
ext-w1,1,120001,4,26,,0,137,8768,624.87014261881507,convergence
ext-w1,1,120001,4,27,,0,191,12224,632.72013982137048,convergence
ext-w1,1,120001,4,28,,0,195,12480,620.79305521647132,convergence
ext-w1,1,120001,4,29,,0,177,11328,620.83401997884118,convergence
ext-w1,1,120001,4,30,,0,131,8384,624.87421162923181,convergence
ext-w1,1,120001,4,31,,0,138,8832,620.84021504720056,convergence
ext-w1,1,120001,4,32,,0,141,9024,624.86354446411133,convergence
ext-w1,1,120001,4,33,,0,166,10624,620.80420811971032,convergence
ext-w1,1,120001,4,34,,0,140,8960,620.82260513305664,convergence
ext-w1,1,120001,4,35,,0,165,10560,620.83061218261719,convergence
ext-w1,1,120001,4,36,,0,135,8640,624.86404546101892,convergence
ext-w1,1,120001,4,37,,0,134,8576,624.85738372802734,convergence
ext-w1,1,120001,4,38,,0,180,11520,620.79305521647132,convergence
ext-w1,1,120001,4,39,,0,170,10880,620.79498926798499,convergence
ext-w1,1,120001,4,40,,0,157,10048,625.38160959879554,convergence
ext-w1,1,120001,4,41,,0,144,9216,624.86829884847009,convergence
ext-w1,1,120001,4,42,,0,144,9216,624.86437098185218,convergence
ext-w1,1,120001,4,43,,0,153,9792,634.70319112141931,convergence
ext-w1,1,120001,4,44,,0,176,11264,620.80420811971032,convergence
ext-w1,1,120001,4,45,,0,153,9792,624.86694463094079,convergence
ext-w1,1,120001,4,46,,0,150,9600,620.81625620524085,convergence
ext-w1,1,120001,4,47,,0,142,9088,620.78849919637048,convergence
ext-w1,1,120001,4,48,,0,167,10688,620.83865102132165,convergence
ext-w1,1,120001,4,49,,0,156,9984,620.83091481526696,convergence
ext-w1,1,120001,4,50,,0,169,10816,620.79305521647132,convergence
ext-w1,1,120001,4,51,,0,156,9984,620.78849919637048,convergence
ext-w1,1,120001,4,52,,0,194,12416,620.83865102132165,convergence
ext-w1,1,120001,4,53,,0,147,9408,631.30962753295898,convergence
ext-w1,1,120001,4,54,,0,137,8768,624.87011464436853,convergence
ext-w1,1,120001,4,55,,0,171,10944,632.72013982137048,convergence
ext-w1,1,120001,4,56,,0,163,10432,620.83865102132165,convergence
ext-w1,1,120001,4,57,,0,172,11008,624.86484273274743,convergence
ext-w1,1,120001,4,58,,0,164,10496,620.84068171183264,convergence
ext-w1,1,120001,4,59,,0,127,8128,624.8666877746582,convergence
ext-w1,1,120001,4,60,,0,134,8576,625.39735158284509,convergence
ext-w1,1,120001,4,61,,0,131,8384,624.86371358235681,convergence
ext-w1,1,120001,4,62,,0,203,12992,625.37300364176429,convergence
ext-w1,1,120001,4,63,,0,149,9536,624.86437098185218,convergence
ext-w1,1,120001,4,64,,0,165,10560,632.24844487508142,convergence
ext-w1,1,120001,4,65,,0,159,10176,620.81625620524085,convergence
ext-w1,1,120001,4,66,,0,147,9408,620.79498926798499,convergence
ext-w1,1,120001,4,67,,0,150,9600,620.81417083740234,convergence
ext-w1,1,120001,4,68,,0,150,9600,625.39735158284509,convergence
ext-w1,1,120001,4,69,,0,150,9600,620.83705647786462,convergence
ext-w1,1,120001,4,70,,0,138,8832,632.80479176839196,convergence
ext-w1,1,120001,4,71,,0,137,8768,624.87210591634118,convergence
ext-w1,1,120001,4,72,,0,194,12416,624.86354446411133,convergence
ext-w1,1,120001,4,73,,0,168,10752,624.86690394083655,convergence
ext-w1,1,120001,4,74,,0,136,8704,620.79498926798499,convergence
ext-w1,1,120001,4,75,,0,179,11456,632.66569646199548,convergence
ext-w1,1,120001,4,76,,0,148,9472,620.85656865437829,convergence
ext-w1,1,120001,4,77,,0,143,9152,624.86415990193689,convergence
ext-w1,1,120001,4,78,,0,137,8768,624.86833063761389,convergence
ext-w1,1,120001,5,0,,0,159,10176,606.8141873677572,convergence
ext-w1,1,120001,5,1,,0,134,8576,615.86556498209632,convergence
ext-w1,1,120001,5,2,,0,142,9088,615.3410758972168,convergence
ext-w1,1,120001,5,3,,0,126,8064,606.80611673990882,convergence
ext-w1,1,120001,5,4,,0,121,7744,606.81686019897461,convergence
ext-w1,1,120001,5,5,,0,129,8256,606.83034769694007,convergence
ext-w1,1,120001,5,6,,0,124,7936,609.9533907572428,convergence
ext-w1,1,120001,5,7,,0,125,8000,606.81592051188147,convergence
ext-w1,1,120001,5,8,,0,166,10624,606.81700770060218,convergence
ext-w1,1,120001,5,9,,0,142,9088,613.48109181722009,convergence
ext-w1,1,120001,5,10,,0,137,8768,615.14825439453125,convergence
ext-w1,1,120001,5,11,,0,169,10816,606.79217274983728,convergence
ext-w1,1,120001,5,12,,0,137,8768,614.02350234985352,convergence
ext-w1,1,120001,5,13,,0,117,7488,606.8200569152832,convergence
ext-w1,1,120001,5,14,,0,129,8256,606.81610616048181,convergence
ext-w1,1,120001,5,15,,0,133,8512,606.82122929890954,convergence
ext-w1,1,120001,5,16,,0,129,8256,606.80944697062171,convergence
ext-w1,1,120001,5,17,,0,147,9408,606.7936121622721,convergence
ext-w1,1,120001,5,18,,0,123,7872,606.81754302978516,convergence
ext-w1,1,120001,5,19,,0,148,9472,609.09479141235352,convergence
ext-w1,1,120001,5,20,,0,163,10432,606.81068674723304,convergence
ext-w1,1,120001,5,21,,0,181,11584,606.81068674723304,convergence
ext-w1,1,120001,5,22,,0,137,8768,613.69064458211267,convergence
ext-w1,1,120001,5,23,,0,131,8384,606.81596120198571,convergence
ext-w1,1,120001,5,24,,0,155,9920,617.60584004720056,convergence
ext-w1,1,120001,5,25,,0,173,11072,606.81068674723304,convergence
ext-w1,1,120001,5,26,,0,136,8704,606.81779098510742,convergence
ext-w1,1,120001,5,27,,0,154,9856,614.90178171793616,convergence
ext-w1,1,120001,5,28,,0,134,8576,615.33848826090491,convergence
ext-w1,1,120001,5,29,,0,145,9280,606.81491851806641,convergence
ext-w1,1,120001,5,30,,0,141,9024,606.82275009155273,convergence
ext-w1,1,120001,5,31,,0,177,11328,615.94118245442712,convergence
ext-w1,1,120001,5,32,,0,134,8576,615.34705225626624,convergence
ext-w1,1,120001,5,33,,0,139,8896,615.01272328694665,convergence
ext-w1,1,120001,5,34,,0,146,9344,615.33848826090491,convergence
ext-w1,1,120001,5,35,,0,136,8704,606.8171501159668,convergence
ext-w1,1,120001,5,36,,0,137,8768,606.81457265218103,convergence
ext-w1,1,120001,5,37,,0,171,10944,613.95332972208655,convergence
ext-w1,1,120001,5,38,,0,150,9600,606.81752522786462,convergence
ext-w1,1,120001,5,39,,0,126,8064,606.81818898518884,convergence
ext-w1,1,120001,5,40,,0,190,12160,606.81250127156579,convergence
ext-w1,1,120001,5,41,,0,145,9280,606.81592051188147,convergence
ext-w1,1,120001,5,42,,0,173,11072,606.79923884073889,convergence
ext-w1,1,120001,5,43,,0,133,8512,606.81592051188147,convergence
ext-w1,1,120001,5,44,,0,121,7744,606.820810953776,convergence
ext-w1,1,120001,5,45,,0,118,7552,606.81776936848962,convergence
ext-w1,1,120001,5,46,,0,156,9984,615.95871734619141,convergence
ext-w1,1,120001,5,47,,0,131,8384,606.81592051188147,convergence
ext-w1,1,120001,5,48,,0,167,10688,614.98201115926111,convergence
ext-w1,1,120001,5,49,,0,110,7040,606.81735483805335,convergence
ext-w1,1,120001,5,50,,0,141,9024,606.81491851806641,convergence
ext-w1,1,120001,5,51,,0,143,9152,606.82161204020179,convergence
ext-w1,1,120001,5,52,,0,128,8192,606.81633504231775,convergence
ext-w1,1,120001,5,53,,0,147,9408,606.81250127156579,convergence
ext-w1,1,120001,5,54,,0,124,7936,606.81491851806641,convergence
ext-w1,1,120001,5,55,,0,205,13120,616.14643224080407,convergence
ext-w1,1,120001,5,56,,0,164,10496,606.81321843465173,convergence
ext-w1,1,120001,5,57,,0,157,10048,606.81068674723304,convergence
ext-w1,1,120001,5,58,,0,123,7872,606.81592051188147,convergence
ext-w1,1,120001,5,59,,0,194,12416,606.8171501159668,convergence
ext-w1,1,120001,5,60,,0,127,8128,606.81600824991858,convergence
ext-w1,1,120001,5,61,,0,141,9024,606.81754302978516,convergence
ext-w1,1,120001,5,62,,0,165,10560,606.81068674723304,convergence
ext-w1,1,120001,5,63,,0,169,10816,615.34073638916016,convergence
ext-w1,1,120001,5,64,,0,125,8000,606.81592051188147,convergence
ext-w1,1,120001,5,65,,0,130,8320,606.81694412231445,convergence
ext-w1,1,120001,5,66,,0,135,8640,606.81321843465173,convergence
ext-w1,1,120001,5,67,,0,116,7424,606.81423568725586,convergence
ext-w1,1,120001,5,68,,0,164,10496,606.81491851806641,convergence
ext-w1,1,120001,5,69,,0,136,8704,615.96355565389001,convergence
ext-w1,1,120001,5,70,,0,111,7104,606.81969451904297,convergence
ext-w1,1,120001,5,71,,0,133,8512,606.81897608439124,convergence
ext-w1,1,120001,5,72,,0,153,9792,606.81596120198571,convergence
ext-w1,1,120001,5,73,,0,142,9088,615.89409764607751,convergence
ext-w1,1,120001,5,74,,0,118,7552,606.81424713134766,convergence
ext-w1,1,120001,5,75,,0,152,9728,606.82072575887048,convergence
ext-w1,1,120001,5,76,,0,131,8384,615.86556498209632,convergence
ext-w1,1,120001,5,77,,0,120,7680,606.81775792439782,convergence
ext-w1,1,120001,5,78,,0,134,8576,617.39754231770837,convergence
ext-w1,1,120001,5,79,,0,149,9536,615.35153579711914,convergence
ext-w1,1,120001,5,80,,0,152,9728,606.81321843465173,convergence
ext-w1,1,120001,5,81,,0,172,11008,606.81068674723304,convergence
ext-w1,1,120001,5,82,,0,157,10048,606.79923884073889,convergence
ext-w1,1,120001,5,83,,0,145,9280,606.81592051188147,convergence
ext-w1,1,120001,5,84,,0,143,9152,606.82161204020179,convergence
ext-w1,1,120001,6,0,,0,124,7936,597.47203063964844,convergence
ext-w1,1,120001,6,1,,0,170,10880,601.75861612955725,convergence
ext-w1,1,120001,6,2,,0,164,10496,603.44484329223633,convergence
ext-w1,1,120001,6,3,,0,156,9984,600.72197977701819,convergence
ext-w1,1,120001,6,4,,0,134,8576,595.11385345458984,convergence
ext-w1,1,120001,6,5,,0,140,8960,601.34261194864905,convergence
ext-w1,1,120001,6,6,,0,146,9344,601.78584162394202,convergence
ext-w1,1,120001,6,7,,0,151,9664,601.13271077473962,convergence
ext-w1,1,120001,6,8,,0,132,8448,595.11385345458984,convergence
ext-w1,1,120001,6,9,,0,164,10496,600.67541885375977,convergence
ext-w1,1,120001,6,10,,0,123,7872,595.11385345458984,convergence
ext-w1,1,120001,6,11,,0,158,10112,595.11385345458984,convergence
ext-w1,1,120001,6,12,,0,144,9216,595.11385345458984,convergence
ext-w1,1,120001,6,13,,0,133,8512,595.11385345458984,convergence
ext-w1,1,120001,6,14,,0,142,9088,601.81270599365234,convergence
ext-w1,1,120001,6,15,,0,166,10624,601.73800913492835,convergence
ext-w1,1,120001,6,16,,0,155,9920,595.1003087361654,convergence
ext-w1,1,120001,6,17,,0,166,10624,588.20534515380859,convergence
ext-w1,1,120001,6,18,,0,180,11520,600.73181533813477,convergence
ext-w1,1,120001,6,19,,0,203,12992,601.70223999023438,convergence
ext-w1,1,120001,6,20,,0,131,8384,595.09974924723304,convergence
ext-w1,1,120001,6,21,,0,138,8832,601.3451029459635,convergence
ext-w1,1,120001,6,22,,0,111,7104,597.47203063964844,convergence
ext-w1,1,120001,6,23,,0,174,11136,601.73800913492835,convergence
ext-w1,1,120001,6,24,,0,123,7872,601.36161931355798,convergence
ext-w1,1,120001,6,25,,0,157,10048,601.74265162150061,convergence
ext-w1,1,120001,6,26,,0,173,11072,600.72197977701819,convergence
ext-w1,1,120001,6,27,,0,151,9664,603.2091954549154,convergence
ext-w1,1,120001,6,28,,0,163,10432,600.33383941650391,convergence
ext-w1,1,120001,6,29,,0,167,10688,598.610829671224,convergence
ext-w1,1,120001,6,30,,0,152,9728,595.11422093709314,convergence
ext-w1,1,120001,6,31,,0,144,9216,601.34569549560547,convergence
ext-w1,1,120001,6,32,,0,164,10496,588.20812098185218,convergence
ext-w1,1,120001,6,33,,0,155,9920,602.88630040486657,convergence
ext-w1,1,120001,6,34,,0,155,9920,601.34569549560547,convergence
ext-w1,1,120001,6,35,,0,153,9792,592.70277659098304,convergence
ext-w1,1,120001,6,36,,0,119,7616,595.11385345458984,convergence
ext-w1,1,120001,6,37,,0,175,11200,600.72489547729492,convergence
ext-w1,1,120001,6,38,,0,136,8704,595.11385345458984,convergence
ext-w1,1,120001,6,39,,0,166,10624,601.74379221598304,convergence
ext-w1,1,120001,6,40,,0,179,11456,601.93982187906897,convergence
ext-w1,1,120001,6,41,,0,151,9664,592.70277659098304,convergence
ext-w1,1,120001,6,42,,0,139,8896,601.3448600769043,convergence
ext-w1,1,120001,6,43,,0,154,9856,601.60625203450525,convergence
ext-w1,1,120001,6,44,,0,148,9472,596.86344019571936,convergence
ext-w1,1,120001,6,45,,0,171,10944,601.34261194864905,convergence
ext-w1,1,120001,6,46,,0,208,13312,601.72285588582361,convergence
ext-w1,1,120001,6,47,,0,164,10496,601.94067764282227,convergence
ext-w1,1,120001,6,48,,0,169,10816,601.70223999023438,convergence
ext-w1,1,120001,6,49,,0,176,11264,601.77170435587561,convergence
ext-w1,1,120001,6,50,,0,195,12480,600.82086944580078,convergence
ext-w1,1,120001,6,51,,0,157,10048,601.88443756103516,convergence
ext-w1,1,120001,6,52,,0,169,10816,601.95752080281579,convergence
ext-w1,1,120001,6,53,,0,156,9984,601.9591280619303,convergence
ext-w1,1,120001,6,54,,0,132,8448,601.34569549560547,convergence
ext-w1,1,120001,6,55,,0,141,9024,601.73772048950195,convergence
ext-w1,1,120001,6,56,,0,167,10688,601.7701517740885,convergence
ext-w1,1,120001,6,57,,0,172,11008,601.73800913492835,convergence
ext-w1,1,120001,6,58,,0,120,7680,601.36176681518555,convergence
ext-w1,1,120001,6,59,,0,121,7744,595.11385345458984,convergence
ext-w1,1,120001,6,60,,0,117,7488,597.47203063964844,convergence
ext-w1,1,120001,6,61,,0,131,8384,595.11385345458984,convergence
ext-w1,1,120001,6,62,,0,155,9920,600.35925928751624,convergence
ext-w1,1,120001,6,63,,0,144,9216,601.34569549560547,convergence
ext-w1,1,120001,6,64,,0,175,11200,600.72248840332031,convergence
ext-w1,1,120001,6,65,,0,184,11776,601.67493438720703,convergence
ext-w1,1,120001,6,66,,0,157,10048,601.34460067749023,convergence
ext-w1,1,120001,6,67,,0,142,9088,603.75876235961914,convergence
ext-w1,1,120001,6,68,,0,139,8896,601.73297882080078,convergence
ext-w1,1,120001,6,69,,0,143,9152,601.35279973347986,convergence
ext-w1,1,120001,6,70,,0,132,8448,601.34460067749023,convergence
ext-w1,1,120001,6,71,,0,145,9280,588.20857747395837,convergence
ext-w1,1,120001,6,72,,0,175,11200,600.72197977701819,convergence
ext-w1,1,120001,6,73,,0,191,12224,600.72312037150061,convergence
ext-w1,1,120001,6,74,,0,136,8704,595.11385345458984,convergence
ext-w1,1,120001,6,75,,0,133,8512,601.34472147623694,convergence
ext-w1,1,120001,6,76,,0,161,10304,603.37920761108398,convergence
ext-w1,1,120001,6,77,,0,162,10368,600.33297093709314,convergence
ext-w1,1,120001,6,78,,0,145,9280,602.15006256103516,convergence
ext-w1,1,120001,7,0,,0,174,11136,583.35292307535804,convergence
ext-w1,1,120001,7,1,,0,111,7104,582.15019989013672,convergence
ext-w1,1,120001,7,2,,0,180,11520,583.35529581705725,convergence
ext-w1,1,120001,7,3,,0,141,9024,582.75803248087561,convergence
ext-w1,1,120001,7,4,,0,123,7872,585.19882329305017,convergence
ext-w1,1,120001,7,5,,0,100,6400,578.88520304361975,convergence
ext-w1,1,120001,7,6,,0,129,8256,576.51222229003906,convergence
ext-w1,1,120001,7,7,,0,146,9344,583.50737508138025,convergence
ext-w1,1,120001,7,8,,0,153,9792,583.1461512247721,convergence
ext-w1,1,120001,7,9,,0,161,10304,582.35704676310218,convergence
ext-w1,1,120001,7,10,,0,147,9408,581.74436060587561,convergence
ext-w1,1,120001,7,11,,0,142,9088,579.97812271118164,convergence
ext-w1,1,120001,7,12,,0,183,11712,582.4478874206543,convergence
ext-w1,1,120001,7,13,,0,153,9792,583.11278406778968,convergence
ext-w1,1,120001,7,14,,0,133,8512,582.75578435262048,convergence
ext-w1,1,120001,7,15,,0,151,9664,582.75578435262048,convergence
ext-w1,1,120001,7,16,,0,171,10944,583.50823847452796,convergence
ext-w1,1,120001,7,17,,0,146,9344,582.75886789957679,convergence
ext-w1,1,120001,7,18,,0,142,9088,576.52702585856116,convergence
ext-w1,1,120001,7,19,,0,152,9728,584.86561965942383,convergence
ext-w1,1,120001,7,20,,0,143,9152,576.52702585856116,convergence
ext-w1,1,120001,7,21,,0,149,9536,583.18645350138343,convergence
ext-w1,1,120001,7,22,,0,134,8576,582.77178319295251,convergence
ext-w1,1,120001,7,23,,0,140,8960,576.51208750406897,convergence
ext-w1,1,120001,7,24,,0,169,10816,579.24432627360022,convergence
ext-w1,1,120001,7,25,,0,140,8960,582.75886789957679,convergence
ext-w1,1,120001,7,26,,0,141,9024,583.50647354125977,convergence
ext-w1,1,120001,7,27,,0,191,12224,583.18487675984704,convergence
ext-w1,1,120001,7,28,,0,121,7744,582.77167510986328,convergence
ext-w1,1,120001,7,29,,0,169,10816,583.50656509399414,convergence
ext-w1,1,120001,7,30,,0,142,9088,583.50665156046546,convergence
ext-w1,1,120001,7,31,,0,131,8384,584.45250829060876,convergence
ext-w1,1,120001,7,32,,0,132,8448,582.77558771769202,convergence
ext-w1,1,120001,7,33,,0,152,9728,582.13293329874671,convergence
ext-w1,1,120001,7,34,,0,197,12608,582.95938618977868,convergence
ext-w1,1,120001,7,35,,0,163,10432,583.50937271118164,convergence
ext-w1,1,120001,7,36,,0,126,8064,583.50737508138025,convergence
ext-w1,1,120001,7,37,,0,138,8832,583.18039703369141,convergence
ext-w1,1,120001,7,38,,0,131,8384,582.75886789957679,convergence
ext-w1,1,120001,7,39,,0,120,7680,582.75803248087561,convergence
ext-w1,1,120001,7,40,,0,190,12160,583.5094998677572,convergence
ext-w1,1,120001,7,41,,0,139,8896,582.75803248087561,convergence
ext-w1,1,120001,7,42,,0,155,9920,582.13293329874671,convergence
ext-w1,1,120001,7,43,,0,144,9216,583.51045354207361,convergence
ext-w1,1,120001,7,44,,0,139,8896,585.17207082112634,convergence
ext-w1,1,120001,7,45,,0,175,11200,583.50733057657874,convergence
ext-w1,1,120001,7,46,,0,128,8192,582.75856781005859,convergence
ext-w1,1,120001,7,47,,0,115,7360,583.50748825073242,convergence
ext-w1,1,120001,7,48,,0,174,11136,583.50999196370446,convergence
ext-w1,1,120001,7,49,,0,151,9664,583.15582402547204,convergence
ext-w1,1,120001,7,50,,0,159,10176,582.13293329874671,convergence
ext-w1,1,120001,7,51,,0,144,9216,584.99934132893884,convergence
ext-w1,1,120001,7,52,,0,139,8896,576.52702585856116,convergence
ext-w1,1,120001,7,53,,0,154,9856,583.17295074462891,convergence
ext-w1,1,120001,7,54,,0,159,10176,583.50830078125,convergence
ext-w1,1,120001,7,55,,0,158,10112,583.12487284342444,convergence
ext-w1,1,120001,7,56,,0,148,9472,583.1461512247721,convergence
ext-w1,1,120001,7,57,,0,173,11072,582.13293329874671,convergence
ext-w1,1,120001,7,58,,0,134,8576,582.75886789957679,convergence
ext-w1,1,120001,7,59,,0,134,8576,576.51430257161462,convergence
ext-w1,1,120001,7,60,,0,130,8320,576.52702585856116,convergence
ext-w1,1,120001,7,61,,0,149,9536,582.75886789957679,convergence
ext-w1,1,120001,7,62,,0,151,9664,582.75768280029297,convergence
ext-w1,1,120001,7,63,,0,171,10944,582.13293329874671,convergence
ext-w1,1,120001,7,64,,0,155,9920,584.82367706298828,convergence
ext-w1,1,120001,7,65,,0,153,9792,583.50748062133789,convergence
ext-w1,1,120001,7,66,,0,141,9024,583.50665156046546,convergence
ext-w1,1,120001,7,67,,0,172,11008,582.13389841715491,convergence
ext-w1,1,120001,7,68,,0,130,8320,585.17212549845374,convergence
ext-w1,1,120001,7,69,,0,106,6784,578.88520304361975,convergence
ext-w1,1,120001,7,70,,0,170,10880,583.11541239420569,convergence
ext-w1,1,120001,7,71,,0,121,7744,576.52818044026696,convergence
ext-w1,1,120001,7,72,,0,180,11520,582.13293329874671,convergence
ext-w1,1,120001,7,73,,0,145,9280,585.1492805480957,convergence
ext-w1,1,120001,7,74,,0,139,8896,582.76817067464196,convergence
ext-w1,1,120001,7,75,,0,152,9728,583.15350468953454,convergence
ext-w1,1,120001,7,76,,0,143,9152,576.51222229003906,convergence
ext-w1,1,120001,7,77,,0,193,12352,582.13293329874671,convergence
ext-w1,1,120001,7,78,,0,134,8576,578.88520304361975,convergence
ext-w1,1,120001,7,79,,0,173,11072,582.13293329874671,convergence
ext-w1,1,120001,7,80,,0,113,7232,576.52702585856116,convergence
ext-w1,1,120001,7,81,,0,144,9216,582.75578435262048,convergence
cold-w16,1,120001,0,0,,0,3350,214400,859.31874338785804,convergence
cold-w16,1,120001,0,1,,0,3129,200256,1244.7963205973308,convergence
cold-w16,1,120001,0,2,,0,2878,184192,1085.7434476216633,convergence
cold-w16,1,120001,0,3,,0,3228,206592,1119.6654281616211,convergence
cold-w16,1,120001,0,4,,0,3132,200448,893.53771209716797,convergence
cold-w16,1,120001,0,5,,0,2998,191872,888.82789357503259,convergence
cold-w16,1,120001,0,6,,0,3362,215168,751.42890930175781,convergence
cold-w16,1,120001,0,7,,0,3326,212864,764.16817220052087,convergence
cold-w16,1,120001,0,8,,0,3690,236160,782.43723678588867,convergence
cold-w16,1,120001,0,9,,0,3055,195520,874.41136296590173,convergence
cold-w16,1,120001,0,10,,0,2599,166336,905.99793370564782,convergence
cold-w16,1,120001,0,11,,0,4537,290368,824.01274490356445,convergence
cold-w16,1,120001,0,12,,0,3603,230592,876.70587285359704,convergence
cold-w16,1,120001,0,13,,0,3455,221120,844.16679636637366,convergence
cold-w16,1,120001,0,14,,0,3523,225472,902.85966618855798,convergence
cold-w16,1,120001,0,15,,0,3548,227072,760.65155283610022,convergence
cold-w16,1,120001,0,16,,0,3314,212096,824.65717315673828,convergence
cold-w16,1,120001,0,17,,0,3354,214656,875.1826171875,convergence
cold-w16,1,120001,0,18,,0,3924,251136,862.03632227579749,convergence
cold-w16,1,120001,0,19,,0,3316,212224,730.50220235188806,convergence
cold-w16,1,120001,0,20,,0,3417,218688,789.36661783854163,convergence
cold-w16,1,120001,0,21,,0,3575,228800,889.97822189331055,convergence
cold-w16,1,120001,0,22,,0,2641,169024,844.51354090372718,convergence
cold-w16,1,120001,0,23,,0,3016,193024,1067.7918128967285,convergence
cold-w16,1,120001,0,24,,0,2384,152576,940.2991727193197,convergence
cold-w16,1,120001,0,25,,0,3649,233536,879.90585835774743,convergence
cold-w16,1,120001,0,26,,0,3165,202560,793.88073094685876,convergence
cold-w16,1,120001,0,27,,0,3094,198016,1007.3219553629557,convergence
cold-w16,1,120001,0,28,,0,3570,228480,862.67251968383789,convergence
cold-w16,1,120001,0,29,,0,2816,180224,850.96041870117188,convergence
ext-w8,2,120002,0,0,,0,1568,100352,663.54696655273438,convergence
ext-w8,2,120002,0,1,,0,1283,82112,661.30492528279626,convergence
ext-w8,2,120002,0,2,,0,1992,127488,682.657948811849,convergence
ext-w8,2,120002,0,3,,0,1820,116480,655.28586324055993,convergence
ext-w8,2,120002,0,4,,0,1439,92096,642.49074554443359,convergence
ext-w8,2,120002,0,5,,0,1338,85632,672.98898188273108,convergence
ext-w8,2,120002,0,6,,0,1717,109888,686.19839223225915,convergence
ext-w8,2,120002,0,7,,0,1180,75520,660.63341776529944,convergence
ext-w8,2,120002,0,8,,0,1166,74624,653.78843943277991,convergence
ext-w8,2,120002,0,9,,0,4670,298880,639.42777887980139,convergence
ext-w8,2,120002,0,10,,0,1389,88896,637.45969136555993,convergence
ext-w8,2,120002,0,11,,0,1622,103808,627.87652333577478,convergence
ext-w8,2,120002,0,12,,0,1298,83072,602.62120056152344,convergence
ext-w8,2,120002,0,13,,0,5080,325120,655.98368835449219,completed
ext-w8,2,120002,0,14,,0,1311,83904,667.48356119791663,convergence
ext-w8,2,120002,0,15,,0,1124,71936,666.61058298746741,convergence
ext-w8,2,120002,0,16,,0,3181,203584,654.28528213500977,convergence
ext-w8,2,120002,0,17,,0,1531,97984,645.01591364542639,convergence
ext-w8,2,120002,0,18,,0,1511,96704,655.3637479146322,convergence
ext-w8,2,120002,0,19,,0,1439,92096,655.28629175821936,convergence
ext-w8,2,120002,0,20,,0,1275,81600,664.36692810058594,convergence
ext-w8,2,120002,0,21,,0,1838,117632,661.17915598551429,convergence
ext-w8,2,120002,0,22,,0,1384,88576,641.38533528645837,convergence
ext-w8,2,120002,0,23,,0,1430,91520,678.884521484375,convergence
ext-w8,2,120002,0,24,,0,1414,90496,692.36430994669593,convergence
ext-w8,2,120002,0,25,,0,5080,325120,661.96804428100586,completed
ext-w8,2,120002,0,26,,0,3290,210560,653.79385757446289,convergence
ext-w8,2,120002,0,27,,0,1399,89536,628.55841954549157,convergence
ext-w8,2,120002,0,28,,0,1302,83328,650.00009282430017,convergence
ext-w8,2,120002,0,29,,0,1437,91968,662.17154057820642,convergence
ext-w8,2,120002,0,30,,0,1169,74816,640.36213175455725,convergence
ext-w8,2,120002,0,31,,0,1438,92032,656.1677029927572,convergence
ext-w8,2,120002,0,32,,0,1451,92864,626.46716817220056,convergence
ext-w8,2,120002,0,33,,0,1541,98624,645.50857543945312,convergence
ext-w8,2,120002,0,34,,0,1351,86464,684.55369440714514,convergence
ext-w8,2,120002,0,35,,0,1131,72384,653.32497533162439,convergence
ext-w8,2,120002,0,36,,0,1480,94720,668.71698125203454,convergence
ext-w8,2,120002,0,37,,0,1507,96448,665.19235102335608,convergence
ext-w8,2,120002,0,38,,0,1278,81792,609.19824091593421,convergence
ext-w8,2,120002,0,39,,0,1354,86656,653.25650405883789,convergence
ext-w8,2,120002,0,40,,0,1296,82944,663.48145802815759,convergence
ext-w8,2,120002,0,41,,0,1387,88768,621.65632120768225,convergence
ext-w8,2,120002,0,42,,0,1627,104128,665.8476778666178,convergence
ext-w8,2,120002,0,43,,0,1493,95552,677.55757395426429,convergence
ext-w8,2,120002,0,44,,0,1410,90240,686.35843276977539,convergence
ext-w8,2,120002,0,45,,0,1326,84864,683.53924433390296,convergence
ext-w8,2,120002,0,46,,0,1322,84608,650.73367691040039,convergence
ext-w8,2,120002,0,47,,0,1762,112768,626.83425776163733,convergence
ext-w8,2,120002,0,48,,0,1280,81920,656.51942825317383,convergence
ext-w8,2,120002,0,49,,0,1340,85760,665.88734181722009,convergence
ext-w8,2,120002,0,50,,0,1123,71872,663.64147567749023,convergence
ext-w8,2,120002,0,51,,0,1672,107008,671.2314669291178,convergence
ext-w8,2,120002,0,52,,0,1417,90688,627.79310989379883,convergence
ext-w8,2,120002,0,53,,0,1751,112064,672.0629768371582,convergence
ext-w8,2,120002,0,54,,0,3552,227328,644.43031183878577,convergence
ext-w8,2,120002,0,55,,0,1421,90944,649.4395535786947,convergence
ext-w8,2,120002,0,56,,0,1621,103744,663.84882354736328,convergence
ext-w4,2,120002,0,0,,0,522,33408,677.64401499430335,convergence
ext-w4,2,120002,0,1,,0,836,53504,662.15751266479492,convergence
ext-w4,2,120002,0,2,,0,745,47680,670.79180018107093,convergence
ext-w4,2,120002,0,3,,0,589,37696,672.09721755981445,convergence
ext-w4,2,120002,0,4,,0,589,37696,674.66428756713867,convergence
ext-w4,2,120002,0,5,,0,624,39936,660.1136360168457,convergence
ext-w4,2,120002,0,6,,0,522,33408,670.28686141967773,convergence
ext-w4,2,120002,0,7,,0,750,48000,685.47434997558594,convergence
ext-w4,2,120002,0,8,,0,573,36672,672.9408963521322,convergence
ext-w4,2,120002,0,9,,0,710,45440,670.10264205932617,convergence
ext-w4,2,120002,0,10,,0,704,45056,669.92999140421546,convergence
ext-w4,2,120002,0,11,,0,620,39680,671.15177154541016,convergence
ext-w4,2,120002,0,12,,0,646,41344,665.13068898518884,convergence
ext-w4,2,120002,0,13,,0,604,38656,670.83423233032227,convergence
ext-w4,2,120002,0,14,,0,719,46016,671.83537165323889,convergence
ext-w4,2,120002,0,15,,0,659,42176,667.44308980305993,convergence
ext-w4,2,120002,0,16,,0,637,40768,676.19910303751624,convergence
ext-w4,2,120002,0,17,,0,770,49280,702.44937642415368,convergence
ext-w4,2,120002,0,18,,0,540,34560,660.14220809936523,convergence
ext-w4,2,120002,0,19,,0,702,44928,684.745595296224,convergence
ext-w4,2,120002,0,20,,0,631,40384,656.08906046549475,convergence
ext-w4,2,120002,0,21,,0,606,38784,672.16974894205725,convergence
ext-w4,2,120002,0,22,,0,825,52800,685.72321192423499,convergence
ext-w4,2,120002,0,23,,0,673,43072,666.90117009480798,convergence
ext-w4,2,120002,0,24,,0,606,38784,687.86726633707679,convergence
ext-w4,2,120002,0,25,,0,765,48960,672.77202097574866,convergence
ext-w4,2,120002,0,26,,0,633,40512,674.66961797078454,convergence
ext-w4,2,120002,0,27,,0,745,47680,663.10497156778968,convergence
ext-w4,2,120002,0,28,,0,622,39808,670.28675079345703,convergence
ext-w4,2,120002,0,29,,0,712,45568,689.19160842895508,convergence
ext-w4,2,120002,0,30,,0,1107,70848,687.59513219197595,convergence
ext-w4,2,120002,0,31,,0,766,49024,680.10354359944665,convergence
ext-w4,2,120002,0,32,,0,707,45248,693.65302149454749,convergence
ext-w4,2,120002,0,33,,0,705,45120,668.39140319824219,convergence
ext-w4,2,120002,0,34,,0,601,38464,684.15986251831055,convergence
ext-w4,2,120002,0,35,,0,646,41344,653.08100255330407,convergence
ext-w4,2,120002,0,36,,0,773,49472,672.57759348551429,convergence
ext-w4,2,120002,0,37,,0,606,38784,670.28815460205078,convergence
ext-w4,2,120002,0,38,,0,740,47360,652.46136347452796,convergence
ext-w4,2,120002,0,39,,0,635,40640,668.53818130493164,convergence
ext-w4,2,120002,0,40,,0,617,39488,653.42947514851892,convergence
ext-w4,2,120002,0,41,,0,721,46144,672.16115315755212,convergence
ext-w4,2,120002,0,42,,0,772,49408,666.85527038574219,convergence
ext-w4,2,120002,0,43,,0,649,41536,669.9209098815918,convergence
ext-w4,2,120002,0,44,,0,586,37504,657.23251597086585,convergence
ext-w4,2,120002,0,45,,0,726,46464,670.25622685750329,convergence
ext-w4,2,120002,0,46,,0,665,42560,672.68962478637695,convergence
ext-w4,2,120002,0,47,,0,576,36864,657.8161837259928,convergence
ext-w4,2,120002,0,48,,0,657,42048,671.59306971232093,convergence
ext-w4,2,120002,0,49,,0,762,48768,672.46730804443359,convergence
ext-w4,2,120002,0,50,,0,577,36928,659.00144831339514,convergence
ext-w4,2,120002,0,51,,0,747,47808,670.59423192342126,convergence
ext-w4,2,120002,0,52,,0,798,51072,681.18135960896814,convergence
ext-w4,2,120002,0,53,,0,812,51968,672.45206324259436,convergence
ext-w4,2,120002,0,54,,0,612,39168,669.73451105753577,convergence
ext-w4,2,120002,0,55,,0,680,43520,671.01578648885095,convergence
ext-w4,2,120002,0,56,,0,685,43840,656.99411265055335,convergence
ext-w4,2,120002,0,57,,0,723,46272,674.60599136352539,convergence
ext-w4,2,120002,0,58,,0,605,38720,664.68865585327148,convergence
ext-w4,2,120002,0,59,,0,611,39104,669.45896657307946,convergence
ext-w4,2,120002,0,60,,0,637,40768,669.438242594401,convergence
ext-w4,2,120002,0,61,,0,667,42688,669.5302619934082,convergence
ext-w4,2,120002,0,62,,0,589,37696,672.89081446329749,convergence
ext-w4,2,120002,0,63,,0,740,47360,690.68951288859046,convergence
ext-w4,2,120002,0,64,,0,691,44224,674.5838724772135,convergence
ext-w4,2,120002,0,65,,0,616,39424,670.82246780395508,convergence
ext-w4,2,120002,0,66,,0,577,36928,674.54417037963867,convergence
ext-w4,2,120002,0,67,,0,831,53184,694.38709767659509,convergence
ext-w4,2,120002,0,68,,0,693,44352,655.8384005228678,convergence
ext-w4,2,120002,0,69,,0,490,31360,676.52081680297852,convergence
ext-w4,2,120002,0,70,,0,590,37760,671.7296142578125,convergence
ext-w4,2,120002,0,71,,0,625,40000,655.96564356485999,convergence
ext-w4,2,120002,1,0,,0,797,51008,634.93124643961585,convergence
ext-w4,2,120002,1,1,,0,646,41344,612.3196016947428,convergence
ext-w4,2,120002,1,2,,0,642,41088,640.53095881144202,convergence
ext-w4,2,120002,1,3,,0,1091,69824,625.71979395548499,convergence
ext-w4,2,120002,1,4,,0,905,57920,626.49613189697266,convergence
ext-w4,2,120002,1,5,,0,573,36672,617.80900573730469,convergence
ext-w4,2,120002,1,6,,0,670,42880,616.09294764200843,convergence
ext-w4,2,120002,1,7,,0,811,51904,614.81707636515296,convergence
ext-w4,2,120002,1,8,,0,1225,78400,601.03915023803711,convergence
ext-w4,2,120002,1,9,,0,643,41152,611.52952194213867,convergence
ext-w4,2,120002,1,10,,0,660,42240,622.80810038248694,convergence
ext-w4,2,120002,1,11,,0,959,61376,603.38086318969727,convergence
ext-w4,2,120002,1,12,,0,644,41216,629.29004287719727,convergence
ext-w4,2,120002,1,13,,0,662,42368,613.85662460327148,convergence
ext-w4,2,120002,1,14,,0,796,50944,624.94473775227868,convergence
ext-w4,2,120002,1,15,,0,675,43200,635.81256230672204,convergence
ext-w4,2,120002,1,16,,0,720,46080,608.50274912516272,convergence
ext-w4,2,120002,1,17,,0,608,38912,600.56353505452478,convergence
ext-w4,2,120002,1,18,,0,725,46400,611.09228006998694,convergence
ext-w4,2,120002,1,19,,0,687,43968,617.17034022013343,convergence
ext-w4,2,120002,1,20,,0,1067,68288,625.23658752441406,convergence
ext-w4,2,120002,1,21,,0,745,47680,634.57476425170898,convergence
ext-w4,2,120002,1,22,,0,638,40832,638.72295761108398,convergence
ext-w4,2,120002,1,23,,0,705,45120,620.97814687093103,convergence
ext-w4,2,120002,1,24,,0,612,39168,631.79830805460608,convergence
ext-w4,2,120002,1,25,,0,779,49856,613.981943766276,convergence
ext-w4,2,120002,1,26,,0,561,35904,632.15226491292321,convergence
ext-w4,2,120002,1,27,,0,873,55872,603.18733469645179,convergence
ext-w4,2,120002,1,28,,0,759,48576,626.38361740112305,convergence
ext-w4,2,120002,1,29,,0,673,43072,610.44878005981445,convergence
ext-w4,2,120002,1,30,,0,770,49280,603.99538930257165,convergence
ext-w4,2,120002,1,31,,0,724,46336,636.98702239990234,convergence
ext-w4,2,120002,1,32,,0,625,40000,615.59515253702796,convergence
ext-w4,2,120002,1,33,,0,1114,71296,629.61606470743811,convergence
ext-w4,2,120002,1,34,,0,740,47360,612.31855901082361,convergence
ext-w4,2,120002,1,35,,0,889,56896,630.70040384928382,convergence
ext-w4,2,120002,1,36,,0,697,44608,620.49477640787757,convergence
ext-w4,2,120002,1,37,,0,596,38144,626.87036641438806,convergence
ext-w4,2,120002,1,38,,0,744,47616,587.18650690714514,convergence
ext-w4,2,120002,1,39,,0,733,46912,610.54056803385413,convergence
ext-w4,2,120002,1,40,,0,867,55488,623.2241325378418,convergence
ext-w4,2,120002,1,41,,0,648,41472,626.67160797119141,convergence
ext-w4,2,120002,1,42,,0,1476,94464,614.35998662312829,convergence
ext-w4,2,120002,1,43,,0,635,40640,612.90853373209632,convergence
ext-w4,2,120002,1,44,,0,545,34880,636.84620539347327,convergence
ext-w4,2,120002,1,45,,0,524,33536,633.90037027994788,convergence
ext-w4,2,120002,1,46,,0,884,56576,612.09761047363281,convergence
ext-w4,2,120002,1,47,,0,744,47616,599.40952301025391,convergence
ext-w4,2,120002,1,48,,0,762,48768,623.5561307271322,convergence
ext-w4,2,120002,1,49,,0,1024,65536,602.3490206400553,convergence
ext-w4,2,120002,1,50,,0,765,48960,615.63136164347327,convergence
ext-w4,2,120002,1,51,,0,704,45056,634.25634129842126,convergence
ext-w4,2,120002,1,52,,0,659,42176,630.01806767781579,convergence
ext-w4,2,120002,1,53,,0,626,40064,614.74771753946936,convergence
ext-w4,2,120002,1,54,,0,751,48064,632.07036336263025,convergence
ext-w4,2,120002,1,55,,0,697,44608,604.72503534952796,convergence
ext-w4,2,120002,1,56,,0,808,51712,615.19657897949219,convergence
ext-w4,2,120002,1,57,,0,713,45632,616.61509450276696,convergence
ext-w4,2,120002,1,58,,0,932,59648,617.07342020670569,convergence
ext-w4,2,120002,1,59,,0,588,37632,613.40509160359704,convergence
ext-w4,2,120002,1,60,,0,598,38272,626.93277867635095,convergence
ext-w4,2,120002,1,61,,0,710,45440,623.42766952514648,convergence
ext-w4,2,120002,1,62,,0,668,42752,635.22593434651696,convergence
ext-w4,2,120002,1,63,,0,777,49728,600.58646901448571,convergence
ext-w2,2,120002,0,0,,0,280,17920,688.67130661010742,convergence
ext-w2,2,120002,0,1,,0,284,18176,695.59568277994788,convergence
ext-w2,2,120002,0,2,,0,322,20608,689.86390940348304,convergence
ext-w2,2,120002,0,3,,0,435,27840,692.31135304768884,convergence
ext-w2,2,120002,0,4,,0,291,18624,695.51142120361328,convergence
ext-w2,2,120002,0,5,,0,391,25024,694.46061070760095,convergence
ext-w2,2,120002,0,6,,0,385,24640,693.88393529256189,convergence
ext-w2,2,120002,0,7,,0,432,27648,682.10281880696618,convergence
ext-w2,2,120002,0,8,,0,325,20800,682.86201095581055,convergence
ext-w2,2,120002,0,9,,0,324,20736,695.0508918762207,convergence
ext-w2,2,120002,0,10,,0,249,15936,695.36134847005212,convergence
ext-w2,2,120002,0,11,,0,498,31872,688.79472223917639,convergence
ext-w2,2,120002,0,12,,0,306,19584,694.37824630737305,convergence
ext-w2,2,120002,0,13,,0,446,28544,700.29455439249671,convergence
ext-w2,2,120002,0,14,,0,354,22656,698.6884549458822,convergence
ext-w2,2,120002,0,15,,0,254,16256,692.10724767049157,convergence
ext-w2,2,120002,0,16,,0,307,19648,695.00824610392249,convergence
ext-w2,2,120002,0,17,,0,294,18816,687.09164555867517,convergence
ext-w2,2,120002,0,18,,0,270,17280,678.71113459269202,convergence
ext-w2,2,120002,0,19,,0,321,20544,689.15314865112305,convergence
ext-w2,2,120002,0,20,,0,310,19840,685.29616038004554,convergence
ext-w2,2,120002,0,21,,0,391,25024,682.88293075561523,convergence
ext-w2,2,120002,0,22,,0,325,20800,694.3609402974447,convergence
ext-w2,2,120002,0,23,,0,266,17024,694.36941146850586,convergence
ext-w2,2,120002,0,24,,0,280,17920,695.12309137980139,convergence
ext-w2,2,120002,0,25,,0,348,22272,700.30238469441736,convergence
ext-w2,2,120002,0,26,,0,320,20480,695.61861165364587,convergence
ext-w2,2,120002,0,27,,0,379,24256,694.45037587483728,convergence
ext-w2,2,120002,0,28,,0,298,19072,682.86878712972009,convergence
ext-w2,2,120002,0,29,,0,299,19136,692.07909901936853,convergence
ext-w2,2,120002,0,30,,0,242,15488,687.09398142496741,convergence
ext-w2,2,120002,0,31,,0,421,26944,704.21714528401696,convergence
ext-w2,2,120002,0,32,,0,234,14976,692.07631937662757,convergence
ext-w2,2,120002,0,33,,0,319,20416,693.8604952494303,convergence
ext-w2,2,120002,0,34,,0,369,23616,701.82559331258142,convergence
ext-w2,2,120002,0,35,,0,286,18304,692.072031656901,convergence
ext-w2,2,120002,0,36,,0,324,20736,700.03758239746094,convergence
ext-w2,2,120002,0,37,,0,338,21632,704.24768320719397,convergence
ext-w2,2,120002,0,38,,0,576,36864,694.70822143554688,convergence
ext-w2,2,120002,0,39,,0,298,19072,694.40280532836914,convergence
ext-w2,2,120002,0,40,,0,389,24896,705.46389389038086,convergence
ext-w2,2,120002,0,41,,0,320,20480,706.48807779947913,convergence
ext-w2,2,120002,0,42,,0,305,19520,694.97159830729163,convergence
ext-w2,2,120002,0,43,,0,292,18688,698.56491470336914,convergence
ext-w2,2,120002,0,44,,0,384,24576,695.59514617919922,convergence
ext-w2,2,120002,0,45,,0,374,23936,694.39385096232093,convergence
ext-w2,2,120002,0,46,,0,291,18624,695.33710988362634,convergence
ext-w2,2,120002,0,47,,0,372,23808,678.79307428995764,convergence
ext-w2,2,120002,0,48,,0,409,26176,705.10851287841797,convergence
ext-w2,2,120002,0,49,,0,369,23616,718.40447362264001,convergence
ext-w2,2,120002,0,50,,0,347,22208,694.38357925415039,convergence
ext-w2,2,120002,0,51,,0,376,24064,694.47889582316077,convergence
ext-w2,2,120002,0,52,,0,285,18240,695.01613108317054,convergence
ext-w2,2,120002,0,53,,0,260,16640,694.41348266601562,convergence
ext-w2,2,120002,0,54,,0,334,21376,689.90116882324219,convergence
ext-w2,2,120002,0,55,,0,327,20928,704.56716918945312,convergence
ext-w2,2,120002,0,56,,0,277,17728,706.14269256591797,convergence
ext-w2,2,120002,0,57,,0,280,17920,686.39558156331384,convergence
ext-w2,2,120002,0,58,,0,335,21440,694.39536794026696,convergence
ext-w2,2,120002,0,59,,0,351,22464,694.53445816040039,convergence
ext-w2,2,120002,0,60,,0,348,22272,687.83086776733398,convergence
ext-w2,2,120002,0,61,,0,237,15168,697.14206186930335,convergence
ext-w2,2,120002,0,62,,0,319,20416,694.36976496378577,convergence
ext-w2,2,120002,0,63,,0,396,25344,712.11706670125329,convergence
ext-w2,2,120002,0,64,,0,384,24576,706.53702418009436,convergence
ext-w2,2,120002,0,65,,0,284,18176,682.11103693644202,convergence
ext-w2,2,120002,0,66,,0,341,21824,677.69255193074548,convergence
ext-w2,2,120002,0,67,,0,334,21376,702.57643381754554,convergence
ext-w2,2,120002,0,68,,0,275,17600,704.53973642985022,convergence
ext-w2,2,120002,0,69,,0,306,19584,706.18142573038733,convergence
ext-w2,2,120002,0,70,,0,264,16896,687.10662968953454,convergence
ext-w2,2,120002,0,71,,0,249,15936,695.0258572896322,convergence
ext-w2,2,120002,0,72,,0,490,31360,694.62038167317712,convergence
ext-w2,2,120002,1,0,,0,373,23872,650.97547912597656,convergence
ext-w2,2,120002,1,1,,0,357,22848,635.86418406168616,convergence
ext-w2,2,120002,1,2,,0,391,25024,667.62487920125329,convergence
ext-w2,2,120002,1,3,,0,309,19776,647.96383158365882,convergence
ext-w2,2,120002,1,4,,0,332,21248,653.28635660807288,convergence
ext-w2,2,120002,1,5,,0,281,17984,635.8210779825846,convergence
ext-w2,2,120002,1,6,,0,340,21760,653.27174504597986,convergence
ext-w2,2,120002,1,7,,0,383,24512,650.54836654663086,convergence
ext-w2,2,120002,1,8,,0,369,23616,657.21658960978186,convergence
ext-w2,2,120002,1,9,,0,349,22336,657.74245834350586,convergence
ext-w2,2,120002,1,10,,0,270,17280,640.82706324259436,convergence
ext-w2,2,120002,1,11,,0,323,20672,653.25084813435876,convergence
ext-w2,2,120002,1,12,,0,274,17536,640.82435735066736,convergence
ext-w2,2,120002,1,13,,0,274,17536,664.37223815917969,convergence
ext-w2,2,120002,1,14,,0,282,18048,633.87777837117517,convergence
ext-w2,2,120002,1,15,,0,275,17600,667.56056722005212,convergence
ext-w2,2,120002,1,16,,0,354,22656,653.85345713297522,convergence
ext-w2,2,120002,1,17,,0,306,19584,657.58425903320312,convergence
ext-w2,2,120002,1,18,,0,312,19968,647.22359720865882,convergence
ext-w2,2,120002,1,19,,0,362,23168,635.92207209269202,convergence
ext-w2,2,120002,1,20,,0,356,22784,640.80376307169593,convergence
ext-w2,2,120002,1,21,,0,337,21568,648.59954071044922,convergence
ext-w2,2,120002,1,22,,0,306,19584,647.88343175252282,convergence
ext-w2,2,120002,1,23,,0,329,21056,667.71686808268225,convergence
ext-w2,2,120002,1,24,,0,357,22848,650.27411524454749,convergence
ext-w2,2,120002,1,25,,0,327,20928,646.86705652872718,convergence
ext-w2,2,120002,1,26,,0,310,19840,660.06687164306641,convergence
ext-w2,2,120002,1,27,,0,338,21632,649.10905965169275,convergence
ext-w2,2,120002,1,28,,0,306,19584,667.72527821858728,convergence
ext-w2,2,120002,1,29,,0,335,21440,635.8764533996582,convergence
ext-w2,2,120002,1,30,,0,313,20032,648.57770665486657,convergence
ext-w2,2,120002,1,31,,0,303,19392,648.59095509847009,convergence
ext-w2,2,120002,1,32,,0,385,24640,635.84600448608398,convergence
ext-w2,2,120002,1,33,,0,301,19264,640.82674789428711,convergence
ext-w2,2,120002,1,34,,0,357,22848,646.56217575073242,convergence
ext-w2,2,120002,1,35,,0,318,20352,654.81903966267907,convergence
ext-w2,2,120002,1,36,,0,398,25472,667.78771209716797,convergence
ext-w2,2,120002,1,37,,0,379,24256,659.56175359090173,convergence
ext-w2,2,120002,1,38,,0,348,22272,657.37958653767907,convergence
ext-w2,2,120002,1,39,,0,355,22720,648.54585011800134,convergence
ext-w2,2,120002,1,40,,0,334,21376,648.58232371012366,convergence
ext-w2,2,120002,1,41,,0,256,16384,668.76775487264001,convergence
ext-w2,2,120002,1,42,,0,460,29440,653.27659098307288,convergence
ext-w2,2,120002,1,43,,0,314,20096,633.91162109375,convergence
ext-w2,2,120002,1,44,,0,315,20160,654.81789143880212,convergence
ext-w2,2,120002,1,45,,0,301,19264,655.6293055216471,convergence
ext-w2,2,120002,1,46,,0,286,18304,647.60458628336585,convergence
ext-w2,2,120002,1,47,,0,323,20672,665.74281819661462,convergence
ext-w2,2,120002,1,48,,0,318,20352,660.39753341674805,convergence
ext-w2,2,120002,1,49,,0,319,20416,649.14218139648438,convergence
ext-w2,2,120002,1,50,,0,339,21696,666.15787887573242,convergence
ext-w2,2,120002,1,51,,0,333,21312,641.61727778116858,convergence
ext-w2,2,120002,1,52,,0,347,22208,663.51082992553711,convergence
ext-w2,2,120002,1,53,,0,369,23616,651.46626408894861,convergence
ext-w2,2,120002,1,54,,0,350,22400,668.27435302734375,convergence
ext-w2,2,120002,1,55,,0,299,19136,654.31056976318359,convergence
ext-w2,2,120002,1,56,,0,381,24384,660.94842783610022,convergence
ext-w2,2,120002,1,57,,0,306,19584,648.57631301879883,convergence
ext-w2,2,120002,1,58,,0,375,24000,650.30512619018555,convergence
ext-w2,2,120002,1,59,,0,284,18176,640.84188334147132,convergence
ext-w2,2,120002,1,60,,0,338,21632,657.19072341918945,convergence
ext-w2,2,120002,1,61,,0,357,22848,648.59335454305017,convergence
ext-w2,2,120002,1,62,,0,326,20864,650.60755157470703,convergence
ext-w2,2,120002,1,63,,0,312,19968,646.32732645670569,convergence
ext-w2,2,120002,1,64,,0,338,21632,635.90262858072913,convergence
ext-w2,2,120002,1,65,,0,321,20544,640.80717468261719,convergence
ext-w2,2,120002,1,66,,0,341,21824,663.7068761189779,convergence
ext-w2,2,120002,1,67,,0,317,20288,663.44729105631507,convergence
ext-w2,2,120002,1,68,,0,324,20736,633.86679458618164,convergence
ext-w2,2,120002,1,69,,0,370,23680,660.37949244181311,convergence
ext-w2,2,120002,1,70,,0,334,21376,653.28875732421875,convergence
ext-w2,2,120002,1,71,,0,326,20864,654.85552342732751,convergence
ext-w2,2,120002,1,72,,0,329,21056,655.25971603393555,convergence
ext-w2,2,120002,2,0,,0,259,16576,606.7591336568197,convergence
ext-w2,2,120002,2,1,,0,315,20160,606.75661468505859,convergence
ext-w2,2,120002,2,2,,0,328,20992,610.98530069986975,convergence
ext-w2,2,120002,2,3,,0,316,20224,604.74651463826501,convergence
ext-w2,2,120002,2,4,,0,327,20928,604.75091298421228,convergence
ext-w2,2,120002,2,5,,0,323,20672,627.56446584065759,convergence
ext-w2,2,120002,2,6,,0,336,21504,604.74160512288415,convergence
ext-w2,2,120002,2,7,,0,354,22656,611.95506540934241,convergence
ext-w2,2,120002,2,8,,0,349,22336,605.32961527506507,convergence
ext-w2,2,120002,2,9,,0,350,22400,613.36547724405921,convergence
ext-w2,2,120002,2,10,,0,337,21568,613.76584116617835,convergence
ext-w2,2,120002,2,11,,0,318,20352,605.33063379923499,convergence
ext-w2,2,120002,2,12,,0,347,22208,610.97005589803064,convergence
ext-w2,2,120002,2,13,,0,387,24768,624.07968902587891,convergence
ext-w2,2,120002,2,14,,0,369,23616,620.61681747436523,convergence
ext-w2,2,120002,2,15,,0,385,24640,626.18597030639648,convergence
ext-w2,2,120002,2,16,,0,334,21376,604.76615142822266,convergence
ext-w2,2,120002,2,17,,0,312,19968,606.73130544026696,convergence
ext-w2,2,120002,2,18,,0,371,23744,611.17387390136719,convergence
ext-w2,2,120002,2,19,,0,297,19008,611.98277282714844,convergence
ext-w2,2,120002,2,20,,0,458,29312,618.11102422078454,convergence
ext-w2,2,120002,2,21,,0,403,25792,618.47899881998694,convergence
ext-w2,2,120002,2,22,,0,413,26432,616.88353856404626,convergence
ext-w2,2,120002,2,23,,0,263,16832,616.40640258789062,convergence
ext-w2,2,120002,2,24,,0,333,21312,611.09243901570642,convergence
ext-w2,2,120002,2,25,,0,325,20800,604.74921035766602,convergence
ext-w2,2,120002,2,26,,0,423,27072,610.54520543416345,convergence
ext-w2,2,120002,2,27,,0,345,22080,611.01345825195312,convergence
ext-w2,2,120002,2,28,,0,359,22976,613.37643559773767,convergence
ext-w2,2,120002,2,29,,0,305,19520,611.0008544921875,convergence
ext-w2,2,120002,2,30,,0,352,22528,610.98102442423499,convergence
ext-w2,2,120002,2,31,,0,316,20224,611.0065587361654,convergence
ext-w2,2,120002,2,32,,0,483,30912,610.9717013041178,convergence
ext-w2,2,120002,2,33,,0,334,21376,609.95759073893225,convergence
ext-w2,2,120002,2,34,,0,346,22144,611.94924926757812,convergence
ext-w2,2,120002,2,35,,0,302,19328,610.97383499145508,convergence
ext-w2,2,120002,2,36,,0,340,21760,613.42560831705725,convergence
ext-w2,2,120002,2,37,,0,279,17856,610.55448150634766,convergence
ext-w2,2,120002,2,38,,0,345,22080,625.04558308919275,convergence
ext-w2,2,120002,2,39,,0,289,18496,611.78605143229163,convergence
ext-w2,2,120002,2,40,,0,366,23424,617.82869466145837,convergence
ext-w2,2,120002,2,41,,0,291,18624,610.39139938354492,convergence
ext-w2,2,120002,2,42,,0,309,19776,610.17764790852868,convergence
ext-w2,2,120002,2,43,,0,373,23872,604.77271906534827,convergence
ext-w2,2,120002,2,44,,0,351,22464,617.94168853759766,convergence
ext-w2,2,120002,2,45,,0,355,22720,613.36792755126953,convergence
ext-w2,2,120002,2,46,,0,350,22400,604.71470260620117,convergence
ext-w2,2,120002,2,47,,0,380,24320,609.42137273152673,convergence
ext-w2,2,120002,2,48,,0,305,19520,611.02243677775061,convergence
ext-w2,2,120002,2,49,,0,359,22976,620.56215159098304,convergence
ext-w2,2,120002,2,50,,0,368,23552,613.90547307332361,convergence
ext-w2,2,120002,2,51,,0,305,19520,610.51955922444665,convergence
ext-w2,2,120002,2,52,,0,349,22336,608.09907913208008,convergence
ext-w2,2,120002,2,53,,0,313,20032,604.8297335306803,convergence
ext-w2,2,120002,2,54,,0,410,26240,613.37855275472009,convergence
ext-w2,2,120002,2,55,,0,338,21632,627.46173985799157,convergence
ext-w2,2,120002,2,56,,0,310,19840,611.81432978312171,convergence
ext-w2,2,120002,2,57,,0,352,22528,610.99100112915039,convergence
ext-w2,2,120002,2,58,,0,414,26496,613.55513254801429,convergence
ext-w2,2,120002,2,59,,0,328,20992,627.1268196105957,convergence
ext-w2,2,120002,2,60,,0,339,21696,604.74819183349609,convergence
ext-w2,2,120002,2,61,,0,351,22464,625.01716359456384,convergence
ext-w2,2,120002,2,62,,0,356,22784,613.87534205118811,convergence
ext-w2,2,120002,2,63,,0,314,20096,604.7437858581543,convergence
ext-w2,2,120002,2,64,,0,315,20160,610.97450637817383,convergence
ext-w2,2,120002,2,65,,0,361,23104,612.06593449910486,convergence
ext-w2,2,120002,2,66,,0,415,26560,624.24538548787439,convergence
ext-w2,2,120002,2,67,,0,281,17984,611.81088765462243,convergence
ext-w2,2,120002,2,68,,0,314,20096,620.68864568074548,convergence
ext-w2,2,120002,2,69,,0,347,22208,604.77397410074866,convergence
ext-w2,2,120002,2,70,,0,369,23616,611.63257344563806,convergence
ext-w2,2,120002,3,0,,0,295,18880,593.36584854125977,convergence
ext-w2,2,120002,3,1,,0,329,21056,597.08417638142907,convergence
ext-w2,2,120002,3,2,,0,249,15936,589.53710047403968,convergence
ext-w2,2,120002,3,3,,0,344,22016,595.34645080566406,convergence
ext-w2,2,120002,3,4,,0,348,22272,591.28769429524743,convergence
ext-w2,2,120002,3,5,,0,377,24128,596.27026112874353,convergence
ext-w2,2,120002,3,6,,0,237,15168,589.65417226155603,convergence
ext-w2,2,120002,3,7,,0,301,19264,590.84500885009766,convergence
ext-w2,2,120002,3,8,,0,339,21696,585.26311874389648,convergence
ext-w2,2,120002,3,9,,0,429,27456,596.13324356079102,convergence
ext-w2,2,120002,3,10,,0,383,24512,599.85779571533203,convergence
ext-w2,2,120002,3,11,,0,302,19328,593.51357269287109,convergence
ext-w2,2,120002,3,12,,0,404,25856,592.07924779256189,convergence
ext-w2,2,120002,3,13,,0,365,23360,595.2520535786947,convergence
ext-w2,2,120002,3,14,,0,338,21632,598.45548884073889,convergence
ext-w2,2,120002,3,15,,0,385,24640,591.4521814982096,convergence
ext-w2,2,120002,3,16,,0,369,23616,597.32030487060547,convergence
ext-w2,2,120002,3,17,,0,342,21888,598.60666275024414,convergence
ext-w2,2,120002,3,18,,0,303,19392,598.26937357584632,convergence
ext-w2,2,120002,3,19,,0,333,21312,592.71534729003906,convergence
ext-w2,2,120002,3,20,,0,425,27200,592.41565831502282,convergence
ext-w2,2,120002,3,21,,0,295,18880,594.50428009033203,convergence
ext-w2,2,120002,3,22,,0,312,19968,592.40675481160486,convergence
ext-w2,2,120002,3,23,,0,277,17728,589.53823089599609,convergence
ext-w2,2,120002,3,24,,0,330,21120,591.99627431233728,convergence
ext-w2,2,120002,3,25,,0,329,21056,591.19152323404944,convergence
ext-w2,2,120002,3,26,,0,261,16704,589.53816858927405,convergence
ext-w2,2,120002,3,27,,0,388,24832,596.450429280599,convergence
ext-w2,2,120002,3,28,,0,316,20224,592.04822031656897,convergence
ext-w2,2,120002,3,29,,0,327,20928,597.16560490926111,convergence
ext-w2,2,120002,3,30,,0,368,23552,595.26673253377282,convergence
ext-w2,2,120002,3,31,,0,370,23680,597.17224375406897,convergence
ext-w2,2,120002,3,32,,0,309,19776,593.44062932332361,convergence
ext-w2,2,120002,3,33,,0,293,18752,592.38803863525391,convergence
ext-w2,2,120002,3,34,,0,354,22656,594.53347905476892,convergence
ext-w2,2,120002,3,35,,0,263,16832,590.8054415384928,convergence
ext-w2,2,120002,3,36,,0,265,16960,594.51564534505212,convergence
ext-w2,2,120002,3,37,,0,370,23680,580.69768397013343,convergence
ext-w2,2,120002,3,38,,0,346,22144,597.16600290934241,convergence
ext-w2,2,120002,3,39,,0,313,20032,590.75231806437171,convergence
ext-w2,2,120002,3,40,,0,284,18176,592.38069279988611,convergence
ext-w2,2,120002,3,41,,0,394,25216,577.36481857299805,convergence
ext-w2,2,120002,3,42,,0,373,23872,594.62775675455725,convergence
ext-w2,2,120002,3,43,,0,234,14976,589.9887911478678,convergence
ext-w2,2,120002,3,44,,0,299,19136,595.82736841837561,convergence
ext-w2,2,120002,3,45,,0,269,17216,596.53341547648108,convergence
ext-w2,2,120002,3,46,,0,288,18432,592.8079503377279,convergence
ext-w2,2,120002,3,47,,0,291,18624,592.36131159464514,convergence
ext-w2,2,120002,3,48,,0,305,19520,591.24953969319665,convergence
ext-w2,2,120002,3,49,,0,345,22080,587.87338383992517,convergence
ext-w2,2,120002,3,50,,0,286,18304,588.9431266784668,convergence
ext-w2,2,120002,3,51,,0,315,20160,595.8978055318197,convergence
ext-w2,2,120002,3,52,,0,328,20992,597.21567789713538,convergence
ext-w2,2,120002,3,53,,0,266,17024,589.9747645060221,convergence
ext-w2,2,120002,3,54,,0,268,17152,589.53982289632165,convergence
ext-w2,2,120002,3,55,,0,289,18496,593.41090901692712,convergence
ext-w2,2,120002,3,56,,0,360,23040,597.17692820231116,convergence
ext-w2,2,120002,3,57,,0,394,25216,596.55641301472986,convergence
ext-w2,2,120002,3,58,,0,386,24704,595.5760498046875,convergence
ext-w2,2,120002,3,59,,0,429,27456,596.94257609049475,convergence
ext-w2,2,120002,3,60,,0,330,21120,593.69708251953125,convergence
ext-w2,2,120002,3,61,,0,306,19584,588.93879445393884,convergence
ext-w2,2,120002,3,62,,0,387,24768,597.32187016805017,convergence
ext-w2,2,120002,3,63,,0,277,17728,591.03592936197913,convergence
ext-w2,2,120002,3,64,,0,337,21568,588.9417940775553,convergence
ext-w2,2,120002,3,65,,0,435,27840,597.17122522989905,convergence
ext-w2,2,120002,3,66,,0,455,29120,598.75764338175452,convergence
ext-w2,2,120002,3,67,,0,538,34432,577.45005798339844,convergence
ext-w2,2,120002,3,68,,0,340,21760,592.38824844360352,convergence
ext-w2,2,120002,3,69,,0,536,34304,593.25756327311194,convergence
ext-w2,2,120002,3,70,,0,403,25792,594.23968378702796,convergence
ext-w2,2,120002,3,71,,0,271,17344,589.53776041666663,convergence
ext-w1,2,120002,0,0,,0,225,14400,708.0472310384115,convergence
ext-w1,2,120002,0,1,,0,154,9856,707.28075663248694,convergence
ext-w1,2,120002,0,2,,0,193,12352,711.492909749349,convergence
ext-w1,2,120002,0,3,,0,257,16448,708.08305486043298,convergence
ext-w1,2,120002,0,4,,0,168,10752,707.25706100463867,convergence
ext-w1,2,120002,0,5,,0,139,8896,711.49117151896155,convergence
ext-w1,2,120002,0,6,,0,104,6656,708.09639104207361,convergence
ext-w1,2,120002,0,7,,0,213,13632,707.27288436889648,convergence
ext-w1,2,120002,0,8,,0,133,8512,703.21032333374023,convergence
ext-w1,2,120002,0,9,,0,168,10752,707.25602595011389,convergence
ext-w1,2,120002,0,10,,0,148,9472,717.16337458292639,convergence
ext-w1,2,120002,0,11,,0,133,8512,703.11344146728516,convergence
ext-w1,2,120002,0,12,,0,167,10688,707.24967829386389,convergence
ext-w1,2,120002,0,13,,0,177,11328,707.25706100463867,convergence
ext-w1,2,120002,0,14,,0,175,11200,707.25172805786133,convergence
ext-w1,2,120002,0,15,,0,164,10496,707.25031661987305,convergence
ext-w1,2,120002,0,16,,0,151,9664,707.25217056274414,convergence
ext-w1,2,120002,0,17,,0,155,9920,707.27366765340173,convergence
ext-w1,2,120002,0,18,,0,174,11136,707.2572123209635,convergence
ext-w1,2,120002,0,19,,0,148,9472,703.21178563435876,convergence
ext-w1,2,120002,0,20,,0,171,10944,707.24900054931641,convergence
ext-w1,2,120002,0,21,,0,117,7488,710.88782628377282,convergence
ext-w1,2,120002,0,22,,0,135,8640,708.08597564697266,convergence
ext-w1,2,120002,0,23,,0,226,14464,707.255360921224,convergence
ext-w1,2,120002,0,24,,0,194,12416,707.2493794759115,convergence
ext-w1,2,120002,0,25,,0,143,9152,721.34191767374671,convergence
ext-w1,2,120002,0,26,,0,116,7424,703.97617721557617,convergence
ext-w1,2,120002,0,27,,0,170,10880,707.27220408121741,convergence
ext-w1,2,120002,0,28,,0,158,10112,713.06728490193689,convergence
ext-w1,2,120002,0,29,,0,149,9536,707.26420084635413,convergence
ext-w1,2,120002,0,30,,0,181,11584,707.24892807006836,convergence
ext-w1,2,120002,0,31,,0,153,9792,713.784413655599,convergence
ext-w1,2,120002,0,32,,0,167,10688,707.25706100463867,convergence
ext-w1,2,120002,0,33,,0,138,8832,707.25202687581384,convergence
ext-w1,2,120002,0,34,,0,192,12288,707.25583394368493,convergence
ext-w1,2,120002,0,35,,0,159,10176,707.25217056274414,convergence
ext-w1,2,120002,0,36,,0,135,8640,711.06481679280603,convergence
ext-w1,2,120002,0,37,,0,163,10432,707.25102488199866,convergence
ext-w1,2,120002,0,38,,0,130,8320,720.70916620890296,convergence
ext-w1,2,120002,0,39,,0,205,13120,707.25008773803711,convergence
ext-w1,2,120002,0,40,,0,146,9344,703.19914881388343,convergence
ext-w1,2,120002,0,41,,0,158,10112,707.25835037231445,convergence
ext-w1,2,120002,0,42,,0,189,12096,707.25203577677405,convergence
ext-w1,2,120002,0,43,,0,119,7616,711.49128468831384,convergence
ext-w1,2,120002,0,44,,0,151,9664,707.25,convergence
ext-w1,2,120002,0,45,,0,195,12480,707.25786972045898,convergence
ext-w1,2,120002,0,46,,0,153,9792,707.25893147786462,convergence
ext-w1,2,120002,0,47,,0,128,8192,711.49117151896155,convergence
ext-w1,2,120002,0,48,,0,183,11712,707.24930826822913,convergence
ext-w1,2,120002,0,49,,0,170,10880,707.25008773803711,convergence
ext-w1,2,120002,0,50,,0,122,7808,711.49729665120446,convergence
ext-w1,2,120002,0,51,,0,133,8512,708.08496983846032,convergence
ext-w1,2,120002,0,52,,0,117,7488,703.97617721557617,convergence
ext-w1,2,120002,0,53,,0,161,10304,707.25146738688147,convergence
ext-w1,2,120002,0,54,,0,166,10624,707.25102488199866,convergence
ext-w1,2,120002,0,55,,0,160,10240,707.25169499715173,convergence
ext-w1,2,120002,0,56,,0,166,10624,707.25583394368493,convergence
ext-w1,2,120002,0,57,,0,131,8384,721.42592748006189,convergence
ext-w1,2,120002,0,58,,0,154,9856,707.25,convergence
ext-w1,2,120002,0,59,,0,154,9856,707.25976308186853,convergence
ext-w1,2,120002,0,60,,0,182,11648,707.24900054931641,convergence
ext-w1,2,120002,0,61,,0,155,9920,720.5655733744303,convergence
ext-w1,2,120002,0,62,,0,161,10304,707.24962997436523,convergence
ext-w1,2,120002,0,63,,0,162,10368,707.25217056274414,convergence
ext-w1,2,120002,0,64,,0,160,10240,707.24962997436523,convergence
ext-w1,2,120002,0,65,,0,162,10368,707.25071716308594,convergence
ext-w1,2,120002,0,66,,0,135,8640,711.49662272135413,convergence
ext-w1,2,120002,0,67,,0,131,8384,711.49984232584632,convergence
ext-w1,2,120002,0,68,,0,177,11328,707.25,convergence
ext-w1,2,120002,0,69,,0,153,9792,707.25217056274414,convergence
ext-w1,2,120002,0,70,,0,159,10176,707.25633239746094,convergence
ext-w1,2,120002,0,71,,0,149,9536,703.21032333374023,convergence
ext-w1,2,120002,0,72,,0,116,7424,719.69468561808264,convergence
ext-w1,2,120002,0,73,,0,131,8384,708.08597564697266,convergence
ext-w1,2,120002,0,74,,0,164,10496,707.25846354166663,convergence
ext-w1,2,120002,0,75,,0,159,10176,703.10705439249671,convergence
ext-w1,2,120002,0,76,,0,140,8960,703.97617721557617,convergence
ext-w1,2,120002,1,0,,0,198,12672,681.98852157592773,convergence
ext-w1,2,120002,1,1,,0,171,10944,681.97616831461585,convergence
ext-w1,2,120002,1,2,,0,159,10176,693.89852142333984,convergence
ext-w1,2,120002,1,3,,0,162,10368,692.03669865926111,convergence
ext-w1,2,120002,1,4,,0,143,9152,692.0746065775553,convergence
ext-w1,2,120002,1,5,,0,137,8768,685.47607676188147,convergence
ext-w1,2,120002,1,6,,0,184,11776,692.03337605794275,convergence
ext-w1,2,120002,1,7,,0,198,12672,681.97611490885413,convergence
ext-w1,2,120002,1,8,,0,143,9152,681.97464752197266,convergence
ext-w1,2,120002,1,9,,0,131,8384,686.25172678629554,convergence
ext-w1,2,120002,1,10,,0,190,12160,692.03342946370446,convergence
ext-w1,2,120002,1,11,,0,147,9408,692.03998438517249,convergence
ext-w1,2,120002,1,12,,0,165,10560,688.04650751749671,convergence
ext-w1,2,120002,1,13,,0,160,10240,688.84583282470703,convergence
ext-w1,2,120002,1,14,,0,153,9792,682.00127283732093,convergence
ext-w1,2,120002,1,15,,0,187,11968,681.97357559204102,convergence
ext-w1,2,120002,1,16,,0,146,9344,688.05354817708337,convergence
ext-w1,2,120002,1,17,,0,149,9536,692.03648503621423,convergence
ext-w1,2,120002,1,18,,0,138,8832,678.70082473754883,convergence
ext-w1,2,120002,1,19,,0,174,11136,689.92322667439782,convergence
ext-w1,2,120002,1,20,,0,196,12544,691.42891438802087,convergence
ext-w1,2,120002,1,21,,0,154,9856,691.66597366333008,convergence
ext-w1,2,120002,1,22,,0,135,8640,685.151845296224,convergence
ext-w1,2,120002,1,23,,0,154,9856,681.97567240397132,convergence
ext-w1,2,120002,1,24,,0,109,6976,685.86619440714514,convergence
ext-w1,2,120002,1,25,,0,161,10304,691.67200215657556,convergence
ext-w1,2,120002,1,26,,0,185,11840,681.98067347208655,convergence
ext-w1,2,120002,1,27,,0,179,11456,691.65731938680017,convergence
ext-w1,2,120002,1,28,,0,193,12352,692.03669865926111,convergence
ext-w1,2,120002,1,29,,0,176,11264,681.9749641418457,convergence
ext-w1,2,120002,1,30,,0,179,11456,692.03669865926111,convergence
ext-w1,2,120002,1,31,,0,160,10240,688.02554829915368,convergence
ext-w1,2,120002,1,32,,0,157,10048,686.21852620442712,convergence
ext-w1,2,120002,1,33,,0,137,8768,682.86732355753577,convergence
ext-w1,2,120002,1,34,,0,154,9856,692.03669865926111,convergence
ext-w1,2,120002,1,35,,0,190,12160,691.58342107137048,convergence
ext-w1,2,120002,1,36,,0,139,8896,686.2337532043457,convergence
ext-w1,2,120002,1,37,,0,149,9536,681.97464752197266,convergence
ext-w1,2,120002,1,38,,0,182,11648,681.98067347208655,convergence
ext-w1,2,120002,1,39,,0,176,11264,686.22127024332679,convergence
ext-w1,2,120002,1,40,,0,180,11520,692.03648503621423,convergence
ext-w1,2,120002,1,41,,0,192,12288,692.07624562581384,convergence
ext-w1,2,120002,1,42,,0,166,10624,692.07657241821289,convergence
ext-w1,2,120002,1,43,,0,178,11392,692.07379913330078,convergence
ext-w1,2,120002,1,44,,0,125,8000,686.21092478434241,convergence
ext-w1,2,120002,1,45,,0,174,11136,691.62895329793298,convergence
ext-w1,2,120002,1,46,,0,185,11840,681.97536468505859,convergence
ext-w1,2,120002,1,47,,0,172,11008,692.07624562581384,convergence
ext-w1,2,120002,1,48,,0,146,9344,691.48543421427405,convergence
ext-w1,2,120002,1,49,,0,145,9280,686.2162971496582,convergence
ext-w1,2,120002,1,50,,0,127,8128,678.70711390177405,convergence
ext-w1,2,120002,1,51,,0,185,11840,692.03669865926111,convergence
ext-w1,2,120002,1,52,,0,155,9920,692.0721766153971,convergence
ext-w1,2,120002,1,53,,0,160,10240,691.45168685913086,convergence
ext-w1,2,120002,1,54,,0,162,10368,692.07711156209314,convergence
ext-w1,2,120002,1,55,,0,189,12096,681.98206202189124,convergence
ext-w1,2,120002,1,56,,0,166,10624,692.03103256225586,convergence
ext-w1,2,120002,1,57,,0,186,11904,681.99547449747718,convergence
ext-w1,2,120002,1,58,,0,174,11136,681.97465642293298,convergence
ext-w1,2,120002,1,59,,0,150,9600,692.03405253092444,convergence
ext-w1,2,120002,1,60,,0,141,9024,692.04008229573571,convergence
ext-w1,2,120002,1,61,,0,165,10560,692.07659022013343,convergence
ext-w1,2,120002,1,62,,0,178,11392,692.03103256225586,convergence
ext-w1,2,120002,1,63,,0,172,11008,691.67394383748376,convergence
ext-w1,2,120002,1,64,,0,159,10176,690.40434900919593,convergence
ext-w1,2,120002,1,65,,0,137,8768,686.21755727132165,convergence
ext-w1,2,120002,1,66,,0,147,9408,685.94855244954431,convergence
ext-w1,2,120002,1,67,,0,131,8384,686.21856943766272,convergence
ext-w1,2,120002,1,68,,0,127,8128,692.04008229573571,convergence
ext-w1,2,120002,1,69,,0,149,9536,690.31818135579431,convergence
ext-w1,2,120002,1,70,,0,147,9408,692.03669865926111,convergence
ext-w1,2,120002,1,71,,0,192,12288,692.03103256225586,convergence
ext-w1,2,120002,1,72,,0,133,8512,683.68752670288086,convergence
ext-w1,2,120002,1,73,,0,165,10560,681.97739156087243,convergence
ext-w1,2,120002,1,74,,0,179,11456,692.15326182047522,convergence
ext-w1,2,120002,2,0,,0,141,9024,667.63025538126624,convergence
ext-w1,2,120002,2,1,,0,172,11008,667.62986501057946,convergence
ext-w1,2,120002,2,2,,0,143,9152,667.63375473022461,convergence
ext-w1,2,120002,2,3,,0,169,10816,667.63425191243493,convergence
ext-w1,2,120002,2,4,,0,172,11008,667.63385264078772,convergence
ext-w1,2,120002,2,5,,0,144,9216,667.25407536824548,convergence
ext-w1,2,120002,2,6,,0,197,12608,667.67001342773438,convergence
ext-w1,2,120002,2,7,,0,166,10624,657.56976699829102,convergence
ext-w1,2,120002,2,8,,0,181,11584,667.67036056518555,convergence
ext-w1,2,120002,2,9,,0,148,9472,667.68073272705078,convergence
ext-w1,2,120002,2,10,,0,171,10944,665.3801053365072,convergence
ext-w1,2,120002,2,11,,0,201,12864,667.66879526774085,convergence
ext-w1,2,120002,2,12,,0,143,9152,661.80958938598633,convergence
ext-w1,2,120002,2,13,,0,135,8640,658.41480890909827,convergence
ext-w1,2,120002,2,14,,0,157,10048,666.91736602783203,convergence
ext-w1,2,120002,2,15,,0,180,11520,667.63109970092773,convergence
ext-w1,2,120002,2,16,,0,142,9088,667.66668955485022,convergence
ext-w1,2,120002,2,17,,0,179,11456,657.56806310017907,convergence
ext-w1,2,120002,2,18,,0,178,11392,667.67001597086585,convergence
ext-w1,2,120002,2,19,,0,155,9920,663.63472493489587,convergence
ext-w1,2,120002,2,20,,0,141,9024,661.7978185017904,convergence
ext-w1,2,120002,2,21,,0,166,10624,667.229482014974,convergence
ext-w1,2,120002,2,22,,0,204,13056,667.62986501057946,convergence
ext-w1,2,120002,2,23,,0,186,11904,657.56996027628577,convergence
ext-w1,2,120002,2,24,,0,163,10432,667.63363901774085,convergence
ext-w1,2,120002,2,25,,0,164,10496,667.63025538126624,convergence
ext-w1,2,120002,2,26,,0,163,10432,661.81078720092773,convergence
ext-w1,2,120002,2,27,,0,158,10112,657.57105763753259,convergence
ext-w1,2,120002,2,28,,0,185,11840,667.63426844278968,convergence
ext-w1,2,120002,2,29,,0,177,11328,667.278798421224,convergence
ext-w1,2,120002,2,30,,0,184,11776,667.62467575073242,convergence
ext-w1,2,120002,2,31,,0,164,10496,667.67001597086585,convergence
ext-w1,2,120002,2,32,,0,143,9152,667.63385264078772,convergence
ext-w1,2,120002,2,33,,0,177,11328,667.67001597086585,convergence
ext-w1,2,120002,2,34,,0,185,11840,667.67001597086585,convergence
ext-w1,2,120002,2,35,,0,149,9536,667.66594696044922,convergence
ext-w1,2,120002,2,36,,0,158,10112,667.63385264078772,convergence
ext-w1,2,120002,2,37,,0,177,11328,657.56831359863281,convergence
ext-w1,2,120002,2,38,,0,152,9728,661.84233601888025,convergence
ext-w1,2,120002,2,39,,0,134,8576,660.19477844238281,convergence
ext-w1,2,120002,2,40,,0,167,10688,666.32816823323571,convergence
ext-w1,2,120002,2,41,,0,176,11264,667.63046900431311,convergence
ext-w1,2,120002,2,42,,0,181,11584,667.67001342773438,convergence
ext-w1,2,120002,2,43,,0,153,9792,667.63046900431311,convergence
ext-w1,2,120002,2,44,,0,176,11264,667.66984939575195,convergence
ext-w1,2,120002,2,45,,0,156,9984,657.5687255859375,convergence
ext-w1,2,120002,2,46,,0,173,11072,667.38175074259436,convergence
ext-w1,2,120002,2,47,,0,146,9344,661.1795552571615,convergence
ext-w1,2,120002,2,48,,0,183,11712,667.63057835896814,convergence
ext-w1,2,120002,2,49,,0,133,8512,661.80386988321936,convergence
ext-w1,2,120002,2,50,,0,189,12096,667.669179280599,convergence
ext-w1,2,120002,2,51,,0,132,8448,661.82291666666663,convergence
ext-w1,2,120002,2,52,,0,138,8832,663.6368408203125,convergence
ext-w1,2,120002,2,53,,0,163,10432,657.57068252563477,convergence
ext-w1,2,120002,2,54,,0,178,11392,667.74483744303382,convergence
ext-w1,2,120002,2,55,,0,154,9856,657.56913503011071,convergence
ext-w1,2,120002,2,56,,0,171,10944,669.46590296427405,convergence
ext-w1,2,120002,2,57,,0,143,9152,661.80958938598633,convergence
ext-w1,2,120002,2,58,,0,170,10880,667.36397298177087,convergence
ext-w1,2,120002,2,59,,0,180,11520,667.26486587524414,convergence
ext-w1,2,120002,2,60,,0,168,10752,667.66811370849609,convergence
ext-w1,2,120002,2,61,,0,124,7936,661.81132761637366,convergence
ext-w1,2,120002,2,62,,0,200,12800,657.56741841634118,convergence
ext-w1,2,120002,2,63,,0,184,11776,667.43927892049157,convergence
ext-w1,2,120002,2,64,,0,139,8896,661.80958938598633,convergence
ext-w1,2,120002,2,65,,0,144,9216,663.64497756958008,convergence
ext-w1,2,120002,2,66,,0,116,7424,658.41480890909827,convergence
ext-w1,2,120002,2,67,,0,187,11968,667.10617065429688,convergence
ext-w1,2,120002,2,68,,0,161,10304,661.81132761637366,convergence
ext-w1,2,120002,2,69,,0,145,9280,667.26726404825843,convergence
ext-w1,2,120002,2,70,,0,183,11712,667.63043848673499,convergence
ext-w1,2,120002,2,71,,0,161,10304,657.57058842976892,convergence
ext-w1,2,120002,2,72,,0,187,11968,667.63046900431311,convergence
ext-w1,2,120002,2,73,,0,148,9472,661.82546361287439,convergence
ext-w1,2,120002,3,0,,0,151,9664,640.14579010009766,convergence
ext-w1,2,120002,3,1,,0,149,9536,649.24147288004554,convergence
ext-w1,2,120002,3,2,,0,175,11200,647.88118235270179,convergence
ext-w1,2,120002,3,3,,0,145,9280,640.13875452677405,convergence
ext-w1,2,120002,3,4,,0,144,9216,640.13875452677405,convergence
ext-w1,2,120002,3,5,,0,182,11648,648.53902562459314,convergence
ext-w1,2,120002,3,6,,0,157,10048,640.14923477172852,convergence
ext-w1,2,120002,3,7,,0,147,9408,644.17969385782874,convergence
ext-w1,2,120002,3,8,,0,155,9920,644.18014653523767,convergence
ext-w1,2,120002,3,9,,0,124,7936,638.14789072672522,convergence
ext-w1,2,120002,3,10,,0,172,11008,651.81730779012048,convergence
ext-w1,2,120002,3,11,,0,183,11712,650.24470520019531,convergence
ext-w1,2,120002,3,12,,0,159,10176,649.70878346761071,convergence
ext-w1,2,120002,3,13,,0,178,11392,652.02754974365234,convergence
ext-w1,2,120002,3,14,,0,180,11520,651.26114400227868,convergence
ext-w1,2,120002,3,15,,0,185,11840,651.54526265462243,convergence
ext-w1,2,120002,3,16,,0,167,10688,651.01960881551111,convergence
ext-w1,2,120002,3,17,,0,183,11712,650.24725341796875,convergence
ext-w1,2,120002,3,18,,0,139,8896,644.71581776936853,convergence
ext-w1,2,120002,3,19,,0,179,11456,644.18019485473633,convergence
ext-w1,2,120002,3,20,,0,181,11584,651.75002797444665,convergence
ext-w1,2,120002,3,21,,0,149,9536,638.14789072672522,convergence
ext-w1,2,120002,3,22,,0,144,9216,640.10464859008789,convergence
ext-w1,2,120002,3,23,,0,165,10560,640.11215082804358,convergence
ext-w1,2,120002,3,24,,0,175,11200,650.10697555541992,convergence
ext-w1,2,120002,3,25,,0,148,9472,650.60149637858069,convergence
ext-w1,2,120002,3,26,,0,163,10432,640.15518315633142,convergence
ext-w1,2,120002,3,27,,0,166,10624,651.59778722127282,convergence
ext-w1,2,120002,3,28,,0,175,11200,649.50497690836585,convergence
ext-w1,2,120002,3,29,,0,219,14016,650.0809110005697,convergence
ext-w1,2,120002,3,30,,0,167,10688,651.22885894775391,convergence
ext-w1,2,120002,3,31,,0,207,13248,649.87516784667969,convergence
ext-w1,2,120002,3,32,,0,108,6912,638.14789072672522,convergence
ext-w1,2,120002,3,33,,0,168,10752,640.1526997884115,convergence
ext-w1,2,120002,3,34,,0,163,10432,651.36687469482422,convergence
ext-w1,2,120002,3,35,,0,144,9216,650.60149637858069,convergence
ext-w1,2,120002,3,36,,0,173,11072,650.12115224202478,convergence
ext-w1,2,120002,3,37,,0,160,10240,650.49250284830725,convergence
ext-w1,2,120002,3,38,,0,125,8000,644.18292490641272,convergence
ext-w1,2,120002,3,39,,0,157,10048,640.15016937255859,convergence
ext-w1,2,120002,3,40,,0,186,11904,650.24757130940759,convergence
ext-w1,2,120002,3,41,,0,186,11904,650.24035517374671,convergence
ext-w1,2,120002,3,42,,0,171,10944,651.35317357381189,convergence
ext-w1,2,120002,3,43,,0,147,9408,648.07248560587561,convergence
ext-w1,2,120002,3,44,,0,171,10944,650.4675509134928,convergence
ext-w1,2,120002,3,45,,0,97,6208,638.14789072672522,convergence
ext-w1,2,120002,3,46,,0,213,13632,651.89233271280921,convergence
ext-w1,2,120002,3,47,,0,178,11392,650.49250284830725,convergence
ext-w1,2,120002,3,48,,0,223,14272,650.24725341796875,convergence
ext-w1,2,120002,3,49,,0,152,9728,650.61405181884766,convergence
ext-w1,2,120002,3,50,,0,167,10688,651.32686233520508,convergence
ext-w1,2,120002,3,51,,0,148,9472,638.14789072672522,convergence
ext-w1,2,120002,3,52,,0,155,9920,650.61111450195312,convergence
ext-w1,2,120002,3,53,,0,147,9408,640.10920461018884,convergence
ext-w1,2,120002,3,54,,0,164,10496,640.13923390706384,convergence
ext-w1,2,120002,3,55,,0,151,9664,648.96513621012366,convergence
ext-w1,2,120002,3,56,,0,156,9984,650.24547831217444,convergence
ext-w1,2,120002,3,57,,0,145,9280,648.33690897623694,convergence
ext-w1,2,120002,3,58,,0,183,11712,649.22263081868493,convergence
ext-w1,2,120002,3,59,,0,134,8576,638.14789072672522,convergence
ext-w1,2,120002,3,60,,0,197,12608,650.24547831217444,convergence
ext-w1,2,120002,3,61,,0,169,10816,640.13875452677405,convergence
ext-w1,2,120002,3,62,,0,173,11072,640.1548856099447,convergence
ext-w1,2,120002,3,63,,0,182,11648,651.54589716593421,convergence
ext-w1,2,120002,3,64,,0,144,9216,650.51697667439782,convergence
ext-w1,2,120002,3,65,,0,142,9088,651.83988952636719,convergence
ext-w1,2,120002,3,66,,0,152,9728,638.1504236857096,convergence
ext-w1,2,120002,3,67,,0,128,8192,638.14789072672522,convergence
ext-w1,2,120002,3,68,,0,205,13120,650.24547831217444,convergence
ext-w1,2,120002,3,69,,0,161,10304,648.66588719685876,convergence
ext-w1,2,120002,3,70,,0,175,11200,650.47042210896814,convergence
ext-w1,2,120002,3,71,,0,210,13440,650.24605687459314,convergence
ext-w1,2,120002,3,72,,0,162,10368,640.15388997395837,convergence
ext-w1,2,120002,3,73,,0,161,10304,650.24866358439124,convergence
ext-w1,2,120002,4,0,,0,150,9600,620.68512090047204,convergence
ext-w1,2,120002,4,1,,0,168,10752,624.76033528645837,convergence
ext-w1,2,120002,4,2,,0,154,9856,620.72096125284827,convergence
ext-w1,2,120002,4,3,,0,139,8896,620.73892339070642,convergence
ext-w1,2,120002,4,4,,0,150,9600,624.76033528645837,convergence
ext-w1,2,120002,4,5,,0,161,10304,620.71641159057617,convergence
ext-w1,2,120002,4,6,,0,148,9472,632.67070770263672,convergence
ext-w1,2,120002,4,7,,0,170,10880,632.62350336710608,convergence
ext-w1,2,120002,4,8,,0,153,9792,620.72096125284827,convergence
ext-w1,2,120002,4,9,,0,196,12544,620.71334075927734,convergence
ext-w1,2,120002,4,10,,0,159,10176,632.68303807576501,convergence
ext-w1,2,120002,4,11,,0,167,10688,632.62150192260742,convergence
ext-w1,2,120002,4,12,,0,180,11520,624.76033528645837,convergence
ext-w1,2,120002,4,13,,0,194,12416,620.73608652750647,convergence
ext-w1,2,120002,4,14,,0,162,10368,620.73317209879554,convergence
ext-w1,2,120002,4,15,,0,177,11328,624.761464436849,convergence
ext-w1,2,120002,4,16,,0,172,11008,620.73669052124023,convergence
ext-w1,2,120002,4,17,,0,138,8832,624.76261520385742,convergence
ext-w1,2,120002,4,18,,0,159,10176,632.61931991577148,convergence
ext-w1,2,120002,4,19,,0,169,10816,620.73685836791992,convergence
ext-w1,2,120002,4,20,,0,208,13312,620.71334075927734,convergence
ext-w1,2,120002,4,21,,0,151,9664,632.60582224527991,convergence
ext-w1,2,120002,4,22,,0,135,8640,632.70057805379236,convergence
ext-w1,2,120002,4,23,,0,165,10560,624.76033528645837,convergence
ext-w1,2,120002,4,24,,0,158,10112,624.76302719116211,convergence
ext-w1,2,120002,4,25,,0,150,9600,620.68512090047204,convergence
ext-w1,2,120002,4,26,,0,161,10304,624.76397832234704,convergence
ext-w1,2,120002,4,27,,0,169,10816,624.76016871134436,convergence
ext-w1,2,120002,4,28,,0,159,10176,632.62350336710608,convergence
ext-w1,2,120002,4,29,,0,140,8960,629.64274088541663,convergence
ext-w1,2,120002,4,30,,0,140,8960,632.69167709350586,convergence
ext-w1,2,120002,4,31,,0,138,8832,632.71235148111975,convergence
ext-w1,2,120002,4,32,,0,195,12480,620.68967692057288,convergence
ext-w1,2,120002,4,33,,0,131,8384,624.73732248942054,convergence
ext-w1,2,120002,4,34,,0,170,10880,620.73730341593421,convergence
ext-w1,2,120002,4,35,,0,195,12480,620.69262313842773,convergence
ext-w1,2,120002,4,36,,0,162,10368,620.71921284993493,convergence
ext-w1,2,120002,4,37,,0,152,9728,620.69262313842773,convergence
ext-w1,2,120002,4,38,,0,148,9472,620.72096125284827,convergence
ext-w1,2,120002,4,39,,0,148,9472,632.67078399658203,convergence
ext-w1,2,120002,4,40,,0,147,9408,620.72753651936853,convergence
ext-w1,2,120002,4,41,,0,162,10368,632.88748677571618,convergence
ext-w1,2,120002,4,42,,0,131,8384,624.76673634847009,convergence
ext-w1,2,120002,4,43,,0,173,11072,620.73527272542321,convergence
ext-w1,2,120002,4,44,,0,144,9216,620.69451268514001,convergence
ext-w1,2,120002,4,45,,0,126,8064,624.76535542805993,convergence
ext-w1,2,120002,4,46,,0,152,9728,620.68512090047204,convergence
ext-w1,2,120002,4,47,,0,180,11520,620.72626241048181,convergence
ext-w1,2,120002,4,48,,0,221,14144,634.9364344278971,convergence
ext-w1,2,120002,4,49,,0,175,11200,620.71354293823242,convergence
ext-w1,2,120002,4,50,,0,161,10304,620.69363149007165,convergence
ext-w1,2,120002,4,51,,0,149,9536,624.76250330607093,convergence
ext-w1,2,120002,4,52,,0,165,10560,620.73685836791992,convergence
ext-w1,2,120002,4,53,,0,165,10560,631.78384908040368,convergence
ext-w1,2,120002,4,54,,0,189,12096,620.71287790934241,convergence
ext-w1,2,120002,4,55,,0,179,11456,625.25859705607093,convergence
ext-w1,2,120002,4,56,,0,157,10048,632.62350336710608,convergence
ext-w1,2,120002,4,57,,0,151,9664,620.73535792032874,convergence
ext-w1,2,120002,4,58,,0,133,8512,624.76261520385742,convergence
ext-w1,2,120002,4,59,,0,137,8768,620.71922047932946,convergence
ext-w1,2,120002,4,60,,0,167,10688,620.68967692057288,convergence
ext-w1,2,120002,4,61,,0,151,9664,635.03521219889319,convergence
ext-w1,2,120002,4,62,,0,145,9280,620.71334075927734,convergence
ext-w1,2,120002,4,63,,0,156,9984,624.76016616821289,convergence
ext-w1,2,120002,4,64,,0,181,11584,620.71334075927734,convergence
ext-w1,2,120002,4,65,,0,140,8960,632.62448883056641,convergence
ext-w1,2,120002,4,66,,0,164,10496,620.72096125284827,convergence
ext-w1,2,120002,4,67,,0,141,9024,624.76016616821289,convergence
ext-w1,2,120002,4,68,,0,121,7744,624.76767349243164,convergence
ext-w1,2,120002,4,69,,0,165,10560,632.62453969319665,convergence
ext-w1,2,120002,4,70,,0,173,11072,620.72096125284827,convergence
ext-w1,2,120002,4,71,,0,127,8128,624.76397832234704,convergence
ext-w1,2,120002,4,72,,0,164,10496,632.68064753214514,convergence
ext-w1,2,120002,4,73,,0,180,11520,631.11051050821936,convergence
ext-w1,2,120002,4,74,,0,136,8704,624.76192474365234,convergence
ext-w1,2,120002,4,75,,0,162,10368,620.68998591105139,convergence
ext-w1,2,120002,5,0,,0,138,8832,615.2542826334635,convergence
ext-w1,2,120002,5,1,,0,193,12352,614.75982157389319,convergence
ext-w1,2,120002,5,2,,0,133,8512,606.71983464558923,convergence
ext-w1,2,120002,5,3,,0,170,10880,615.08823394775391,convergence
ext-w1,2,120002,5,4,,0,147,9408,615.11051305135095,convergence
ext-w1,2,120002,5,5,,0,153,9792,616.70099004109704,convergence
ext-w1,2,120002,5,6,,0,162,10368,616.32514572143555,convergence
ext-w1,2,120002,5,7,,0,156,9984,606.690684000651,convergence
ext-w1,2,120002,5,8,,0,142,9088,615.08489100138343,convergence
ext-w1,2,120002,5,9,,0,137,8768,615.08489100138343,convergence
ext-w1,2,120002,5,10,,0,131,8384,606.71238327026367,convergence
ext-w1,2,120002,5,11,,0,181,11584,613.87623723347986,convergence
ext-w1,2,120002,5,12,,0,135,8640,615.11490885416663,convergence
ext-w1,2,120002,5,13,,0,136,8704,615.08489100138343,convergence
ext-w1,2,120002,5,14,,0,182,11648,614.83798090616858,convergence
ext-w1,2,120002,5,15,,0,177,11328,615.08738199869788,convergence
ext-w1,2,120002,5,16,,0,157,10048,616.15463638305664,convergence
ext-w1,2,120002,5,17,,0,172,11008,602.09744898478186,convergence
ext-w1,2,120002,5,18,,0,126,8064,606.71442667643225,convergence
ext-w1,2,120002,5,19,,0,142,9088,615.12136332194007,convergence
ext-w1,2,120002,5,20,,0,141,9024,606.70775858561194,convergence
ext-w1,2,120002,5,21,,0,193,12352,606.70775858561194,convergence
ext-w1,2,120002,5,22,,0,139,8896,606.71779886881507,convergence
ext-w1,2,120002,5,23,,0,140,8960,606.71053568522132,convergence
ext-w1,2,120002,5,24,,0,134,8576,615.15762456258142,convergence
ext-w1,2,120002,5,25,,0,143,9152,615.25230280558264,convergence
ext-w1,2,120002,5,26,,0,130,8320,606.71171188354492,convergence
ext-w1,2,120002,5,27,,0,145,9280,613.51699066162109,convergence
ext-w1,2,120002,5,28,,0,116,7424,606.71299235026038,convergence
ext-w1,2,120002,5,29,,0,131,8384,606.71712875366211,convergence
ext-w1,2,120002,5,30,,0,159,10176,615.12709045410156,convergence
ext-w1,2,120002,5,31,,0,132,8448,613.45408884684241,convergence
ext-w1,2,120002,5,32,,0,137,8768,615.08489100138343,convergence
ext-w1,2,120002,5,33,,0,192,12288,606.68608856201172,convergence
ext-w1,2,120002,5,34,,0,158,10112,609.0071690877279,convergence
ext-w1,2,120002,5,35,,0,155,9920,612.56542460123694,convergence
ext-w1,2,120002,5,36,,0,123,7872,615.03469085693359,convergence
ext-w1,2,120002,5,37,,0,133,8512,615.06005350748694,convergence
ext-w1,2,120002,5,38,,0,117,7488,606.71164449055993,convergence
ext-w1,2,120002,5,39,,0,145,9280,615.97079086303711,convergence
ext-w1,2,120002,5,40,,0,139,8896,615.15058644612634,convergence
ext-w1,2,120002,5,41,,0,163,10432,615.08925882975257,convergence
ext-w1,2,120002,5,42,,0,144,9216,611.36746597290039,convergence
ext-w1,2,120002,5,43,,0,121,7744,606.69178771972656,convergence
ext-w1,2,120002,5,44,,0,144,9216,606.69253540039062,convergence
ext-w1,2,120002,5,45,,0,131,8384,614.06713485717773,convergence
ext-w1,2,120002,5,46,,0,143,9152,613.17549133300781,convergence
ext-w1,2,120002,5,47,,0,128,8192,615.12290064493811,convergence
ext-w1,2,120002,5,48,,0,115,7360,606.70951588948571,convergence
ext-w1,2,120002,5,49,,0,159,10176,616.7403564453125,convergence
ext-w1,2,120002,5,50,,0,124,7936,606.71555074055993,convergence
ext-w1,2,120002,5,51,,0,134,8576,606.69408798217773,convergence
ext-w1,2,120002,5,52,,0,149,9536,606.70775858561194,convergence
ext-w1,2,120002,5,53,,0,173,11072,614.75789896647132,convergence
ext-w1,2,120002,5,54,,0,115,7360,615.15058644612634,convergence
ext-w1,2,120002,5,55,,0,160,10240,615.08784866333008,convergence
ext-w1,2,120002,5,56,,0,155,9920,612.44547653198242,convergence
ext-w1,2,120002,5,57,,0,148,9472,615.12709045410156,convergence
ext-w1,2,120002,5,58,,0,150,9600,615.12709045410156,convergence
ext-w1,2,120002,5,59,,0,125,8000,615.23780822753906,convergence
ext-w1,2,120002,5,60,,0,166,10624,606.71442667643225,convergence
ext-w1,2,120002,5,61,,0,170,10880,615.08925882975257,convergence
ext-w1,2,120002,5,62,,0,127,8128,606.69178771972656,convergence
ext-w1,2,120002,5,63,,0,134,8576,606.71299235026038,convergence
ext-w1,2,120002,5,64,,0,171,10944,615.23556009928382,convergence
ext-w1,2,120002,5,65,,0,144,9216,613.79949951171875,convergence
ext-w1,2,120002,5,66,,0,128,8192,606.71641159057617,convergence
ext-w1,2,120002,5,67,,0,104,6656,606.71164449055993,convergence
ext-w1,2,120002,5,68,,0,150,9600,617.66791788736975,convergence
ext-w1,2,120002,5,69,,0,130,8320,606.71199035644531,convergence
ext-w1,2,120002,5,70,,0,139,8896,606.71303304036462,convergence
ext-w1,2,120002,5,71,,0,151,9664,615.12772878011071,convergence
ext-w1,2,120002,5,72,,0,128,8192,606.71299235026038,convergence
ext-w1,2,120002,5,73,,0,127,8128,606.71150716145837,convergence
ext-w1,2,120002,5,74,,0,135,8640,615.24740727742517,convergence
ext-w1,2,120002,5,75,,0,147,9408,615.08489100138343,convergence
ext-w1,2,120002,5,76,,0,151,9664,615.08925882975257,convergence
ext-w1,2,120002,5,77,,0,162,10368,615.2382596333822,convergence
ext-w1,2,120002,5,78,,0,131,8384,615.08489100138343,convergence
ext-w1,2,120002,5,79,,0,167,10688,606.71484120686853,convergence
ext-w1,2,120002,5,80,,0,115,7360,606.71779759724939,convergence
ext-w1,2,120002,5,81,,0,137,8768,615.23780822753906,convergence
ext-w1,2,120002,5,82,,0,165,10560,615.23589324951172,convergence
ext-w1,2,120002,5,83,,0,132,8448,606.71299235026038,convergence
ext-w1,2,120002,6,0,,0,171,10944,596.5015869140625,convergence
ext-w1,2,120002,6,1,,0,121,7744,588.12261835734046,convergence
ext-w1,2,120002,6,2,,0,135,8640,596.5394185384115,convergence
ext-w1,2,120002,6,3,,0,138,8832,596.49721908569336,convergence
ext-w1,2,120002,6,4,,0,109,6976,588.12532043457031,convergence
ext-w1,2,120002,6,5,,0,144,9216,596.650136311849,convergence
ext-w1,2,120002,6,6,,0,144,9216,595.20684560139978,convergence
ext-w1,2,120002,6,7,,0,133,8512,595.98822021484375,convergence
ext-w1,2,120002,6,8,,0,129,8256,594.67026901245117,convergence
ext-w1,2,120002,6,9,,0,141,9024,588.12655003865564,convergence
ext-w1,2,120002,6,10,,0,138,8832,588.12532043457031,convergence
ext-w1,2,120002,6,11,,0,148,9472,596.5394185384115,convergence
ext-w1,2,120002,6,12,,0,166,10624,594.71518071492517,convergence
ext-w1,2,120002,6,13,,0,121,7744,592.77730687459314,convergence
ext-w1,2,120002,6,14,,0,134,8576,596.52284113566077,convergence
ext-w1,2,120002,6,15,,0,202,12928,588.12008666992188,convergence
ext-w1,2,120002,6,16,,0,139,8896,592.21922556559241,convergence
ext-w1,2,120002,6,17,,0,173,11072,596.49875005086267,convergence
ext-w1,2,120002,6,18,,0,122,7808,596.52284113566077,convergence
ext-w1,2,120002,6,19,,0,150,9600,597.40011215209961,convergence
ext-w1,2,120002,6,20,,0,131,8384,588.12798182169593,convergence
ext-w1,2,120002,6,21,,0,99,6336,588.1236356099447,convergence
ext-w1,2,120002,6,22,,0,147,9408,598.34666061401367,convergence
ext-w1,2,120002,6,23,,0,141,9024,594.10644658406579,convergence
ext-w1,2,120002,6,24,,0,132,8448,595.74744542439782,convergence
ext-w1,2,120002,6,25,,0,130,8320,588.126942952474,convergence
ext-w1,2,120002,6,26,,0,146,9344,596.50093205769861,convergence
ext-w1,2,120002,6,27,,0,119,7616,588.12431844075525,convergence
ext-w1,2,120002,6,28,,0,160,10240,596.5015869140625,convergence
ext-w1,2,120002,6,29,,0,139,8896,596.5394185384115,convergence
ext-w1,2,120002,6,30,,0,129,8256,590.40487798055017,convergence
ext-w1,2,120002,6,31,,0,150,9600,588.12532043457031,convergence
ext-w1,2,120002,6,32,,0,139,8896,588.12184397379554,convergence
ext-w1,2,120002,6,33,,0,151,9664,588.12190119425452,convergence
ext-w1,2,120002,6,34,,0,157,10048,596.50520706176758,convergence
ext-w1,2,120002,6,35,,0,144,9216,596.49721908569336,convergence
ext-w1,2,120002,6,36,,0,176,11264,597.40225092569983,convergence
ext-w1,2,120002,6,37,,0,139,8896,596.49721908569336,convergence
ext-w1,2,120002,6,38,,0,159,10176,588.10486348470056,convergence
ext-w1,2,120002,6,39,,0,149,9536,596.6503791809082,convergence
ext-w1,2,120002,6,40,,0,120,7680,588.12532043457031,convergence
ext-w1,2,120002,6,41,,0,133,8512,597.40225092569983,convergence
ext-w1,2,120002,6,42,,0,126,8064,588.1041158040365,convergence
ext-w1,2,120002,6,43,,0,138,8832,596.64788818359375,convergence
ext-w1,2,120002,6,44,,0,145,9280,596.53941472371423,convergence
ext-w1,2,120002,6,45,,0,120,7680,588.12660471598304,convergence
ext-w1,2,120002,6,46,,0,130,8320,588.12008666992188,convergence
ext-w1,2,120002,6,47,,0,152,9728,588.12431844075525,convergence
ext-w1,2,120002,6,48,,0,149,9536,594.49218368530273,convergence
ext-w1,2,120002,6,49,,0,156,9984,588.12431844075525,convergence
ext-w1,2,120002,6,50,,0,123,7872,596.28766886393225,convergence
ext-w1,2,120002,6,51,,0,149,9536,596.54005686442054,convergence
ext-w1,2,120002,6,52,,0,129,8256,596.49302927652991,convergence
ext-w1,2,120002,6,53,,0,157,10048,591.1009521484375,convergence
ext-w1,2,120002,6,54,,0,153,9792,588.129404703776,convergence
ext-w1,2,120002,6,55,,0,132,8448,588.13047917683923,convergence
ext-w1,2,120002,6,56,,0,134,8576,596.56291453043616,convergence
ext-w1,2,120002,6,57,,0,148,9472,597.27260080973304,convergence
ext-w1,2,120002,6,58,,0,165,10560,596.49721908569336,convergence
ext-w1,2,120002,6,59,,0,99,6336,588.14901860555017,convergence
ext-w1,2,120002,6,60,,0,121,7744,588.12634404500329,convergence
ext-w1,2,120002,6,61,,0,152,9728,588.12417602539062,convergence
ext-w1,2,120002,6,62,,0,115,7360,595.04897689819336,convergence
ext-w1,2,120002,6,63,,0,145,9280,588.12952550252282,convergence
ext-w1,2,120002,6,64,,0,165,10560,588.09333292643225,convergence
ext-w1,2,120002,6,65,,0,148,9472,596.52614084879554,convergence
ext-w1,2,120002,6,66,,0,158,10112,588.12640762329102,convergence
ext-w1,2,120002,6,67,,0,153,9792,597.18497339884436,convergence
ext-w1,2,120002,6,68,,0,149,9536,596.13104248046875,convergence
ext-w1,2,120002,6,69,,0,139,8896,588.12532043457031,convergence
ext-w1,2,120002,6,70,,0,131,8384,596.5394185384115,convergence
ext-w1,2,120002,6,71,,0,130,8320,598.58712768554688,convergence
ext-w1,2,120002,6,72,,0,124,7936,588.12307484944665,convergence
ext-w1,2,120002,6,73,,0,124,7936,588.11884689331055,convergence
ext-w1,2,120002,6,74,,0,159,10176,596.01836649576819,convergence
ext-w1,2,120002,6,75,,0,138,8832,596.56291453043616,convergence
ext-w1,2,120002,6,76,,0,163,10432,594.98294194539392,convergence
ext-w1,2,120002,6,77,,0,158,10112,596.64788818359375,convergence
ext-w1,2,120002,6,78,,0,170,10880,588.12008666992188,convergence
ext-w1,2,120002,6,79,,0,185,11840,588.12090428670251,convergence
ext-w1,2,120002,6,80,,0,172,11008,596.53731155395508,convergence
ext-w1,2,120002,6,81,,0,140,8960,596.66747792561853,convergence
ext-w1,2,120002,6,82,,0,124,7936,596.49302927652991,convergence
ext-w1,2,120002,6,83,,0,144,9216,596.52544911702478,convergence
ext-w1,2,120002,6,84,,0,133,8512,588.12053044637048,convergence
ext-w1,2,120002,7,0,,0,146,9344,576.42328135172522,convergence
ext-w1,2,120002,7,1,,0,102,6528,578.77319081624353,convergence
ext-w1,2,120002,7,2,,0,183,11712,583.9363009134928,convergence
ext-w1,2,120002,7,3,,0,157,10048,582.64377212524414,convergence
ext-w1,2,120002,7,4,,0,129,8256,583.60539881388343,convergence
ext-w1,2,120002,7,5,,0,158,10112,574.00393676757812,convergence
ext-w1,2,120002,7,6,,0,114,7296,584.56297556559241,convergence
ext-w1,2,120002,7,7,,0,158,10112,583.39624659220374,convergence
ext-w1,2,120002,7,8,,0,149,9536,583.00076039632165,convergence
ext-w1,2,120002,7,9,,0,150,9600,576.41501363118493,convergence
ext-w1,2,120002,7,10,,0,172,11008,581.9849637349447,convergence
ext-w1,2,120002,7,11,,0,139,8896,582.84384409586585,convergence
ext-w1,2,120002,7,12,,0,186,11904,583.45556386311853,convergence
ext-w1,2,120002,7,13,,0,145,9280,576.40883890787757,convergence
ext-w1,2,120002,7,14,,0,131,8384,583.39504241943359,convergence
ext-w1,2,120002,7,15,,0,135,8640,582.66304779052734,convergence
ext-w1,2,120002,7,16,,0,188,12032,583.39579900105798,convergence
ext-w1,2,120002,7,17,,0,143,9152,576.41580073038733,convergence
ext-w1,2,120002,7,18,,0,174,11136,582.16945393880212,convergence
ext-w1,2,120002,7,19,,0,141,9024,585.07946523030603,convergence
ext-w1,2,120002,7,20,,0,117,7488,583.39599609375,convergence
ext-w1,2,120002,7,21,,0,160,10240,584.33508173624671,convergence
ext-w1,2,120002,7,22,,0,131,8384,576.41501363118493,convergence
ext-w1,2,120002,7,23,,0,157,10048,583.39399083455407,convergence
ext-w1,2,120002,7,24,,0,139,8896,582.64377212524414,convergence
ext-w1,2,120002,7,25,,0,115,7360,578.77319081624353,convergence
ext-w1,2,120002,7,26,,0,167,10688,582.23061498006189,convergence
ext-w1,2,120002,7,27,,0,153,9792,582.64377212524414,convergence
ext-w1,2,120002,7,28,,0,129,8256,578.77319081624353,convergence
ext-w1,2,120002,7,29,,0,142,9088,584.37346649169922,convergence
ext-w1,2,120002,7,30,,0,166,10624,574.00393676757812,convergence
ext-w1,2,120002,7,31,,0,155,9920,583.39328638712561,convergence
ext-w1,2,120002,7,32,,0,135,8640,576.41501363118493,convergence
ext-w1,2,120002,7,33,,0,180,11520,583.69915008544922,convergence
ext-w1,2,120002,7,34,,0,146,9344,583.39641952514648,convergence
ext-w1,2,120002,7,35,,0,152,9728,584.73737843831384,convergence
ext-w1,2,120002,7,36,,0,146,9344,583.39431889851892,convergence
ext-w1,2,120002,7,37,,0,168,10752,582.16520690917969,convergence
ext-w1,2,120002,7,38,,0,125,8000,585.06011327107751,convergence
ext-w1,2,120002,7,39,,0,194,12416,582.16720581054688,convergence
ext-w1,2,120002,7,40,,0,161,10304,582.11843490600586,convergence
ext-w1,2,120002,7,41,,0,143,9152,584.04042561848962,convergence
ext-w1,2,120002,7,42,,0,126,8064,583.4092127482096,convergence
ext-w1,2,120002,7,43,,0,136,8704,582.64635976155603,convergence
ext-w1,2,120002,7,44,,0,192,12288,583.38749186197913,convergence
ext-w1,2,120002,7,45,,0,157,10048,581.98803456624353,convergence
ext-w1,2,120002,7,46,,0,171,10944,582.16945393880212,convergence
ext-w1,2,120002,7,47,,0,170,10880,581.98590977986657,convergence
ext-w1,2,120002,7,48,,0,153,9792,581.99012120564782,convergence
ext-w1,2,120002,7,49,,0,199,12736,582.30773798624671,convergence
ext-w1,2,120002,7,50,,0,141,9024,581.98660405476892,convergence
ext-w1,2,120002,7,51,,0,170,10880,583.40134175618493,convergence
ext-w1,2,120002,7,52,,0,123,7872,576.40098571777344,convergence
ext-w1,2,120002,7,53,,0,133,8512,583.39616648356116,convergence
ext-w1,2,120002,7,54,,0,114,7296,578.77319081624353,convergence
ext-w1,2,120002,7,55,,0,186,11904,582.17658742268884,convergence
ext-w1,2,120002,7,56,,0,181,11584,582.08296585083008,convergence
ext-w1,2,120002,7,57,,0,150,9600,583.39778137207031,convergence
ext-w1,2,120002,7,58,,0,121,7744,578.77319081624353,convergence
ext-w1,2,120002,7,59,,0,167,10688,583.45762125651038,convergence
ext-w1,2,120002,7,60,,0,147,9408,581.98028182983398,convergence
ext-w1,2,120002,7,61,,0,112,7168,578.77319081624353,convergence
ext-w1,2,120002,7,62,,0,164,10496,582.25260798136389,convergence
ext-w1,2,120002,7,63,,0,138,8832,583.39431889851892,convergence
ext-w1,2,120002,7,64,,0,158,10112,574.00393676757812,convergence
ext-w1,2,120002,7,65,,0,135,8640,576.41501363118493,convergence
ext-w1,2,120002,7,66,,0,148,9472,582.64377212524414,convergence
ext-w1,2,120002,7,67,,0,161,10304,582.64410527547204,convergence
ext-w1,2,120002,7,68,,0,179,11456,581.58587392171228,convergence
ext-w1,2,120002,7,69,,0,125,8000,582.64635976155603,convergence
ext-w1,2,120002,7,70,,0,188,12032,582.2329216003418,convergence
ext-w1,2,120002,7,71,,0,168,10752,582.23471450805664,convergence
ext-w1,2,120002,7,72,,0,139,8896,582.64603296915686,convergence
ext-w1,2,120002,7,73,,0,146,9344,583.29684066772461,convergence
ext-w1,2,120002,7,74,,0,137,8768,576.41501363118493,convergence
ext-w1,2,120002,7,75,,0,174,11136,582.1729634602865,convergence
ext-w1,2,120002,7,76,,0,130,8320,585.06011327107751,convergence
ext-w1,2,120002,7,77,,0,146,9344,576.40021006266272,convergence
ext-w1,2,120002,7,78,,0,160,10240,581.68965657552087,convergence
ext-w1,2,120002,7,79,,0,142,9088,582.66235860188806,convergence
cold-w16,2,120002,0,0,,0,3490,223360,1009.3799896240234,convergence
cold-w16,2,120002,0,1,,0,3382,216448,886.56649780273438,convergence
cold-w16,2,120002,0,2,,0,3714,237696,711.30323791503906,convergence
cold-w16,2,120002,0,3,,0,4232,270848,847.88615036010742,convergence
cold-w16,2,120002,0,4,,0,3218,205952,757.66784540812171,convergence
cold-w16,2,120002,0,5,,0,3045,194880,911.5193087259928,convergence
cold-w16,2,120002,0,6,,0,4280,273920,983.59291585286462,convergence
cold-w16,2,120002,0,7,,0,3834,245376,782.88548405965173,convergence
cold-w16,2,120002,0,8,,0,2793,178752,810.02747853597009,convergence
cold-w16,2,120002,0,9,,0,3812,243968,799.57822291056311,convergence
cold-w16,2,120002,0,10,,0,2897,185408,816.68883895874023,convergence
cold-w16,2,120002,0,11,,0,3005,192320,772.30402501424157,convergence
cold-w16,2,120002,0,12,,0,3875,248000,836.89880116780603,convergence
cold-w16,2,120002,0,13,,0,2768,177152,968.03132120768225,convergence
cold-w16,2,120002,0,14,,0,2845,182080,936.49572118123376,convergence
cold-w16,2,120002,0,15,,0,3462,221568,815.64651107788086,convergence
cold-w16,2,120002,0,16,,0,2986,191104,821.5518582661947,convergence
cold-w16,2,120002,0,17,,0,2631,168384,903.64541371663415,convergence
cold-w16,2,120002,0,18,,0,3325,212800,1237.7455215454102,convergence
cold-w16,2,120002,0,19,,0,3908,250112,788.63176854451501,convergence
cold-w16,2,120002,0,20,,0,3141,201024,802.61430104573571,convergence
cold-w16,2,120002,0,21,,0,3116,199424,890.38052876790368,convergence
cold-w16,2,120002,0,22,,0,3667,234688,1179.2808647155762,convergence
cold-w16,2,120002,0,23,,0,3185,203840,716.33362197875977,convergence
cold-w16,2,120002,0,24,,0,3178,203392,680.83610280354821,convergence
cold-w16,2,120002,0,25,,0,2676,171264,1043.6510620117188,convergence
cold-w16,2,120002,0,26,,0,3264,208896,794.16559600830078,convergence
cold-w16,2,120002,0,27,,0,3320,212480,829.91932042439782,convergence
cold-w16,2,120002,0,28,,0,3633,232512,859.15379969278968,convergence
ext-w8,3,120003,0,0,,0,1507,96448,664.16429773966468,convergence
ext-w8,3,120003,0,1,,0,2663,170432,700.2143885294596,convergence
ext-w8,3,120003,0,2,,0,1506,96384,661.28532155354821,convergence
ext-w8,3,120003,0,3,,0,1291,82624,622.13302739461267,convergence
ext-w8,3,120003,0,4,,0,1509,96576,653.78238677978516,convergence
ext-w8,3,120003,0,5,,0,1286,82304,665.04061126708984,convergence
ext-w8,3,120003,0,6,,0,1569,100416,651.19094848632812,convergence
ext-w8,3,120003,0,7,,0,1228,78592,682.53884760538733,convergence
ext-w8,3,120003,0,8,,0,1221,78144,647.494384765625,convergence
ext-w8,3,120003,0,9,,0,1896,121344,644.17307917277014,convergence
ext-w8,3,120003,0,10,,0,1959,125376,670.17973327636719,convergence
ext-w8,3,120003,0,11,,0,2464,157696,640.15616734822595,convergence
ext-w8,3,120003,0,12,,0,1339,85696,642.25805918375647,convergence
ext-w8,3,120003,0,13,,0,1842,117888,653.77732467651367,convergence
ext-w8,3,120003,0,14,,0,1568,100352,656.9320068359375,convergence
ext-w8,3,120003,0,15,,0,1074,68736,662.05150731404626,convergence
ext-w8,3,120003,0,16,,0,1246,79744,644.91008504231775,convergence
ext-w8,3,120003,0,17,,0,1135,72640,640.9222628275553,convergence
ext-w8,3,120003,0,18,,0,1422,91008,645.67403411865234,convergence
ext-w8,3,120003,0,19,,0,1594,102016,652.15417734781897,convergence
ext-w8,3,120003,0,20,,0,1146,73344,666.09556198120117,convergence
ext-w8,3,120003,0,21,,0,1641,105024,679.63150024414062,convergence
ext-w8,3,120003,0,22,,0,1421,90944,643.92402903238929,convergence
ext-w8,3,120003,0,23,,0,1294,82816,654.11654663085938,convergence
ext-w8,3,120003,0,24,,0,1576,100864,646.77892812093103,convergence
ext-w8,3,120003,0,25,,0,1577,100928,652.55825551350915,convergence
ext-w8,3,120003,0,26,,0,1268,81152,656.55854415893555,convergence
ext-w8,3,120003,0,27,,0,1486,95104,659.83346176147461,convergence
ext-w8,3,120003,0,28,,0,1418,90752,679.99871826171875,convergence
ext-w8,3,120003,0,29,,0,1762,112768,647.49888356526696,convergence
ext-w8,3,120003,0,30,,0,2322,148608,664.97445678710938,convergence
ext-w8,3,120003,0,31,,0,1267,81088,646.20890935262048,convergence
ext-w8,3,120003,0,32,,0,1694,108416,673.00039545694983,convergence
ext-w8,3,120003,0,33,,0,1227,78528,653.44462076822913,convergence
ext-w8,3,120003,0,34,,0,1595,102080,628.46750005086267,convergence
ext-w8,3,120003,0,35,,0,1266,81024,670.91208267211914,convergence
ext-w8,3,120003,0,36,,0,1303,83392,660.78688303629554,convergence
ext-w8,3,120003,0,37,,0,1514,96896,653.99268468221032,convergence
ext-w8,3,120003,0,38,,0,1502,96128,640.421875,convergence
ext-w8,3,120003,0,39,,0,1124,71936,662.13307189941406,convergence
ext-w8,3,120003,0,40,,0,1508,96512,647.92074076334632,convergence
ext-w8,3,120003,0,41,,0,1272,81408,655.67601903279626,convergence
ext-w8,3,120003,0,42,,0,2058,131712,638.9123204549154,convergence
ext-w8,3,120003,0,43,,0,1282,82048,659.61560567220056,convergence
ext-w8,3,120003,0,44,,0,1442,92288,629.98684565226233,convergence
ext-w8,3,120003,0,45,,0,1619,103616,647.42982864379883,convergence
ext-w8,3,120003,0,46,,0,2006,128384,638.05315272013343,convergence
ext-w8,3,120003,0,47,,0,1456,93184,692.72009023030603,convergence
ext-w8,3,120003,0,48,,0,1455,93120,656.81404368082679,convergence
ext-w8,3,120003,0,49,,0,1706,109184,645.38205210367835,convergence
ext-w8,3,120003,0,50,,0,1180,75520,640.73320643107093,convergence
ext-w8,3,120003,0,51,,0,1661,106304,641.56011454264319,convergence
ext-w8,3,120003,0,52,,0,1757,112448,627.95571772257483,convergence
ext-w8,3,120003,0,53,,0,1166,74624,650.86155700683594,convergence
ext-w8,3,120003,0,54,,0,1510,96640,643.38548024495446,convergence
ext-w8,3,120003,0,55,,0,2894,185216,656.76274871826172,convergence
ext-w8,3,120003,0,56,,0,1840,117760,681.65851465860999,convergence
ext-w8,3,120003,0,57,,0,1893,121152,654.12355804443359,convergence
ext-w8,3,120003,0,58,,0,1177,75328,668.24790954589844,convergence
ext-w8,3,120003,0,59,,0,1508,96512,675.57866032918298,convergence
ext-w8,3,120003,0,60,,0,1563,100032,668.74073537190759,convergence
ext-w8,3,120003,0,61,,0,1518,97152,644.59036763509118,convergence
ext-w8,3,120003,0,62,,0,1342,85888,649.329823811849,convergence
ext-w4,3,120003,0,0,,0,785,50240,671.74055480957031,convergence
ext-w4,3,120003,0,1,,0,832,53248,667.42424519856775,convergence
ext-w4,3,120003,0,2,,0,603,38592,651.11314010620117,convergence
ext-w4,3,120003,0,3,,0,659,42176,671.70496368408203,convergence
ext-w4,3,120003,0,4,,0,653,41792,677.8224881490072,convergence
ext-w4,3,120003,0,5,,0,782,50048,672.33481089274085,convergence
ext-w4,3,120003,0,6,,0,682,43648,645.29655965169275,convergence
ext-w4,3,120003,0,7,,0,570,36480,671.04920959472656,convergence
ext-w4,3,120003,0,8,,0,698,44672,675.59582773844397,convergence
ext-w4,3,120003,0,9,,0,980,62720,685.50066248575843,convergence
ext-w4,3,120003,0,10,,0,674,43136,656.82591374715173,convergence
ext-w4,3,120003,0,11,,0,671,42944,672.1764132181803,convergence
ext-w4,3,120003,0,12,,0,732,46848,684.54306538899743,convergence
ext-w4,3,120003,0,13,,0,627,40128,672.1925163269043,convergence
ext-w4,3,120003,0,14,,0,523,33472,657.82620366414392,convergence
ext-w4,3,120003,0,15,,0,1095,70080,669.87484995524085,convergence
ext-w4,3,120003,0,16,,0,612,39168,669.4777946472168,convergence
ext-w4,3,120003,0,17,,0,613,39232,669.26590601603186,convergence
ext-w4,3,120003,0,18,,0,600,38400,672.16608047485352,convergence
ext-w4,3,120003,0,19,,0,677,43328,669.7169303894043,convergence
ext-w4,3,120003,0,20,,0,696,44544,665.83416493733728,convergence
ext-w4,3,120003,0,21,,0,684,43776,670.82986831665039,convergence
ext-w4,3,120003,0,22,,0,613,39232,669.52736282348633,convergence
ext-w4,3,120003,0,23,,0,619,39616,692.85660934448242,convergence
ext-w4,3,120003,0,24,,0,544,34816,670.58420181274414,convergence
ext-w4,3,120003,0,25,,0,648,41472,653.24794514973962,convergence
ext-w4,3,120003,0,26,,0,680,43520,664.11383565266931,convergence
ext-w4,3,120003,0,27,,0,669,42816,677.83781178792321,convergence
ext-w4,3,120003,0,28,,0,616,39424,669.33907063802087,convergence
ext-w4,3,120003,0,29,,0,622,39808,673.15577952067054,convergence
ext-w4,3,120003,0,30,,0,682,43648,676.12417348225915,convergence
ext-w4,3,120003,0,31,,0,781,49984,689.02183024088538,convergence
ext-w4,3,120003,0,32,,0,600,38400,671.80462392171228,convergence
ext-w4,3,120003,0,33,,0,631,40384,670.84696324666345,convergence
ext-w4,3,120003,0,34,,0,684,43776,672.02789306640625,convergence
ext-w4,3,120003,0,35,,0,659,42176,675.39439519246423,convergence
ext-w4,3,120003,0,36,,0,678,43392,680.69311904907227,convergence
ext-w4,3,120003,0,37,,0,704,45056,671.49119567871094,convergence
ext-w4,3,120003,0,38,,0,958,61312,690.93525950113929,convergence
ext-w4,3,120003,0,39,,0,569,36416,672.88393783569336,convergence
ext-w4,3,120003,0,40,,0,725,46400,668.74167378743493,convergence
ext-w4,3,120003,0,41,,0,601,38464,661.13528951009118,convergence
ext-w4,3,120003,0,42,,0,692,44288,666.9003016153971,convergence
ext-w4,3,120003,0,43,,0,854,54656,670.46046193440759,convergence
ext-w4,3,120003,0,44,,0,555,35520,673.22652308146155,convergence
ext-w4,3,120003,0,45,,0,610,39040,675.47076797485352,convergence
ext-w4,3,120003,0,46,,0,748,47872,686.06708017985022,convergence
ext-w4,3,120003,0,47,,0,1064,68096,689.52847925821936,convergence
ext-w4,3,120003,0,48,,0,615,39360,670.63477071126306,convergence
ext-w4,3,120003,0,49,,0,644,41216,650.7593994140625,convergence
ext-w4,3,120003,0,50,,0,650,41600,666.13519541422522,convergence
ext-w4,3,120003,0,51,,0,699,44736,674.94303258260095,convergence
ext-w4,3,120003,0,52,,0,631,40384,672.81718953450525,convergence
ext-w4,3,120003,0,53,,0,887,56768,674.23527272542321,convergence
ext-w4,3,120003,0,54,,0,643,41152,670.78508122762048,convergence
ext-w4,3,120003,0,55,,0,637,40768,656.82883453369141,convergence
ext-w4,3,120003,0,56,,0,848,54272,672.96055094401038,convergence
ext-w4,3,120003,0,57,,0,620,39680,670.15747706095374,convergence
ext-w4,3,120003,0,58,,0,877,56128,673.66965484619141,convergence
ext-w4,3,120003,0,59,,0,840,53760,692.28040440877282,convergence
ext-w4,3,120003,0,60,,0,781,49984,681.71652475992835,convergence
ext-w4,3,120003,0,61,,0,640,40960,668.29736200968421,convergence
ext-w4,3,120003,0,62,,0,624,39936,672.5029513041178,convergence
ext-w4,3,120003,0,63,,0,787,50368,683.5048713684082,convergence
ext-w4,3,120003,0,64,,0,701,44864,651.11733627319336,convergence
ext-w4,3,120003,0,65,,0,511,32704,672.30816904703772,convergence
ext-w4,3,120003,0,66,,0,755,48320,681.97783788045251,convergence
ext-w4,3,120003,0,67,,0,617,39488,669.78411738077796,convergence
ext-w4,3,120003,0,68,,0,702,44928,670.50102233886719,convergence
ext-w4,3,120003,0,69,,0,536,34304,669.43074035644531,convergence
ext-w4,3,120003,1,0,,0,793,50752,613.42658869425452,convergence
ext-w4,3,120003,1,1,,0,676,43264,599.5002657572428,convergence
ext-w4,3,120003,1,2,,0,558,35712,615.40236028035486,convergence
ext-w4,3,120003,1,3,,0,911,58304,606.82978439331055,convergence
ext-w4,3,120003,1,4,,0,585,37440,614.39507929484046,convergence
ext-w4,3,120003,1,5,,0,629,40256,599.42031351725257,convergence
ext-w4,3,120003,1,6,,0,660,42240,597.7966423034668,convergence
ext-w4,3,120003,1,7,,0,936,59904,606.78634262084961,convergence
ext-w4,3,120003,1,8,,0,601,38464,618.81785456339514,convergence
ext-w4,3,120003,1,9,,0,789,50496,615.71832911173499,convergence
ext-w4,3,120003,1,10,,0,838,53632,634.04732640584314,convergence
ext-w4,3,120003,1,11,,0,852,54528,600.79345957438147,convergence
ext-w4,3,120003,1,12,,0,636,40704,587.55633163452148,convergence
ext-w4,3,120003,1,13,,0,600,38400,602.09122721354163,convergence
ext-w4,3,120003,1,14,,0,596,38144,582.48087437947595,convergence
ext-w4,3,120003,1,15,,0,578,36992,593.78628921508789,convergence
ext-w4,3,120003,1,16,,0,696,44544,621.59096527099609,convergence
ext-w4,3,120003,1,17,,0,560,35840,612.06784693400061,convergence
ext-w4,3,120003,1,18,,0,807,51648,616.31098429361975,convergence
ext-w4,3,120003,1,19,,0,720,46080,609.87605158487952,convergence
ext-w4,3,120003,1,20,,0,668,42752,616.71550242106116,convergence
ext-w4,3,120003,1,21,,0,789,50496,602.77561187744141,convergence
ext-w4,3,120003,1,22,,0,897,57408,622.52900822957361,convergence
ext-w4,3,120003,1,23,,0,1329,85056,595.34338506062829,convergence
ext-w4,3,120003,1,24,,0,787,50368,598.50824610392249,convergence
ext-w4,3,120003,1,25,,0,719,46016,609.73052342732751,convergence
ext-w4,3,120003,1,26,,0,669,42816,615.51679738362634,convergence
ext-w4,3,120003,1,27,,0,639,40896,620.58669916788733,convergence
ext-w4,3,120003,1,28,,0,1085,69440,598.7958768208822,convergence
ext-w4,3,120003,1,29,,0,732,46848,616.6039924621582,convergence
ext-w4,3,120003,1,30,,0,755,48320,607.49966557820642,convergence
ext-w4,3,120003,1,31,,0,615,39360,617.51227442423499,convergence
ext-w4,3,120003,1,32,,0,686,43904,616.06882858276367,convergence
ext-w4,3,120003,1,33,,0,1120,71680,605.99918746948242,convergence
ext-w4,3,120003,1,34,,0,650,41600,603.12104415893555,convergence
ext-w4,3,120003,1,35,,0,601,38464,598.12711334228516,convergence
ext-w4,3,120003,1,36,,0,612,39168,608.48353576660156,convergence
ext-w4,3,120003,1,37,,0,1090,69760,610.88212585449219,convergence
ext-w4,3,120003,1,38,,0,695,44480,607.96631749471032,convergence
ext-w4,3,120003,1,39,,0,754,48256,621.50165049235022,convergence
ext-w4,3,120003,1,40,,0,854,54656,605.13908513387048,convergence
ext-w4,3,120003,1,41,,0,666,42624,600.90476481119788,convergence
ext-w4,3,120003,1,42,,0,1015,64960,614.8587315877279,convergence
ext-w4,3,120003,1,43,,0,576,36864,614.24007034301758,convergence
ext-w4,3,120003,1,44,,0,1291,82624,593.67427571614587,convergence
ext-w4,3,120003,1,45,,0,676,43264,606.87477111816406,convergence
ext-w4,3,120003,1,46,,0,622,39808,597.08855438232422,convergence
ext-w4,3,120003,1,47,,0,807,51648,613.02303695678711,convergence
ext-w4,3,120003,1,48,,0,828,52992,601.06709671020508,convergence
ext-w4,3,120003,1,49,,0,652,41728,604.96308390299475,convergence
ext-w4,3,120003,1,50,,0,746,47744,598.73768615722656,convergence
ext-w4,3,120003,1,51,,0,710,45440,606.33081690470374,convergence
ext-w4,3,120003,1,52,,0,564,36096,608.1981315612793,convergence
ext-w4,3,120003,1,53,,0,732,46848,601.76784515380859,convergence
ext-w4,3,120003,1,54,,0,758,48512,603.09019343058264,convergence
ext-w4,3,120003,1,55,,0,594,38016,618.64046223958337,convergence
ext-w4,3,120003,1,56,,0,677,43328,612.19274393717444,convergence
ext-w4,3,120003,1,57,,0,675,43200,612.8797721862793,convergence
ext-w4,3,120003,1,58,,0,718,45952,618.93899154663086,convergence
ext-w4,3,120003,1,59,,0,672,43008,610.25915018717444,convergence
ext-w4,3,120003,1,60,,0,728,46592,596.42744445800781,convergence
ext-w4,3,120003,1,61,,0,1040,66560,617.05013020833337,convergence
ext-w4,3,120003,1,62,,0,791,50624,615.72064081827796,convergence
ext-w4,3,120003,1,63,,0,729,46656,598.94759368896484,convergence
ext-w4,3,120003,1,64,,0,627,40128,600.24154154459632,convergence
ext-w2,3,120003,0,0,,0,302,19328,694.35555394490564,convergence
ext-w2,3,120003,0,1,,0,546,34944,696.35397338867188,convergence
ext-w2,3,120003,0,2,,0,347,22208,700.30838394165039,convergence
ext-w2,3,120003,0,3,,0,375,24000,708.25926335652673,convergence
ext-w2,3,120003,0,4,,0,260,16640,694.9995333353678,convergence
ext-w2,3,120003,0,5,,0,316,20224,678.79259363810218,convergence
ext-w2,3,120003,0,6,,0,236,15104,694.98192723592126,convergence
ext-w2,3,120003,0,7,,0,376,24064,698.55976867675781,convergence
ext-w2,3,120003,0,8,,0,362,23168,689.83716710408532,convergence
ext-w2,3,120003,0,9,,0,323,20672,689.86921310424805,convergence
ext-w2,3,120003,0,10,,0,307,19648,694.59430058797204,convergence
ext-w2,3,120003,0,11,,0,243,15552,695.02621714274085,convergence
ext-w2,3,120003,0,12,,0,394,25216,682.86433537801111,convergence
ext-w2,3,120003,0,13,,0,358,22912,692.0721219380697,convergence
ext-w2,3,120003,0,14,,0,294,18816,682.86771774291992,convergence
ext-w2,3,120003,0,15,,0,284,18176,695.03715387980139,convergence
ext-w2,3,120003,0,16,,0,286,18304,706.93674087524414,convergence
ext-w2,3,120003,0,17,,0,386,24704,682.85882568359375,convergence
ext-w2,3,120003,0,18,,0,345,22080,693.90075174967444,convergence
ext-w2,3,120003,0,19,,0,340,21760,700.31009546915686,convergence
ext-w2,3,120003,0,20,,0,368,23552,704.24263127644861,convergence
ext-w2,3,120003,0,21,,0,342,21888,689.85527928670251,convergence
ext-w2,3,120003,0,22,,0,386,24704,685.91292444864905,convergence
ext-w2,3,120003,0,23,,0,308,19712,693.87508392333984,convergence
ext-w2,3,120003,0,24,,0,332,21248,704.25661214192712,convergence
ext-w2,3,120003,0,25,,0,456,29184,694.67625172932946,convergence
ext-w2,3,120003,0,26,,0,277,17728,695.06156921386719,convergence
ext-w2,3,120003,0,27,,0,418,26752,694.36989974975586,convergence
ext-w2,3,120003,0,28,,0,310,19840,694.46888605753577,convergence
ext-w2,3,120003,0,29,,0,306,19584,694.35940170288086,convergence
ext-w2,3,120003,0,30,,0,377,24128,695.58140436808264,convergence
ext-w2,3,120003,0,31,,0,284,18176,692.07417678833008,convergence
ext-w2,3,120003,0,32,,0,343,21952,694.46048990885413,convergence
ext-w2,3,120003,0,33,,0,273,17472,694.42173258463538,convergence
ext-w2,3,120003,0,34,,0,331,21184,690.66137822469079,convergence
ext-w2,3,120003,0,35,,0,331,21184,694.86338424682617,convergence
ext-w2,3,120003,0,36,,0,314,20096,682.85900497436523,convergence
ext-w2,3,120003,0,37,,0,279,17856,690.641123453776,convergence
ext-w2,3,120003,0,38,,0,397,25408,702.56463623046875,convergence
ext-w2,3,120003,0,39,,0,304,19456,694.80551020304358,convergence
ext-w2,3,120003,0,40,,0,311,19904,692.6838595072428,convergence
ext-w2,3,120003,0,41,,0,340,21760,697.0296516418457,convergence
ext-w2,3,120003,0,42,,0,306,19584,678.73841094970703,convergence
ext-w2,3,120003,0,43,,0,349,22336,677.69804382324219,convergence
ext-w2,3,120003,0,44,,0,336,21504,700.28068288167321,convergence
ext-w2,3,120003,0,45,,0,412,26368,704.23785146077478,convergence
ext-w2,3,120003,0,46,,0,381,24384,687.61843872070312,convergence
ext-w2,3,120003,0,47,,0,316,20224,695.13712819417321,convergence
ext-w2,3,120003,0,48,,0,293,18752,687.09934234619141,convergence
ext-w2,3,120003,0,49,,0,284,18176,694.98150126139319,convergence
ext-w2,3,120003,0,50,,0,307,19648,694.42452239990234,convergence
ext-w2,3,120003,0,51,,0,376,24064,694.40629704793298,convergence
ext-w2,3,120003,0,52,,0,328,20992,682.10501098632812,convergence
ext-w2,3,120003,0,53,,0,247,15808,695.03370030721032,convergence
ext-w2,3,120003,0,54,,0,291,18624,694.95421981811523,convergence
ext-w2,3,120003,0,55,,0,315,20160,718.40690867106116,convergence
ext-w2,3,120003,0,56,,0,378,24192,703.59700647989905,convergence
ext-w2,3,120003,0,57,,0,235,15040,695.03892262776696,convergence
ext-w2,3,120003,0,58,,0,309,19776,695.26724624633789,convergence
ext-w2,3,120003,0,59,,0,309,19776,700.74581146240234,convergence
ext-w2,3,120003,0,60,,0,356,22784,693.87419128417969,convergence
ext-w2,3,120003,0,61,,0,262,16768,687.10466384887695,convergence
ext-w2,3,120003,0,62,,0,232,14848,694.96906534830725,convergence
ext-w2,3,120003,0,63,,0,329,21056,696.27564875284827,convergence
ext-w2,3,120003,0,64,,0,347,22208,704.55386352539062,convergence
ext-w2,3,120003,0,65,,0,376,24064,689.853505452474,convergence
ext-w2,3,120003,0,66,,0,340,21760,677.76362991333008,convergence
ext-w2,3,120003,0,67,,0,343,21952,722.81977971394861,convergence
ext-w2,3,120003,0,68,,0,362,23168,694.48171869913733,convergence
ext-w2,3,120003,0,69,,0,370,23680,689.84379959106445,convergence
ext-w2,3,120003,0,70,,0,309,19776,706.12810516357422,convergence
ext-w2,3,120003,0,71,,0,285,18240,685.16822814941406,convergence
ext-w2,3,120003,0,72,,0,328,20992,678.84820556640625,convergence
ext-w2,3,120003,0,73,,0,350,22400,696.2459386189779,convergence
ext-w2,3,120003,1,0,,0,427,27328,650.12652333577478,convergence
ext-w2,3,120003,1,1,,0,315,20160,665.21822102864587,convergence
ext-w2,3,120003,1,2,,0,357,22848,654.2627169291178,convergence
ext-w2,3,120003,1,3,,0,334,21376,653.28313446044922,convergence
ext-w2,3,120003,1,4,,0,355,22720,654.82025019327796,convergence
ext-w2,3,120003,1,5,,0,367,23488,649.90410232543945,convergence
ext-w2,3,120003,1,6,,0,321,20544,655.73178354899085,convergence
ext-w2,3,120003,1,7,,0,356,22784,653.30127207438147,convergence
ext-w2,3,120003,1,8,,0,343,21952,646.33647282918298,convergence
ext-w2,3,120003,1,9,,0,347,22208,653.62255350748694,convergence
ext-w2,3,120003,1,10,,0,341,21824,666.07475026448571,convergence
ext-w2,3,120003,1,11,,0,372,23808,643.07979583740234,convergence
ext-w2,3,120003,1,12,,0,282,18048,646.60019683837891,convergence
ext-w2,3,120003,1,13,,0,243,15552,654.19430414835608,convergence
ext-w2,3,120003,1,14,,0,382,24448,655.77113596598304,convergence
ext-w2,3,120003,1,15,,0,332,21248,654.45136896769202,convergence
ext-w2,3,120003,1,16,,0,333,21312,651.87137603759766,convergence
ext-w2,3,120003,1,17,,0,362,23168,640.84929529825843,convergence
ext-w2,3,120003,1,18,,0,362,23168,667.75400543212891,convergence
ext-w2,3,120003,1,19,,0,317,20288,650.64276758829749,convergence
ext-w2,3,120003,1,20,,0,361,23104,670.34607060750329,convergence
ext-w2,3,120003,1,21,,0,337,21568,655.2646484375,convergence
ext-w2,3,120003,1,22,,0,422,27008,648.62226867675781,convergence
ext-w2,3,120003,1,23,,0,330,21120,657.61740366617835,convergence
ext-w2,3,120003,1,24,,0,277,17728,657.74578603108728,convergence
ext-w2,3,120003,1,25,,0,338,21632,654.8158073425293,convergence
ext-w2,3,120003,1,26,,0,342,21888,658.11859385172522,convergence
ext-w2,3,120003,1,27,,0,361,23104,657.23565292358398,convergence
ext-w2,3,120003,1,28,,0,330,21120,657.51459121704102,convergence
ext-w2,3,120003,1,29,,0,387,24768,667.72847747802734,convergence
ext-w2,3,120003,1,30,,0,310,19840,647.24424743652344,convergence
ext-w2,3,120003,1,31,,0,427,27328,651.77765909830725,convergence
ext-w2,3,120003,1,32,,0,310,19840,660.58975346883142,convergence
ext-w2,3,120003,1,33,,0,239,15296,633.87228647867835,convergence
ext-w2,3,120003,1,34,,0,283,18112,654.05041885375977,convergence
ext-w2,3,120003,1,35,,0,319,20416,653.31585566202796,convergence
ext-w2,3,120003,1,36,,0,325,20800,652.84680811564124,convergence
ext-w2,3,120003,1,37,,0,350,22400,635.86946360270179,convergence
ext-w2,3,120003,1,38,,0,341,21824,657.26103337605798,convergence
ext-w2,3,120003,1,39,,0,351,22464,650.66413370768225,convergence
ext-w2,3,120003,1,40,,0,638,40832,641.74505488077796,convergence
ext-w2,3,120003,1,41,,0,368,23552,668.06540044148767,convergence
ext-w2,3,120003,1,42,,0,341,21824,653.58485666910804,convergence
ext-w2,3,120003,1,43,,0,308,19712,655.61956151326501,convergence
ext-w2,3,120003,1,44,,0,312,19968,655.5996208190918,convergence
ext-w2,3,120003,1,45,,0,318,20352,635.84781519571936,convergence
ext-w2,3,120003,1,46,,0,351,22464,635.88787587483728,convergence
ext-w2,3,120003,1,47,,0,413,26432,652.832509358724,convergence
ext-w2,3,120003,1,48,,0,255,16320,633.89728164672852,convergence
ext-w2,3,120003,1,49,,0,356,22784,655.72565333048499,convergence
ext-w2,3,120003,1,50,,0,315,20160,655.65717824300134,convergence
ext-w2,3,120003,1,51,,0,330,21120,649.88205718994141,convergence
ext-w2,3,120003,1,52,,0,326,20864,667.73391469319665,convergence
ext-w2,3,120003,1,53,,0,409,26176,648.59413019816077,convergence
ext-w2,3,120003,1,54,,0,275,17600,633.87857564290368,convergence
ext-w2,3,120003,1,55,,0,306,19584,665.27541478474939,convergence
ext-w2,3,120003,1,56,,0,310,19840,653.36438496907556,convergence
ext-w2,3,120003,1,57,,0,345,22080,646.60019683837891,convergence
ext-w2,3,120003,1,58,,0,365,23360,657.31593195597327,convergence
ext-w2,3,120003,1,59,,0,325,20800,633.91211191813147,convergence
ext-w2,3,120003,1,60,,0,373,23872,659.06635793050134,convergence
ext-w2,3,120003,1,61,,0,319,20416,654.27341969807946,convergence
ext-w2,3,120003,1,62,,0,315,20160,652.84875869750977,convergence
ext-w2,3,120003,1,63,,0,293,18752,650.97096633911133,convergence
ext-w2,3,120003,1,64,,0,461,29504,655.18370946248376,convergence
ext-w2,3,120003,1,65,,0,354,22656,651.47242482503259,convergence
ext-w2,3,120003,1,66,,0,359,22976,654.34803644816077,convergence
ext-w2,3,120003,1,67,,0,327,20928,653.57696533203125,convergence
ext-w2,3,120003,1,68,,0,257,16448,654.17223612467444,convergence
ext-w2,3,120003,1,69,,0,285,18240,666.08779780069983,convergence
ext-w2,3,120003,1,70,,0,345,22080,635.91989898681641,convergence
ext-w2,3,120003,2,0,,0,367,23488,617.55608240763343,convergence
ext-w2,3,120003,2,1,,0,366,23424,604.809315999349,convergence
ext-w2,3,120003,2,2,,0,365,23360,597.9009895324707,convergence
ext-w2,3,120003,2,3,,0,459,29376,613.55023066202796,convergence
ext-w2,3,120003,2,4,,0,624,39936,620.89017105102539,convergence
ext-w2,3,120003,2,5,,0,362,23168,605.44037246704102,convergence
ext-w2,3,120003,2,6,,0,301,19264,626.780029296875,convergence
ext-w2,3,120003,2,7,,0,362,23168,613.3901697794596,convergence
ext-w2,3,120003,2,8,,0,347,22208,604.77920277913415,convergence
ext-w2,3,120003,2,9,,0,270,17280,611.86690902709961,convergence
ext-w2,3,120003,2,10,,0,380,24320,611.86776987711585,convergence
ext-w2,3,120003,2,11,,0,330,21120,611.9307963053385,convergence
ext-w2,3,120003,2,12,,0,313,20032,610.01619084676111,convergence
ext-w2,3,120003,2,13,,0,369,23616,627.74949900309241,convergence
ext-w2,3,120003,2,14,,0,311,19904,604.80458831787109,convergence
ext-w2,3,120003,2,15,,0,342,21888,605.59562683105469,convergence
ext-w2,3,120003,2,16,,0,395,25280,611.65639877319336,convergence
ext-w2,3,120003,2,17,,0,316,20224,626.48134994506836,convergence
ext-w2,3,120003,2,18,,0,339,21696,626.32131195068359,convergence
ext-w2,3,120003,2,19,,0,368,23552,620.87089029947913,convergence
ext-w2,3,120003,2,20,,0,308,19712,623.73232777913415,convergence
ext-w2,3,120003,2,21,,0,328,20992,605.49116516113281,convergence
ext-w2,3,120003,2,22,,0,344,22016,620.95331446329749,convergence
ext-w2,3,120003,2,23,,0,309,19776,613.1986414591471,convergence
ext-w2,3,120003,2,24,,0,327,20928,606.8521614074707,convergence
ext-w2,3,120003,2,25,,0,329,21056,607.15386199951172,convergence
ext-w2,3,120003,2,26,,0,310,19840,605.49090321858728,convergence
ext-w2,3,120003,2,27,,0,342,21888,617.68736139933264,convergence
ext-w2,3,120003,2,28,,0,337,21568,611.76881281534827,convergence
ext-w2,3,120003,2,29,,0,330,21120,609.61498514811194,convergence
ext-w2,3,120003,2,30,,0,355,22720,611.73418553670251,convergence
ext-w2,3,120003,2,31,,0,306,19584,613.55225499471032,convergence
ext-w2,3,120003,2,32,,0,339,21696,616.75517527262366,convergence
ext-w2,3,120003,2,33,,0,290,18560,605.40572611490882,convergence
ext-w2,3,120003,2,34,,0,342,21888,620.66062037150061,convergence
ext-w2,3,120003,2,35,,0,298,19072,624.05968602498376,convergence
ext-w2,3,120003,2,36,,0,385,24640,626.31543350219727,convergence
ext-w2,3,120003,2,37,,0,362,23168,618.79905573527014,convergence
ext-w2,3,120003,2,38,,0,312,19968,617.49549865722656,convergence
ext-w2,3,120003,2,39,,0,388,24832,611.95196533203125,convergence
ext-w2,3,120003,2,40,,0,329,21056,623.73621877034509,convergence
ext-w2,3,120003,2,41,,0,399,25536,613.36155700683594,convergence
ext-w2,3,120003,2,42,,0,296,18944,611.93539428710938,convergence
ext-w2,3,120003,2,43,,0,361,23104,610.21453603108728,convergence
ext-w2,3,120003,2,44,,0,352,22528,612.20347340901696,convergence
ext-w2,3,120003,2,45,,0,294,18816,611.85278956095374,convergence
ext-w2,3,120003,2,46,,0,328,20992,611.99177932739258,convergence
ext-w2,3,120003,2,47,,0,315,20160,611.05436325073242,convergence
ext-w2,3,120003,2,48,,0,370,23680,604.81888580322266,convergence
ext-w2,3,120003,2,49,,0,302,19328,627.5874239603678,convergence
ext-w2,3,120003,2,50,,0,311,19904,626.49844360351562,convergence
ext-w2,3,120003,2,51,,0,351,22464,604.76636632283532,convergence
ext-w2,3,120003,2,52,,0,310,19840,613.80714543660486,convergence
ext-w2,3,120003,2,53,,0,327,20928,611.79906845092773,convergence
ext-w2,3,120003,2,54,,0,313,20032,620.19196446736657,convergence
ext-w2,3,120003,2,55,,0,359,22976,611.64815012613929,convergence
ext-w2,3,120003,2,56,,0,439,28096,614.45041020711267,convergence
ext-w2,3,120003,2,57,,0,300,19200,604.7904052734375,convergence
ext-w2,3,120003,2,58,,0,372,23808,604.78054555257165,convergence
ext-w2,3,120003,2,59,,0,410,26240,604.76474634806311,convergence
ext-w2,3,120003,2,60,,0,328,20992,604.82387797037757,convergence
ext-w2,3,120003,2,61,,0,354,22656,613.09420394897461,convergence
ext-w2,3,120003,2,62,,0,316,20224,606.84251658121741,convergence
ext-w2,3,120003,2,63,,0,360,23040,625.0123291015625,convergence
ext-w2,3,120003,2,64,,0,336,21504,620.64514541625977,convergence
ext-w2,3,120003,2,65,,0,367,23488,609.9992790222168,convergence
ext-w2,3,120003,2,66,,0,343,21952,612.43901824951172,convergence
ext-w2,3,120003,2,67,,0,335,21440,611.84209696451819,convergence
ext-w2,3,120003,2,68,,0,322,20608,611.67260106404626,convergence
ext-w2,3,120003,2,69,,0,404,25856,607.69319915771484,convergence
ext-w2,3,120003,3,0,,0,325,20800,586.45035552978516,convergence
ext-w2,3,120003,3,1,,0,379,24256,583.05253855387366,convergence
ext-w2,3,120003,3,2,,0,328,20992,588.12027359008789,convergence
ext-w2,3,120003,3,3,,0,395,25280,590.35914993286133,convergence
ext-w2,3,120003,3,4,,0,324,20736,584.71628061930335,convergence
ext-w2,3,120003,3,5,,0,349,22336,581.53470993041992,convergence
ext-w2,3,120003,3,6,,0,358,22912,571.31933975219727,convergence
ext-w2,3,120003,3,7,,0,385,24640,579.72300593058264,convergence
ext-w2,3,120003,3,8,,0,285,18240,580.39167404174805,convergence
ext-w2,3,120003,3,9,,0,342,21888,587.71299362182617,convergence
ext-w2,3,120003,3,10,,0,298,19072,591.01815160115564,convergence
ext-w2,3,120003,3,11,,0,293,18752,583.21480051676429,convergence
ext-w2,3,120003,3,12,,0,404,25856,585.35719680786133,convergence
ext-w2,3,120003,3,13,,0,359,22976,581.50471242268884,convergence
ext-w2,3,120003,3,14,,0,287,18368,586.72266515096032,convergence
ext-w2,3,120003,3,15,,0,426,27264,590.34860483805335,convergence
ext-w2,3,120003,3,16,,0,322,20608,581.06304423014319,convergence
ext-w2,3,120003,3,17,,0,282,18048,576.91079584757483,convergence
ext-w2,3,120003,3,18,,0,322,20608,581.61260859171546,convergence
ext-w2,3,120003,3,19,,0,338,21632,580.78890228271484,convergence
ext-w2,3,120003,3,20,,0,357,22848,581.53070322672522,convergence
ext-w2,3,120003,3,21,,0,357,22848,589.95079294840491,convergence
ext-w2,3,120003,3,22,,0,311,19904,585.35173670450843,convergence
ext-w2,3,120003,3,23,,0,360,23040,583.1982091267904,convergence
ext-w2,3,120003,3,24,,0,326,20864,576.90568923950195,convergence
ext-w2,3,120003,3,25,,0,298,19072,585.58848444620764,convergence
ext-w2,3,120003,3,26,,0,326,20864,591.65937042236328,convergence
ext-w2,3,120003,3,27,,0,347,22208,591.01206843058264,convergence
ext-w2,3,120003,3,28,,0,375,24000,581.87297312418616,convergence
ext-w2,3,120003,3,29,,0,323,20672,591.63299179077148,convergence
ext-w2,3,120003,3,30,,0,361,23104,592.01248931884766,convergence
ext-w2,3,120003,3,31,,0,341,21824,580.78878911336267,convergence
ext-w2,3,120003,3,32,,0,331,21184,583.21732584635413,convergence
ext-w2,3,120003,3,33,,0,378,24192,581.49684651692712,convergence
ext-w2,3,120003,3,34,,0,436,27904,581.56938298543298,convergence
ext-w2,3,120003,3,35,,0,307,19648,590.13387171427405,convergence
ext-w2,3,120003,3,36,,0,323,20672,583.47178904215491,convergence
ext-w2,3,120003,3,37,,0,351,22464,591.63206481933594,convergence
ext-w2,3,120003,3,38,,0,406,25984,585.34526697794593,convergence
ext-w2,3,120003,3,39,,0,432,27648,590.97086334228516,convergence
ext-w2,3,120003,3,40,,0,373,23872,580.77619298299157,convergence
ext-w2,3,120003,3,41,,0,484,30976,590.22472508748376,convergence
ext-w2,3,120003,3,42,,0,336,21504,583.53526560465491,convergence
ext-w2,3,120003,3,43,,0,351,22464,586.07880147298181,convergence
ext-w2,3,120003,3,44,,0,297,19008,589.40649286905921,convergence
ext-w2,3,120003,3,45,,0,296,18944,580.79291280110681,convergence
ext-w2,3,120003,3,46,,0,295,18880,580.37307230631507,convergence
ext-w2,3,120003,3,47,,0,318,20352,586.59008280436194,convergence
ext-w2,3,120003,3,48,,0,297,19008,581.49365615844727,convergence
ext-w2,3,120003,3,49,,0,348,22272,588.37166341145837,convergence
ext-w2,3,120003,3,50,,0,368,23552,590.24325942993164,convergence
ext-w2,3,120003,3,51,,0,357,22848,588.49321238199866,convergence
ext-w2,3,120003,3,52,,0,301,19264,581.54853057861328,convergence
ext-w2,3,120003,3,53,,0,363,23232,586.43992487589514,convergence
ext-w2,3,120003,3,54,,0,388,24832,591.69863128662109,convergence
ext-w2,3,120003,3,55,,0,307,19648,581.49058024088538,convergence
ext-w2,3,120003,3,56,,0,326,20864,580.36627833048499,convergence
ext-w2,3,120003,3,57,,0,350,22400,590.33448155721032,convergence
ext-w2,3,120003,3,58,,0,362,23168,581.49885431925452,convergence
ext-w2,3,120003,3,59,,0,418,26752,589.94562276204431,convergence
ext-w2,3,120003,3,60,,0,350,22400,590.16684468587243,convergence
ext-w2,3,120003,3,61,,0,292,18688,580.77510197957361,convergence
ext-w2,3,120003,3,62,,0,280,17920,591.6350313822428,convergence
ext-w2,3,120003,3,63,,0,499,31936,586.58088556925452,convergence
ext-w2,3,120003,3,64,,0,453,28992,587.81910705566406,convergence
ext-w2,3,120003,3,65,,0,350,22400,583.18945058186853,convergence
ext-w2,3,120003,3,66,,0,301,19264,590.17625554402673,convergence
ext-w2,3,120003,3,67,,0,356,22784,591.65025329589844,convergence
ext-w2,3,120003,3,68,,0,315,20160,585.12368392944336,convergence
ext-w2,3,120003,3,69,,0,252,16128,582.10999170939124,convergence
ext-w1,3,120003,0,0,,0,138,8832,709.46889114379883,convergence
ext-w1,3,120003,0,1,,0,119,7616,703.97617721557617,convergence
ext-w1,3,120003,0,2,,0,200,12800,707.24892807006836,convergence
ext-w1,3,120003,0,3,,0,151,9664,720.9595947265625,convergence
ext-w1,3,120003,0,4,,0,154,9856,707.24963633219397,convergence
ext-w1,3,120003,0,5,,0,137,8768,717.14952723185218,convergence
ext-w1,3,120003,0,6,,0,166,10624,707.27136739095056,convergence
ext-w1,3,120003,0,7,,0,155,9920,707.25102488199866,convergence
ext-w1,3,120003,0,8,,0,121,7744,708.09639104207361,convergence
ext-w1,3,120003,0,9,,0,149,9536,703.97617721557617,convergence
ext-w1,3,120003,0,10,,0,141,9024,703.21518580118811,convergence
ext-w1,3,120003,0,11,,0,180,11520,707.25071716308594,convergence
ext-w1,3,120003,0,12,,0,137,8768,708.96541213989258,convergence
ext-w1,3,120003,0,13,,0,153,9792,707.25071716308594,convergence
ext-w1,3,120003,0,14,,0,173,11072,707.25075149536133,convergence
ext-w1,3,120003,0,15,,0,165,10560,707.25602595011389,convergence
ext-w1,3,120003,0,16,,0,155,9920,707.25071716308594,convergence
ext-w1,3,120003,0,17,,0,141,9024,711.49117151896155,convergence
ext-w1,3,120003,0,18,,0,161,10304,707.25211207071936,convergence
ext-w1,3,120003,0,19,,0,123,7872,711.492909749349,convergence
ext-w1,3,120003,0,20,,0,168,10752,711.47725677490234,convergence
ext-w1,3,120003,0,21,,0,138,8832,711.53377660115564,convergence
ext-w1,3,120003,0,22,,0,165,10560,707.25243631998694,convergence
ext-w1,3,120003,0,23,,0,128,8192,711.506337483724,convergence
ext-w1,3,120003,0,24,,0,150,9600,707.25633239746094,convergence
ext-w1,3,120003,0,25,,0,196,12544,707.25172805786133,convergence
ext-w1,3,120003,0,26,,0,123,7872,708.08318456014001,convergence
ext-w1,3,120003,0,27,,0,153,9792,707.25071716308594,convergence
ext-w1,3,120003,0,28,,0,192,12288,707.24993769327796,convergence
ext-w1,3,120003,0,29,,0,186,11904,707.25583521525061,convergence
ext-w1,3,120003,0,30,,0,165,10560,707.24937057495117,convergence
ext-w1,3,120003,0,31,,0,140,8960,721.41930389404297,convergence
ext-w1,3,120003,0,32,,0,120,7680,708.9628791809082,convergence
ext-w1,3,120003,0,33,,0,221,14144,707.25568008422852,convergence
ext-w1,3,120003,0,34,,0,109,6976,708.09620539347327,convergence
ext-w1,3,120003,0,35,,0,166,10624,707.25598907470703,convergence
ext-w1,3,120003,0,36,,0,121,7744,710.90796279907227,convergence
ext-w1,3,120003,0,37,,0,119,7616,708.09639104207361,convergence
ext-w1,3,120003,0,38,,0,137,8768,707.25715128580725,convergence
ext-w1,3,120003,0,39,,0,149,9536,707.25698979695642,convergence
ext-w1,3,120003,0,40,,0,156,9984,707.26384480794275,convergence
ext-w1,3,120003,0,41,,0,209,13376,707.25702412923181,convergence
ext-w1,3,120003,0,42,,0,155,9920,707.25,convergence
ext-w1,3,120003,0,43,,0,209,13376,703.21916707356775,convergence
ext-w1,3,120003,0,44,,0,153,9792,707.27217102050781,convergence
ext-w1,3,120003,0,45,,0,128,8192,708.9628791809082,convergence
ext-w1,3,120003,0,46,,0,176,11264,707.259023030599,convergence
ext-w1,3,120003,0,47,,0,180,11520,707.25583394368493,convergence
ext-w1,3,120003,0,48,,0,184,11776,707.25146865844727,convergence
ext-w1,3,120003,0,49,,0,155,9920,707.251719156901,convergence
ext-w1,3,120003,0,50,,0,155,9920,707.24937057495117,convergence
ext-w1,3,120003,0,51,,0,180,11520,707.25602595011389,convergence
ext-w1,3,120003,0,52,,0,130,8320,703.98126093546546,convergence
ext-w1,3,120003,0,53,,0,166,10624,707.251719156901,convergence
ext-w1,3,120003,0,54,,0,222,14208,708.0472310384115,convergence
ext-w1,3,120003,0,55,,0,113,7232,711.492909749349,convergence
ext-w1,3,120003,0,56,,0,151,9664,712.21540959676111,convergence
ext-w1,3,120003,0,57,,0,168,10752,707.25202687581384,convergence
ext-w1,3,120003,0,58,,0,156,9984,711.47855631510413,convergence
ext-w1,3,120003,0,59,,0,140,8960,719.53515370686853,convergence
ext-w1,3,120003,0,60,,0,156,9984,707.25274403889978,convergence
ext-w1,3,120003,0,61,,0,146,9344,707.25602595011389,convergence
ext-w1,3,120003,0,62,,0,200,12800,707.25000890096032,convergence
ext-w1,3,120003,0,63,,0,175,11200,707.26428476969397,convergence
ext-w1,3,120003,0,64,,0,168,10752,718.85066858927405,convergence
ext-w1,3,120003,0,65,,0,146,9344,718.16182327270508,convergence
ext-w1,3,120003,0,66,,0,111,7104,708.09639104207361,convergence
ext-w1,3,120003,0,67,,0,168,10752,717.51347351074219,convergence
ext-w1,3,120003,0,68,,0,186,11904,707.26432927449548,convergence
ext-w1,3,120003,0,69,,0,195,12480,707.25177637735999,convergence
ext-w1,3,120003,0,70,,0,176,11264,707.25058237711585,convergence
ext-w1,3,120003,0,71,,0,120,7680,711.4905904134115,convergence
ext-w1,3,120003,0,72,,0,162,10368,707.25598907470703,convergence
ext-w1,3,120003,0,73,,0,180,11520,707.25,convergence
ext-w1,3,120003,0,74,,0,149,9536,703.2118136088053,convergence
ext-w1,3,120003,0,75,,0,158,10112,707.25640106201172,convergence
ext-w1,3,120003,0,76,,0,158,10112,707.25741449991858,convergence
ext-w1,3,120003,1,0,,0,197,12608,693.14967473347986,convergence
ext-w1,3,120003,1,1,,0,207,13248,691.155019124349,convergence
ext-w1,3,120003,1,2,,0,180,11520,691.66888300577796,convergence
ext-w1,3,120003,1,3,,0,122,7808,686.32277425130212,convergence
ext-w1,3,120003,1,4,,0,155,9920,696.40283584594727,convergence
ext-w1,3,120003,1,5,,0,122,7808,682.92579778035486,convergence
ext-w1,3,120003,1,6,,0,174,11136,693.1009190877279,convergence
ext-w1,3,120003,1,7,,0,138,8832,687.19473012288415,convergence
ext-w1,3,120003,1,8,,0,148,9472,686.31485875447595,convergence
ext-w1,3,120003,1,9,,0,130,8320,687.18341064453125,convergence
ext-w1,3,120003,1,10,,0,126,8064,678.80558395385742,convergence
ext-w1,3,120003,1,11,,0,156,9984,691.96347300211585,convergence
ext-w1,3,120003,1,12,,0,140,8960,687.16267649332679,convergence
ext-w1,3,120003,1,13,,0,131,8384,687.20183563232422,convergence
ext-w1,3,120003,1,14,,0,150,9600,687.1273193359375,convergence
ext-w1,3,120003,1,15,,0,146,9344,687.1905517578125,convergence
ext-w1,3,120003,1,16,,0,140,8960,687.19083150227868,convergence
ext-w1,3,120003,1,17,,0,156,9984,687.18928400675452,convergence
ext-w1,3,120003,1,18,,0,228,14592,682.07905197143555,convergence
ext-w1,3,120003,1,19,,0,121,7744,686.315684000651,convergence
ext-w1,3,120003,1,20,,0,121,7744,686.32602945963538,convergence
ext-w1,3,120003,1,21,,0,159,10176,687.4018770853678,convergence
ext-w1,3,120003,1,22,,0,157,10048,682.08012390136719,convergence
ext-w1,3,120003,1,23,,0,199,12736,691.58105341593421,convergence
ext-w1,3,120003,1,24,,0,157,10048,687.17743047078454,convergence
ext-w1,3,120003,1,25,,0,174,11136,687.18540445963538,convergence
ext-w1,3,120003,1,26,,0,149,9536,693.08698781331384,convergence
ext-w1,3,120003,1,27,,0,166,10624,691.56051254272461,convergence
ext-w1,3,120003,1,28,,0,112,7168,678.81378046671546,convergence
ext-w1,3,120003,1,29,,0,138,8832,686.3205782572428,convergence
ext-w1,3,120003,1,30,,0,161,10304,684.18297958374023,convergence
ext-w1,3,120003,1,31,,0,139,8896,687.15862274169922,convergence
ext-w1,3,120003,1,32,,0,166,10624,687.16187795003259,convergence
ext-w1,3,120003,1,33,,0,176,11264,693.062245686849,convergence
ext-w1,3,120003,1,34,,0,160,10240,682.07940673828125,convergence
ext-w1,3,120003,1,35,,0,185,11840,691.41227976481116,convergence
ext-w1,3,120003,1,36,,0,142,9088,687.15935007731116,convergence
ext-w1,3,120003,1,37,,0,125,8000,687.1794548034668,convergence
ext-w1,3,120003,1,38,,0,132,8448,687.16977945963538,convergence
ext-w1,3,120003,1,39,,0,191,12224,687.15471522013343,convergence
ext-w1,3,120003,1,40,,0,161,10304,692.10379409790039,convergence
ext-w1,3,120003,1,41,,0,147,9408,687.14662679036462,convergence
ext-w1,3,120003,1,42,,0,179,11456,687.11527379353845,convergence
ext-w1,3,120003,1,43,,0,164,10496,682.08591334025061,convergence
ext-w1,3,120003,1,44,,0,126,8064,687.19395319620764,convergence
ext-w1,3,120003,1,45,,0,145,9280,687.15935007731116,convergence
ext-w1,3,120003,1,46,,0,165,10560,687.20343017578125,convergence
ext-w1,3,120003,1,47,,0,177,11328,691.45855585734046,convergence
ext-w1,3,120003,1,48,,0,158,10112,687.21407445271814,convergence
ext-w1,3,120003,1,49,,0,132,8448,687.1325899759928,convergence
ext-w1,3,120003,1,50,,0,186,11904,687.19157918294275,convergence
ext-w1,3,120003,1,51,,0,175,11200,687.12114334106445,convergence
ext-w1,3,120003,1,52,,0,127,8128,687.17669804890954,convergence
ext-w1,3,120003,1,53,,0,131,8384,691.85315450032556,convergence
ext-w1,3,120003,1,54,,0,156,9984,687.1969210306803,convergence
ext-w1,3,120003,1,55,,0,165,10560,692.19862238566077,convergence
ext-w1,3,120003,1,56,,0,175,11200,687.19087219238281,convergence
ext-w1,3,120003,1,57,,0,165,10560,692.19163131713867,convergence
ext-w1,3,120003,1,58,,0,119,7616,678.80558395385742,convergence
ext-w1,3,120003,1,59,,0,136,8704,687.18928400675452,convergence
ext-w1,3,120003,1,60,,0,140,8960,687.17259216308594,convergence
ext-w1,3,120003,1,61,,0,144,9216,684.99147288004554,convergence
ext-w1,3,120003,1,62,,0,149,9536,687.1905517578125,convergence
ext-w1,3,120003,1,63,,0,116,7424,686.32821273803711,convergence
ext-w1,3,120003,1,64,,0,152,9728,691.62818272908532,convergence
ext-w1,3,120003,1,65,,0,145,9280,687.16977945963538,convergence
ext-w1,3,120003,1,66,,0,129,8256,686.15878931681311,convergence
ext-w1,3,120003,1,67,,0,134,8576,686.3205782572428,convergence
ext-w1,3,120003,1,68,,0,143,9152,687.17669804890954,convergence
ext-w1,3,120003,1,69,,0,140,8960,686.30796305338538,convergence
ext-w1,3,120003,1,70,,0,180,11520,692.18257395426429,convergence
ext-w1,3,120003,1,71,,0,134,8576,691.5213508605957,convergence
ext-w1,3,120003,1,72,,0,154,9856,686.3646125793457,convergence
ext-w1,3,120003,1,73,,0,143,9152,687.20903778076172,convergence
ext-w1,3,120003,1,74,,0,120,7680,685.33152898152673,convergence
ext-w1,3,120003,1,75,,0,175,11200,687.15471522013343,convergence
ext-w1,3,120003,1,76,,0,176,11264,691.48529688517249,convergence
ext-w1,3,120003,1,77,,0,157,10048,687.17652257283532,convergence
ext-w1,3,120003,1,78,,0,147,9408,687.14308293660486,convergence
ext-w1,3,120003,1,79,,0,143,9152,686.30632019042969,convergence
ext-w1,3,120003,2,0,,0,155,9920,662.78197860717773,convergence
ext-w1,3,120003,2,1,,0,155,9920,667.77713521321618,convergence
ext-w1,3,120003,2,2,,0,131,8384,661.91128540039062,convergence
ext-w1,3,120003,2,3,,0,161,10304,662.77660624186194,convergence
ext-w1,3,120003,2,4,,0,142,9088,662.78402074178064,convergence
ext-w1,3,120003,2,5,,0,181,11584,657.67348480224609,convergence
ext-w1,3,120003,2,6,,0,125,8000,662.79688008626306,convergence
ext-w1,3,120003,2,7,,0,168,10752,667.97883987426758,convergence
ext-w1,3,120003,2,8,,0,152,9728,661.91434860229492,convergence
ext-w1,3,120003,2,9,,0,175,11200,667.10971196492517,convergence
ext-w1,3,120003,2,10,,0,185,11840,667.77148818969727,convergence
ext-w1,3,120003,2,11,,0,149,9536,662.76564915974939,convergence
ext-w1,3,120003,2,12,,0,150,9600,661.8899256388346,convergence
ext-w1,3,120003,2,13,,0,156,9984,662.7752571105957,convergence
ext-w1,3,120003,2,14,,0,146,9344,662.78515879313147,convergence
ext-w1,3,120003,2,15,,0,154,9856,657.67489624023438,convergence
ext-w1,3,120003,2,16,,0,164,10496,667.76852544148767,convergence
ext-w1,3,120003,2,17,,0,133,8512,662.78328450520837,convergence
ext-w1,3,120003,2,18,,0,158,10112,661.91434860229492,convergence
ext-w1,3,120003,2,19,,0,158,10112,667.0578498840332,convergence
ext-w1,3,120003,2,20,,0,176,11264,667.11371866861975,convergence
ext-w1,3,120003,2,21,,0,184,11776,666.21083577473962,convergence
ext-w1,3,120003,2,22,,0,158,10112,667.77960205078125,convergence
ext-w1,3,120003,2,23,,0,169,10816,662.78240966796875,convergence
ext-w1,3,120003,2,24,,0,203,12992,657.67278289794922,convergence
ext-w1,3,120003,2,25,,0,169,10816,662.78305435180664,convergence
ext-w1,3,120003,2,26,,0,216,13824,667.07670720418298,convergence
ext-w1,3,120003,2,27,,0,161,10304,662.79008865356445,convergence
ext-w1,3,120003,2,28,,0,141,9024,662.75644683837891,convergence
ext-w1,3,120003,2,29,,0,126,8064,661.91482671101892,convergence
ext-w1,3,120003,2,30,,0,158,10112,662.78902180989587,convergence
ext-w1,3,120003,2,31,,0,150,9600,668.65569305419922,convergence
ext-w1,3,120003,2,32,,0,136,8704,661.91608683268225,convergence
ext-w1,3,120003,2,33,,0,140,8960,662.80119069417321,convergence
ext-w1,3,120003,2,34,,0,115,7360,662.79055150349939,convergence
ext-w1,3,120003,2,35,,0,140,8960,662.7635498046875,convergence
ext-w1,3,120003,2,36,,0,134,8576,661.91434860229492,convergence
ext-w1,3,120003,2,37,,0,137,8768,662.69175211588538,convergence
ext-w1,3,120003,2,38,,0,193,12352,667.78764088948571,convergence
ext-w1,3,120003,2,39,,0,168,10752,667.07182312011719,convergence
ext-w1,3,120003,2,40,,0,156,9984,662.75312042236328,convergence
ext-w1,3,120003,2,41,,0,146,9344,662.76991780598962,convergence
ext-w1,3,120003,2,42,,0,146,9344,662.76222737630212,convergence
ext-w1,3,120003,2,43,,0,179,11456,666.95261128743493,convergence
ext-w1,3,120003,2,44,,0,148,9472,662.76846186319983,convergence
ext-w1,3,120003,2,45,,0,153,9792,662.77968088785804,convergence
ext-w1,3,120003,2,46,,0,189,12096,667.77016576131189,convergence
ext-w1,3,120003,2,47,,0,154,9856,657.67389424641931,convergence
ext-w1,3,120003,2,48,,0,153,9792,661.9017333984375,convergence
ext-w1,3,120003,2,49,,0,121,7744,662.77718226114905,convergence
ext-w1,3,120003,2,50,,0,149,9536,662.77615102132165,convergence
ext-w1,3,120003,2,51,,0,158,10112,668.65590667724609,convergence
ext-w1,3,120003,2,52,,0,160,10240,666.42324320475257,convergence
ext-w1,3,120003,2,53,,0,150,9600,662.7635498046875,convergence
ext-w1,3,120003,2,54,,0,147,9408,662.69175211588538,convergence
ext-w1,3,120003,2,55,,0,132,8448,662.78589630126953,convergence
ext-w1,3,120003,2,56,,0,175,11200,662.7319119771322,convergence
ext-w1,3,120003,2,57,,0,171,10944,662.76825586954749,convergence
ext-w1,3,120003,2,58,,0,146,9344,662.77046839396155,convergence
ext-w1,3,120003,2,59,,0,133,8512,662.78344217936194,convergence
ext-w1,3,120003,2,60,,0,124,7936,661.92274602254236,convergence
ext-w1,3,120003,2,61,,0,163,10432,662.78739166259766,convergence
ext-w1,3,120003,2,62,,0,173,11072,662.78640238444007,convergence
ext-w1,3,120003,2,63,,0,166,10624,662.77962748209632,convergence
ext-w1,3,120003,2,64,,0,128,8192,662.75312042236328,convergence
ext-w1,3,120003,2,65,,0,150,9600,662.74848556518555,convergence
ext-w1,3,120003,2,66,,0,142,9088,662.78460057576501,convergence
ext-w1,3,120003,2,67,,0,168,10752,662.79252243041992,convergence
ext-w1,3,120003,2,68,,0,137,8768,662.77046839396155,convergence
ext-w1,3,120003,2,69,,0,198,12672,666.72913996378577,convergence
ext-w1,3,120003,2,70,,0,147,9408,662.77408218383789,convergence
ext-w1,3,120003,2,71,,0,182,11648,667.15429941813147,convergence
ext-w1,3,120003,2,72,,0,167,10688,662.78650029500329,convergence
ext-w1,3,120003,2,73,,0,160,10240,667.24474589029944,convergence
ext-w1,3,120003,2,74,,0,173,11072,657.6752039591471,convergence
ext-w1,3,120003,2,75,,0,131,8384,661.91434860229492,convergence
ext-w1,3,120003,2,76,,0,123,7872,661.91128540039062,convergence
ext-w1,3,120003,2,77,,0,147,9408,662.79386774698889,convergence
ext-w1,3,120003,3,0,,0,195,12480,650.39778900146484,convergence
ext-w1,3,120003,3,1,,0,170,10880,651.67696253458655,convergence
ext-w1,3,120003,3,2,,0,145,9280,652.15589141845703,convergence
ext-w1,3,120003,3,3,,0,145,9280,647.09167607625329,convergence
ext-w1,3,120003,3,4,,0,156,9984,640.21650314331055,convergence
ext-w1,3,120003,3,5,,0,132,8448,638.25325520833337,convergence
ext-w1,3,120003,3,6,,0,182,11648,652.36295954386389,convergence
ext-w1,3,120003,3,7,,0,203,12992,652.51581192016602,convergence
ext-w1,3,120003,3,8,,0,164,10496,644.28506088256836,convergence
ext-w1,3,120003,3,9,,0,186,11904,651.66959381103516,convergence
ext-w1,3,120003,3,10,,0,134,8576,650.71600596110022,convergence
ext-w1,3,120003,3,11,,0,158,10112,651.48598734537757,convergence
ext-w1,3,120003,3,12,,0,175,11200,650.70967992146814,convergence
ext-w1,3,120003,3,13,,0,155,9920,652.57347234090173,convergence
ext-w1,3,120003,3,14,,0,132,8448,650.70024108886719,convergence
ext-w1,3,120003,3,15,,0,170,10880,640.24205780029297,convergence
ext-w1,3,120003,3,16,,0,125,8000,644.28522745768225,convergence
ext-w1,3,120003,3,17,,0,185,11840,652.4316520690918,convergence
ext-w1,3,120003,3,18,,0,212,13568,640.26624170939124,convergence
ext-w1,3,120003,3,19,,0,190,12160,640.23767471313477,convergence
ext-w1,3,120003,3,20,,0,169,10816,640.26199849446618,convergence
ext-w1,3,120003,3,21,,0,108,6912,638.25325520833337,convergence
ext-w1,3,120003,3,22,,0,194,12416,651.59584172566736,convergence
ext-w1,3,120003,3,23,,0,151,9664,644.28826649983728,convergence
ext-w1,3,120003,3,24,,0,161,10304,652.57108815511071,convergence
ext-w1,3,120003,3,25,,0,152,9728,652.39048385620117,convergence
ext-w1,3,120003,3,26,,0,209,13376,644.28522745768225,convergence
ext-w1,3,120003,3,27,,0,144,9216,652.16140492757165,convergence
ext-w1,3,120003,3,28,,0,178,11392,650.70678456624353,convergence
ext-w1,3,120003,3,29,,0,141,9024,649.6722310384115,convergence
ext-w1,3,120003,3,30,,0,149,9536,649.53795878092444,convergence
ext-w1,3,120003,3,31,,0,131,8384,638.25325520833337,convergence
ext-w1,3,120003,3,32,,0,193,12352,651.65577570597327,convergence
ext-w1,3,120003,3,33,,0,170,10880,652.57110977172852,convergence
ext-w1,3,120003,3,34,,0,145,9280,640.23587544759118,convergence
ext-w1,3,120003,3,35,,0,155,9920,649.76896413167321,convergence
ext-w1,3,120003,3,36,,0,127,8128,638.25325520833337,convergence
ext-w1,3,120003,3,37,,0,156,9984,640.21001307169593,convergence
ext-w1,3,120003,3,38,,0,171,10944,640.24411265055335,convergence
ext-w1,3,120003,3,39,,0,147,9408,648.86075846354163,convergence
ext-w1,3,120003,3,40,,0,183,11712,640.23823293050134,convergence
ext-w1,3,120003,3,41,,0,145,9280,644.27163441975915,convergence
ext-w1,3,120003,3,42,,0,131,8384,640.26175053914392,convergence
ext-w1,3,120003,3,43,,0,166,10624,651.26448313395179,convergence
ext-w1,3,120003,3,44,,0,150,9600,644.28981272379554,convergence
ext-w1,3,120003,3,45,,0,182,11648,651.03258005777991,convergence
ext-w1,3,120003,3,46,,0,183,11712,649.95807266235352,convergence
ext-w1,3,120003,3,47,,0,116,7424,638.25325520833337,convergence
ext-w1,3,120003,3,48,,0,165,10560,640.2601648966471,convergence
ext-w1,3,120003,3,49,,0,146,9344,640.23777008056641,convergence
ext-w1,3,120003,3,50,,0,152,9728,640.21487808227539,convergence
ext-w1,3,120003,3,51,,0,168,10752,640.21487808227539,convergence
ext-w1,3,120003,3,52,,0,186,11904,651.67696253458655,convergence
ext-w1,3,120003,3,53,,0,130,8320,638.25325520833337,convergence
ext-w1,3,120003,3,54,,0,170,10880,651.67891311645508,convergence
ext-w1,3,120003,3,55,,0,206,13184,640.23843510945642,convergence
ext-w1,3,120003,3,56,,0,160,10240,640.2638155619303,convergence
ext-w1,3,120003,3,57,,0,162,10368,650.71096674601233,convergence
ext-w1,3,120003,3,58,,0,114,7296,638.25325520833337,convergence
ext-w1,3,120003,3,59,,0,180,11520,652.51581192016602,convergence
ext-w1,3,120003,3,60,,0,157,10048,640.25242869059241,convergence
ext-w1,3,120003,3,61,,0,171,10944,650.70686086018884,convergence
ext-w1,3,120003,3,62,,0,134,8576,652.44791158040368,convergence
ext-w1,3,120003,3,63,,0,174,11136,652.39148330688477,convergence
ext-w1,3,120003,3,64,,0,189,12096,652.01248677571618,convergence
ext-w1,3,120003,3,65,,0,180,11520,640.2638155619303,convergence
ext-w1,3,120003,3,66,,0,159,10176,640.24271392822266,convergence
ext-w1,3,120003,3,67,,0,181,11584,640.23777008056641,convergence
ext-w1,3,120003,3,68,,0,162,10368,650.71065139770508,convergence
ext-w1,3,120003,3,69,,0,147,9408,649.10363260904944,convergence
ext-w1,3,120003,3,70,,0,156,9984,644.28522745768225,convergence
ext-w1,3,120003,3,71,,0,162,10368,651.54840087890625,convergence
ext-w1,3,120003,3,72,,0,171,10944,640.23843510945642,convergence
ext-w1,3,120003,3,73,,0,172,11008,640.23587544759118,convergence
ext-w1,3,120003,3,74,,0,174,11136,640.27248636881507,convergence
ext-w1,3,120003,4,0,,0,195,12480,620.79504140218103,convergence
ext-w1,3,120003,4,1,,0,192,12288,620.81714630126953,convergence
ext-w1,3,120003,4,2,,0,125,8000,620.84063720703125,convergence
ext-w1,3,120003,4,3,,0,170,10880,620.79048538208008,convergence
ext-w1,3,120003,4,4,,0,189,12096,620.82270050048828,convergence
ext-w1,3,120003,4,5,,0,133,8512,624.86786524454749,convergence
ext-w1,3,120003,4,6,,0,167,10688,625.39145660400391,convergence
ext-w1,3,120003,4,7,,0,167,10688,620.81286239624023,convergence
ext-w1,3,120003,4,8,,0,159,10176,624.86974334716797,convergence
ext-w1,3,120003,4,9,,0,131,8384,624.86553064982093,convergence
ext-w1,3,120003,4,10,,0,147,9408,625.37874094645179,convergence
ext-w1,3,120003,4,11,,0,173,11072,632.71279525756836,convergence
ext-w1,3,120003,4,12,,0,145,9280,624.87025578816736,convergence
ext-w1,3,120003,4,13,,0,160,10240,629.19402567545569,convergence
ext-w1,3,120003,4,14,,0,140,8960,624.87138366699219,convergence
ext-w1,3,120003,4,15,,0,177,11328,620.79504140218103,convergence
ext-w1,3,120003,4,16,,0,159,10176,620.81870524088538,convergence
ext-w1,3,120003,4,17,,0,121,7744,624.87117640177405,convergence
ext-w1,3,120003,4,18,,0,137,8768,630.91067250569665,convergence
ext-w1,3,120003,4,19,,0,131,8384,624.86553319295251,convergence
ext-w1,3,120003,4,20,,0,145,9280,624.87186686197913,convergence
ext-w1,3,120003,4,21,,0,142,9088,624.86728922526038,convergence
ext-w1,3,120003,4,22,,0,190,12160,620.79798762003577,convergence
ext-w1,3,120003,4,23,,0,160,10240,620.84063720703125,convergence
ext-w1,3,120003,4,24,,0,156,9984,620.84875106811523,convergence
ext-w1,3,120003,4,25,,0,145,9280,624.86603164672852,convergence
ext-w1,3,120003,4,26,,0,158,10112,620.81870524088538,convergence
ext-w1,3,120003,4,27,,0,157,10048,624.86873881022132,convergence
ext-w1,3,120003,4,28,,0,165,10560,624.86893081665039,convergence
ext-w1,3,120003,4,29,,0,165,10560,632.80585352579749,convergence
ext-w1,3,120003,4,30,,0,122,7808,624.86940129597986,convergence
ext-w1,3,120003,4,31,,0,133,8512,620.84266789754236,convergence
ext-w1,3,120003,4,32,,0,189,12096,624.87025578816736,convergence
ext-w1,3,120003,4,33,,0,180,11520,620.82179133097327,convergence
ext-w1,3,120003,4,34,,0,121,7744,624.86413828531897,convergence
ext-w1,3,120003,4,35,,0,191,12224,620.81870524088538,convergence
ext-w1,3,120003,4,36,,0,175,11200,620.81890741984046,convergence
ext-w1,3,120003,4,37,,0,108,6912,624.87033335367835,convergence
ext-w1,3,120003,4,38,,0,162,10368,620.84287770589196,convergence
ext-w1,3,120003,4,39,,0,141,9024,624.87094243367517,convergence
ext-w1,3,120003,4,40,,0,159,10176,620.83952077229821,convergence
ext-w1,3,120003,4,41,,0,178,11392,624.86635716756189,convergence
ext-w1,3,120003,4,42,,0,173,11072,620.81870524088538,convergence
ext-w1,3,120003,4,43,,0,163,10432,634.93015289306641,convergence
ext-w1,3,120003,4,44,,0,145,9280,631.16552352905273,convergence
ext-w1,3,120003,4,45,,0,164,10496,620.81890741984046,convergence
ext-w1,3,120003,4,46,,0,147,9408,620.84205500284827,convergence
ext-w1,3,120003,4,47,,0,186,11904,620.81890741984046,convergence
ext-w1,3,120003,4,48,,0,168,10752,624.87505340576172,convergence
ext-w1,3,120003,4,49,,0,187,11968,620.84072240193689,convergence
ext-w1,3,120003,4,50,,0,178,11392,620.82963943481445,convergence
ext-w1,3,120003,4,51,,0,164,10496,624.87115732828772,convergence
ext-w1,3,120003,4,52,,0,163,10432,620.84220123291016,convergence
ext-w1,3,120003,4,53,,0,169,10816,620.84266789754236,convergence
ext-w1,3,120003,4,54,,0,139,8896,620.79857508341468,convergence
ext-w1,3,120003,4,55,,0,145,9280,620.79048538208008,convergence
ext-w1,3,120003,4,56,,0,196,12544,620.81870524088538,convergence
ext-w1,3,120003,4,57,,0,152,9728,624.86569976806641,convergence
ext-w1,3,120003,4,58,,0,181,11584,632.73024113972986,convergence
ext-w1,3,120003,4,59,,0,145,9280,632.80595525105798,convergence
ext-w1,3,120003,4,60,,0,163,10432,620.81890741984046,convergence
ext-w1,3,120003,4,61,,0,160,10240,620.81870524088538,convergence
ext-w1,3,120003,4,62,,0,125,8000,624.86553319295251,convergence
ext-w1,3,120003,4,63,,0,174,11136,635.2434412638346,convergence
ext-w1,3,120003,4,64,,0,161,10304,620.84063720703125,convergence
ext-w1,3,120003,4,65,,0,127,8128,624.86921437581384,convergence
ext-w1,3,120003,4,66,,0,132,8448,624.86553319295251,convergence
ext-w1,3,120003,4,67,,0,132,8448,624.86569976806641,convergence
ext-w1,3,120003,4,68,,0,149,9536,624.87167994181311,convergence
ext-w1,3,120003,4,69,,0,126,8064,632.140858968099,convergence
ext-w1,3,120003,4,70,,0,164,10496,624.87021382649743,convergence
ext-w1,3,120003,4,71,,0,144,9216,620.82253011067712,convergence
ext-w1,3,120003,4,72,,0,164,10496,624.87118784586585,convergence
ext-w1,3,120003,4,73,,0,139,8896,624.86786778767907,convergence
ext-w1,3,120003,4,74,,0,149,9536,620.82459131876624,convergence
ext-w1,3,120003,4,75,,0,126,8064,624.86553319295251,convergence
ext-w1,3,120003,4,76,,0,132,8448,624.86553064982093,convergence
ext-w1,3,120003,4,77,,0,144,9216,635.36413828531897,convergence
ext-w1,3,120003,5,0,,0,147,9408,615.34362411499023,convergence
ext-w1,3,120003,5,1,,0,149,9536,615.34321467081702,convergence
ext-w1,3,120003,5,2,,0,117,7488,606.81188329060876,convergence
ext-w1,3,120003,5,3,,0,132,8448,615.92416636149085,convergence
ext-w1,3,120003,5,4,,0,118,7552,606.81835683186853,convergence
ext-w1,3,120003,5,5,,0,124,7936,606.81188329060876,convergence
ext-w1,3,120003,5,6,,0,116,7424,606.79919179280603,convergence
ext-w1,3,120003,5,7,,0,173,11072,606.81721242268884,convergence
ext-w1,3,120003,5,8,,0,120,7680,615.35689798990882,convergence
ext-w1,3,120003,5,9,,0,129,8256,606.79945246378577,convergence
ext-w1,3,120003,5,10,,0,186,11904,606.81312306722009,convergence
ext-w1,3,120003,5,11,,0,140,8960,606.82091522216797,convergence
ext-w1,3,120003,5,12,,0,237,15168,606.80540084838867,convergence
ext-w1,3,120003,5,13,,0,124,7936,606.81735483805335,convergence
ext-w1,3,120003,5,14,,0,165,10560,614.58339436848962,convergence
ext-w1,3,120003,5,15,,0,143,9152,606.8199793497721,convergence
ext-w1,3,120003,5,16,,0,125,8000,606.79919179280603,convergence
ext-w1,3,120003,5,17,,0,154,9856,606.81690216064453,convergence
ext-w1,3,120003,5,18,,0,137,8768,606.81735483805335,convergence
ext-w1,3,120003,5,19,,0,136,8704,615.34092458089196,convergence
ext-w1,3,120003,5,20,,0,114,7296,606.82249323527014,convergence
ext-w1,3,120003,5,21,,0,131,8384,606.82213083902991,convergence
ext-w1,3,120003,5,22,,0,145,9280,606.81835683186853,convergence
ext-w1,3,120003,5,23,,0,146,9344,614.17134730021155,convergence
ext-w1,3,120003,5,24,,0,143,9152,606.81735483805335,convergence
ext-w1,3,120003,5,25,,0,115,7360,615.92416636149085,convergence
ext-w1,3,120003,5,26,,0,137,8768,606.81700897216797,convergence
ext-w1,3,120003,5,27,,0,147,9408,606.82264582316077,convergence
ext-w1,3,120003,5,28,,0,114,7296,606.81735483805335,convergence
ext-w1,3,120003,5,29,,0,134,8576,606.81854248046875,convergence
ext-w1,3,120003,5,30,,0,157,10048,606.81288909912109,convergence
ext-w1,3,120003,5,31,,0,151,9664,615.34092458089196,convergence
ext-w1,3,120003,5,32,,0,158,10112,606.81844456990564,convergence
ext-w1,3,120003,5,33,,0,122,7808,606.81835683186853,convergence
ext-w1,3,120003,5,34,,0,132,8448,606.81700897216797,convergence
ext-w1,3,120003,5,35,,0,147,9408,606.81990814208984,convergence
ext-w1,3,120003,5,36,,0,151,9664,606.82020568847656,convergence
ext-w1,3,120003,5,37,,0,120,7680,606.82157389322913,convergence
ext-w1,3,120003,5,38,,0,150,9600,606.81700897216797,convergence
ext-w1,3,120003,5,39,,0,125,8000,612.28813298543298,convergence
ext-w1,3,120003,5,40,,0,135,8640,606.82443364461267,convergence
ext-w1,3,120003,5,41,,0,136,8704,606.81786727905273,convergence
ext-w1,3,120003,5,42,,0,121,7744,606.82397715250647,convergence
ext-w1,3,120003,5,43,,0,165,10560,615.52923838297522,convergence
ext-w1,3,120003,5,44,,0,153,9792,615.9473546346029,convergence
ext-w1,3,120003,5,45,,0,116,7424,606.79789988199866,convergence
ext-w1,3,120003,5,46,,0,116,7424,606.82519912719727,convergence
ext-w1,3,120003,5,47,,0,244,15616,606.81312306722009,convergence
ext-w1,3,120003,5,48,,0,122,7808,606.81835683186853,convergence
ext-w1,3,120003,5,49,,0,131,8384,606.81835683186853,convergence
ext-w1,3,120003,5,50,,0,126,8064,606.81565475463867,convergence
ext-w1,3,120003,5,51,,0,158,10112,612.88262430826819,convergence
ext-w1,3,120003,5,52,,0,132,8448,609.11216608683264,convergence
ext-w1,3,120003,5,53,,0,123,7872,606.81989924112952,convergence
ext-w1,3,120003,5,54,,0,149,9536,606.81312306722009,convergence
ext-w1,3,120003,5,55,,0,133,8512,615.92416636149085,convergence
ext-w1,3,120003,5,56,,0,141,9024,606.8095919291178,convergence
ext-w1,3,120003,5,57,,0,142,9088,606.81700897216797,convergence
ext-w1,3,120003,5,58,,0,126,8064,606.8232205708822,convergence
ext-w1,3,120003,5,59,,0,114,7296,606.82316207885742,convergence
ext-w1,3,120003,5,60,,0,130,8320,615.35683059692383,convergence
ext-w1,3,120003,5,61,,0,119,7616,606.82154210408532,convergence
ext-w1,3,120003,5,62,,0,139,8896,606.81835683186853,convergence
ext-w1,3,120003,5,63,,0,167,10688,615.8823356628418,convergence
ext-w1,3,120003,5,64,,0,135,8640,613.63904571533203,convergence
ext-w1,3,120003,5,65,,0,157,10048,606.79184722900391,convergence
ext-w1,3,120003,5,66,,0,140,8960,606.82141749064124,convergence
ext-w1,3,120003,5,67,,0,165,10560,615.15737915039062,convergence
ext-w1,3,120003,5,68,,0,112,7168,606.8199793497721,convergence
ext-w1,3,120003,5,69,,0,139,8896,606.81690216064453,convergence
ext-w1,3,120003,5,70,,0,117,7488,606.7971522013346,convergence
ext-w1,3,120003,5,71,,0,123,7872,606.82270050048828,convergence
ext-w1,3,120003,5,72,,0,115,7360,606.8199793497721,convergence
ext-w1,3,120003,5,73,,0,173,11072,606.81996154785156,convergence
ext-w1,3,120003,5,74,,0,167,10688,606.82209396362305,convergence
ext-w1,3,120003,5,75,,0,150,9600,606.81312306722009,convergence
ext-w1,3,120003,5,76,,0,134,8576,606.82091522216797,convergence
ext-w1,3,120003,5,77,,0,116,7424,606.7971522013346,convergence
ext-w1,3,120003,5,78,,0,144,9216,606.82172648111975,convergence
ext-w1,3,120003,5,79,,0,151,9664,606.81700897216797,convergence
ext-w1,3,120003,5,80,,0,162,10368,606.82129160563147,convergence
ext-w1,3,120003,5,81,,0,161,10304,615.34092458089196,convergence
ext-w1,3,120003,5,82,,0,125,8000,606.81700897216797,convergence
ext-w1,3,120003,5,83,,0,149,9536,614.38022359212243,convergence
ext-w1,3,120003,5,84,,0,139,8896,615.96405283610022,convergence
ext-w1,3,120003,5,85,,0,168,10752,606.81356684366858,convergence
ext-w1,3,120003,6,0,,0,192,12288,600.58010101318359,convergence
ext-w1,3,120003,6,1,,0,125,8000,595.11352793375647,convergence
ext-w1,3,120003,6,2,,0,133,8512,597.47170511881507,convergence
ext-w1,3,120003,6,3,,0,185,11840,602.14960479736328,convergence
ext-w1,3,120003,6,4,,0,130,8320,595.099355061849,convergence
ext-w1,3,120003,6,5,,0,179,11456,600.57048161824548,convergence
ext-w1,3,120003,6,6,,0,151,9664,601.75105921427405,convergence
ext-w1,3,120003,6,7,,0,129,8256,595.11352793375647,convergence
ext-w1,3,120003,6,8,,0,217,13888,603.37886301676429,convergence
ext-w1,3,120003,6,9,,0,163,10432,601.73352177937829,convergence
ext-w1,3,120003,6,10,,0,171,10944,600.58707682291663,convergence
ext-w1,3,120003,6,11,,0,135,8640,595.09879302978516,convergence
ext-w1,3,120003,6,12,,0,140,8960,601.51825332641602,convergence
ext-w1,3,120003,6,13,,0,139,8896,595.11352793375647,convergence
ext-w1,3,120003,6,14,,0,154,9856,600.59263610839844,convergence
ext-w1,3,120003,6,15,,0,141,9024,601.74065272013343,convergence
ext-w1,3,120003,6,16,,0,207,13248,603.37888209025061,convergence
ext-w1,3,120003,6,17,,0,115,7360,595.11788558959961,convergence
ext-w1,3,120003,6,18,,0,179,11456,600.58475621541345,convergence
ext-w1,3,120003,6,19,,0,150,9600,601.34228642781579,convergence
ext-w1,3,120003,6,20,,0,137,8768,595.11352793375647,convergence
ext-w1,3,120003,6,21,,0,119,7616,595.11352793375647,convergence
ext-w1,3,120003,6,22,,0,138,8832,603.4825325012207,convergence
ext-w1,3,120003,6,23,,0,180,11520,600.58475621541345,convergence
ext-w1,3,120003,6,24,,0,142,9088,601.95276514689124,convergence
ext-w1,3,120003,6,25,,0,159,10176,601.68527094523108,convergence
ext-w1,3,120003,6,26,,0,208,13312,600.59099833170569,convergence
ext-w1,3,120003,6,27,,0,172,11008,601.34261957804358,convergence
ext-w1,3,120003,6,28,,0,142,9088,602.15243021647132,convergence
ext-w1,3,120003,6,29,,0,144,9216,595.11352793375647,convergence
ext-w1,3,120003,6,30,,0,175,11200,600.58489100138343,convergence
ext-w1,3,120003,6,31,,0,138,8832,595.11352793375647,convergence
ext-w1,3,120003,6,32,,0,179,11456,600.58929189046228,convergence
ext-w1,3,120003,6,33,,0,123,7872,601.34228642781579,convergence
ext-w1,3,120003,6,34,,0,160,10240,601.73401133219397,convergence
ext-w1,3,120003,6,35,,0,142,9088,601.34498596191406,convergence
ext-w1,3,120003,6,36,,0,146,9344,602.15120315551758,convergence
ext-w1,3,120003,6,37,,0,128,8192,595.11352793375647,convergence
ext-w1,3,120003,6,38,,0,176,11264,600.58382161458337,convergence
ext-w1,3,120003,6,39,,0,134,8576,603.37775929768884,convergence
ext-w1,3,120003,6,40,,0,145,9280,601.73401133219397,convergence
ext-w1,3,120003,6,41,,0,181,11584,600.58721160888672,convergence
ext-w1,3,120003,6,42,,0,138,8832,603.42707824707031,convergence
ext-w1,3,120003,6,43,,0,129,8256,602.15422058105469,convergence
ext-w1,3,120003,6,44,,0,136,8704,595.09872436523438,convergence
ext-w1,3,120003,6,45,,0,145,9280,595.11352793375647,convergence
ext-w1,3,120003,6,46,,0,138,8832,595.11352793375647,convergence
ext-w1,3,120003,6,47,,0,132,8448,601.3453699747721,convergence
ext-w1,3,120003,6,48,,0,170,10880,600.58585611979163,convergence
ext-w1,3,120003,6,49,,0,167,10688,600.9485079447428,convergence
ext-w1,3,120003,6,50,,0,148,9472,601.74529774983728,convergence
ext-w1,3,120003,6,51,,0,132,8448,600.93620936075843,convergence
ext-w1,3,120003,6,52,,0,146,9344,603.10254542032874,convergence
ext-w1,3,120003,6,53,,0,153,9792,601.34418487548828,convergence
ext-w1,3,120003,6,54,,0,136,8704,601.34540557861328,convergence
ext-w1,3,120003,6,55,,0,167,10688,603.37888209025061,convergence
ext-w1,3,120003,6,56,,0,130,8320,595.099355061849,convergence
ext-w1,3,120003,6,57,,0,139,8896,601.37097295125329,convergence
ext-w1,3,120003,6,58,,0,164,10496,599.52069981892907,convergence
ext-w1,3,120003,6,59,,0,149,9536,601.34228642781579,convergence
ext-w1,3,120003,6,60,,0,138,8832,595.11109161376953,convergence
ext-w1,3,120003,6,61,,0,133,8512,597.47170511881507,convergence
ext-w1,3,120003,6,62,,0,149,9536,601.68321228027344,convergence
ext-w1,3,120003,6,63,,0,154,9856,595.1142692565918,convergence
ext-w1,3,120003,6,64,,0,172,11008,601.68527094523108,convergence
ext-w1,3,120003,6,65,,0,174,11136,601.65339914957679,convergence
ext-w1,3,120003,6,66,,0,145,9280,603.38275400797522,convergence
ext-w1,3,120003,6,67,,0,135,8640,595.1213162740072,convergence
ext-w1,3,120003,6,68,,0,143,9152,601.35337829589844,convergence
ext-w1,3,120003,6,69,,0,167,10688,600.58489100138343,convergence
ext-w1,3,120003,6,70,,0,129,8256,597.47170511881507,convergence
ext-w1,3,120003,6,71,,0,163,10432,592.70245107014978,convergence
ext-w1,3,120003,6,72,,0,168,10752,600.57316207885742,convergence
ext-w1,3,120003,6,73,,0,162,10368,600.58489100138343,convergence
ext-w1,3,120003,6,74,,0,175,11200,600.90068054199219,convergence
ext-w1,3,120003,6,75,,0,195,12480,601.73900858561194,convergence
ext-w1,3,120003,6,76,,0,188,12032,600.57316207885742,convergence
ext-w1,3,120003,6,77,,0,177,11328,601.74529774983728,convergence
ext-w1,3,120003,6,78,,0,142,9088,601.34453455607093,convergence
ext-w1,3,120003,7,0,,0,158,10112,574.11885579427087,convergence
ext-w1,3,120003,7,1,,0,161,10304,587.98776626586914,convergence
ext-w1,3,120003,7,2,,0,147,9408,587.96933364868164,convergence
ext-w1,3,120003,7,3,,0,149,9536,581.02413177490234,convergence
ext-w1,3,120003,7,4,,0,175,11200,587.98776626586914,convergence
ext-w1,3,120003,7,5,,0,144,9216,587.66478220621741,convergence
ext-w1,3,120003,7,6,,0,159,10176,581.02413177490234,convergence
ext-w1,3,120003,7,7,,0,151,9664,589.29118982950843,convergence
ext-w1,3,120003,7,8,,0,165,10560,581.02413177490234,convergence
ext-w1,3,120003,7,9,,0,140,8960,587.25558980305993,convergence
ext-w1,3,120003,7,10,,0,143,9152,581.02162170410156,convergence
ext-w1,3,120003,7,11,,0,192,12288,587.66186396280921,convergence
ext-w1,3,120003,7,12,,0,193,12352,587.65280914306641,convergence
ext-w1,3,120003,7,13,,0,144,9216,586.07482274373376,convergence
ext-w1,3,120003,7,14,,0,137,8768,581.03192011515296,convergence
ext-w1,3,120003,7,15,,0,153,9792,587.25547790527344,convergence
ext-w1,3,120003,7,16,,0,133,8512,581.02413177490234,convergence
ext-w1,3,120003,7,17,,0,149,9536,581.01209767659509,convergence
ext-w1,3,120003,7,18,,0,184,11776,586.48802439371741,convergence
ext-w1,3,120003,7,19,,0,160,10240,581.02080281575525,convergence
ext-w1,3,120003,7,20,,0,158,10112,581.01902008056641,convergence
ext-w1,3,120003,7,21,,0,135,8640,581.02292887369788,convergence
ext-w1,3,120003,7,22,,0,175,11200,586.49923070271814,convergence
ext-w1,3,120003,7,23,,0,178,11392,586.4964599609375,convergence
ext-w1,3,120003,7,24,,0,168,10752,574.11549377441406,convergence
ext-w1,3,120003,7,25,,0,196,12544,586.48376592000329,convergence
ext-w1,3,120003,7,26,,0,131,8384,581.03220113118493,convergence
ext-w1,3,120003,7,27,,0,210,13440,587.64961242675781,convergence
ext-w1,3,120003,7,28,,0,175,11200,587.58544540405273,convergence
ext-w1,3,120003,7,29,,0,129,8256,581.02413177490234,convergence
ext-w1,3,120003,7,30,,0,145,9280,587.20908355712891,convergence
ext-w1,3,120003,7,31,,0,127,8128,585.1103401184082,convergence
ext-w1,3,120003,7,32,,0,154,9856,585.64823659261071,convergence
ext-w1,3,120003,7,33,,0,163,10432,586.4954948425293,convergence
ext-w1,3,120003,7,34,,0,138,8832,581.00982411702478,convergence
ext-w1,3,120003,7,35,,0,169,10816,586.4954948425293,convergence
ext-w1,3,120003,7,36,,0,184,11776,587.25289026896155,convergence
ext-w1,3,120003,7,37,,0,155,9920,581.02413177490234,convergence
ext-w1,3,120003,7,38,,0,144,9216,581.02008310953772,convergence
ext-w1,3,120003,7,39,,0,147,9408,587.65551249186194,convergence
ext-w1,3,120003,7,40,,0,146,9344,587.25478871663415,convergence
ext-w1,3,120003,7,41,,0,174,11136,589.28948593139648,convergence
ext-w1,3,120003,7,42,,0,153,9792,587.96908442179358,convergence
ext-w1,3,120003,7,43,,0,135,8640,581.02405293782556,convergence
ext-w1,3,120003,7,44,,0,166,10624,574.1147791544596,convergence
ext-w1,3,120003,7,45,,0,141,9024,587.62851969401038,convergence
ext-w1,3,120003,7,46,,0,152,9728,581.02413177490234,convergence
ext-w1,3,120003,7,47,,0,126,8064,581.02413177490234,convergence
ext-w1,3,120003,7,48,,0,122,7808,581.02413177490234,convergence
ext-w1,3,120003,7,49,,0,190,12160,587.80343627929688,convergence
ext-w1,3,120003,7,50,,0,159,10176,574.11510976155603,convergence
ext-w1,3,120003,7,51,,0,153,9792,581.01526641845703,convergence
ext-w1,3,120003,7,52,,0,147,9408,585.64693832397461,convergence
ext-w1,3,120003,7,53,,0,128,8192,581.01084899902344,convergence
ext-w1,3,120003,7,54,,0,145,9280,581.00988006591797,convergence
ext-w1,3,120003,7,55,,0,155,9920,587.25597381591797,convergence
ext-w1,3,120003,7,56,,0,186,11904,587.65146891276038,convergence
ext-w1,3,120003,7,57,,0,122,7808,581.02521006266272,convergence
ext-w1,3,120003,7,58,,0,166,10624,586.076416015625,convergence
ext-w1,3,120003,7,59,,0,164,10496,587.58796437581384,convergence
ext-w1,3,120003,7,60,,0,150,9600,587.64808909098304,convergence
ext-w1,3,120003,7,61,,0,150,9600,587.64637120564782,convergence
ext-w1,3,120003,7,62,,0,156,9984,587.65756988525391,convergence
ext-w1,3,120003,7,63,,0,122,7808,587.2726936340332,convergence
ext-w1,3,120003,7,64,,0,131,8384,581.02413177490234,convergence
ext-w1,3,120003,7,65,,0,136,8704,581.00932820638025,convergence
ext-w1,3,120003,7,66,,0,144,9216,581.009531656901,convergence
ext-w1,3,120003,7,67,,0,182,11648,574.1147791544596,convergence
ext-w1,3,120003,7,68,,0,126,8064,587.26108042399085,convergence
ext-w1,3,120003,7,69,,0,164,10496,587.96933364868164,convergence
ext-w1,3,120003,7,70,,0,190,12160,585.54279836018884,convergence
ext-w1,3,120003,7,71,,0,129,8256,581.02413177490234,convergence
ext-w1,3,120003,7,72,,0,143,9152,581.02413177490234,convergence
ext-w1,3,120003,7,73,,0,138,8832,581.02112325032556,convergence
ext-w1,3,120003,7,74,,0,151,9664,581.00919342041016,convergence
ext-w1,3,120003,7,75,,0,166,10624,581.02413177490234,convergence
ext-w1,3,120003,7,76,,0,164,10496,581.01073455810547,convergence
ext-w1,3,120003,7,77,,0,145,9280,588.06482442220056,convergence
ext-w1,3,120003,7,78,,0,162,10368,586.49816004435218,convergence
cold-w16,3,120003,0,0,,0,3942,252288,872.51579411824548,convergence
cold-w16,3,120003,0,1,,0,2814,180096,946.91058858235681,convergence
cold-w16,3,120003,0,2,,0,2845,182080,894.50434621175134,convergence
cold-w16,3,120003,0,3,,0,2828,180992,895.03427632649743,convergence
cold-w16,3,120003,0,4,,0,3765,240960,887.48064931233728,convergence
cold-w16,3,120003,0,5,,0,2969,190016,1034.9634297688801,convergence
cold-w16,3,120003,0,6,,0,2968,189952,844.79645919799805,convergence
cold-w16,3,120003,0,7,,0,2745,175680,886.09780120849609,convergence
cold-w16,3,120003,0,8,,0,2761,176704,916.58800760904944,convergence
cold-w16,3,120003,0,9,,0,2938,188032,893.76888020833337,convergence
cold-w16,3,120003,0,10,,0,3042,194688,1166.010440826416,convergence
cold-w16,3,120003,0,11,,0,2796,178944,904.97315088907874,convergence
cold-w16,3,120003,0,12,,0,2997,191808,866.01224517822266,convergence
cold-w16,3,120003,0,13,,0,3200,204800,847.97592926025391,convergence
cold-w16,3,120003,0,14,,0,4176,267264,766.12815729777014,convergence
cold-w16,3,120003,0,15,,0,3494,223616,836.24404144287109,convergence
cold-w16,3,120003,0,16,,0,3498,223872,875.39485041300452,convergence
cold-w16,3,120003,0,17,,0,5080,325120,958.45297749837243,completed
cold-w16,3,120003,0,18,,0,3467,221888,854.82901128133142,convergence
cold-w16,3,120003,0,19,,0,2624,167936,804.40173975626624,convergence
cold-w16,3,120003,0,20,,0,2906,185984,870.58441034952796,convergence
cold-w16,3,120003,0,21,,0,2756,176384,971.3790384928385,convergence
cold-w16,3,120003,0,22,,0,2853,182592,904.12812423706055,convergence
cold-w16,3,120003,0,23,,0,3569,228416,967.1612663269043,convergence
cold-w16,3,120003,0,24,,0,4028,257792,1008.6658782958984,convergence
cold-w16,3,120003,0,25,,0,3704,237056,1121.300464630127,convergence
cold-w16,3,120003,0,26,,0,3104,198656,813.0362447102865,convergence
cold-w16,3,120003,0,27,,0,3582,229248,914.48705291748047,convergence
cold-w16,3,120003,0,28,,0,2427,155328,849.84294001261389,convergence
cold-w16,3,120003,0,29,,0,3123,199872,1228.1198107401531,convergence
ext-w8,4,120004,0,0,,0,3429,219456,653.29575602213538,convergence
ext-w8,4,120004,0,1,,0,1276,81664,644.22937520345056,convergence
ext-w8,4,120004,0,2,,0,1459,93376,663.65777842203772,convergence
ext-w8,4,120004,0,3,,0,1491,95424,642.28866068522132,convergence
ext-w8,4,120004,0,4,,0,1476,94464,658.53037134806311,convergence
ext-w8,4,120004,0,5,,0,2359,150976,679.65581893920898,convergence
ext-w8,4,120004,0,6,,0,2560,163840,638.59600067138672,convergence
ext-w8,4,120004,0,7,,0,2968,189952,664.14929326375329,convergence
ext-w8,4,120004,0,8,,0,1564,100096,674.57951609293616,convergence
ext-w8,4,120004,0,9,,0,1386,88704,619.0602137247721,convergence
ext-w8,4,120004,0,10,,0,1452,92928,656.82798767089844,convergence
ext-w8,4,120004,0,11,,0,1484,94976,655.64160919189453,convergence
ext-w8,4,120004,0,12,,0,1531,97984,660.58718363444007,convergence
ext-w8,4,120004,0,13,,0,1405,89920,640.32190704345703,convergence
ext-w8,4,120004,0,14,,0,1160,74240,645.96783192952478,convergence
ext-w8,4,120004,0,15,,0,1765,112960,666.24025090535486,convergence
ext-w8,4,120004,0,16,,0,1826,116864,647.03327306111657,convergence
ext-w8,4,120004,0,17,,0,1303,83392,648.63963317871094,convergence
ext-w8,4,120004,0,18,,0,2222,142208,667.0002555847168,convergence
ext-w8,4,120004,0,19,,0,1236,79104,649.67685317993164,convergence
ext-w8,4,120004,0,20,,0,1157,74048,658.42025248209632,convergence
ext-w8,4,120004,0,21,,0,1763,112832,640.27625147501624,convergence
ext-w8,4,120004,0,22,,0,1484,94976,629.78736750284827,convergence
ext-w8,4,120004,0,23,,0,1174,75136,648.23617045084632,convergence
ext-w8,4,120004,0,24,,0,1651,105664,641.78035481770837,convergence
ext-w8,4,120004,0,25,,0,1520,97280,660.39737701416016,convergence
ext-w8,4,120004,0,26,,0,1504,96256,661.28175608317054,convergence
ext-w8,4,120004,0,27,,0,1614,103296,643.40574391682946,convergence
ext-w8,4,120004,0,28,,0,1248,79872,660.27014923095703,convergence
ext-w8,4,120004,0,29,,0,1419,90816,656.16903940836585,convergence
ext-w8,4,120004,0,30,,0,1347,86208,644.46759668985999,convergence
ext-w8,4,120004,0,31,,0,1390,88960,667.01745732625329,convergence
ext-w8,4,120004,0,32,,0,1482,94848,632.83553059895837,convergence
ext-w8,4,120004,0,33,,0,1634,104576,683.42824935913086,convergence
ext-w8,4,120004,0,34,,0,2898,185472,668.6436436971029,convergence
ext-w8,4,120004,0,35,,0,1745,111680,616.43401590983069,convergence
ext-w8,4,120004,0,36,,0,1483,94912,617.63407007853186,convergence
ext-w8,4,120004,0,37,,0,1347,86208,665.71325937906897,convergence
ext-w8,4,120004,0,38,,0,1570,100480,609.64297866821289,convergence
ext-w8,4,120004,0,39,,0,1265,80960,653.26093673706055,convergence
ext-w8,4,120004,0,40,,0,1657,106048,620.43021647135413,convergence
ext-w8,4,120004,0,41,,0,1218,77952,673.18126678466797,convergence
ext-w8,4,120004,0,42,,0,1663,106432,666.52914301554358,convergence
ext-w8,4,120004,0,43,,0,1450,92800,647.39522806803382,convergence
ext-w8,4,120004,0,44,,0,1255,80320,658.29623413085938,convergence
ext-w8,4,120004,0,45,,0,1287,82368,671.28258005777991,convergence
ext-w8,4,120004,0,46,,0,1716,109824,644.98796844482422,convergence
ext-w8,4,120004,0,47,,0,1486,95104,650.56915410359704,convergence
ext-w8,4,120004,0,48,,0,1483,94912,676.33910878499353,convergence
ext-w8,4,120004,0,49,,0,1428,91392,634.16540781656897,convergence
ext-w8,4,120004,0,50,,0,1634,104576,660.80896377563477,convergence
ext-w8,4,120004,0,51,,0,1308,83712,673.06270472208655,convergence
ext-w8,4,120004,0,52,,0,1660,106240,633.87828699747718,convergence
ext-w8,4,120004,0,53,,0,1313,84032,627.27678044637048,convergence
ext-w8,4,120004,0,54,,0,1406,89984,642.3512064615885,convergence
ext-w8,4,120004,0,55,,0,1225,78400,647.95469284057617,convergence
ext-w8,4,120004,0,56,,0,1249,79936,646.27870178222656,convergence
ext-w8,4,120004,0,57,,0,1263,80832,662.98236719767249,convergence
ext-w8,4,120004,0,58,,0,1469,94016,646.04058965047204,convergence
ext-w8,4,120004,0,59,,0,1485,95040,643.21913274129236,convergence
ext-w8,4,120004,0,60,,0,2003,128192,635.55317942301429,convergence
ext-w4,4,120004,0,0,,0,782,50048,667.43430582682288,convergence
ext-w4,4,120004,0,1,,0,605,38720,671.70864105224609,convergence
ext-w4,4,120004,0,2,,0,1018,65152,671.29640579223633,convergence
ext-w4,4,120004,0,3,,0,839,53696,681.14446004231775,convergence
ext-w4,4,120004,0,4,,0,644,41216,670.69321823120117,convergence
ext-w4,4,120004,0,5,,0,503,32192,651.90143076578772,convergence
ext-w4,4,120004,0,6,,0,719,46016,673.79076766967773,convergence
ext-w4,4,120004,0,7,,0,588,37632,665.84030914306641,convergence
ext-w4,4,120004,0,8,,0,709,45376,691.71483103434241,convergence
ext-w4,4,120004,0,9,,0,639,40896,708.19518915812171,convergence
ext-w4,4,120004,0,10,,0,697,44608,672.56126276652014,convergence
ext-w4,4,120004,0,11,,0,578,36992,672.16404978434241,convergence
ext-w4,4,120004,0,12,,0,544,34816,656.03943125406897,convergence
ext-w4,4,120004,0,13,,0,611,39104,672.51544952392578,convergence
ext-w4,4,120004,0,14,,0,575,36800,651.95572916666663,convergence
ext-w4,4,120004,0,15,,0,626,40064,671.08998235066736,convergence
ext-w4,4,120004,0,16,,0,790,50560,683.90230178833008,convergence
ext-w4,4,120004,0,17,,0,964,61696,672.38965733846032,convergence
ext-w4,4,120004,0,18,,0,608,38912,683.49043401082361,convergence
ext-w4,4,120004,0,19,,0,574,36736,670.25309753417969,convergence
ext-w4,4,120004,0,20,,0,843,53952,669.85408528645837,convergence
ext-w4,4,120004,0,21,,0,689,44096,671.71606063842773,convergence
ext-w4,4,120004,0,22,,0,793,50752,663.13586934407556,convergence
ext-w4,4,120004,0,23,,0,627,40128,665.42480214436853,convergence
ext-w4,4,120004,0,24,,0,738,47232,688.4107767740885,convergence
ext-w4,4,120004,0,25,,0,767,49088,691.61443837483728,convergence
ext-w4,4,120004,0,26,,0,778,49792,670.90441513061523,convergence
ext-w4,4,120004,0,27,,0,653,41792,651.46770604451501,convergence
ext-w4,4,120004,0,28,,0,708,45312,651.0124727884928,convergence
ext-w4,4,120004,0,29,,0,705,45120,652.40956497192383,convergence
ext-w4,4,120004,0,30,,0,499,31936,677.08986028035486,convergence
ext-w4,4,120004,0,31,,0,550,35200,671.43358739217126,convergence
ext-w4,4,120004,0,32,,0,564,36096,679.2042020161947,convergence
ext-w4,4,120004,0,33,,0,653,41792,669.784413655599,convergence
ext-w4,4,120004,0,34,,0,632,40448,671.99978383382165,convergence
ext-w4,4,120004,0,35,,0,712,45568,703.92740376790368,convergence
ext-w4,4,120004,0,36,,0,593,37952,668.17809804280603,convergence
ext-w4,4,120004,0,37,,0,593,37952,670.35575993855798,convergence
ext-w4,4,120004,0,38,,0,571,36544,670.91083272298181,convergence
ext-w4,4,120004,0,39,,0,678,43392,675.80616505940759,convergence
ext-w4,4,120004,0,40,,0,724,46336,676.54566065470374,convergence
ext-w4,4,120004,0,41,,0,517,33088,687.71349334716797,convergence
ext-w4,4,120004,0,42,,0,641,41024,690.60674031575525,convergence
ext-w4,4,120004,0,43,,0,569,36416,673.91997019449866,convergence
ext-w4,4,120004,0,44,,0,1300,83200,685.46051025390625,convergence
ext-w4,4,120004,0,45,,0,592,37888,673.6174532572428,convergence
ext-w4,4,120004,0,46,,0,670,42880,668.3318201700846,convergence
ext-w4,4,120004,0,47,,0,1329,85056,689.79931131998694,convergence
ext-w4,4,120004,0,48,,0,635,40640,671.85627746582031,convergence
ext-w4,4,120004,0,49,,0,508,32512,674.39250691731775,convergence
ext-w4,4,120004,0,50,,0,645,41280,670.79387537638343,convergence
ext-w4,4,120004,0,51,,0,650,41600,674.42980702718103,convergence
ext-w4,4,120004,0,52,,0,647,41408,651.09361139933264,convergence
ext-w4,4,120004,0,53,,0,605,38720,670.67698542277014,convergence
ext-w4,4,120004,0,54,,0,758,48512,683.05726877848304,convergence
ext-w4,4,120004,0,55,,0,538,34432,670.03182474772132,convergence
ext-w4,4,120004,0,56,,0,581,37184,669.8797823588053,convergence
ext-w4,4,120004,0,57,,0,679,43456,665.78322728474939,convergence
ext-w4,4,120004,0,58,,0,667,42688,689.94476572672522,convergence
ext-w4,4,120004,0,59,,0,937,59968,688.28696060180664,convergence
ext-w4,4,120004,0,60,,0,914,58496,666.11778132120764,convergence
ext-w4,4,120004,0,61,,0,716,45824,669.86139551798499,convergence
ext-w4,4,120004,0,62,,0,583,37312,672.63182830810547,convergence
ext-w4,4,120004,0,63,,0,632,40448,671.83453496297204,convergence
ext-w4,4,120004,0,64,,0,614,39296,671.80552419026696,convergence
ext-w4,4,120004,0,65,,0,1110,71040,674.53833897908532,convergence
ext-w4,4,120004,0,66,,0,610,39040,652.52688217163086,convergence
ext-w4,4,120004,0,67,,0,492,31488,674.97639973958337,convergence
ext-w4,4,120004,0,68,,0,681,43584,667.529774983724,convergence
ext-w4,4,120004,0,69,,0,696,44544,685.09716288248694,convergence
ext-w4,4,120004,0,70,,0,665,42560,685.88343811035156,convergence
ext-w4,4,120004,1,0,,0,667,42688,621.56513977050781,convergence
ext-w4,4,120004,1,1,,0,785,50240,599.0899658203125,convergence
ext-w4,4,120004,1,2,,0,769,49216,631.09103520711267,convergence
ext-w4,4,120004,1,3,,0,675,43200,635.72584406534827,convergence
ext-w4,4,120004,1,4,,0,632,40448,625.84015146891272,convergence
ext-w4,4,120004,1,5,,0,744,47616,614.18243535359704,convergence
ext-w4,4,120004,1,6,,0,931,59584,638.46580251057946,convergence
ext-w4,4,120004,1,7,,0,880,56320,633.70041402180993,convergence
ext-w4,4,120004,1,8,,0,616,39424,610.86639404296875,convergence
ext-w4,4,120004,1,9,,0,1241,79424,619.30702718098962,convergence
ext-w4,4,120004,1,10,,0,679,43456,623.99294408162439,convergence
ext-w4,4,120004,1,11,,0,728,46592,614.27433776855469,convergence
ext-w4,4,120004,1,12,,0,827,52928,636.21173858642578,convergence
ext-w4,4,120004,1,13,,0,687,43968,627.90422566731775,convergence
ext-w4,4,120004,1,14,,0,835,53440,622.19638315836585,convergence
ext-w4,4,120004,1,15,,0,730,46720,637.76076126098633,convergence
ext-w4,4,120004,1,16,,0,779,49856,619.82311503092444,convergence
ext-w4,4,120004,1,17,,0,861,55104,618.45324961344397,convergence
ext-w4,4,120004,1,18,,0,1036,66304,626.69127782185876,convergence
ext-w4,4,120004,1,19,,0,795,50880,632.35715230305993,convergence
ext-w4,4,120004,1,20,,0,812,51968,606.11031214396155,convergence
ext-w4,4,120004,1,21,,0,830,53120,622.06116485595703,convergence
ext-w4,4,120004,1,22,,0,692,44288,631.50543340047204,convergence
ext-w4,4,120004,1,23,,0,678,43392,636.56843439737952,convergence
ext-w4,4,120004,1,24,,0,764,48896,614.99681091308594,convergence
ext-w4,4,120004,1,25,,0,871,55744,622.03518168131507,convergence
ext-w4,4,120004,1,26,,0,766,49024,631.49283599853516,convergence
ext-w4,4,120004,1,27,,0,581,37184,634.60380299886071,convergence
ext-w4,4,120004,1,28,,0,1091,69824,626.09404627482093,convergence
ext-w4,4,120004,1,29,,0,671,42944,628.28504180908203,convergence
ext-w4,4,120004,1,30,,0,1028,65792,606.29403305053711,convergence
ext-w4,4,120004,1,31,,0,589,37696,634.92897542317712,convergence
ext-w4,4,120004,1,32,,0,598,38272,622.75812403360999,convergence
ext-w4,4,120004,1,33,,0,756,48384,611.32776387532556,convergence
ext-w4,4,120004,1,34,,0,697,44608,615.906005859375,convergence
ext-w4,4,120004,1,35,,0,813,52032,637.04925918579102,convergence
ext-w4,4,120004,1,36,,0,828,52992,634.54284540812171,convergence
ext-w4,4,120004,1,37,,0,886,56704,602.0584818522135,convergence
ext-w4,4,120004,1,38,,0,659,42176,616.11583201090491,convergence
ext-w4,4,120004,1,39,,0,767,49088,639.81349436442054,convergence
ext-w4,4,120004,1,40,,0,667,42688,598.37656656901038,convergence
ext-w4,4,120004,1,41,,0,939,60096,617.54947535196936,convergence
ext-w4,4,120004,1,42,,0,603,38592,623.55732472737634,convergence
ext-w4,4,120004,1,43,,0,680,43520,613.77794011433923,convergence
ext-w4,4,120004,1,44,,0,633,40512,634.48065821329749,convergence
ext-w4,4,120004,1,45,,0,747,47808,613.73802312215173,convergence
ext-w4,4,120004,1,46,,0,787,50368,622.73157374064124,convergence
ext-w4,4,120004,1,47,,0,959,61376,633.650390625,convergence
ext-w4,4,120004,1,48,,0,610,39040,632.57519276936853,convergence
ext-w4,4,120004,1,49,,0,890,56960,619.53136698404944,convergence
ext-w4,4,120004,1,50,,0,1056,67584,616.77163060506189,convergence
ext-w4,4,120004,1,51,,0,901,57664,637.05828348795569,convergence
ext-w4,4,120004,1,52,,0,960,61440,616.9803250630697,convergence
ext-w4,4,120004,1,53,,0,637,40768,640.93133290608728,convergence
ext-w4,4,120004,1,54,,0,657,42048,622.09814198811853,convergence
ext-w4,4,120004,1,55,,0,789,50496,625.17704900105798,convergence
ext-w4,4,120004,1,56,,0,656,41984,616.44231287638343,convergence
ext-w4,4,120004,1,57,,0,805,51520,610.81624348958337,convergence
ext-w4,4,120004,1,58,,0,1155,73920,636.58684921264648,convergence
ext-w4,4,120004,1,59,,0,882,56448,624.59511820475257,convergence
ext-w4,4,120004,1,60,,0,637,40768,608.37655131022132,convergence
ext-w4,4,120004,1,61,,0,971,62144,621.21083323160804,convergence
ext-w2,4,120004,0,0,,0,396,25344,696.72245407104492,convergence
ext-w2,4,120004,0,1,,0,550,35200,701.81638081868493,convergence
ext-w2,4,120004,0,2,,0,382,24448,677.73104731241858,convergence
ext-w2,4,120004,0,3,,0,315,20160,701.82147343953454,convergence
ext-w2,4,120004,0,4,,0,308,19712,690.70684814453125,convergence
ext-w2,4,120004,0,5,,0,307,19648,690.65096282958984,convergence
ext-w2,4,120004,0,6,,0,337,21568,701.8233528137207,convergence
ext-w2,4,120004,0,7,,0,245,15680,694.98279444376624,convergence
ext-w2,4,120004,0,8,,0,354,22656,679.19800186157227,convergence
ext-w2,4,120004,0,9,,0,312,19968,681.99538040161133,convergence
ext-w2,4,120004,0,10,,0,397,25408,693.86258570353186,convergence
ext-w2,4,120004,0,11,,0,313,20032,687.85213343302405,convergence
ext-w2,4,120004,0,12,,0,351,22464,694.45489883422852,convergence
ext-w2,4,120004,0,13,,0,240,15360,695.02950032552087,convergence
ext-w2,4,120004,0,14,,0,337,21568,689.87298711140954,convergence
ext-w2,4,120004,0,15,,0,263,16832,687.08917617797852,convergence
ext-w2,4,120004,0,16,,0,345,22080,689.86864980061853,convergence
ext-w2,4,120004,0,17,,0,341,21824,710.43421936035156,convergence
ext-w2,4,120004,0,18,,0,284,18176,682.90824890136719,convergence
ext-w2,4,120004,0,19,,0,333,21312,682.8504740397135,convergence
ext-w2,4,120004,0,20,,0,304,19456,690.70002237955725,convergence
ext-w2,4,120004,0,21,,0,348,22272,677.70212936401367,convergence
ext-w2,4,120004,0,22,,0,307,19648,694.37012608846032,convergence
ext-w2,4,120004,0,23,,0,287,18368,694.45269648234046,convergence
ext-w2,4,120004,0,24,,0,313,20032,689.86564763387048,convergence
ext-w2,4,120004,0,25,,0,293,18752,678.86213302612305,convergence
ext-w2,4,120004,0,26,,0,240,15360,694.97016906738281,convergence
ext-w2,4,120004,0,27,,0,267,17088,694.39623260498047,convergence
ext-w2,4,120004,0,28,,0,497,31808,701.07941182454431,convergence
ext-w2,4,120004,0,29,,0,252,16128,695.65754954020179,convergence
ext-w2,4,120004,0,30,,0,321,20544,694.39190800984704,convergence
ext-w2,4,120004,0,31,,0,370,23680,694.94135284423828,convergence
ext-w2,4,120004,0,32,,0,311,19904,701.13989639282227,convergence
ext-w2,4,120004,0,33,,0,304,19456,678.72979354858398,convergence
ext-w2,4,120004,0,34,,0,338,21632,696.26886494954431,convergence
ext-w2,4,120004,0,35,,0,351,22464,694.96679814656579,convergence
ext-w2,4,120004,0,36,,0,317,20288,694.32826232910156,convergence
ext-w2,4,120004,0,37,,0,305,19520,693.88495635986328,convergence
ext-w2,4,120004,0,38,,0,291,18624,705.11568450927734,convergence
ext-w2,4,120004,0,39,,0,298,19072,689.86927159627282,convergence
ext-w2,4,120004,0,40,,0,304,19456,689.84208297729492,convergence
ext-w2,4,120004,0,41,,0,350,22400,681.99338531494141,convergence
ext-w2,4,120004,0,42,,0,304,19456,695.49398930867517,convergence
ext-w2,4,120004,0,43,,0,299,19136,703.53561401367188,convergence
ext-w2,4,120004,0,44,,0,315,20160,683.69136683146155,convergence
ext-w2,4,120004,0,45,,0,339,21696,698.57518768310547,convergence
ext-w2,4,120004,0,46,,0,410,26240,705.10939915974939,convergence
ext-w2,4,120004,0,47,,0,287,18368,694.70187632242835,convergence
ext-w2,4,120004,0,48,,0,347,22208,704.49008178710938,convergence
ext-w2,4,120004,0,49,,0,295,18880,694.40152359008789,convergence
ext-w2,4,120004,0,50,,0,270,17280,682.86652628580725,convergence
ext-w2,4,120004,0,51,,0,315,20160,695.49635442097986,convergence
ext-w2,4,120004,0,52,,0,317,20288,694.8006706237793,convergence
ext-w2,4,120004,0,53,,0,261,16704,702.17416254679358,convergence
ext-w2,4,120004,0,54,,0,282,18048,693.89558792114258,convergence
ext-w2,4,120004,0,55,,0,287,18368,695.51328786214196,convergence
ext-w2,4,120004,0,56,,0,360,23040,693.87908299764001,convergence
ext-w2,4,120004,0,57,,0,364,23296,689.83717854817712,convergence
ext-w2,4,120004,0,58,,0,376,24064,695.59579976399743,convergence
ext-w2,4,120004,0,59,,0,302,19328,685.22324117024743,convergence
ext-w2,4,120004,0,60,,0,542,34688,704.3648681640625,convergence
ext-w2,4,120004,0,61,,0,520,33280,694.86379241943359,convergence
ext-w2,4,120004,0,62,,0,353,22592,689.88025410970056,convergence
ext-w2,4,120004,0,63,,0,290,18560,687.83118947347009,convergence
ext-w2,4,120004,0,64,,0,418,26752,690.65100479125977,convergence
ext-w2,4,120004,0,65,,0,338,21632,685.01375579833984,convergence
ext-w2,4,120004,0,66,,0,362,23168,700.28924179077148,convergence
ext-w2,4,120004,0,67,,0,334,21376,700.68682861328125,convergence
ext-w2,4,120004,0,68,,0,450,28800,693.87536875406897,convergence
ext-w2,4,120004,0,69,,0,276,17664,694.38587315877282,convergence
ext-w2,4,120004,0,70,,0,305,19520,689.81469980875647,convergence
ext-w2,4,120004,0,71,,0,315,20160,702.66999562581384,convergence
ext-w2,4,120004,0,72,,0,299,19136,694.98166147867835,convergence
ext-w2,4,120004,1,0,,0,341,21824,657.61521148681641,convergence
ext-w2,4,120004,1,1,,0,327,20928,653.3474337259928,convergence
ext-w2,4,120004,1,2,,0,401,25664,653.89064788818359,convergence
ext-w2,4,120004,1,3,,0,337,21568,635.84748077392578,convergence
ext-w2,4,120004,1,4,,0,311,19904,635.88019053141272,convergence
ext-w2,4,120004,1,5,,0,350,22400,665.30438613891602,convergence
ext-w2,4,120004,1,6,,0,310,19840,655.86083221435547,convergence
ext-w2,4,120004,1,7,,0,313,20032,640.88821411132812,convergence
ext-w2,4,120004,1,8,,0,346,22144,652.7829259236654,convergence
ext-w2,4,120004,1,9,,0,378,24192,653.31759262084961,convergence
ext-w2,4,120004,1,10,,0,331,21184,650.77853266398108,convergence
ext-w2,4,120004,1,11,,0,331,21184,635.89939753214514,convergence
ext-w2,4,120004,1,12,,0,371,23744,648.62028757731116,convergence
ext-w2,4,120004,1,13,,0,268,17152,648.96290461222327,convergence
ext-w2,4,120004,1,14,,0,411,26304,652.15618515014648,convergence
ext-w2,4,120004,1,15,,0,323,20672,635.87268956502282,convergence
ext-w2,4,120004,1,16,,0,310,19840,657.47754033406579,convergence
ext-w2,4,120004,1,17,,0,333,21312,662.03337987264001,convergence
ext-w2,4,120004,1,18,,0,346,22144,654.39548746744788,convergence
ext-w2,4,120004,1,19,,0,314,20096,655.39720280965173,convergence
ext-w2,4,120004,1,20,,0,349,22336,650.79168574015296,convergence
ext-w2,4,120004,1,21,,0,322,20608,662.5779927571615,convergence
ext-w2,4,120004,1,22,,0,273,17472,665.31890487670898,convergence
ext-w2,4,120004,1,23,,0,351,22464,653.33579889933264,convergence
ext-w2,4,120004,1,24,,0,340,21760,668.06951141357422,convergence
ext-w2,4,120004,1,25,,0,426,27264,650.26753870646155,convergence
ext-w2,4,120004,1,26,,0,328,20992,640.86962890625,convergence
ext-w2,4,120004,1,27,,0,304,19456,640.88036219278968,convergence
ext-w2,4,120004,1,28,,0,372,23808,654.87909571329749,convergence
ext-w2,4,120004,1,29,,0,313,20032,646.34933090209961,convergence
ext-w2,4,120004,1,30,,0,322,20608,665.33000818888343,convergence
ext-w2,4,120004,1,31,,0,437,27968,651.47685114542639,convergence
ext-w2,4,120004,1,32,,0,333,21312,657.57717641194665,convergence
ext-w2,4,120004,1,33,,0,301,19264,643.11068979899085,convergence
ext-w2,4,120004,1,34,,0,228,14592,633.87940088907874,convergence
ext-w2,4,120004,1,35,,0,348,22272,653.8888829549154,convergence
ext-w2,4,120004,1,36,,0,289,18496,657.61154047648108,convergence
ext-w2,4,120004,1,37,,0,396,25344,666.01706568400061,convergence
ext-w2,4,120004,1,38,,0,316,20224,665.30040613810218,convergence
ext-w2,4,120004,1,39,,0,266,17024,664.56372578938806,convergence
ext-w2,4,120004,1,40,,0,298,19072,640.83722050984704,convergence
ext-w2,4,120004,1,41,,0,317,20288,640.88071314493811,convergence
ext-w2,4,120004,1,42,,0,294,18816,660.50258000691736,convergence
ext-w2,4,120004,1,43,,0,369,23616,635.85381189982093,convergence
ext-w2,4,120004,1,44,,0,314,20096,665.29973475138343,convergence
ext-w2,4,120004,1,45,,0,276,17664,640.89935175577796,convergence
ext-w2,4,120004,1,46,,0,431,27584,657.61485926310218,convergence
ext-w2,4,120004,1,47,,0,423,27072,648.59607696533203,convergence
ext-w2,4,120004,1,48,,0,383,24512,650.66461944580078,convergence
ext-w2,4,120004,1,49,,0,423,27072,657.2623392740885,convergence
ext-w2,4,120004,1,50,,0,320,20480,646.34271876017249,convergence
ext-w2,4,120004,1,51,,0,343,21952,640.83508936564124,convergence
ext-w2,4,120004,1,52,,0,316,20224,650.35123570760095,convergence
ext-w2,4,120004,1,53,,0,298,19072,655.60563659667969,convergence
ext-w2,4,120004,1,54,,0,295,18880,648.64260355631507,convergence
ext-w2,4,120004,1,55,,0,319,20416,670.02912267049157,convergence
ext-w2,4,120004,1,56,,0,396,25344,657.60699971516931,convergence
ext-w2,4,120004,1,57,,0,318,20352,650.67474238077796,convergence
ext-w2,4,120004,1,58,,0,235,15040,633.88307571411133,convergence
ext-w2,4,120004,1,59,,0,305,19520,656.14193852742517,convergence
ext-w2,4,120004,1,60,,0,318,20352,653.29309463500977,convergence
ext-w2,4,120004,1,61,,0,331,21184,657.27437591552734,convergence
ext-w2,4,120004,1,62,,0,307,19648,648.57451375325525,convergence
ext-w2,4,120004,1,63,,0,304,19456,640.86953608194983,convergence
ext-w2,4,120004,1,64,,0,296,18944,664.49687830607093,convergence
ext-w2,4,120004,1,65,,0,359,22976,651.25665283203125,convergence
ext-w2,4,120004,1,66,,0,312,19968,653.29211552937829,convergence
ext-w2,4,120004,1,67,,0,335,21440,659.53013356526696,convergence
ext-w2,4,120004,1,68,,0,309,19776,635.90242004394531,convergence
ext-w2,4,120004,1,69,,0,328,20992,655.29479598999023,convergence
ext-w2,4,120004,1,70,,0,338,21632,669.60140609741211,convergence
ext-w2,4,120004,1,71,,0,384,24576,669.91947682698571,convergence
ext-w2,4,120004,1,72,,0,348,22272,665.3102696736654,convergence
ext-w2,4,120004,2,0,,0,306,19584,611.00661468505859,convergence
ext-w2,4,120004,2,1,,0,335,21440,611.64655176798499,convergence
ext-w2,4,120004,2,2,,0,336,21504,619.15938568115234,convergence
ext-w2,4,120004,2,3,,0,336,21504,622.6861686706543,convergence
ext-w2,4,120004,2,4,,0,300,19200,610.5757052103678,convergence
ext-w2,4,120004,2,5,,0,368,23552,617.71201578776038,convergence
ext-w2,4,120004,2,6,,0,387,24768,610.65652465820312,convergence
ext-w2,4,120004,2,7,,0,348,22272,613.84950383504236,convergence
ext-w2,4,120004,2,8,,0,325,20800,610.62796401977539,convergence
ext-w2,4,120004,2,9,,0,327,20928,610.65623601277673,convergence
ext-w2,4,120004,2,10,,0,431,27584,611.83654276529944,convergence
ext-w2,4,120004,2,11,,0,400,25600,613.42263412475586,convergence
ext-w2,4,120004,2,12,,0,389,24896,612.07799784342444,convergence
ext-w2,4,120004,2,13,,0,328,20992,626.50965754191077,convergence
ext-w2,4,120004,2,14,,0,422,27008,622.01625823974609,convergence
ext-w2,4,120004,2,15,,0,322,20608,605.47324625651038,convergence
ext-w2,4,120004,2,16,,0,290,18560,610.55090840657556,convergence
ext-w2,4,120004,2,17,,0,337,21568,604.78416188557946,convergence
ext-w2,4,120004,2,18,,0,395,25280,613.36767832438147,convergence
ext-w2,4,120004,2,19,,0,405,25920,626.33603286743164,convergence
ext-w2,4,120004,2,20,,0,506,32384,605.50021235148108,convergence
ext-w2,4,120004,2,21,,0,333,21312,610.24329376220703,convergence
ext-w2,4,120004,2,22,,0,363,23232,608.98132451375329,convergence
ext-w2,4,120004,2,23,,0,313,20032,613.48296864827478,convergence
ext-w2,4,120004,2,24,,0,402,25728,613.48745727539062,convergence
ext-w2,4,120004,2,25,,0,432,27648,618.78812662760413,convergence
ext-w2,4,120004,2,26,,0,320,20480,611.05469004313147,convergence
ext-w2,4,120004,2,27,,0,334,21376,613.45126851399743,convergence
ext-w2,4,120004,2,28,,0,340,21760,610.60393142700195,convergence
ext-w2,4,120004,2,29,,0,309,19776,613.89458592732751,convergence
ext-w2,4,120004,2,30,,0,213,13632,610.49600601196289,convergence
ext-w2,4,120004,2,31,,0,291,18624,620.98012797037757,convergence
ext-w2,4,120004,2,32,,0,389,24896,613.45888900756836,convergence
ext-w2,4,120004,2,33,,0,331,21184,604.82182057698571,convergence
ext-w2,4,120004,2,34,,0,368,23552,605.45790863037109,convergence
ext-w2,4,120004,2,35,,0,381,24384,613.11604817708337,convergence
ext-w2,4,120004,2,36,,0,380,24320,611.03590265909827,convergence
ext-w2,4,120004,2,37,,0,321,20544,618.57573318481445,convergence
ext-w2,4,120004,2,38,,0,282,18048,613.44643147786462,convergence
ext-w2,4,120004,2,39,,0,369,23616,618.19824345906579,convergence
ext-w2,4,120004,2,40,,0,384,24576,609.01597086588538,convergence
ext-w2,4,120004,2,41,,0,318,20352,607.15594100952148,convergence
ext-w2,4,120004,2,42,,0,307,19648,605.48250706990564,convergence
ext-w2,4,120004,2,43,,0,378,24192,611.65349324544275,convergence
ext-w2,4,120004,2,44,,0,383,24512,613.78040822347009,convergence
ext-w2,4,120004,2,45,,0,347,22208,606.84850565592444,convergence
ext-w2,4,120004,2,46,,0,284,18176,610.3773193359375,convergence
ext-w2,4,120004,2,47,,0,356,22784,597.87675857543945,convergence
ext-w2,4,120004,2,48,,0,286,18304,611.88882954915368,convergence
ext-w2,4,120004,2,49,,0,368,23552,626.34224828084314,convergence
ext-w2,4,120004,2,50,,0,409,26176,611.79295349121094,convergence
ext-w2,4,120004,2,51,,0,398,25472,609.96578979492188,convergence
ext-w2,4,120004,2,52,,0,340,21760,613.771728515625,convergence
ext-w2,4,120004,2,53,,0,442,28288,621.19745381673181,convergence
ext-w2,4,120004,2,54,,0,392,25088,613.93355051676429,convergence
ext-w2,4,120004,2,55,,0,323,20672,630.194091796875,convergence
ext-w2,4,120004,2,56,,0,300,19200,605.44993336995446,convergence
ext-w2,4,120004,2,57,,0,301,19264,610.66850916544593,convergence
ext-w2,4,120004,2,58,,0,314,20096,611.0662956237793,convergence
ext-w2,4,120004,2,59,,0,364,23296,613.60150527954102,convergence
ext-w2,4,120004,2,60,,0,320,20480,604.8088048299154,convergence
ext-w2,4,120004,2,61,,0,337,21568,620.89011128743493,convergence
ext-w2,4,120004,2,62,,0,303,19392,610.64603805541992,convergence
ext-w2,4,120004,2,63,,0,527,33728,614.06229527791345,convergence
ext-w2,4,120004,2,64,,0,331,21184,630.01261393229163,convergence
ext-w2,4,120004,2,65,,0,405,25920,615.08712132771814,convergence
ext-w2,4,120004,2,66,,0,337,21568,605.44699223836267,convergence
ext-w2,4,120004,2,67,,0,346,22144,604.81338882446289,convergence
ext-w2,4,120004,2,68,,0,276,17664,611.01283518473304,convergence
ext-w2,4,120004,3,0,,0,392,25088,586.09348169962561,convergence
ext-w2,4,120004,3,1,,0,365,23360,581.50797907511389,convergence
ext-w2,4,120004,3,2,,0,378,24192,585.35750706990564,convergence
ext-w2,4,120004,3,3,,0,428,27392,591.77913284301758,convergence
ext-w2,4,120004,3,4,,0,253,16192,590.20962015787757,convergence
ext-w2,4,120004,3,5,,0,338,21632,587.75216293334961,convergence
ext-w2,4,120004,3,6,,0,308,19712,587.74020258585608,convergence
ext-w2,4,120004,3,7,,0,346,22144,590.17196146647132,convergence
ext-w2,4,120004,3,8,,0,349,22336,580.36628341674805,convergence
ext-w2,4,120004,3,9,,0,332,21248,581.51111221313477,convergence
ext-w2,4,120004,3,10,,0,396,25344,581.20331700642907,convergence
ext-w2,4,120004,3,11,,0,367,23488,579.37801996866858,convergence
ext-w2,4,120004,3,12,,0,337,21568,588.38905588785804,convergence
ext-w2,4,120004,3,13,,0,292,18688,590.42654546101892,convergence
ext-w2,4,120004,3,14,,0,337,21568,586.69965362548828,convergence
ext-w2,4,120004,3,15,,0,425,27200,583.50806045532227,convergence
ext-w2,4,120004,3,16,,0,406,25984,590.19010543823242,convergence
ext-w2,4,120004,3,17,,0,295,18880,580.34021631876624,convergence
ext-w2,4,120004,3,18,,0,360,23040,584.40470886230469,convergence
ext-w2,4,120004,3,19,,0,291,18624,581.57902145385742,convergence
ext-w2,4,120004,3,20,,0,347,22208,587.73929977416992,convergence
ext-w2,4,120004,3,21,,0,279,17856,591.57206853230798,convergence
ext-w2,4,120004,3,22,,0,355,22720,590.29133478800452,convergence
ext-w2,4,120004,3,23,,0,355,22720,590.21485137939453,convergence
ext-w2,4,120004,3,24,,0,348,22272,583.5124295552572,convergence
ext-w2,4,120004,3,25,,0,392,25088,580.78101984659827,convergence
ext-w2,4,120004,3,26,,0,398,25472,590.31866200764978,convergence
ext-w2,4,120004,3,27,,0,336,21504,587.32841618855798,convergence
ext-w2,4,120004,3,28,,0,325,20800,583.15566253662109,convergence
ext-w2,4,120004,3,29,,0,318,20352,580.76846822102868,convergence
ext-w2,4,120004,3,30,,0,418,26752,580.34239323933923,convergence
ext-w2,4,120004,3,31,,0,327,20928,581.40368143717444,convergence
ext-w2,4,120004,3,32,,0,351,22464,576.87829717000329,convergence
ext-w2,4,120004,3,33,,0,379,24256,592.69009399414062,convergence
ext-w2,4,120004,3,34,,0,392,25088,583.14704004923499,convergence
ext-w2,4,120004,3,35,,0,303,19392,586.28783798217773,convergence
ext-w2,4,120004,3,36,,0,296,18944,576.88975397745764,convergence
ext-w2,4,120004,3,37,,0,312,19968,590.29227956136071,convergence
ext-w2,4,120004,3,38,,0,415,26560,590.33520380655921,convergence
ext-w2,4,120004,3,39,,0,390,24960,581.53147379557288,convergence
ext-w2,4,120004,3,40,,0,416,26624,581.54695638020837,convergence
ext-w2,4,120004,3,41,,0,303,19392,586.60532251993811,convergence
ext-w2,4,120004,3,42,,0,318,20352,583.1659049987793,convergence
ext-w2,4,120004,3,43,,0,372,23808,581.48368072509766,convergence
ext-w2,4,120004,3,44,,0,378,24192,580.39572397867835,convergence
ext-w2,4,120004,3,45,,0,382,24448,588.5544319152832,convergence
ext-w2,4,120004,3,46,,0,361,23104,590.43100102742517,convergence
ext-w2,4,120004,3,47,,0,288,18432,580.88929112752282,convergence
ext-w2,4,120004,3,48,,0,296,18944,587.84428787231445,convergence
ext-w2,4,120004,3,49,,0,258,16512,586.1832160949707,convergence
ext-w2,4,120004,3,50,,0,361,23104,590.2297147115072,convergence
ext-w2,4,120004,3,51,,0,278,17792,587.32175318400061,convergence
ext-w2,4,120004,3,52,,0,332,21248,583.44010543823242,convergence
ext-w2,4,120004,3,53,,0,291,18624,589.23593775431311,convergence
ext-w2,4,120004,3,54,,0,352,22528,583.86432266235352,convergence
ext-w2,4,120004,3,55,,0,358,22912,581.50092697143555,convergence
ext-w2,4,120004,3,56,,0,342,21888,590.19340133666992,convergence
ext-w2,4,120004,3,57,,0,324,20736,590.14824167887366,convergence
ext-w2,4,120004,3,58,,0,292,18688,588.36943181355798,convergence
ext-w2,4,120004,3,59,,0,354,22656,587.8200467427572,convergence
ext-w2,4,120004,3,60,,0,363,23232,588.43575922648108,convergence
ext-w2,4,120004,3,61,,0,329,21056,590.17734018961585,convergence
ext-w2,4,120004,3,62,,0,331,21184,581.49463272094727,convergence
ext-w2,4,120004,3,63,,0,334,21376,588.36027781168616,convergence
ext-w2,4,120004,3,64,,0,337,21568,590.1952908833822,convergence
ext-w2,4,120004,3,65,,0,345,22080,590.18221028645837,convergence
ext-w2,4,120004,3,66,,0,256,16384,584.96673202514648,convergence
ext-w2,4,120004,3,67,,0,351,22464,586.74611790974939,convergence
ext-w2,4,120004,3,68,,0,360,23040,586.69608688354492,convergence
ext-w2,4,120004,3,69,,0,283,18112,580.78073247273767,convergence
ext-w2,4,120004,3,70,,0,399,25536,585.59354019165039,convergence
ext-w1,4,120004,0,0,,0,247,15808,707.27082697550452,convergence
ext-w1,4,120004,0,1,,0,177,11328,707.25317764282227,convergence
ext-w1,4,120004,0,2,,0,160,10240,703.22084172566736,convergence
ext-w1,4,120004,0,3,,0,166,10624,707.25385284423828,convergence
ext-w1,4,120004,0,4,,0,136,8704,724.68689219156897,convergence
ext-w1,4,120004,0,5,,0,160,10240,703.22190729777014,convergence
ext-w1,4,120004,0,6,,0,134,8576,707.25640106201172,convergence
ext-w1,4,120004,0,7,,0,185,11840,707.25957361857093,convergence
ext-w1,4,120004,0,8,,0,154,9856,707.25,convergence
ext-w1,4,120004,0,9,,0,126,8064,721.17518488566077,convergence
ext-w1,4,120004,0,10,,0,124,7936,711.49659474690759,convergence
ext-w1,4,120004,0,11,,0,129,8256,703.97617721557617,convergence
ext-w1,4,120004,0,12,,0,133,8512,708.08597564697266,convergence
ext-w1,4,120004,0,13,,0,152,9728,711.47855631510413,convergence
ext-w1,4,120004,0,14,,0,162,10368,707.24937057495117,convergence
ext-w1,4,120004,0,15,,0,109,6976,708.09639104207361,convergence
ext-w1,4,120004,0,16,,0,100,6400,708.09639104207361,convergence
ext-w1,4,120004,0,17,,0,172,11008,707.25698979695642,convergence
ext-w1,4,120004,0,18,,0,148,9472,718.59011713663733,convergence
ext-w1,4,120004,0,19,,0,122,7808,708.96541213989258,convergence
ext-w1,4,120004,0,20,,0,186,11904,703.20452117919922,convergence
ext-w1,4,120004,0,21,,0,179,11456,707.25630569458008,convergence
ext-w1,4,120004,0,22,,0,109,6976,703.97617721557617,convergence
ext-w1,4,120004,0,23,,0,224,14336,707.255360921224,convergence
ext-w1,4,120004,0,24,,0,133,8512,711.47855631510413,convergence
ext-w1,4,120004,0,25,,0,133,8512,703.98126093546546,convergence
ext-w1,4,120004,0,26,,0,167,10688,707.25134913126624,convergence
ext-w1,4,120004,0,27,,0,142,9088,707.25243631998694,convergence
ext-w1,4,120004,0,28,,0,182,11648,707.25,convergence
ext-w1,4,120004,0,29,,0,146,9344,721.42904027303064,convergence
ext-w1,4,120004,0,30,,0,109,6976,708.09142939249671,convergence
ext-w1,4,120004,0,31,,0,148,9472,707.25743865966797,convergence
ext-w1,4,120004,0,32,,0,185,11840,703.20955785115564,convergence
ext-w1,4,120004,0,33,,0,123,7872,711.49662272135413,convergence
ext-w1,4,120004,0,34,,0,150,9600,707.25211207071936,convergence
ext-w1,4,120004,0,35,,0,189,12096,707.27136739095056,convergence
ext-w1,4,120004,0,36,,0,128,8192,708.09639104207361,convergence
ext-w1,4,120004,0,37,,0,142,9088,707.25217056274414,convergence
ext-w1,4,120004,0,38,,0,165,10560,707.28066889444983,convergence
ext-w1,4,120004,0,39,,0,104,6656,703.97793706258142,convergence
ext-w1,4,120004,0,40,,0,144,9216,703.98126093546546,convergence
ext-w1,4,120004,0,41,,0,147,9408,707.25706100463867,convergence
ext-w1,4,120004,0,42,,0,116,7424,711.49117151896155,convergence
ext-w1,4,120004,0,43,,0,135,8640,703.21032333374023,convergence
ext-w1,4,120004,0,44,,0,140,8960,707.28029378255212,convergence
ext-w1,4,120004,0,45,,0,153,9792,707.25650660196936,convergence
ext-w1,4,120004,0,46,,0,123,7872,708.9628791809082,convergence
ext-w1,4,120004,0,47,,0,145,9280,707.251719156901,convergence
ext-w1,4,120004,0,48,,0,146,9344,707.25071716308594,convergence
ext-w1,4,120004,0,49,,0,166,10624,707.25008773803711,convergence
ext-w1,4,120004,0,50,,0,163,10432,707.25602595011389,convergence
ext-w1,4,120004,0,51,,0,154,9856,721.42812983194983,convergence
ext-w1,4,120004,0,52,,0,179,11456,707.25058237711585,convergence
ext-w1,4,120004,0,53,,0,152,9728,703.22555414835608,convergence
ext-w1,4,120004,0,54,,0,169,10816,707.26387405395508,convergence
ext-w1,4,120004,0,55,,0,152,9728,707.28390121459961,convergence
ext-w1,4,120004,0,56,,0,111,7104,708.09639104207361,convergence
ext-w1,4,120004,0,57,,0,157,10048,707.25105667114258,convergence
ext-w1,4,120004,0,58,,0,112,7168,711.49117151896155,convergence
ext-w1,4,120004,0,59,,0,143,9152,721.42610295613611,convergence
ext-w1,4,120004,0,60,,0,143,9152,721.79552332560218,convergence
ext-w1,4,120004,0,61,,0,146,9344,721.40970230102539,convergence
ext-w1,4,120004,0,62,,0,167,10688,721.42610295613611,convergence
ext-w1,4,120004,0,63,,0,127,8128,703.97793706258142,convergence
ext-w1,4,120004,0,64,,0,169,10816,707.25706100463867,convergence
ext-w1,4,120004,0,65,,0,158,10112,707.25831476847327,convergence
ext-w1,4,120004,0,66,,0,148,9472,707.25071716308594,convergence
ext-w1,4,120004,0,67,,0,148,9472,707.25030771891272,convergence
ext-w1,4,120004,0,68,,0,139,8896,718.20219930013025,convergence
ext-w1,4,120004,0,69,,0,151,9664,707.25030771891272,convergence
ext-w1,4,120004,0,70,,0,134,8576,703.20543670654297,convergence
ext-w1,4,120004,0,71,,0,138,8832,719.00438563028968,convergence
ext-w1,4,120004,0,72,,0,156,9984,707.25,convergence
ext-w1,4,120004,0,73,,0,186,11904,707.27761077880859,convergence
ext-w1,4,120004,0,74,,0,125,8000,711.49164962768555,convergence
ext-w1,4,120004,0,75,,0,107,6848,708.09639104207361,convergence
ext-w1,4,120004,0,76,,0,160,10240,707.25706100463867,convergence
ext-w1,4,120004,0,77,,0,148,9472,703.97793706258142,convergence
ext-w1,4,120004,0,78,,0,117,7488,710.50864410400391,convergence
ext-w1,4,120004,0,79,,0,176,11264,707.25568008422852,convergence
ext-w1,4,120004,0,80,,0,174,11136,707.25226465860999,convergence
ext-w1,4,120004,0,81,,0,174,11136,707.25640106201172,convergence
ext-w1,4,120004,1,0,,0,167,10688,687.2525736490885,convergence
ext-w1,4,120004,1,1,,0,214,13696,689.84097671508789,convergence
ext-w1,4,120004,1,2,,0,120,7680,678.79829152425134,convergence
ext-w1,4,120004,1,3,,0,131,8384,686.31365712483728,convergence
ext-w1,4,120004,1,4,,0,150,9600,687.21348190307617,convergence
ext-w1,4,120004,1,5,,0,171,10944,687.23973719278968,convergence
ext-w1,4,120004,1,6,,0,147,9408,689.3619283040365,convergence
ext-w1,4,120004,1,7,,0,109,6976,687.27488199869788,convergence
ext-w1,4,120004,1,8,,0,147,9408,687.23769505818689,convergence
ext-w1,4,120004,1,9,,0,142,9088,687.23769505818689,convergence
ext-w1,4,120004,1,10,,0,226,14464,682.07728958129883,convergence
ext-w1,4,120004,1,11,,0,211,13504,682.07149378458655,convergence
ext-w1,4,120004,1,12,,0,230,14720,682.07365544637048,convergence
ext-w1,4,120004,1,13,,0,155,9920,686.31547164916992,convergence
ext-w1,4,120004,1,14,,0,136,8704,686.31502405802405,convergence
ext-w1,4,120004,1,15,,0,157,10048,692.44847742716468,convergence
ext-w1,4,120004,1,16,,0,169,10816,687.24130121866858,convergence
ext-w1,4,120004,1,17,,0,152,9728,687.25652949015296,convergence
ext-w1,4,120004,1,18,,0,143,9152,686.31328582763672,convergence
ext-w1,4,120004,1,19,,0,173,11072,682.09929911295569,convergence
ext-w1,4,120004,1,20,,0,173,11072,693.11179860432946,convergence
ext-w1,4,120004,1,21,,0,203,12992,690.76190821329749,convergence
ext-w1,4,120004,1,22,,0,183,11712,687.24910608927405,convergence
ext-w1,4,120004,1,23,,0,115,7360,686.29937108357751,convergence
ext-w1,4,120004,1,24,,0,145,9280,687.25911712646484,convergence
ext-w1,4,120004,1,25,,0,167,10688,687.24910608927405,convergence
ext-w1,4,120004,1,26,,0,158,10112,687.24013264973962,convergence
ext-w1,4,120004,1,27,,0,145,9280,687.26974360148108,convergence
ext-w1,4,120004,1,28,,0,174,11136,693.2996711730957,convergence
ext-w1,4,120004,1,29,,0,157,10048,687.27203877766931,convergence
ext-w1,4,120004,1,30,,0,168,10752,691.85213724772132,convergence
ext-w1,4,120004,1,31,,0,166,10624,687.29615656534827,convergence
ext-w1,4,120004,1,32,,0,176,11264,688.5057042439779,convergence
ext-w1,4,120004,1,33,,0,206,13184,682.07935460408532,convergence
ext-w1,4,120004,1,34,,0,142,9088,686.31941095987952,convergence
ext-w1,4,120004,1,35,,0,170,10880,682.07851537068689,convergence
ext-w1,4,120004,1,36,,0,186,11904,687.24910608927405,convergence
ext-w1,4,120004,1,37,,0,136,8704,686.31403605143225,convergence
ext-w1,4,120004,1,38,,0,167,10688,686.29937108357751,convergence
ext-w1,4,120004,1,39,,0,149,9536,687.29697418212891,convergence
ext-w1,4,120004,1,40,,0,137,8768,687.23769505818689,convergence
ext-w1,4,120004,1,41,,0,158,10112,687.25414530436194,convergence
ext-w1,4,120004,1,42,,0,161,10304,691.68100992838538,convergence
ext-w1,4,120004,1,43,,0,159,10176,687.247802734375,convergence
ext-w1,4,120004,1,44,,0,212,13568,682.01197942097986,convergence
ext-w1,4,120004,1,45,,0,134,8576,686.31298573811853,convergence
ext-w1,4,120004,1,46,,0,171,10944,687.24710464477539,convergence
ext-w1,4,120004,1,47,,0,145,9280,687.24070994059241,convergence
ext-w1,4,120004,1,48,,0,134,8576,686.3187370300293,convergence
ext-w1,4,120004,1,49,,0,148,9472,687.26103210449219,convergence
ext-w1,4,120004,1,50,,0,123,7872,686.29902776082361,convergence
ext-w1,4,120004,1,51,,0,151,9664,687.24818420410156,convergence
ext-w1,4,120004,1,52,,0,181,11584,687.24451065063477,convergence
ext-w1,4,120004,1,53,,0,263,16832,689.86075846354163,convergence
ext-w1,4,120004,1,54,,0,191,12224,692.42702484130859,convergence
ext-w1,4,120004,1,55,,0,133,8512,678.79829152425134,convergence
ext-w1,4,120004,1,56,,0,139,8896,686.33989461263025,convergence
ext-w1,4,120004,1,57,,0,137,8768,691.79841995239258,convergence
ext-w1,4,120004,1,58,,0,158,10112,686.31328582763672,convergence
ext-w1,4,120004,1,59,,0,175,11200,692.42119344075525,convergence
ext-w1,4,120004,1,60,,0,138,8832,687.23008473714196,convergence
ext-w1,4,120004,1,61,,0,185,11840,691.73290888468421,convergence
ext-w1,4,120004,1,62,,0,147,9408,693.32749811808264,convergence
ext-w1,4,120004,1,63,,0,176,11264,687.24013264973962,convergence
ext-w1,4,120004,1,64,,0,183,11712,687.17077509562171,convergence
ext-w1,4,120004,1,65,,0,152,9728,687.23008473714196,convergence
ext-w1,4,120004,1,66,,0,169,10816,687.23008473714196,convergence
ext-w1,4,120004,1,67,,0,151,9664,687.25809860229492,convergence
ext-w1,4,120004,1,68,,0,149,9536,693.38140487670898,convergence
ext-w1,4,120004,1,69,,0,170,10880,687.24635823567712,convergence
ext-w1,4,120004,1,70,,0,152,9728,681.18324661254883,convergence
ext-w1,4,120004,1,71,,0,186,11904,682.07104237874353,convergence
ext-w1,4,120004,1,72,,0,180,11520,692.43417231241858,convergence
ext-w1,4,120004,1,73,,0,151,9664,687.0931510925293,convergence
ext-w1,4,120004,1,74,,0,188,12032,689.36341730753577,convergence
ext-w1,4,120004,2,0,,0,157,10048,668.0102322896322,convergence
ext-w1,4,120004,2,1,,0,191,12224,657.67228317260742,convergence
ext-w1,4,120004,2,2,,0,153,9792,668.01281229654944,convergence
ext-w1,4,120004,2,3,,0,136,8704,662.89148585001624,convergence
ext-w1,4,120004,2,4,,0,152,9728,661.89444096883142,convergence
ext-w1,4,120004,2,5,,0,166,10624,657.67221705118811,convergence
ext-w1,4,120004,2,6,,0,150,9600,668.9220975240072,convergence
ext-w1,4,120004,2,7,,0,200,12800,667.34002939860022,convergence
ext-w1,4,120004,2,8,,0,171,10944,668.89011891682946,convergence
ext-w1,4,120004,2,9,,0,170,10880,662.82679112752282,convergence
ext-w1,4,120004,2,10,,0,179,11456,668.48333358764648,convergence
ext-w1,4,120004,2,11,,0,184,11776,667.32602564493811,convergence
ext-w1,4,120004,2,12,,0,140,8960,661.90705617268884,convergence
ext-w1,4,120004,2,13,,0,122,7808,661.90705617268884,convergence
ext-w1,4,120004,2,14,,0,144,9216,662.89399846394861,convergence
ext-w1,4,120004,2,15,,0,188,12032,662.82648595174157,convergence
ext-w1,4,120004,2,16,,0,163,10432,667.38498179117835,convergence
ext-w1,4,120004,2,17,,0,149,9536,667.43039321899414,convergence
ext-w1,4,120004,2,18,,0,165,10560,657.67434819539392,convergence
ext-w1,4,120004,2,19,,0,139,8896,668.26334253946936,convergence
ext-w1,4,120004,2,20,,0,167,10688,662.81486256917321,convergence
ext-w1,4,120004,2,21,,0,163,10432,662.8265597025553,convergence
ext-w1,4,120004,2,22,,0,157,10048,662.84287643432617,convergence
ext-w1,4,120004,2,23,,0,138,8832,662.83146540323889,convergence
ext-w1,4,120004,2,24,,0,131,8384,661.90879440307617,convergence
ext-w1,4,120004,2,25,,0,183,11712,662.83390299479163,convergence
ext-w1,4,120004,2,26,,0,162,10368,662.84287643432617,convergence
ext-w1,4,120004,2,27,,0,145,9280,661.90753428141272,convergence
ext-w1,4,120004,2,28,,0,142,9088,662.87761433919275,convergence
ext-w1,4,120004,2,29,,0,212,13568,667.32408396402991,convergence
ext-w1,4,120004,2,30,,0,171,10944,662.91758346557617,convergence
ext-w1,4,120004,2,31,,0,177,11328,657.66551462809241,convergence
ext-w1,4,120004,2,32,,0,159,10176,662.8714930216471,convergence
ext-w1,4,120004,2,33,,0,151,9664,662.852060953776,convergence
ext-w1,4,120004,2,34,,0,155,9920,668.02412541707361,convergence
ext-w1,4,120004,2,35,,0,151,9664,662.82385508219397,convergence
ext-w1,4,120004,2,36,,0,168,10752,667.37052790323889,convergence
ext-w1,4,120004,2,37,,0,132,8448,661.90879440307617,convergence
ext-w1,4,120004,2,38,,0,153,9792,668.89283752441406,convergence
ext-w1,4,120004,2,39,,0,180,11520,667.33245722452796,convergence
ext-w1,4,120004,2,40,,0,152,9728,668.02224477132165,convergence
ext-w1,4,120004,2,41,,0,125,8000,668.89344151814782,convergence
ext-w1,4,120004,2,42,,0,139,8896,662.85574086507165,convergence
ext-w1,4,120004,2,43,,0,163,10432,662.82385508219397,convergence
ext-w1,4,120004,2,44,,0,172,11008,662.82122421264648,convergence
ext-w1,4,120004,2,45,,0,182,11648,662.88868967692054,convergence
ext-w1,4,120004,2,46,,0,154,9856,662.88966369628906,convergence
ext-w1,4,120004,2,47,,0,177,11328,668.09042867024743,convergence
ext-w1,4,120004,2,48,,0,156,9984,662.90596644083655,convergence
ext-w1,4,120004,2,49,,0,148,9472,662.82385508219397,convergence
ext-w1,4,120004,2,50,,0,164,10496,668.7581570943197,convergence
ext-w1,4,120004,2,51,,0,149,9536,667.89269510904944,convergence
ext-w1,4,120004,2,52,,0,137,8768,661.90753428141272,convergence
ext-w1,4,120004,2,53,,0,224,14336,662.83929951985681,convergence
ext-w1,4,120004,2,54,,0,221,14144,657.66551462809241,convergence
ext-w1,4,120004,2,55,,0,156,9984,662.85029983520508,convergence
ext-w1,4,120004,2,56,,0,183,11712,668.02213923136389,convergence
ext-w1,4,120004,2,57,,0,167,10688,668.02213923136389,convergence
ext-w1,4,120004,2,58,,0,151,9664,662.84012858072913,convergence
ext-w1,4,120004,2,59,,0,162,10368,667.88169606526696,convergence
ext-w1,4,120004,2,60,,0,148,9472,662.83146540323889,convergence
ext-w1,4,120004,2,61,,0,145,9280,670.43339411417639,convergence
ext-w1,4,120004,2,62,,0,172,11008,657.67221705118811,convergence
ext-w1,4,120004,2,63,,0,174,11136,657.66805521647132,convergence
ext-w1,4,120004,2,64,,0,189,12096,662.8635368347168,convergence
ext-w1,4,120004,2,65,,0,145,9280,662.82385508219397,convergence
ext-w1,4,120004,2,66,,0,187,11968,657.66588465372718,convergence
ext-w1,4,120004,2,67,,0,153,9792,668.89344151814782,convergence
ext-w1,4,120004,2,68,,0,183,11712,657.66919326782227,convergence
ext-w1,4,120004,2,69,,0,199,12736,668.07732137044275,convergence
ext-w1,4,120004,2,70,,0,141,9024,661.91020711263025,convergence
ext-w1,4,120004,2,71,,0,114,7296,662.88966496785486,convergence
ext-w1,4,120004,2,72,,0,179,11456,657.67250569661462,convergence
ext-w1,4,120004,2,73,,0,193,12352,672.25909296671546,convergence
ext-w1,4,120004,2,74,,0,130,8320,661.94281514485681,convergence
ext-w1,4,120004,3,0,,0,146,9344,652.38574600219727,convergence
ext-w1,4,120004,3,1,,0,150,9600,640.24370574951172,convergence
ext-w1,4,120004,3,2,,0,181,11584,640.24733098347986,convergence
ext-w1,4,120004,3,3,,0,149,9536,644.28023910522461,convergence
ext-w1,4,120004,3,4,,0,154,9856,644.28856913248694,convergence
ext-w1,4,120004,3,5,,0,177,11328,650.27455647786462,convergence
ext-w1,4,120004,3,6,,0,118,7552,638.24598693847656,convergence
ext-w1,4,120004,3,7,,0,175,11200,650.66674296061194,convergence
ext-w1,4,120004,3,8,,0,137,8768,650.70771408081055,convergence
ext-w1,4,120004,3,9,,0,162,10368,651.83316802978516,convergence
ext-w1,4,120004,3,10,,0,181,11584,650.69951629638672,convergence
ext-w1,4,120004,3,11,,0,171,10944,640.2305018107096,convergence
ext-w1,4,120004,3,12,,0,165,10560,640.2528966267904,convergence
ext-w1,4,120004,3,13,,0,175,11200,640.23544565836585,convergence
ext-w1,4,120004,3,14,,0,201,12864,651.83974202473962,convergence
ext-w1,4,120004,3,15,,0,151,9664,640.25448226928711,convergence
ext-w1,4,120004,3,16,,0,145,9280,640.23468526204431,convergence
ext-w1,4,120004,3,17,,0,114,7296,638.24851989746094,convergence
ext-w1,4,120004,3,18,,0,134,8576,640.28285598754883,convergence
ext-w1,4,120004,3,19,,0,145,9280,640.21845372517907,convergence
ext-w1,4,120004,3,20,,0,129,8256,638.24598693847656,convergence
ext-w1,4,120004,3,21,,0,181,11584,647.657470703125,convergence
ext-w1,4,120004,3,22,,0,159,10176,644.28251520792639,convergence
ext-w1,4,120004,3,23,,0,182,11648,640.20398330688477,convergence
ext-w1,4,120004,3,24,,0,182,11648,640.23478953043616,convergence
ext-w1,4,120004,3,25,,0,144,9216,652.21820195515954,convergence
ext-w1,4,120004,3,26,,0,129,8256,644.28200276692712,convergence
ext-w1,4,120004,3,27,,0,161,10304,644.28012720743811,convergence
ext-w1,4,120004,3,28,,0,184,11776,650.69978078206384,convergence
ext-w1,4,120004,3,29,,0,163,10432,644.28147379557288,convergence
ext-w1,4,120004,3,30,,0,194,12416,651.38108571370446,convergence
ext-w1,4,120004,3,31,,0,168,10752,640.20148340860999,convergence
ext-w1,4,120004,3,32,,0,119,7616,644.27639770507812,convergence
ext-w1,4,120004,3,33,,0,160,10240,640.22790400187171,convergence
ext-w1,4,120004,3,34,,0,207,13248,650.29605992635095,convergence
ext-w1,4,120004,3,35,,0,186,11904,652.47219848632812,convergence
ext-w1,4,120004,3,36,,0,196,12544,652.13596725463867,convergence
ext-w1,4,120004,3,37,,0,152,9728,640.21024703979492,convergence
ext-w1,4,120004,3,38,,0,175,11200,652.64558283487952,convergence
ext-w1,4,120004,3,39,,0,156,9984,650.70921071370446,convergence
ext-w1,4,120004,3,40,,0,131,8384,644.27829106648767,convergence
ext-w1,4,120004,3,41,,0,152,9728,644.80741755167639,convergence
ext-w1,4,120004,3,42,,0,161,10304,650.70292536417639,convergence
ext-w1,4,120004,3,43,,0,149,9536,640.22683334350586,convergence
ext-w1,4,120004,3,44,,0,137,8768,644.28297932942712,convergence
ext-w1,4,120004,3,45,,0,184,11776,650.25595855712891,convergence
ext-w1,4,120004,3,46,,0,167,10688,640.20274480183923,convergence
ext-w1,4,120004,3,47,,0,140,8960,644.28237915039062,convergence
ext-w1,4,120004,3,48,,0,129,8256,644.28035100301111,convergence
ext-w1,4,120004,3,49,,0,130,8320,652.21903737386071,convergence
ext-w1,4,120004,3,50,,0,163,10432,650.70241165161133,convergence
ext-w1,4,120004,3,51,,0,143,9152,650.71201833089196,convergence
ext-w1,4,120004,3,52,,0,148,9472,640.23305638631189,convergence
ext-w1,4,120004,3,53,,0,158,10112,650.29647318522132,convergence
ext-w1,4,120004,3,54,,0,157,10048,644.28156534830725,convergence
ext-w1,4,120004,3,55,,0,146,9344,644.28292083740234,convergence
ext-w1,4,120004,3,56,,0,156,9984,640.22548039754236,convergence
ext-w1,4,120004,3,57,,0,164,10496,644.27908833821618,convergence
ext-w1,4,120004,3,58,,0,179,11456,652.52478790283203,convergence
ext-w1,4,120004,3,59,,0,146,9344,640.23096466064453,convergence
ext-w1,4,120004,3,60,,0,129,8256,648.38228225708008,convergence
ext-w1,4,120004,3,61,,0,136,8704,644.28023910522461,convergence
ext-w1,4,120004,3,62,,0,161,10304,644.28012466430664,convergence
ext-w1,4,120004,3,63,,0,157,10048,640.23096466064453,convergence
ext-w1,4,120004,3,64,,0,143,9152,644.26436614990234,convergence
ext-w1,4,120004,3,65,,0,118,7552,638.24598693847656,convergence
ext-w1,4,120004,3,66,,0,147,9408,651.92346954345703,convergence
ext-w1,4,120004,3,67,,0,173,11072,650.59860992431641,convergence
ext-w1,4,120004,3,68,,0,172,11008,640.2305018107096,convergence
ext-w1,4,120004,3,69,,0,143,9152,644.27795918782556,convergence
ext-w1,4,120004,3,70,,0,178,11392,640.24987665812171,convergence
ext-w1,4,120004,3,71,,0,157,10048,644.28147379557288,convergence
ext-w1,4,120004,3,72,,0,134,8576,650.70873769124353,convergence
ext-w1,4,120004,3,73,,0,150,9600,644.79209009806311,convergence
ext-w1,4,120004,3,74,,0,113,7232,638.24598693847656,convergence
ext-w1,4,120004,3,75,,0,115,7360,638.24598693847656,convergence
ext-w1,4,120004,3,76,,0,167,10688,650.70967356363929,convergence
ext-w1,4,120004,3,77,,0,147,9408,644.28102111816406,convergence
ext-w1,4,120004,4,0,,0,134,8576,624.85826237996423,convergence
ext-w1,4,120004,4,1,,0,150,9600,620.83738835652673,convergence
ext-w1,4,120004,4,2,,0,167,10688,624.86247507731116,convergence
ext-w1,4,120004,4,3,,0,144,9216,624.86071141560876,convergence
ext-w1,4,120004,4,4,,0,165,10560,620.78808212280273,convergence
ext-w1,4,120004,4,5,,0,150,9600,620.83495457967126,convergence
ext-w1,4,120004,4,6,,0,193,12352,620.8134435017904,convergence
ext-w1,4,120004,4,7,,0,151,9664,632.79642613728845,convergence
ext-w1,4,120004,4,8,,0,137,8768,632.81622950235999,convergence
ext-w1,4,120004,4,9,,0,163,10432,620.81143697102868,convergence
ext-w1,4,120004,4,10,,0,154,9856,620.83520253499353,convergence
ext-w1,4,120004,4,11,,0,192,12288,631.27026875813806,convergence
ext-w1,4,120004,4,12,,0,177,11328,620.79071935017907,convergence
ext-w1,4,120004,4,13,,0,161,10304,620.78793589274085,convergence
ext-w1,4,120004,4,14,,0,144,9216,620.81097412109375,convergence
ext-w1,4,120004,4,15,,0,201,12864,620.78777313232422,convergence
ext-w1,4,120004,4,16,,0,162,10368,620.81526184082031,convergence
ext-w1,4,120004,4,17,,0,168,10752,620.81851832071936,convergence
ext-w1,4,120004,4,18,,0,157,10048,620.8337516784668,convergence
ext-w1,4,120004,4,19,,0,180,11520,624.85876337687171,convergence
ext-w1,4,120004,4,20,,0,149,9536,620.81143697102868,convergence
ext-w1,4,120004,4,21,,0,151,9664,624.86082331339514,convergence
ext-w1,4,120004,4,22,,0,130,8320,624.85956064860022,convergence
ext-w1,4,120004,4,23,,0,161,10304,630.78398132324219,convergence
ext-w1,4,120004,4,24,,0,157,10048,624.85687001546228,convergence
ext-w1,4,120004,4,25,,0,117,7488,624.86626434326172,convergence
ext-w1,4,120004,4,26,,0,158,10112,620.81905746459961,convergence
ext-w1,4,120004,4,27,,0,171,10944,620.78857040405273,convergence
ext-w1,4,120004,4,28,,0,151,9664,620.8054313659668,convergence
ext-w1,4,120004,4,29,,0,184,11776,624.8584314982096,convergence
ext-w1,4,120004,4,30,,0,157,10048,632.89360936482751,convergence
ext-w1,4,120004,4,31,,0,158,10112,624.85826237996423,convergence
ext-w1,4,120004,4,32,,0,200,12800,620.80310694376624,convergence
ext-w1,4,120004,4,33,,0,125,8000,624.8582649230957,convergence
ext-w1,4,120004,4,34,,0,159,10176,624.86071141560876,convergence
ext-w1,4,120004,4,35,,0,165,10560,620.81163914998376,convergence
ext-w1,4,120004,4,36,,0,133,8512,624.86904144287109,convergence
ext-w1,4,120004,4,37,,0,166,10624,620.83250172932946,convergence
ext-w1,4,120004,4,38,,0,151,9664,625.37210083007812,convergence
ext-w1,4,120004,4,39,,0,166,10624,620.8406092325846,convergence
ext-w1,4,120004,4,40,,0,155,9920,620.81851832071936,convergence
ext-w1,4,120004,4,41,,0,173,11072,625.38804244995117,convergence
ext-w1,4,120004,4,42,,0,149,9536,624.86203765869141,convergence
ext-w1,4,120004,4,43,,0,186,11904,624.8582649230957,convergence
ext-w1,4,120004,4,44,,0,130,8320,632.79832458496094,convergence
ext-w1,4,120004,4,45,,0,170,10880,620.78777313232422,convergence
ext-w1,4,120004,4,46,,0,128,8192,624.86688105265296,convergence
ext-w1,4,120004,4,47,,0,134,8576,625.39414469401038,convergence
ext-w1,4,120004,4,48,,0,145,9280,624.86194610595703,convergence
ext-w1,4,120004,4,49,,0,150,9600,620.78321711222327,convergence
ext-w1,4,120004,4,50,,0,163,10432,620.78445561726892,convergence
ext-w1,4,120004,4,51,,0,133,8512,624.8582649230957,convergence
ext-w1,4,120004,4,52,,0,147,9408,620.83225250244141,convergence
ext-w1,4,120004,4,53,,0,152,9728,624.8584314982096,convergence
ext-w1,4,120004,4,54,,0,172,11008,620.7951876322428,convergence
ext-w1,4,120004,4,55,,0,162,10368,624.86059951782227,convergence
ext-w1,4,120004,4,56,,0,237,15168,620.79050445556641,convergence
ext-w1,4,120004,4,57,,0,115,7360,624.86135355631507,convergence
ext-w1,4,120004,4,58,,0,168,10752,620.83495457967126,convergence
ext-w1,4,120004,4,59,,0,153,9792,624.86059951782227,convergence
ext-w1,4,120004,4,60,,0,195,12480,620.79071935017907,convergence
ext-w1,4,120004,4,61,,0,131,8384,632.79950968424475,convergence
ext-w1,4,120004,4,62,,0,156,9984,624.8597513834635,convergence
ext-w1,4,120004,4,63,,0,167,10688,620.83539962768555,convergence
ext-w1,4,120004,4,64,,0,122,7808,624.86285146077478,convergence
ext-w1,4,120004,4,65,,0,138,8832,634.78088633219397,convergence
ext-w1,4,120004,4,66,,0,182,11648,620.81163914998376,convergence
ext-w1,4,120004,4,67,,0,165,10560,620.81506474812829,convergence
ext-w1,4,120004,4,68,,0,136,8704,624.86052831014001,convergence
ext-w1,4,120004,4,69,,0,164,10496,624.86288833618164,convergence
ext-w1,4,120004,4,70,,0,155,9920,620.81543223063147,convergence
ext-w1,4,120004,4,71,,0,152,9728,620.78445561726892,convergence
ext-w1,4,120004,4,72,,0,127,8128,624.86467488606775,convergence
ext-w1,4,120004,4,73,,0,139,8896,620.8054313659668,convergence
ext-w1,4,120004,4,74,,0,130,8320,620.85483805338538,convergence
ext-w1,4,120004,4,75,,0,166,10624,620.81097412109375,convergence
ext-w1,4,120004,4,76,,0,132,8448,624.85826237996423,convergence
ext-w1,4,120004,4,77,,0,161,10304,624.86071141560876,convergence
ext-w1,4,120004,5,0,,0,124,7936,606.80974070231116,convergence
ext-w1,4,120004,5,1,,0,156,9984,606.80838648478186,convergence
ext-w1,4,120004,5,2,,0,120,7680,606.81108856201172,convergence
ext-w1,4,120004,5,3,,0,136,8704,614.40185801188147,convergence
ext-w1,4,120004,5,4,,0,141,9024,606.81108856201172,convergence
ext-w1,4,120004,5,5,,0,132,8448,606.82327906290686,convergence
ext-w1,4,120004,5,6,,0,151,9664,606.78878021240234,convergence
ext-w1,4,120004,5,7,,0,108,6912,606.81589380900061,convergence
ext-w1,4,120004,5,8,,0,141,9024,606.81414922078454,convergence
ext-w1,4,120004,5,9,,0,121,7744,606.8127110799154,convergence
ext-w1,4,120004,5,10,,0,156,9984,615.33624394734704,convergence
ext-w1,4,120004,5,11,,0,129,8256,606.81693776448571,convergence
ext-w1,4,120004,5,12,,0,131,8384,606.81263097127282,convergence
ext-w1,4,120004,5,13,,0,138,8832,606.81543223063147,convergence
ext-w1,4,120004,5,14,,0,120,7680,606.81919987996423,convergence
ext-w1,4,120004,5,15,,0,144,9216,606.81793085734046,convergence
ext-w1,4,120004,5,16,,0,140,8960,616.12183380126953,convergence
ext-w1,4,120004,5,17,,0,160,10240,606.81263987223304,convergence
ext-w1,4,120004,5,18,,0,127,8128,606.80629857381189,convergence
ext-w1,4,120004,5,19,,0,142,9088,614.13196182250977,convergence
ext-w1,4,120004,5,20,,0,161,10304,615.34169387817383,convergence
ext-w1,4,120004,5,21,,0,169,10816,606.81445821126306,convergence
ext-w1,4,120004,5,22,,0,129,8256,606.80886459350586,convergence
ext-w1,4,120004,5,23,,0,160,10240,613.61400985717773,convergence
ext-w1,4,120004,5,24,,0,138,8832,615.33365631103516,convergence
ext-w1,4,120004,5,25,,0,191,12224,606.80967585245764,convergence
ext-w1,4,120004,5,26,,0,135,8640,614.90592066446936,convergence
ext-w1,4,120004,5,27,,0,134,8576,606.80844879150391,convergence
ext-w1,4,120004,5,28,,0,119,7616,606.81252288818359,convergence
ext-w1,4,120004,5,29,,0,132,8448,606.81111272176111,convergence
ext-w1,4,120004,5,30,,0,180,11520,606.80585479736328,convergence
ext-w1,4,120004,5,31,,0,128,8192,606.82204945882165,convergence
ext-w1,4,120004,5,32,,0,188,12032,606.80585479736328,convergence
ext-w1,4,120004,5,33,,0,123,7872,606.81008656819665,convergence
ext-w1,4,120004,5,34,,0,157,10048,615.3359044392904,convergence
ext-w1,4,120004,5,35,,0,152,9728,617.65585962931311,convergence
ext-w1,4,120004,5,36,,0,198,12672,606.80838648478186,convergence
ext-w1,4,120004,5,37,,0,125,8000,606.8127110799154,convergence
ext-w1,4,120004,5,38,,0,116,7424,615.3358154296875,convergence
ext-w1,4,120004,5,39,,0,136,8704,606.8173713684082,convergence
ext-w1,4,120004,5,40,,0,134,8576,606.80974070231116,convergence
ext-w1,4,120004,5,41,,0,155,9920,616.12078221639001,convergence
ext-w1,4,120004,5,42,,0,130,8320,606.80974070231116,convergence
ext-w1,4,120004,5,43,,0,139,8896,606.81108856201172,convergence
ext-w1,4,120004,5,44,,0,149,9536,606.80855941772461,convergence
ext-w1,4,120004,5,45,,0,156,9984,606.81109746297204,convergence
ext-w1,4,120004,5,46,,0,163,10432,615.33365631103516,convergence
ext-w1,4,120004,5,47,,0,189,12096,615.825449625651,convergence
ext-w1,4,120004,5,48,,0,156,9984,606.81108856201172,convergence
ext-w1,4,120004,5,49,,0,122,7808,606.80940373738611,convergence
ext-w1,4,120004,5,50,,0,139,8896,606.81589380900061,convergence
ext-w1,4,120004,5,51,,0,183,11712,615.97047424316406,convergence
ext-w1,4,120004,5,52,,0,139,8896,606.80838648478186,convergence
ext-w1,4,120004,5,53,,0,124,7936,606.81008656819665,convergence
ext-w1,4,120004,5,54,,0,137,8768,606.81522496541345,convergence
ext-w1,4,120004,5,55,,0,172,11008,616.14160029093421,convergence
ext-w1,4,120004,5,56,,0,122,7808,606.81589380900061,convergence
ext-w1,4,120004,5,57,,0,115,7360,606.81364695231116,convergence
ext-w1,4,120004,5,58,,0,165,10560,606.80585479736328,convergence
ext-w1,4,120004,5,59,,0,146,9344,606.80585479736328,convergence
ext-w1,4,120004,5,60,,0,158,10112,606.81108856201172,convergence
ext-w1,4,120004,5,61,,0,111,7104,606.80461502075195,convergence
ext-w1,4,120004,5,62,,0,176,11264,606.80838648478186,convergence
ext-w1,4,120004,5,63,,0,122,7808,606.81008656819665,convergence
ext-w1,4,120004,5,64,,0,122,7808,606.80838648478186,convergence
ext-w1,4,120004,5,65,,0,124,7936,609.10489781697595,convergence
ext-w1,4,120004,5,66,,0,168,10752,606.80585479736328,convergence
ext-w1,4,120004,5,67,,0,160,10240,615.9224739074707,convergence
ext-w1,4,120004,5,68,,0,164,10496,616.05942916870117,convergence
ext-w1,4,120004,5,69,,0,155,9920,612.96371714274085,convergence
ext-w1,4,120004,5,70,,0,121,7744,606.81108856201172,convergence
ext-w1,4,120004,5,71,,0,126,8064,606.81108856201172,convergence
ext-w1,4,120004,5,72,,0,146,9344,615.33365631103516,convergence
ext-w1,4,120004,5,73,,0,118,7552,606.81160100301111,convergence
ext-w1,4,120004,5,74,,0,153,9792,606.81402333577478,convergence
ext-w1,4,120004,5,75,,0,146,9344,616.12189229329431,convergence
ext-w1,4,120004,5,76,,0,142,9088,606.8173713684082,convergence
ext-w1,4,120004,5,77,,0,151,9664,606.81817881266272,convergence
ext-w1,4,120004,5,78,,0,149,9536,606.81008656819665,convergence
ext-w1,4,120004,5,79,,0,153,9792,606.80461502075195,convergence
ext-w1,4,120004,5,80,,0,160,10240,606.81624730428064,convergence
ext-w1,4,120004,5,81,,0,122,7808,606.81486256917321,convergence
ext-w1,4,120004,5,82,,0,130,8320,606.79557164510095,convergence
ext-w1,4,120004,5,83,,0,112,7168,606.81335703531897,convergence
ext-w1,4,120004,5,84,,0,126,8064,606.81486256917321,convergence
ext-w1,4,120004,6,0,,0,130,8320,601.00134658813477,convergence
ext-w1,4,120004,6,1,,0,116,7424,595.11046091715491,convergence
ext-w1,4,120004,6,2,,0,179,11456,600.6745389302572,convergence
ext-w1,4,120004,6,3,,0,147,9408,595.10785675048828,convergence
ext-w1,4,120004,6,4,,0,164,10496,595.11046091715491,convergence
ext-w1,4,120004,6,5,,0,173,11072,600.6745389302572,convergence
ext-w1,4,120004,6,6,,0,127,8128,597.4686381022135,convergence
ext-w1,4,120004,6,7,,0,148,9472,592.69938405354821,convergence
ext-w1,4,120004,6,8,,0,153,9792,601.34230295817054,convergence
ext-w1,4,120004,6,9,,0,141,9024,601.35837427775061,convergence
ext-w1,4,120004,6,10,,0,147,9408,592.69938405354821,convergence
ext-w1,4,120004,6,11,,0,149,9536,595.09690602620446,convergence
ext-w1,4,120004,6,12,,0,150,9600,600.6745389302572,convergence
ext-w1,4,120004,6,13,,0,149,9536,601.86918385823571,convergence
ext-w1,4,120004,6,14,,0,133,8512,595.09565734863281,convergence
ext-w1,4,120004,6,15,,0,131,8384,601.34233856201172,convergence
ext-w1,4,120004,6,16,,0,177,11328,592.69938405354821,convergence
ext-w1,4,120004,6,17,,0,168,10752,603.37968699137366,convergence
ext-w1,4,120004,6,18,,0,156,9984,600.68168894449866,convergence
ext-w1,4,120004,6,19,,0,139,8896,601.33921941121423,convergence
ext-w1,4,120004,6,20,,0,165,10560,601.33921941121423,convergence
ext-w1,4,120004,6,21,,0,142,9088,601.35180918375647,convergence
ext-w1,4,120004,6,22,,0,126,8064,595.11046091715491,convergence
ext-w1,4,120004,6,23,,0,147,9408,601.82762273152673,convergence
ext-w1,4,120004,6,24,,0,163,10432,600.6745389302572,convergence
ext-w1,4,120004,6,25,,0,125,8000,601.341807047526,convergence
ext-w1,4,120004,6,26,,0,151,9664,602.42814381917321,convergence
ext-w1,4,120004,6,27,,0,160,10240,601.34146753946936,convergence
ext-w1,4,120004,6,28,,0,172,11008,600.67725245157874,convergence
ext-w1,4,120004,6,29,,0,188,12032,601.07316589355469,convergence
ext-w1,4,120004,6,30,,0,154,9856,595.11046091715491,convergence
ext-w1,4,120004,6,31,,0,160,10240,597.4686381022135,convergence
ext-w1,4,120004,6,32,,0,189,12096,600.67857360839844,convergence
ext-w1,4,120004,6,33,,0,124,7936,603.36821492513025,convergence
ext-w1,4,120004,6,34,,0,165,10560,600.67689387003577,convergence
ext-w1,4,120004,6,35,,0,175,11200,601.82550811767578,convergence
ext-w1,4,120004,6,36,,0,143,9152,600.91982396443689,convergence
ext-w1,4,120004,6,37,,0,141,9024,601.34146753946936,convergence
ext-w1,4,120004,6,38,,0,158,10112,600.28119150797522,convergence
ext-w1,4,120004,6,39,,0,143,9152,601.34137852986657,convergence
ext-w1,4,120004,6,40,,0,172,11008,600.6745389302572,convergence
ext-w1,4,120004,6,41,,0,178,11392,600.68523661295569,convergence
ext-w1,4,120004,6,42,,0,187,11968,600.67689387003577,convergence
ext-w1,4,120004,6,43,,0,112,7168,595.09650166829431,convergence
ext-w1,4,120004,6,44,,0,149,9536,601.88023122151696,convergence
ext-w1,4,120004,6,45,,0,163,10432,601.82378896077478,convergence
ext-w1,4,120004,6,46,,0,210,13440,600.67857360839844,convergence
ext-w1,4,120004,6,47,,0,122,7808,595.10032399495446,convergence
ext-w1,4,120004,6,48,,0,175,11200,600.68006896972656,convergence
ext-w1,4,120004,6,49,,0,153,9792,597.4686381022135,convergence
ext-w1,4,120004,6,50,,0,132,8448,601.33955256144202,convergence
ext-w1,4,120004,6,51,,0,148,9472,601.33921941121423,convergence
ext-w1,4,120004,6,52,,0,167,10688,603.43461736043298,convergence
ext-w1,4,120004,6,53,,0,194,12416,600.67689387003577,convergence
ext-w1,4,120004,6,54,,0,166,10624,600.6745389302572,convergence
ext-w1,4,120004,6,55,,0,203,12992,601.55897267659509,convergence
ext-w1,4,120004,6,56,,0,188,12032,600.6745389302572,convergence
ext-w1,4,120004,6,57,,0,128,8192,597.4686381022135,convergence
ext-w1,4,120004,6,58,,0,186,11904,600.68168894449866,convergence
ext-w1,4,120004,6,59,,0,130,8320,601.3533604939779,convergence
ext-w1,4,120004,6,60,,0,175,11200,602.14783223470056,convergence
ext-w1,4,120004,6,61,,0,159,10176,600.6745389302572,convergence
ext-w1,4,120004,6,62,,0,171,10944,592.69938405354821,convergence
ext-w1,4,120004,6,63,,0,145,9280,595.09552256266272,convergence
ext-w1,4,120004,6,64,,0,116,7424,595.11046091715491,convergence
ext-w1,4,120004,6,65,,0,121,7744,595.11046091715491,convergence
ext-w1,4,120004,6,66,,0,145,9280,603.37952168782556,convergence
ext-w1,4,120004,6,67,,0,142,9088,601.34872817993164,convergence
ext-w1,4,120004,6,68,,0,124,7936,603.05835469563806,convergence
ext-w1,4,120004,6,69,,0,150,9600,600.6748263041178,convergence
ext-w1,4,120004,6,70,,0,129,8256,600.03265508015954,convergence
ext-w1,4,120004,6,71,,0,160,10240,602.43309911092126,convergence
ext-w1,4,120004,6,72,,0,135,8640,595.11046091715491,convergence
ext-w1,4,120004,6,73,,0,140,8960,601.90010706583655,convergence
ext-w1,4,120004,6,74,,0,138,8832,600.28132120768225,convergence
ext-w1,4,120004,6,75,,0,178,11392,600.6745389302572,convergence
ext-w1,4,120004,6,76,,0,192,12288,600.45841471354163,convergence
ext-w1,4,120004,6,77,,0,139,8896,595.10984293619788,convergence
ext-w1,4,120004,6,78,,0,173,11072,600.6748263041178,convergence
ext-w1,4,120004,7,0,,0,174,11136,586.58785629272461,convergence
ext-w1,4,120004,7,1,,0,168,10752,586.59220250447595,convergence
ext-w1,4,120004,7,2,,0,164,10496,581.02085622151696,convergence
ext-w1,4,120004,7,3,,0,177,11328,586.58514277140296,convergence
ext-w1,4,120004,7,4,,0,183,11712,586.5899988810221,convergence
ext-w1,4,120004,7,5,,0,173,11072,586.58514277140296,convergence
ext-w1,4,120004,7,6,,0,166,10624,586.59172058105469,convergence
ext-w1,4,120004,7,7,,0,166,10624,586.58711115519202,convergence
ext-w1,4,120004,7,8,,0,121,7744,587.26239522298181,convergence
ext-w1,4,120004,7,9,,0,148,9472,585.09978866577148,convergence
ext-w1,4,120004,7,10,,0,198,12672,587.748524983724,convergence
ext-w1,4,120004,7,11,,0,160,10240,585.09978866577148,convergence
ext-w1,4,120004,7,12,,0,149,9536,586.72387186686194,convergence
ext-w1,4,120004,7,13,,0,122,7808,581.02106475830078,convergence
ext-w1,4,120004,7,14,,0,196,12544,587.80561828613281,convergence
ext-w1,4,120004,7,15,,0,193,12352,586.07698440551758,convergence
ext-w1,4,120004,7,16,,0,153,9792,587.23064549764001,convergence
ext-w1,4,120004,7,17,,0,131,8384,581.02106475830078,convergence
ext-w1,4,120004,7,18,,0,154,9856,581.00626118977868,convergence
ext-w1,4,120004,7,19,,0,169,10816,585.99001820882165,convergence
ext-w1,4,120004,7,20,,0,145,9280,585.64396794637048,convergence
ext-w1,4,120004,7,21,,0,173,11072,587.78958002726233,convergence
ext-w1,4,120004,7,22,,0,166,10624,587.86408487955725,convergence
ext-w1,4,120004,7,23,,0,113,7232,585.63610712687171,convergence
ext-w1,4,120004,7,24,,0,215,13760,586.59229278564453,convergence
ext-w1,4,120004,7,25,,0,131,8384,589.66644922892249,convergence
ext-w1,4,120004,7,26,,0,149,9536,585.64387130737305,convergence
ext-w1,4,120004,7,27,,0,143,9152,581.00626118977868,convergence
ext-w1,4,120004,7,28,,0,160,10240,587.81071090698242,convergence
ext-w1,4,120004,7,29,,0,123,7872,581.02913411458337,convergence
ext-w1,4,120004,7,30,,0,124,7936,581.01590474446618,convergence
ext-w1,4,120004,7,31,,0,140,8960,581.02106475830078,convergence
ext-w1,4,120004,7,32,,0,193,12352,586.58967336018884,convergence
ext-w1,4,120004,7,33,,0,156,9984,588.07806142171228,convergence
ext-w1,4,120004,7,34,,0,134,8576,581.02106475830078,convergence
ext-w1,4,120004,7,35,,0,135,8640,581.02106475830078,convergence
ext-w1,4,120004,7,36,,0,137,8768,581.00966135660804,convergence
ext-w1,4,120004,7,37,,0,133,8512,581.02499389648438,convergence
ext-w1,4,120004,7,38,,0,136,8704,581.02213668823242,convergence
ext-w1,4,120004,7,39,,0,133,8512,581.02106475830078,convergence
ext-w1,4,120004,7,40,,0,203,12992,585.67585881551111,convergence
ext-w1,4,120004,7,41,,0,127,8128,581.02087910970056,convergence
ext-w1,4,120004,7,42,,0,157,10048,587.24982325235999,convergence
ext-w1,4,120004,7,43,,0,165,10560,587.25241088867188,convergence
ext-w1,4,120004,7,44,,0,144,9216,587.15563456217444,convergence
ext-w1,4,120004,7,45,,0,163,10432,581.00612640380859,convergence
ext-w1,4,120004,7,46,,0,148,9472,587.81817118326819,convergence
ext-w1,4,120004,7,47,,0,160,10240,587.73155975341797,convergence
ext-w1,4,120004,7,48,,0,187,11968,587.87382634480798,convergence
ext-w1,4,120004,7,49,,0,132,8448,581.02106475830078,convergence
ext-w1,4,120004,7,50,,0,145,9280,587.42433675130212,convergence
ext-w1,4,120004,7,51,,0,130,8320,581.02106475830078,convergence
ext-w1,4,120004,7,52,,0,126,8064,583.37924194335938,convergence
ext-w1,4,120004,7,53,,0,128,8192,587.25252278645837,convergence
ext-w1,4,120004,7,54,,0,192,12288,585.60967381795251,convergence
ext-w1,4,120004,7,55,,0,124,7936,581.02106475830078,convergence
ext-w1,4,120004,7,56,,0,180,11520,585.70172500610352,convergence
ext-w1,4,120004,7,57,,0,163,10432,574.11256408691406,convergence
ext-w1,4,120004,7,58,,0,188,12032,587.81415557861328,convergence
ext-w1,4,120004,7,59,,0,193,12352,586.58514277140296,convergence
ext-w1,4,120004,7,60,,0,136,8704,587.25198237101233,convergence
ext-w1,4,120004,7,61,,0,166,10624,587.78535461425781,convergence
ext-w1,4,120004,7,62,,0,131,8384,581.02106475830078,convergence
ext-w1,4,120004,7,63,,0,148,9472,586.59120941162109,convergence
ext-w1,4,120004,7,64,,0,132,8448,581.02106475830078,convergence
ext-w1,4,120004,7,65,,0,139,8896,581.00626118977868,convergence
ext-w1,4,120004,7,66,,0,186,11904,586.58514277140296,convergence
ext-w1,4,120004,7,67,,0,123,7872,581.02106475830078,convergence
ext-w1,4,120004,7,68,,0,150,9600,581.02106475830078,convergence
ext-w1,4,120004,7,69,,0,162,10368,586.58514277140296,convergence
ext-w1,4,120004,7,70,,0,119,7616,581.02106475830078,convergence
ext-w1,4,120004,7,71,,0,133,8512,583.37924194335938,convergence
ext-w1,4,120004,7,72,,0,121,7744,589.54490661621094,convergence
ext-w1,4,120004,7,73,,0,174,11136,586.58610788981116,convergence
ext-w1,4,120004,7,74,,0,185,11840,585.60967381795251,convergence
ext-w1,4,120004,7,75,,0,167,10688,589.2916361490885,convergence
ext-w1,4,120004,7,76,,0,153,9792,587.25207138061523,convergence
ext-w1,4,120004,7,77,,0,161,10304,581.02398808797204,convergence
ext-w1,4,120004,7,78,,0,128,8192,581.02106475830078,convergence
cold-w16,4,120004,0,0,,0,2999,191936,1016.2270533243815,convergence
cold-w16,4,120004,0,1,,0,3236,207104,950.34572855631507,convergence
cold-w16,4,120004,0,2,,0,3219,206016,821.24735768636071,convergence
cold-w16,4,120004,0,3,,0,3034,194176,844.30293909708655,convergence
cold-w16,4,120004,0,4,,0,4258,272512,811.82985687255859,convergence
cold-w16,4,120004,0,5,,0,2892,185088,866.35717900594079,convergence
cold-w16,4,120004,0,6,,0,3208,205312,980.04984537760413,convergence
cold-w16,4,120004,0,7,,0,3096,198144,913.17850240071618,convergence
cold-w16,4,120004,0,8,,0,3611,231104,948.59629058837891,convergence
cold-w16,4,120004,0,9,,0,3412,218368,768.46459325154626,convergence
cold-w16,4,120004,0,10,,0,3144,201216,793.64499155680335,convergence
cold-w16,4,120004,0,11,,0,2695,172480,942.17096837361657,convergence
cold-w16,4,120004,0,12,,0,2789,178496,804.72293853759766,convergence
cold-w16,4,120004,0,13,,0,3165,202560,1077.4971885681152,convergence
cold-w16,4,120004,0,14,,0,2910,186240,854.75323740641272,convergence
cold-w16,4,120004,0,15,,0,3894,249216,896.23652140299475,convergence
cold-w16,4,120004,0,16,,0,2966,189824,992.15319315592444,convergence
cold-w16,4,120004,0,17,,0,2554,163456,950.97622553507483,convergence
cold-w16,4,120004,0,18,,0,3707,237248,857.26845804850257,convergence
cold-w16,4,120004,0,19,,0,3464,221696,859.3203455607096,convergence
cold-w16,4,120004,0,20,,0,3203,204992,896.59791564941406,convergence
cold-w16,4,120004,0,21,,0,2686,171904,860.06150817871094,convergence
cold-w16,4,120004,0,22,,0,3099,198336,874.90313466389978,convergence
cold-w16,4,120004,0,23,,0,3847,246208,977.51578776041663,convergence
cold-w16,4,120004,0,24,,0,3610,231040,887.16698328653968,convergence
cold-w16,4,120004,0,25,,0,2844,182016,884.08445866902673,convergence
cold-w16,4,120004,0,26,,0,3482,222848,975.73908996582031,convergence
cold-w16,4,120004,0,27,,0,3055,195520,880.06119155883789,convergence
cold-w16,4,120004,0,28,,0,2891,185024,856.53740946451819,convergence
cold-w16,4,120004,0,29,,0,3175,203200,1149.7070782979329,convergence
cold-w16,4,120004,0,30,,0,3163,202432,986.82539621988929,convergence
ext-w8,5,120005,0,0,,0,1287,82368,645.71621449788415,convergence
ext-w8,5,120005,0,1,,0,1345,86080,607.79678217569983,convergence
ext-w8,5,120005,0,2,,0,1351,86464,652.1078987121582,convergence
ext-w8,5,120005,0,3,,0,1403,89792,658.50413131713867,convergence
ext-w8,5,120005,0,4,,0,1446,92544,657.88087590535486,convergence
ext-w8,5,120005,0,5,,0,1397,89408,631.26306406656897,convergence
ext-w8,5,120005,0,6,,0,2667,170688,631.90348943074548,convergence
ext-w8,5,120005,0,7,,0,1364,87296,659.81753667195642,convergence
ext-w8,5,120005,0,8,,0,1231,78784,639.79453913370764,convergence
ext-w8,5,120005,0,9,,0,1523,97472,632.12121454874671,convergence
ext-w8,5,120005,0,10,,0,1553,99392,672.51282501220703,convergence
ext-w8,5,120005,0,11,,0,1321,84544,622.88149897257483,convergence
ext-w8,5,120005,0,12,,0,2112,135168,685.95173899332679,convergence
ext-w8,5,120005,0,13,,0,1892,121088,632.48611323038733,convergence
ext-w8,5,120005,0,14,,0,1288,82432,664.2680778503418,convergence
ext-w8,5,120005,0,15,,0,1571,100544,640.98262405395508,convergence
ext-w8,5,120005,0,16,,0,1551,99264,649.8922449747721,convergence
ext-w8,5,120005,0,17,,0,1274,81536,680.58107248942054,convergence
ext-w8,5,120005,0,18,,0,1628,104192,641.95098876953125,convergence
ext-w8,5,120005,0,19,,0,1261,80704,638.31000645955407,convergence
ext-w8,5,120005,0,20,,0,1349,86336,626.70635096232093,convergence
ext-w8,5,120005,0,21,,0,1729,110656,643.110829671224,convergence
ext-w8,5,120005,0,22,,0,1383,88512,659.27742640177405,convergence
ext-w8,5,120005,0,23,,0,1467,93888,661.28913116455078,convergence
ext-w8,5,120005,0,24,,0,1345,86080,658.08801778157556,convergence
ext-w8,5,120005,0,25,,0,1286,82304,681.91785939534509,convergence
ext-w8,5,120005,0,26,,0,1585,101440,632.00680033365882,convergence
ext-w8,5,120005,0,27,,0,2581,165184,665.58640670776367,convergence
ext-w8,5,120005,0,28,,0,1248,79872,644.41680399576819,convergence
ext-w8,5,120005,0,29,,0,1496,95744,646.22512563069665,convergence
ext-w8,5,120005,0,30,,0,1360,87040,662.84796015421546,convergence
ext-w8,5,120005,0,31,,0,2596,166144,674.91224670410156,convergence
ext-w8,5,120005,0,32,,0,1881,120384,670.61127853393555,convergence
ext-w8,5,120005,0,33,,0,1319,84416,617.94689051310218,convergence
ext-w8,5,120005,0,34,,0,1439,92096,601.85312016805017,convergence
ext-w8,5,120005,0,35,,0,1419,90816,656.43934631347656,convergence
ext-w8,5,120005,0,36,,0,1269,81216,642.88545099894202,convergence
ext-w8,5,120005,0,37,,0,1358,86912,641.67621994018555,convergence
ext-w8,5,120005,0,38,,0,1249,79936,634.70775858561194,convergence
ext-w8,5,120005,0,39,,0,1605,102720,631.71289189656579,convergence
ext-w8,5,120005,0,40,,0,1372,87808,634.6246452331543,convergence
ext-w8,5,120005,0,41,,0,1684,107776,692.34623209635413,convergence
ext-w8,5,120005,0,42,,0,1468,93952,629.17505518595374,convergence
ext-w8,5,120005,0,43,,0,2121,135744,674.11975479125977,convergence
ext-w8,5,120005,0,44,,0,1436,91904,634.93097559610999,convergence
ext-w8,5,120005,0,45,,0,1438,92032,640.23274103800452,convergence
ext-w8,5,120005,0,46,,0,1295,82880,664.49606450398767,convergence
ext-w8,5,120005,0,47,,0,1936,123904,670.88806915283203,convergence
ext-w8,5,120005,0,48,,0,2078,132992,678.29589970906579,convergence
ext-w8,5,120005,0,49,,0,1108,70912,635.62282943725586,convergence
ext-w8,5,120005,0,50,,0,1423,91072,645.698476155599,convergence
ext-w8,5,120005,0,51,,0,1273,81472,668.58321253458655,convergence
ext-w8,5,120005,0,52,,0,1909,122176,659.27181116739905,convergence
ext-w8,5,120005,0,53,,0,1211,77504,651.88488133748376,convergence
ext-w8,5,120005,0,54,,0,1474,94336,675.36185073852539,convergence
ext-w8,5,120005,0,55,,0,1490,95360,647.7596333821615,convergence
ext-w8,5,120005,0,56,,0,1148,73472,659.03368886311853,convergence
ext-w8,5,120005,0,57,,0,1856,118784,637.11968231201172,convergence
ext-w8,5,120005,0,58,,0,1464,93696,688.11434046427405,convergence
ext-w8,5,120005,0,59,,0,1302,83328,661.9192008972168,convergence
ext-w8,5,120005,0,60,,0,1656,105984,647.28776423136389,convergence
ext-w8,5,120005,0,61,,0,1473,94272,642.12687683105469,convergence
ext-w8,5,120005,0,62,,0,1574,100736,645.95503616333008,convergence
ext-w4,5,120005,0,0,,0,727,46528,660.88341776529944,convergence
ext-w4,5,120005,0,1,,0,677,43328,671.83366139729821,convergence
ext-w4,5,120005,0,2,,0,604,38656,672.59144973754883,convergence
ext-w4,5,120005,0,3,,0,626,40064,656.81843821207679,convergence
ext-w4,5,120005,0,4,,0,630,40320,660.72097524007165,convergence
ext-w4,5,120005,0,5,,0,714,45696,671.04731623331702,convergence
ext-w4,5,120005,0,6,,0,594,38016,672.97951761881507,convergence
ext-w4,5,120005,0,7,,0,687,43968,681.93086369832361,convergence
ext-w4,5,120005,0,8,,0,718,45952,668.07519658406579,convergence
ext-w4,5,120005,0,9,,0,712,45568,668.94283421834314,convergence
ext-w4,5,120005,0,10,,0,622,39808,681.35489654541016,convergence
ext-w4,5,120005,0,11,,0,606,38784,670.67928314208984,convergence
ext-w4,5,120005,0,12,,0,641,41024,683.04985300699866,convergence
ext-w4,5,120005,0,13,,0,750,48000,664.96416600545251,convergence
ext-w4,5,120005,0,14,,0,574,36736,671.88171005249023,convergence
ext-w4,5,120005,0,15,,0,531,33984,685.66556930541992,convergence
ext-w4,5,120005,0,16,,0,670,42880,669.25070317586267,convergence
ext-w4,5,120005,0,17,,0,513,32832,670.56329345703125,convergence
ext-w4,5,120005,0,18,,0,767,49088,686.94467163085938,convergence
ext-w4,5,120005,0,19,,0,844,54016,674.71891276041663,convergence
ext-w4,5,120005,0,20,,0,588,37632,674.12408701578772,convergence
ext-w4,5,120005,0,21,,0,615,39360,651.12985102335608,convergence
ext-w4,5,120005,0,22,,0,651,41664,669.11054738362634,convergence
ext-w4,5,120005,0,23,,0,678,43392,668.35520172119141,convergence
ext-w4,5,120005,0,24,,0,608,38912,678.23041788736975,convergence
ext-w4,5,120005,0,25,,0,630,40320,673.99972788492835,convergence
ext-w4,5,120005,0,26,,0,1099,70336,674.36848322550452,convergence
ext-w4,5,120005,0,27,,0,652,41728,660.18938064575195,convergence
ext-w4,5,120005,0,28,,0,523,33472,669.19023768107093,convergence
ext-w4,5,120005,0,29,,0,674,43136,670.37022527058923,convergence
ext-w4,5,120005,0,30,,0,692,44288,669.43737411499023,convergence
ext-w4,5,120005,0,31,,0,928,59392,671.30151621500647,convergence
ext-w4,5,120005,0,32,,0,618,39552,662.36827214558923,convergence
ext-w4,5,120005,0,33,,0,617,39488,674.02175776163733,convergence
ext-w4,5,120005,0,34,,0,601,38464,670.73851776123047,convergence
ext-w4,5,120005,0,35,,0,698,44672,670.23004277547204,convergence
ext-w4,5,120005,0,36,,0,659,42176,651.94108963012695,convergence
ext-w4,5,120005,0,37,,0,898,57472,686.43320465087891,convergence
ext-w4,5,120005,0,38,,0,582,37248,671.02669143676758,convergence
ext-w4,5,120005,0,39,,0,611,39104,656.83243560791016,convergence
ext-w4,5,120005,0,40,,0,1370,87680,673.6309928894043,convergence
ext-w4,5,120005,0,41,,0,579,37056,651.25264612833655,convergence
ext-w4,5,120005,0,42,,0,610,39040,669.40078099568689,convergence
ext-w4,5,120005,0,43,,0,569,36416,672.72584406534827,convergence
ext-w4,5,120005,0,44,,0,598,38272,674.90118408203125,convergence
ext-w4,5,120005,0,45,,0,731,46784,684.8057645161947,convergence
ext-w4,5,120005,0,46,,0,533,34112,672.92396672566736,convergence
ext-w4,5,120005,0,47,,0,644,41216,651.95942433675134,convergence
ext-w4,5,120005,0,48,,0,721,46144,671.45528411865234,convergence
ext-w4,5,120005,0,49,,0,710,45440,668.35064188639319,convergence
ext-w4,5,120005,0,50,,0,717,45888,666.67536671956384,convergence
ext-w4,5,120005,0,51,,0,540,34560,673.58464304606116,convergence
ext-w4,5,120005,0,52,,0,741,47424,679.32245381673181,convergence
ext-w4,5,120005,0,53,,0,548,35072,675.40772883097327,convergence
ext-w4,5,120005,0,54,,0,713,45632,664.29369990030921,convergence
ext-w4,5,120005,0,55,,0,577,36928,663.66703287760413,convergence
ext-w4,5,120005,0,56,,0,570,36480,673.7953211466471,convergence
ext-w4,5,120005,0,57,,0,616,39424,660.95956929524743,convergence
ext-w4,5,120005,0,58,,0,565,36160,672.27994918823242,convergence
ext-w4,5,120005,0,59,,0,551,35264,689.30892054239905,convergence
ext-w4,5,120005,0,60,,0,672,43008,671.66650899251306,convergence
ext-w4,5,120005,0,61,,0,595,38080,683.9521814982096,convergence
ext-w4,5,120005,0,62,,0,713,45632,674.115244547526,convergence
ext-w4,5,120005,0,63,,0,708,45312,685.59964116414392,convergence
ext-w4,5,120005,0,64,,0,1544,98816,692.91572443644202,convergence
ext-w4,5,120005,0,65,,0,753,48192,717.09233347574866,convergence
ext-w4,5,120005,0,66,,0,605,38720,673.3705724080404,convergence
ext-w4,5,120005,0,67,,0,708,45312,675.42911402384436,convergence
ext-w4,5,120005,0,68,,0,615,39360,669.83001454671228,convergence
ext-w4,5,120005,0,69,,0,682,43648,673.65459060668945,convergence
ext-w4,5,120005,0,70,,0,622,39808,691.62828826904297,convergence
ext-w4,5,120005,0,71,,0,721,46144,668.21625010172522,convergence
ext-w4,5,120005,1,0,,0,676,43264,629.46458562215173,convergence
ext-w4,5,120005,1,1,,0,520,33280,630.65824762980139,convergence
ext-w4,5,120005,1,2,,0,877,56128,632.37413787841797,convergence
ext-w4,5,120005,1,3,,0,510,32640,615.39683278401696,convergence
ext-w4,5,120005,1,4,,0,792,50688,629.54066975911462,convergence
ext-w4,5,120005,1,5,,0,936,59904,624.50756454467773,convergence
ext-w4,5,120005,1,6,,0,797,51008,600.90541966756189,convergence
ext-w4,5,120005,1,7,,0,749,47936,607.72645441691077,convergence
ext-w4,5,120005,1,8,,0,534,34176,603.85620371500647,convergence
ext-w4,5,120005,1,9,,0,724,46336,607.16114552815759,convergence
ext-w4,5,120005,1,10,,0,638,40832,625.50948333740234,convergence
ext-w4,5,120005,1,11,,0,593,37952,621.26074600219727,convergence
ext-w4,5,120005,1,12,,0,839,53696,621.72085444132483,convergence
ext-w4,5,120005,1,13,,0,695,44480,616.74129358927405,convergence
ext-w4,5,120005,1,14,,0,771,49344,616.54601160685218,convergence
ext-w4,5,120005,1,15,,0,644,41216,626.86815134684241,convergence
ext-w4,5,120005,1,16,,0,822,52608,616.09311040242517,convergence
ext-w4,5,120005,1,17,,0,1187,75968,625.77757898966468,convergence
ext-w4,5,120005,1,18,,0,689,44096,612.61582819620764,convergence
ext-w4,5,120005,1,19,,0,623,39872,635.21388117472327,convergence
ext-w4,5,120005,1,20,,0,810,51840,622.39839045206702,convergence
ext-w4,5,120005,1,21,,0,724,46336,609.40568542480469,convergence
ext-w4,5,120005,1,22,,0,667,42688,605.18557739257812,convergence
ext-w4,5,120005,1,23,,0,535,34240,623.41299947102868,convergence
ext-w4,5,120005,1,24,,0,671,42944,612.58978271484375,convergence
ext-w4,5,120005,1,25,,0,596,38144,601.83440399169922,convergence
ext-w4,5,120005,1,26,,0,804,51456,617.89697392781579,convergence
ext-w4,5,120005,1,27,,0,869,55616,600.33726628621423,convergence
ext-w4,5,120005,1,28,,0,737,47168,604.35857391357422,convergence
ext-w4,5,120005,1,29,,0,739,47296,635.07575607299805,convergence
ext-w4,5,120005,1,30,,0,624,39936,624.63908131917321,convergence
ext-w4,5,120005,1,31,,0,673,43072,612.29463195800781,convergence
ext-w4,5,120005,1,32,,0,864,55296,600.21831512451172,convergence
ext-w4,5,120005,1,33,,0,756,48384,624.97583134969079,convergence
ext-w4,5,120005,1,34,,0,1276,81664,627.96495691935218,convergence
ext-w4,5,120005,1,35,,0,656,41984,627.06402206420898,convergence
ext-w4,5,120005,1,36,,0,808,51712,641.08378092447913,convergence
ext-w4,5,120005,1,37,,0,654,41856,620.67710749308264,convergence
ext-w4,5,120005,1,38,,0,751,48064,617.18556467692054,convergence
ext-w4,5,120005,1,39,,0,675,43200,616.21494928995764,convergence
ext-w4,5,120005,1,40,,0,726,46464,633.48911921183264,convergence
ext-w4,5,120005,1,41,,0,821,52544,601.20783742268884,convergence
ext-w4,5,120005,1,42,,0,790,50560,628.12935256958008,convergence
ext-w4,5,120005,1,43,,0,769,49216,609.61544291178382,convergence
ext-w4,5,120005,1,44,,0,593,37952,629.72181574503577,convergence
ext-w4,5,120005,1,45,,0,1030,65920,626.09475199381507,convergence
ext-w4,5,120005,1,46,,0,618,39552,623.95642725626624,convergence
ext-w4,5,120005,1,47,,0,850,54400,628.32548904418945,convergence
ext-w4,5,120005,1,48,,0,743,47552,613.40675608317054,convergence
ext-w4,5,120005,1,49,,0,770,49280,612.62628046671546,convergence
ext-w4,5,120005,1,50,,0,697,44608,615.63382593790686,convergence
ext-w4,5,120005,1,51,,0,964,61696,619.26633071899414,convergence
ext-w4,5,120005,1,52,,0,578,36992,616.77886708577478,convergence
ext-w4,5,120005,1,53,,0,599,38336,603.64605967203772,convergence
ext-w4,5,120005,1,54,,0,606,38784,641.31545639038086,convergence
ext-w4,5,120005,1,55,,0,679,43456,591.07770665486657,convergence
ext-w4,5,120005,1,56,,0,752,48128,631.0192985534668,convergence
ext-w4,5,120005,1,57,,0,707,45248,607.60246785481775,convergence
ext-w4,5,120005,1,58,,0,570,36480,623.51836013793945,convergence
ext-w4,5,120005,1,59,,0,678,43392,600.32926177978516,convergence
ext-w4,5,120005,1,60,,0,775,49600,600.74749374389648,convergence
ext-w4,5,120005,1,61,,0,668,42752,614.77393341064453,convergence
ext-w4,5,120005,1,62,,0,686,43904,619.11465581258142,convergence
ext-w4,5,120005,1,63,,0,653,41792,621.98452885945642,convergence
ext-w4,5,120005,1,64,,0,640,40960,603.55519485473633,convergence
ext-w4,5,120005,1,65,,0,668,42752,630.68703587849939,convergence
ext-w4,5,120005,1,66,,0,739,47296,632.94718678792321,convergence
ext-w2,5,120005,0,0,,0,346,22144,701.85393015543616,convergence
ext-w2,5,120005,0,1,,0,313,20032,701.82856877644861,convergence
ext-w2,5,120005,0,2,,0,346,22144,690.73533121744788,convergence
ext-w2,5,120005,0,3,,0,359,22976,678.81825637817383,convergence
ext-w2,5,120005,0,4,,0,282,18048,695.05534871419275,convergence
ext-w2,5,120005,0,5,,0,395,25280,682.87793095906579,convergence
ext-w2,5,120005,0,6,,0,248,15872,695.05953598022461,convergence
ext-w2,5,120005,0,7,,0,281,17984,694.97420756022132,convergence
ext-w2,5,120005,0,8,,0,261,16704,695.4926541646322,convergence
ext-w2,5,120005,0,9,,0,308,19712,694.39285024007165,convergence
ext-w2,5,120005,0,10,,0,259,16576,706.08218383789062,convergence
ext-w2,5,120005,0,11,,0,336,21504,697.23839950561523,convergence
ext-w2,5,120005,0,12,,0,380,24320,702.15861384073889,convergence
ext-w2,5,120005,0,13,,0,303,19392,694.39182662963867,convergence
ext-w2,5,120005,0,14,,0,546,34944,694.62915420532227,convergence
ext-w2,5,120005,0,15,,0,268,17152,694.98166147867835,convergence
ext-w2,5,120005,0,16,,0,254,16256,694.98265711466468,convergence
ext-w2,5,120005,0,17,,0,307,19648,695.02247492472327,convergence
ext-w2,5,120005,0,18,,0,455,29120,688.75712331136071,convergence
ext-w2,5,120005,0,19,,0,321,20544,704.59411239624023,convergence
ext-w2,5,120005,0,20,,0,297,19008,693.86888376871741,convergence
ext-w2,5,120005,0,21,,0,426,27264,694.87900543212891,convergence
ext-w2,5,120005,0,22,,0,415,26560,691.30147171020508,convergence
ext-w2,5,120005,0,23,,0,302,19328,693.87324523925781,convergence
ext-w2,5,120005,0,24,,0,357,22848,693.87665049235022,convergence
ext-w2,5,120005,0,25,,0,362,23168,693.87039820353186,convergence
ext-w2,5,120005,0,26,,0,349,22336,693.87276077270508,convergence
ext-w2,5,120005,0,27,,0,341,21824,693.88214747110999,convergence
ext-w2,5,120005,0,28,,0,343,21952,693.87167485555017,convergence
ext-w2,5,120005,0,29,,0,385,24640,704.33328882853186,convergence
ext-w2,5,120005,0,30,,0,331,21184,704.53480656941736,convergence
ext-w2,5,120005,0,31,,0,361,23104,695.35152689615882,convergence
ext-w2,5,120005,0,32,,0,479,30656,690.6788113911947,convergence
ext-w2,5,120005,0,33,,0,345,22080,693.87755584716797,convergence
ext-w2,5,120005,0,34,,0,241,15424,688.67758305867517,convergence
ext-w2,5,120005,0,35,,0,318,20352,700.293701171875,convergence
ext-w2,5,120005,0,36,,0,311,19904,695.62950261433923,convergence
ext-w2,5,120005,0,37,,0,300,19200,695.0499483744303,convergence
ext-w2,5,120005,0,38,,0,311,19904,695.43781026204431,convergence
ext-w2,5,120005,0,39,,0,289,18496,718.96435674031579,convergence
ext-w2,5,120005,0,40,,0,272,17408,694.97420756022132,convergence
ext-w2,5,120005,0,41,,0,356,22784,693.87790298461914,convergence
ext-w2,5,120005,0,42,,0,313,20032,687.83835601806641,convergence
ext-w2,5,120005,0,43,,0,326,20864,694.37102254231775,convergence
ext-w2,5,120005,0,44,,0,368,23552,702.68188222249353,convergence
ext-w2,5,120005,0,45,,0,355,22720,677.76209004720056,convergence
ext-w2,5,120005,0,46,,0,302,19328,706.14269256591797,convergence
ext-w2,5,120005,0,47,,0,331,21184,683.68752670288086,convergence
ext-w2,5,120005,0,48,,0,278,17792,685.16964340209961,convergence
ext-w2,5,120005,0,49,,0,355,22720,707.25000890096032,convergence
ext-w2,5,120005,0,50,,0,282,18048,694.98735173543298,convergence
ext-w2,5,120005,0,51,,0,286,18304,687.86334864298499,convergence
ext-w2,5,120005,0,52,,0,322,20608,694.40909830729163,convergence
ext-w2,5,120005,0,53,,0,286,18304,687.096934000651,convergence
ext-w2,5,120005,0,54,,0,257,16448,695.10318374633789,convergence
ext-w2,5,120005,0,55,,0,356,22784,688.92952219645179,convergence
ext-w2,5,120005,0,56,,0,333,21312,689.8973503112793,convergence
ext-w2,5,120005,0,57,,0,326,20864,694.37372716267907,convergence
ext-w2,5,120005,0,58,,0,269,17216,695.02914301554358,convergence
ext-w2,5,120005,0,59,,0,313,20032,686.30168914794922,convergence
ext-w2,5,120005,0,60,,0,320,20480,694.41389338175452,convergence
ext-w2,5,120005,0,61,,0,281,17984,694.98166147867835,convergence
ext-w2,5,120005,0,62,,0,323,20672,687.83116785685218,convergence
ext-w2,5,120005,0,63,,0,370,23680,695.16786448160804,convergence
ext-w2,5,120005,0,64,,0,403,25792,704.22318140665686,convergence
ext-w2,5,120005,0,65,,0,444,28416,694.43875885009766,convergence
ext-w2,5,120005,0,66,,0,450,28800,688.67316691080725,convergence
ext-w2,5,120005,0,67,,0,267,17088,693.90786616007483,convergence
ext-w2,5,120005,0,68,,0,308,19712,701.14961115519202,convergence
ext-w2,5,120005,0,69,,0,326,20864,682.86279169718421,convergence
ext-w2,5,120005,0,70,,0,326,20864,705.13975397745764,convergence
ext-w2,5,120005,0,71,,0,330,21120,689.83136876424157,convergence
ext-w2,5,120005,0,72,,0,353,22592,694.46478271484375,convergence
ext-w2,5,120005,1,0,,0,264,16896,640.95236968994141,convergence
ext-w2,5,120005,1,1,,0,359,22976,635.98339335123694,convergence
ext-w2,5,120005,1,2,,0,343,21952,648.70522308349609,convergence
ext-w2,5,120005,1,3,,0,326,20864,646.68290583292639,convergence
ext-w2,5,120005,1,4,,0,401,25664,655.93453089396155,convergence
ext-w2,5,120005,1,5,,0,302,19328,657.31549708048499,convergence
ext-w2,5,120005,1,6,,0,306,19584,646.01291910807288,convergence
ext-w2,5,120005,1,7,,0,276,17664,657.68462498982751,convergence
ext-w2,5,120005,1,8,,0,292,18688,646.97981516520179,convergence
ext-w2,5,120005,1,9,,0,314,20096,640.95490519205725,convergence
ext-w2,5,120005,1,10,,0,297,19008,661.50093587239587,convergence
ext-w2,5,120005,1,11,,0,355,22720,635.97933069864905,convergence
ext-w2,5,120005,1,12,,0,340,21760,657.58032862345374,convergence
ext-w2,5,120005,1,13,,0,443,28352,654.55838775634766,convergence
ext-w2,5,120005,1,14,,0,339,21696,653.40907541910804,convergence
ext-w2,5,120005,1,15,,0,285,18240,664.95309066772461,convergence
ext-w2,5,120005,1,16,,0,308,19712,654.93773142496741,convergence
ext-w2,5,120005,1,17,,0,363,23232,646.6610997517904,convergence
ext-w2,5,120005,1,18,,0,355,22720,660.55966567993164,convergence
ext-w2,5,120005,1,19,,0,347,22208,635.92647679646814,convergence
ext-w2,5,120005,1,20,,0,295,18880,653.40814717610681,convergence
ext-w2,5,120005,1,21,,0,361,23104,647.80782063802087,convergence
ext-w2,5,120005,1,22,,0,322,20608,635.96128463745117,convergence
ext-w2,5,120005,1,23,,0,365,23360,653.37221145629883,convergence
ext-w2,5,120005,1,24,,0,391,25024,653.40411504109704,convergence
ext-w2,5,120005,1,25,,0,323,20672,657.83811060587561,convergence
ext-w2,5,120005,1,26,,0,357,22848,658.35178883870446,convergence
ext-w2,5,120005,1,27,,0,339,21696,648.68057378133142,convergence
ext-w2,5,120005,1,28,,0,349,22336,665.35821406046546,convergence
ext-w2,5,120005,1,29,,0,366,23424,655.5931727091471,convergence
ext-w2,5,120005,1,30,,0,289,18496,653.90414555867517,convergence
ext-w2,5,120005,1,31,,0,283,18112,644.04080200195312,convergence
ext-w2,5,120005,1,32,,0,382,24448,647.30557759602868,convergence
ext-w2,5,120005,1,33,,0,425,27200,657.65160751342773,convergence
ext-w2,5,120005,1,34,,0,327,20928,648.71532948811853,convergence
ext-w2,5,120005,1,35,,0,322,20608,646.65137481689453,convergence
ext-w2,5,120005,1,36,,0,361,23104,652.99859364827478,convergence
ext-w2,5,120005,1,37,,0,320,20480,653.35897318522132,convergence
ext-w2,5,120005,1,38,,0,296,18944,663.03994496663415,convergence
ext-w2,5,120005,1,39,,0,355,22720,653.38318125406897,convergence
ext-w2,5,120005,1,40,,0,294,18816,657.66775512695312,convergence
ext-w2,5,120005,1,41,,0,355,22720,650.75903828938806,convergence
ext-w2,5,120005,1,42,,0,356,22784,657.69623438517249,convergence
ext-w2,5,120005,1,43,,0,351,22464,655.57811864217126,convergence
ext-w2,5,120005,1,44,,0,316,20224,657.63692855834961,convergence
ext-w2,5,120005,1,45,,0,404,25856,653.37255223592126,convergence
ext-w2,5,120005,1,46,,0,279,17856,658.01043701171875,convergence
ext-w2,5,120005,1,47,,0,402,25728,648.73201497395837,convergence
ext-w2,5,120005,1,48,,0,577,36928,641.81710052490234,convergence
ext-w2,5,120005,1,49,,0,270,17280,655.59133911132812,convergence
ext-w2,5,120005,1,50,,0,248,15872,655.59168116251624,convergence
ext-w2,5,120005,1,51,,0,332,21248,653.41067250569665,convergence
ext-w2,5,120005,1,52,,0,327,20928,648.66052627563477,convergence
ext-w2,5,120005,1,53,,0,317,20288,654.4756863911947,convergence
ext-w2,5,120005,1,54,,0,332,21248,657.67245610555017,convergence
ext-w2,5,120005,1,55,,0,340,21760,661.50412623087561,convergence
ext-w2,5,120005,1,56,,0,319,20416,657.31860733032227,convergence
ext-w2,5,120005,1,57,,0,316,20224,653.40680185953772,convergence
ext-w2,5,120005,1,58,,0,358,22912,666.1934700012207,convergence
ext-w2,5,120005,1,59,,0,299,19136,651.89204915364587,convergence
ext-w2,5,120005,1,60,,0,321,20544,646.66750335693359,convergence
ext-w2,5,120005,1,61,,0,328,20992,643.12595240275061,convergence
ext-w2,5,120005,1,62,,0,306,19584,649.49531428019202,convergence
ext-w2,5,120005,1,63,,0,263,16832,633.94180425008142,convergence
ext-w2,5,120005,1,64,,0,342,21888,649.31545003255212,convergence
ext-w2,5,120005,1,65,,0,312,19968,648.70543670654297,convergence
ext-w2,5,120005,1,66,,0,368,23552,658.72535069783532,convergence
ext-w2,5,120005,1,67,,0,291,18624,653.94382476806641,convergence
ext-w2,5,120005,1,68,,0,320,20480,646.38623809814453,convergence
ext-w2,5,120005,1,69,,0,309,19776,666.21802393595374,convergence
ext-w2,5,120005,1,70,,0,332,21248,653.37483469645179,convergence
ext-w2,5,120005,1,71,,0,348,22272,635.93224843343103,convergence
ext-w2,5,120005,1,72,,0,298,19072,646.73457972208655,convergence
ext-w2,5,120005,2,0,,0,323,20672,616.04667409261071,convergence
ext-w2,5,120005,2,1,,0,353,22592,604.83834838867188,convergence
ext-w2,5,120005,2,2,,0,373,23872,614.12343597412109,convergence
ext-w2,5,120005,2,3,,0,282,18048,613.93159612019861,convergence
ext-w2,5,120005,2,4,,0,379,24256,611.94458516438806,convergence
ext-w2,5,120005,2,5,,0,364,23296,626.48178482055664,convergence
ext-w2,5,120005,2,6,,0,262,16768,618.95393498738611,convergence
ext-w2,5,120005,2,7,,0,347,22208,626.26597340901696,convergence
ext-w2,5,120005,2,8,,0,331,21184,629.36290232340491,convergence
ext-w2,5,120005,2,9,,0,365,23360,609.13474655151367,convergence
ext-w2,5,120005,2,10,,0,381,24384,612.13527170817054,convergence
ext-w2,5,120005,2,11,,0,385,24640,611.07987721761071,convergence
ext-w2,5,120005,2,12,,0,275,17600,611.10211690266931,convergence
ext-w2,5,120005,2,13,,0,372,23808,612.08904647827148,convergence
ext-w2,5,120005,2,14,,0,359,22976,613.53329849243164,convergence
ext-w2,5,120005,2,15,,0,291,18624,610.63312911987305,convergence
ext-w2,5,120005,2,16,,0,347,22208,611.09844080607093,convergence
ext-w2,5,120005,2,17,,0,345,22080,604.88231023152673,convergence
ext-w2,5,120005,2,18,,0,394,25216,614.07816569010413,convergence
ext-w2,5,120005,2,19,,0,379,24256,612.13971837361657,convergence
ext-w2,5,120005,2,20,,0,332,21248,613.52464294433594,convergence
ext-w2,5,120005,2,21,,0,376,24064,611.08393224080407,convergence
ext-w2,5,120005,2,22,,0,351,22464,614.37933985392249,convergence
ext-w2,5,120005,2,23,,0,418,26752,611.10474268595374,convergence
ext-w2,5,120005,2,24,,0,387,24768,620.66762797037757,convergence
ext-w2,5,120005,2,25,,0,407,26048,609.84682591756189,convergence
ext-w2,5,120005,2,26,,0,288,18432,606.92504374186194,convergence
ext-w2,5,120005,2,27,,0,290,18560,605.51661046346032,convergence
ext-w2,5,120005,2,28,,0,315,20160,626.26701100667321,convergence
ext-w2,5,120005,2,29,,0,323,20672,626.36096064249671,convergence
ext-w2,5,120005,2,30,,0,378,24192,621.77581151326501,convergence
ext-w2,5,120005,2,31,,0,441,28224,609.86628595987952,convergence
ext-w2,5,120005,2,32,,0,350,22400,613.6691678365072,convergence
ext-w2,5,120005,2,33,,0,377,24128,626.01394780476892,convergence
ext-w2,5,120005,2,34,,0,372,23808,611.93481190999353,convergence
ext-w2,5,120005,2,35,,0,450,28800,612.00885899861657,convergence
ext-w2,5,120005,2,36,,0,335,21440,610.11654663085938,convergence
ext-w2,5,120005,2,37,,0,455,29120,614.09816106160486,convergence
ext-w2,5,120005,2,38,,0,310,19840,615.83155822753906,convergence
ext-w2,5,120005,2,39,,0,354,22656,618.27214558919275,convergence
ext-w2,5,120005,2,40,,0,348,22272,614.02676010131836,convergence
ext-w2,5,120005,2,41,,0,325,20800,611.82161458333337,convergence
ext-w2,5,120005,2,42,,0,304,19456,616.2870979309082,convergence
ext-w2,5,120005,2,43,,0,351,22464,604.83523941040039,convergence
ext-w2,5,120005,2,44,,0,359,22976,621.20698165893555,convergence
ext-w2,5,120005,2,45,,0,339,21696,618.98687362670898,convergence
ext-w2,5,120005,2,46,,0,379,24256,621.22766749064124,convergence
ext-w2,5,120005,2,47,,0,320,20480,607.18725713094079,convergence
ext-w2,5,120005,2,48,,0,362,23168,610.78416442871094,convergence
ext-w2,5,120005,2,49,,0,327,20928,616.84016672770179,convergence
ext-w2,5,120005,2,50,,0,303,19392,613.78317642211914,convergence
ext-w2,5,120005,2,51,,0,372,23808,617.36039861043298,convergence
ext-w2,5,120005,2,52,,0,313,20032,611.99930826822913,convergence
ext-w2,5,120005,2,53,,0,375,24000,615.6690343221029,convergence
ext-w2,5,120005,2,54,,0,318,20352,612.14112091064453,convergence
ext-w2,5,120005,2,55,,0,333,21312,609.63759231567383,convergence
ext-w2,5,120005,2,56,,0,373,23872,618.30800120035804,convergence
ext-w2,5,120005,2,57,,0,330,21120,611.97880935668945,convergence
ext-w2,5,120005,2,58,,0,331,21184,604.89686711629236,convergence
ext-w2,5,120005,2,59,,0,346,22144,619.23026529947913,convergence
ext-w2,5,120005,2,60,,0,380,24320,627.19109598795569,convergence
ext-w2,5,120005,2,61,,0,394,25216,606.93409983317054,convergence
ext-w2,5,120005,2,62,,0,265,16960,610.64669418334961,convergence
ext-w2,5,120005,2,63,,0,373,23872,604.85882568359375,convergence
ext-w2,5,120005,2,64,,0,346,22144,622.66793441772461,convergence
ext-w2,5,120005,2,65,,0,338,21632,606.94535064697266,convergence
ext-w2,5,120005,2,66,,0,341,21824,619.22270075480139,convergence
ext-w2,5,120005,2,67,,0,355,22720,613.47425715128577,convergence
ext-w2,5,120005,2,68,,0,353,22592,612.07261784871423,convergence
ext-w2,5,120005,3,0,,0,398,25472,598.79986445109046,convergence
ext-w2,5,120005,3,1,,0,348,22272,594.22744242350257,convergence
ext-w2,5,120005,3,2,,0,347,22208,592.53374989827478,convergence
ext-w2,5,120005,3,3,,0,403,25792,595.35811487833655,convergence
ext-w2,5,120005,3,4,,0,286,18304,590.06260299682617,convergence
ext-w2,5,120005,3,5,,0,326,20864,590.092274983724,convergence
ext-w2,5,120005,3,6,,0,254,16256,592.76421610514319,convergence
ext-w2,5,120005,3,7,,0,287,18368,587.50050226847327,convergence
ext-w2,5,120005,3,8,,0,320,20480,597.16786448160804,convergence
ext-w2,5,120005,3,9,,0,373,23872,596.75170771280921,convergence
ext-w2,5,120005,3,10,,0,310,19840,592.83687591552734,convergence
ext-w2,5,120005,3,11,,0,337,21568,597.18375778198242,convergence
ext-w2,5,120005,3,12,,0,291,18624,588.12947972615564,convergence
ext-w2,5,120005,3,13,,0,329,21056,590.98510233561194,convergence
ext-w2,5,120005,3,14,,0,331,21184,592.12701797485352,convergence
ext-w2,5,120005,3,15,,0,274,17536,589.05532201131189,convergence
ext-w2,5,120005,3,16,,0,341,21824,596.43596776326501,convergence
ext-w2,5,120005,3,17,,0,300,19200,598.66640472412109,convergence
ext-w2,5,120005,3,18,,0,430,27520,582.48884073893225,convergence
ext-w2,5,120005,3,19,,0,293,18752,597.74531300862634,convergence
ext-w2,5,120005,3,20,,0,296,18944,594.71436945597327,convergence
ext-w2,5,120005,3,21,,0,289,18496,592.24055353800452,convergence
ext-w2,5,120005,3,22,,0,330,21120,589.65989812215173,convergence
ext-w2,5,120005,3,23,,0,282,18048,589.66204706827796,convergence
ext-w2,5,120005,3,24,,0,407,26048,582.51874033610022,convergence
ext-w2,5,120005,3,25,,0,341,21824,599.00067392985022,convergence
ext-w2,5,120005,3,26,,0,295,18880,592.21936416625977,convergence
ext-w2,5,120005,3,27,,0,254,16256,592.50329335530603,convergence
ext-w2,5,120005,3,28,,0,288,18432,589.74974695841468,convergence
ext-w2,5,120005,3,29,,0,377,24128,591.14286804199219,convergence
ext-w2,5,120005,3,30,,0,563,36032,597.28920364379883,convergence
ext-w2,5,120005,3,31,,0,338,21632,596.72223917643225,convergence
ext-w2,5,120005,3,32,,0,314,20096,590.09660593668616,convergence
ext-w2,5,120005,3,33,,0,328,20992,594.25829442342126,convergence
ext-w2,5,120005,3,34,,0,364,23296,597.21083831787109,convergence
ext-w2,5,120005,3,35,,0,291,18624,594.75989532470703,convergence
ext-w2,5,120005,3,36,,0,317,20288,596.01289621988929,convergence
ext-w2,5,120005,3,37,,0,384,24576,595.99311701456702,convergence
ext-w2,5,120005,3,38,,0,282,18048,590.06769561767578,convergence
ext-w2,5,120005,3,39,,0,325,20800,590.08533986409509,convergence
ext-w2,5,120005,3,40,,0,411,26304,596.91174189249671,convergence
ext-w2,5,120005,3,41,,0,300,19200,593.54909006754554,convergence
ext-w2,5,120005,3,42,,0,302,19328,594.79330062866211,convergence
ext-w2,5,120005,3,43,,0,306,19584,590.09669494628906,convergence
ext-w2,5,120005,3,44,,0,360,23040,598.66439946492517,convergence
ext-w2,5,120005,3,45,,0,372,23808,592.49460983276367,convergence
ext-w2,5,120005,3,46,,0,332,21248,593.62930806477868,convergence
ext-w2,5,120005,3,47,,0,331,21184,588.71066665649414,convergence
ext-w2,5,120005,3,48,,0,375,24000,590.87381871541345,convergence
ext-w2,5,120005,3,49,,0,347,22208,600.63173294067383,convergence
ext-w2,5,120005,3,50,,0,330,21120,598.64461898803711,convergence
ext-w2,5,120005,3,51,,0,309,19776,589.05655670166016,convergence
ext-w2,5,120005,3,52,,0,316,20224,590.98986053466797,convergence
ext-w2,5,120005,3,53,,0,301,19264,590.07564163208008,convergence
ext-w2,5,120005,3,54,,0,296,18944,593.73795572916663,convergence
ext-w2,5,120005,3,55,,0,373,23872,594.62456766764319,convergence
ext-w2,5,120005,3,56,,0,310,19840,590.06743494669593,convergence
ext-w2,5,120005,3,57,,0,373,23872,590.09369150797522,convergence
ext-w2,5,120005,3,58,,0,275,17600,589.6585591634115,convergence
ext-w2,5,120005,3,59,,0,436,27904,590.89684549967444,convergence
ext-w2,5,120005,3,60,,0,384,24576,597.15323893229163,convergence
ext-w2,5,120005,3,61,,0,331,21184,593.05778630574548,convergence
ext-w2,5,120005,3,62,,0,369,23616,596.71478780110681,convergence
ext-w2,5,120005,3,63,,0,375,24000,583.21568552652991,convergence
ext-w2,5,120005,3,64,,0,371,23744,585.94220097859704,convergence
ext-w2,5,120005,3,65,,0,275,17600,593.56642659505212,convergence
ext-w2,5,120005,3,66,,0,290,18560,590.78821690877282,convergence
ext-w2,5,120005,3,67,,0,298,19072,594.693105061849,convergence
ext-w2,5,120005,3,68,,0,309,19776,589.75198109944665,convergence
ext-w2,5,120005,3,69,,0,375,24000,596.14317576090491,convergence
ext-w2,5,120005,3,70,,0,392,25088,581.66949590047204,convergence
ext-w2,5,120005,3,71,,0,415,26560,597.18520991007483,convergence
ext-w1,5,120005,0,0,,0,122,7808,703.98012288411462,convergence
ext-w1,5,120005,0,1,,0,134,8576,703.97793706258142,convergence
ext-w1,5,120005,0,2,,0,162,10368,715.55430603027344,convergence
ext-w1,5,120005,0,3,,0,168,10752,707.25,convergence
ext-w1,5,120005,0,4,,0,219,14016,707.25038146972656,convergence
ext-w1,5,120005,0,5,,0,116,7424,703.97617721557617,convergence
ext-w1,5,120005,0,6,,0,161,10304,707.25602595011389,convergence
ext-w1,5,120005,0,7,,0,153,9792,707.25764592488611,convergence
ext-w1,5,120005,0,8,,0,131,8384,708.09142939249671,convergence
ext-w1,5,120005,0,9,,0,127,8128,711.49154281616211,convergence
ext-w1,5,120005,0,10,,0,189,12096,707.25061289469397,convergence
ext-w1,5,120005,0,11,,0,201,12864,707.2493794759115,convergence
ext-w1,5,120005,0,12,,0,187,11968,712.21600214640296,convergence
ext-w1,5,120005,0,13,,0,178,11392,707.24962997436523,convergence
ext-w1,5,120005,0,14,,0,148,9472,707.25217056274414,convergence
ext-w1,5,120005,0,15,,0,160,10240,707.25071716308594,convergence
ext-w1,5,120005,0,16,,0,163,10432,707.25217056274414,convergence
ext-w1,5,120005,0,17,,0,202,12928,707.27082697550452,convergence
ext-w1,5,120005,0,18,,0,178,11392,707.25061289469397,convergence
ext-w1,5,120005,0,19,,0,108,6912,708.9628791809082,convergence
ext-w1,5,120005,0,20,,0,143,9152,722.58899052937829,convergence
ext-w1,5,120005,0,21,,0,121,7744,711.49087142944336,convergence
ext-w1,5,120005,0,22,,0,161,10304,707.25602595011389,convergence
ext-w1,5,120005,0,23,,0,166,10624,703.21032333374023,convergence
ext-w1,5,120005,0,24,,0,166,10624,703.20955785115564,convergence
ext-w1,5,120005,0,25,,0,151,9664,703.97617721557617,convergence
ext-w1,5,120005,0,26,,0,126,8064,711.49117151896155,convergence
ext-w1,5,120005,0,27,,0,179,11456,707.25061289469397,convergence
ext-w1,5,120005,0,28,,0,141,9024,707.26888020833337,convergence
ext-w1,5,120005,0,29,,0,163,10432,711.48070017496741,convergence
ext-w1,5,120005,0,30,,0,208,13312,707.2496452331543,convergence
ext-w1,5,120005,0,31,,0,122,7808,711.48341878255212,convergence
ext-w1,5,120005,0,32,,0,160,10240,707.27338536580407,convergence
ext-w1,5,120005,0,33,,0,175,11200,707.25741449991858,convergence
ext-w1,5,120005,0,34,,0,160,10240,711.49117151896155,convergence
ext-w1,5,120005,0,35,,0,167,10688,707.25217056274414,convergence
ext-w1,5,120005,0,36,,0,139,8896,719.08507410685218,convergence
ext-w1,5,120005,0,37,,0,179,11456,707.25640106201172,convergence
ext-w1,5,120005,0,38,,0,156,9984,711.47977956136071,convergence
ext-w1,5,120005,0,39,,0,151,9664,708.96541213989258,convergence
ext-w1,5,120005,0,40,,0,140,8960,711.49801890055335,convergence
ext-w1,5,120005,0,41,,0,119,7616,711.38218180338538,convergence
ext-w1,5,120005,0,42,,0,189,12096,707.25583394368493,convergence
ext-w1,5,120005,0,43,,0,147,9408,707.25071716308594,convergence
ext-w1,5,120005,0,44,,0,159,10176,707.26382319132483,convergence
ext-w1,5,120005,0,45,,0,130,8320,711.49117151896155,convergence
ext-w1,5,120005,0,46,,0,175,11200,707.25202687581384,convergence
ext-w1,5,120005,0,47,,0,150,9600,707.25602595011389,convergence
ext-w1,5,120005,0,48,,0,117,7488,708.9628791809082,convergence
ext-w1,5,120005,0,49,,0,165,10560,707.26432927449548,convergence
ext-w1,5,120005,0,50,,0,167,10688,707.26387405395508,convergence
ext-w1,5,120005,0,51,,0,204,13056,707.25633239746094,convergence
ext-w1,5,120005,0,52,,0,116,7424,708.09142939249671,convergence
ext-w1,5,120005,0,53,,0,206,13184,707.25349807739258,convergence
ext-w1,5,120005,0,54,,0,148,9472,707.25217056274414,convergence
ext-w1,5,120005,0,55,,0,155,9920,714.06302515665686,convergence
ext-w1,5,120005,0,56,,0,118,7552,711.47806167602539,convergence
ext-w1,5,120005,0,57,,0,169,10816,707.26248931884766,convergence
ext-w1,5,120005,0,58,,0,155,9920,711.48759969075525,convergence
ext-w1,5,120005,0,59,,0,158,10112,721.05094782511389,convergence
ext-w1,5,120005,0,60,,0,172,11008,707.24989573160804,convergence
ext-w1,5,120005,0,61,,0,149,9536,707.25263977050781,convergence
ext-w1,5,120005,0,62,,0,182,11648,707.25000890096032,convergence
ext-w1,5,120005,0,63,,0,129,8256,708.9632670084635,convergence
ext-w1,5,120005,0,64,,0,188,12032,707.2572123209635,convergence
ext-w1,5,120005,0,65,,0,157,10048,707.25762049357093,convergence
ext-w1,5,120005,0,66,,0,180,11520,707.25134913126624,convergence
ext-w1,5,120005,0,67,,0,157,10048,707.25655237833655,convergence
ext-w1,5,120005,0,68,,0,144,9216,707.25348281860352,convergence
ext-w1,5,120005,0,69,,0,143,9152,711.4885368347168,convergence
ext-w1,5,120005,0,70,,0,142,9088,707.26387405395508,convergence
ext-w1,5,120005,0,71,,0,89,5696,708.09639104207361,convergence
ext-w1,5,120005,0,72,,0,165,10560,707.25102488199866,convergence
ext-w1,5,120005,0,73,,0,175,11200,707.27195231119788,convergence
ext-w1,5,120005,0,74,,0,221,14144,707.25102488199866,convergence
ext-w1,5,120005,0,75,,0,129,8256,708.09639104207361,convergence
ext-w1,5,120005,0,76,,0,158,10112,707.25633239746094,convergence
ext-w1,5,120005,1,0,,0,150,9600,678.80534871419275,convergence
ext-w1,5,120005,1,1,,0,170,10880,687.16586558024085,convergence
ext-w1,5,120005,1,2,,0,134,8576,686.31880060831702,convergence
ext-w1,5,120005,1,3,,0,145,9280,687.19634246826172,convergence
ext-w1,5,120005,1,4,,0,147,9408,687.18146133422852,convergence
ext-w1,5,120005,1,5,,0,158,10112,692.20805358886719,convergence
ext-w1,5,120005,1,6,,0,147,9408,687.15871556599939,convergence
ext-w1,5,120005,1,7,,0,169,10816,682.09212621053064,convergence
ext-w1,5,120005,1,8,,0,151,9664,693.1161219278971,convergence
ext-w1,5,120005,1,9,,0,165,10560,687.13092422485352,convergence
ext-w1,5,120005,1,10,,0,139,8896,686.32102966308594,convergence
ext-w1,5,120005,1,11,,0,174,11136,682.08568700154626,convergence
ext-w1,5,120005,1,12,,0,148,9472,687.19695536295569,convergence
ext-w1,5,120005,1,13,,0,152,9728,693.11779530843103,convergence
ext-w1,5,120005,1,14,,0,172,11008,682.08317693074548,convergence
ext-w1,5,120005,1,15,,0,125,8000,678.80453364054358,convergence
ext-w1,5,120005,1,16,,0,148,9472,687.15958786010742,convergence
ext-w1,5,120005,1,17,,0,205,13120,689.82251485188806,convergence
ext-w1,5,120005,1,18,,0,141,9024,678.80961736043298,convergence
ext-w1,5,120005,1,19,,0,194,12416,687.41680781046546,convergence
ext-w1,5,120005,1,20,,0,202,12928,689.7315889994303,convergence
ext-w1,5,120005,1,21,,0,149,9536,691.59181340535486,convergence
ext-w1,5,120005,1,22,,0,217,13888,689.73790740966797,convergence
ext-w1,5,120005,1,23,,0,128,8192,687.20310211181641,convergence
ext-w1,5,120005,1,24,,0,141,9024,678.80332819620764,convergence
ext-w1,5,120005,1,25,,0,146,9344,687.15654500325525,convergence
ext-w1,5,120005,1,26,,0,159,10176,692.22162119547522,convergence
ext-w1,5,120005,1,27,,0,140,8960,687.17458089192712,convergence
ext-w1,5,120005,1,28,,0,143,9152,687.19567235310876,convergence
ext-w1,5,120005,1,29,,0,135,8640,686.31832249959314,convergence
ext-w1,5,120005,1,30,,0,126,8064,687.19566090901696,convergence
ext-w1,5,120005,1,31,,0,161,10304,687.17458089192712,convergence
ext-w1,5,120005,1,32,,0,143,9152,687.19567235310876,convergence
ext-w1,5,120005,1,33,,0,141,9024,686.01845169067383,convergence
ext-w1,5,120005,1,34,,0,146,9344,682.07786814371741,convergence
ext-w1,5,120005,1,35,,0,156,9984,687.10262298583984,convergence
ext-w1,5,120005,1,36,,0,196,12544,682.08458964029944,convergence
ext-w1,5,120005,1,37,,0,167,10688,692.21437454223633,convergence
ext-w1,5,120005,1,38,,0,168,10752,691.49327087402344,convergence
ext-w1,5,120005,1,39,,0,156,9984,692.21974309285486,convergence
ext-w1,5,120005,1,40,,0,185,11840,694.59573237101233,convergence
ext-w1,5,120005,1,41,,0,169,10816,691.4827779134115,convergence
ext-w1,5,120005,1,42,,0,177,11328,682.08903121948242,convergence
ext-w1,5,120005,1,43,,0,135,8640,687.19634373982751,convergence
ext-w1,5,120005,1,44,,0,193,12352,682.08283106485999,convergence
ext-w1,5,120005,1,45,,0,186,11904,682.0832303365072,convergence
ext-w1,5,120005,1,46,,0,180,11520,691.57668558756507,convergence
ext-w1,5,120005,1,47,,0,136,8704,686.32377370198571,convergence
ext-w1,5,120005,1,48,,0,176,11264,691.49219512939453,convergence
ext-w1,5,120005,1,49,,0,152,9728,687.15958786010742,convergence
ext-w1,5,120005,1,50,,0,156,9984,687.17458089192712,convergence
ext-w1,5,120005,1,51,,0,189,12096,694.94589614868164,convergence
ext-w1,5,120005,1,52,,0,161,10304,693.0882898966471,convergence
ext-w1,5,120005,1,53,,0,199,12736,691.74020004272461,convergence
ext-w1,5,120005,1,54,,0,209,13376,682.07791137695312,convergence
ext-w1,5,120005,1,55,,0,197,12608,692.20196533203125,convergence
ext-w1,5,120005,1,56,,0,140,8960,687.13176854451501,convergence
ext-w1,5,120005,1,57,,0,185,11840,682.0779024759928,convergence
ext-w1,5,120005,1,58,,0,107,6848,678.80961736043298,convergence
ext-w1,5,120005,1,59,,0,145,9280,687.17458089192712,convergence
ext-w1,5,120005,1,60,,0,142,9088,693.11825052897132,convergence
ext-w1,5,120005,1,61,,0,184,11776,691.4712804158529,convergence
ext-w1,5,120005,1,62,,0,109,6976,682.92354202270508,convergence
ext-w1,5,120005,1,63,,0,188,12032,687.20685958862305,convergence
ext-w1,5,120005,1,64,,0,155,9920,687.11943689982093,convergence
ext-w1,5,120005,1,65,,0,131,8384,686.32006072998047,convergence
ext-w1,5,120005,1,66,,0,134,8576,687.20295842488611,convergence
ext-w1,5,120005,1,67,,0,141,9024,687.20034662882483,convergence
ext-w1,5,120005,1,68,,0,123,7872,686.32107289632165,convergence
ext-w1,5,120005,1,69,,0,135,8640,687.18146133422852,convergence
ext-w1,5,120005,1,70,,0,124,7936,687.15674082438147,convergence
ext-w1,5,120005,1,71,,0,149,9536,687.14652125040686,convergence
ext-w1,5,120005,1,72,,0,170,10880,692.21472803751624,convergence
ext-w1,5,120005,1,73,,0,146,9344,686.31832249959314,convergence
ext-w1,5,120005,1,74,,0,207,13248,691.47360865275061,convergence
ext-w1,5,120005,1,75,,0,159,10176,691.58720270792639,convergence
ext-w1,5,120005,1,76,,0,141,9024,687.19565963745117,convergence
ext-w1,5,120005,2,0,,0,153,9792,662.79479217529297,convergence
ext-w1,5,120005,2,1,,0,143,9152,662.78539276123047,convergence
ext-w1,5,120005,2,2,,0,126,8064,661.90032196044922,convergence
ext-w1,5,120005,2,3,,0,127,8128,661.89783477783203,convergence
ext-w1,5,120005,2,4,,0,143,9152,667.18365859985352,convergence
ext-w1,5,120005,2,5,,0,148,9472,661.91524378458655,convergence
ext-w1,5,120005,2,6,,0,141,9024,662.76835123697913,convergence
ext-w1,5,120005,2,7,,0,199,12736,668.788319905599,convergence
ext-w1,5,120005,2,8,,0,198,12672,668.6854349772135,convergence
ext-w1,5,120005,2,9,,0,191,12224,657.67030080159509,convergence
ext-w1,5,120005,2,10,,0,131,8384,662.79011281331384,convergence
ext-w1,5,120005,2,11,,0,238,15232,665.40652338663733,convergence
ext-w1,5,120005,2,12,,0,139,8896,662.78785578409827,convergence
ext-w1,5,120005,2,13,,0,133,8512,662.76685206095374,convergence
ext-w1,5,120005,2,14,,0,215,13760,667.06737899780273,convergence
ext-w1,5,120005,2,15,,0,132,8448,667.81481043497718,convergence
ext-w1,5,120005,2,16,,0,164,10496,662.79687245686853,convergence
ext-w1,5,120005,2,17,,0,149,9536,662.76114908854163,convergence
ext-w1,5,120005,2,18,,0,141,9024,662.78334426879883,convergence
ext-w1,5,120005,2,19,,0,139,8896,662.785888671875,convergence
ext-w1,5,120005,2,20,,0,179,11456,668.79123687744141,convergence
ext-w1,5,120005,2,21,,0,143,9152,667.09282175699866,convergence
ext-w1,5,120005,2,22,,0,148,9472,668.68532562255859,convergence
ext-w1,5,120005,2,23,,0,120,7680,661.94595082600915,convergence
ext-w1,5,120005,2,24,,0,158,10112,662.7867329915365,convergence
ext-w1,5,120005,2,25,,0,241,15424,657.67030080159509,convergence
ext-w1,5,120005,2,26,,0,134,8576,662.79442977905273,convergence
ext-w1,5,120005,2,27,,0,143,9152,662.78908538818359,convergence
ext-w1,5,120005,2,28,,0,150,9600,662.7604649861654,convergence
ext-w1,5,120005,2,29,,0,160,10240,662.71882375081384,convergence
ext-w1,5,120005,2,30,,0,249,15936,667.0748392740885,convergence
ext-w1,5,120005,2,31,,0,133,8512,662.78265889485681,convergence
ext-w1,5,120005,2,32,,0,132,8448,661.91209284464514,convergence
ext-w1,5,120005,2,33,,0,160,10240,657.67366536458337,convergence
ext-w1,5,120005,2,34,,0,164,10496,662.80579121907556,convergence
ext-w1,5,120005,2,35,,0,167,10688,657.67694727579749,convergence
ext-w1,5,120005,2,36,,0,144,9216,661.91209284464514,convergence
ext-w1,5,120005,2,37,,0,168,10752,667.14117050170898,convergence
ext-w1,5,120005,2,38,,0,163,10432,657.6710090637207,convergence
ext-w1,5,120005,2,39,,0,122,7808,661.91383107503259,convergence
ext-w1,5,120005,2,40,,0,127,8128,662.78165054321289,convergence
ext-w1,5,120005,2,41,,0,171,10944,662.77698135375977,convergence
ext-w1,5,120005,2,42,,0,125,8000,661.91257095336914,convergence
ext-w1,5,120005,2,43,,0,145,9280,662.80130767822266,convergence
ext-w1,5,120005,2,44,,0,164,10496,666.5489171346029,convergence
ext-w1,5,120005,2,45,,0,218,13952,662.76399866739905,convergence
ext-w1,5,120005,2,46,,0,179,11456,662.7604649861654,convergence
ext-w1,5,120005,2,47,,0,126,8064,661.89817810058594,convergence
ext-w1,5,120005,2,48,,0,122,7808,661.92985916137695,convergence
ext-w1,5,120005,2,49,,0,164,10496,657.67163848876953,convergence
ext-w1,5,120005,2,50,,0,116,7424,658.59099960327148,convergence
ext-w1,5,120005,2,51,,0,140,8960,662.76835123697913,convergence
ext-w1,5,120005,2,52,,0,155,9920,662.78785578409827,convergence
ext-w1,5,120005,2,53,,0,184,11776,670.54068883260095,convergence
ext-w1,5,120005,2,54,,0,146,9344,662.76484680175781,convergence
ext-w1,5,120005,2,55,,0,191,12224,667.81079991658532,convergence
ext-w1,5,120005,2,56,,0,155,9920,662.72537740071618,convergence
ext-w1,5,120005,2,57,,0,119,7616,662.77523167928064,convergence
ext-w1,5,120005,2,58,,0,165,10560,657.67725372314453,convergence
ext-w1,5,120005,2,59,,0,127,8128,661.91427866617835,convergence
ext-w1,5,120005,2,60,,0,125,8000,658.5173123677572,convergence
ext-w1,5,120005,2,61,,0,134,8576,667.79608154296875,convergence
ext-w1,5,120005,2,62,,0,149,9536,662.77523167928064,convergence
ext-w1,5,120005,2,63,,0,172,11008,662.71882375081384,convergence
ext-w1,5,120005,2,64,,0,159,10176,662.79021962483728,convergence
ext-w1,5,120005,2,65,,0,169,10816,662.76102701822913,convergence
ext-w1,5,120005,2,66,,0,149,9536,662.79159037272132,convergence
ext-w1,5,120005,2,67,,0,141,9024,662.78334426879883,convergence
ext-w1,5,120005,2,68,,0,156,9984,661.9290669759115,convergence
ext-w1,5,120005,2,69,,0,133,8512,662.79011281331384,convergence
ext-w1,5,120005,2,70,,0,166,10624,667.80849838256836,convergence
ext-w1,5,120005,2,71,,0,189,12096,667.8015251159668,convergence
ext-w1,5,120005,2,72,,0,168,10752,670.53966649373376,convergence
ext-w1,5,120005,2,73,,0,148,9472,662.77020899454749,convergence
ext-w1,5,120005,2,74,,0,173,11072,662.75947062174475,convergence
ext-w1,5,120005,2,75,,0,169,10816,667.00211970011389,convergence
ext-w1,5,120005,2,76,,0,175,11200,662.78505833943689,convergence
ext-w1,5,120005,2,77,,0,194,12416,657.67694727579749,convergence
ext-w1,5,120005,3,0,,0,141,9024,650.58700942993164,convergence
ext-w1,5,120005,3,1,,0,164,10496,650.13804244995117,convergence
ext-w1,5,120005,3,2,,0,165,10560,644.28274536132812,convergence
ext-w1,5,120005,3,3,,0,132,8448,650.71399688720703,convergence
ext-w1,5,120005,3,4,,0,137,8768,640.23528798421228,convergence
ext-w1,5,120005,3,5,,0,164,10496,650.01483027140296,convergence
ext-w1,5,120005,3,6,,0,167,10688,644.78736877441406,convergence
ext-w1,5,120005,3,7,,0,184,11776,651.67231623331702,convergence
ext-w1,5,120005,3,8,,0,114,7296,638.25077311197913,convergence
ext-w1,5,120005,3,9,,0,113,7232,638.25077311197913,convergence
ext-w1,5,120005,3,10,,0,189,12096,651.22912724812829,convergence
ext-w1,5,120005,3,11,,0,190,12160,640.25656636555993,convergence
ext-w1,5,120005,3,12,,0,131,8384,650.70867029825843,convergence
ext-w1,5,120005,3,13,,0,146,9344,640.22323989868164,convergence
ext-w1,5,120005,3,14,,0,176,11264,650.1542638142904,convergence
ext-w1,5,120005,3,15,,0,158,10112,640.2075309753418,convergence
ext-w1,5,120005,3,16,,0,175,11200,646.73444366455078,convergence
ext-w1,5,120005,3,17,,0,148,9472,652.36150105794275,convergence
ext-w1,5,120005,3,18,,0,164,10496,640.24083836873376,convergence
ext-w1,5,120005,3,19,,0,146,9344,644.28930282592773,convergence
ext-w1,5,120005,3,20,,0,189,12096,640.23167165120446,convergence
ext-w1,5,120005,3,21,,0,129,8256,638.25077311197913,convergence
ext-w1,5,120005,3,22,,0,145,9280,640.25768280029297,convergence
ext-w1,5,120005,3,23,,0,183,11712,652.11482365926111,convergence
ext-w1,5,120005,3,24,,0,155,9920,651.668212890625,convergence
ext-w1,5,120005,3,25,,0,156,9984,646.03393809000647,convergence
ext-w1,5,120005,3,26,,0,161,10304,640.25768280029297,convergence
ext-w1,5,120005,3,27,,0,118,7552,638.2533060709635,convergence
ext-w1,5,120005,3,28,,0,168,10752,652.00732421875,convergence
ext-w1,5,120005,3,29,,0,175,11200,651.72395324707031,convergence
ext-w1,5,120005,3,30,,0,165,10560,640.2357508341471,convergence
ext-w1,5,120005,3,31,,0,154,9856,650.7077852884928,convergence
ext-w1,5,120005,3,32,,0,193,12352,652.56748962402344,convergence
ext-w1,5,120005,3,33,,0,184,11776,652.15271631876624,convergence
ext-w1,5,120005,3,34,,0,145,9280,644.28720219930017,convergence
ext-w1,5,120005,3,35,,0,138,8832,644.28257624308264,convergence
ext-w1,5,120005,3,36,,0,117,7488,638.25077311197913,convergence
ext-w1,5,120005,3,37,,0,188,12032,650.33386484781897,convergence
ext-w1,5,120005,3,38,,0,125,8000,638.25077311197913,convergence
ext-w1,5,120005,3,39,,0,171,10944,644.28678894042969,convergence
ext-w1,5,120005,3,40,,0,155,9920,640.2075309753418,convergence
ext-w1,5,120005,3,41,,0,136,8704,650.71399688720703,convergence
ext-w1,5,120005,3,42,,0,163,10432,652.84722264607751,convergence
ext-w1,5,120005,3,43,,0,133,8512,650.71399688720703,convergence
ext-w1,5,120005,3,44,,0,150,9600,644.28257878621423,convergence
ext-w1,5,120005,3,45,,0,138,8832,650.71680450439453,convergence
ext-w1,5,120005,3,46,,0,136,8704,644.28118387858069,convergence
ext-w1,5,120005,3,47,,0,140,8960,640.2075309753418,convergence
ext-w1,5,120005,3,48,,0,166,10624,650.70764287312829,convergence
ext-w1,5,120005,3,49,,0,148,9472,638.25077311197913,convergence
ext-w1,5,120005,3,50,,0,174,11136,640.21208699544275,convergence
ext-w1,5,120005,3,51,,0,165,10560,650.96826171875,convergence
ext-w1,5,120005,3,52,,0,186,11904,640.25228881835938,convergence
ext-w1,5,120005,3,53,,0,121,7744,644.28274536132812,convergence
ext-w1,5,120005,3,54,,0,153,9792,640.27848688761389,convergence
ext-w1,5,120005,3,55,,0,171,10944,651.77753448486328,convergence
ext-w1,5,120005,3,56,,0,175,11200,640.21481831868493,convergence
ext-w1,5,120005,3,57,,0,108,6912,644.28734079996741,convergence
ext-w1,5,120005,3,58,,0,132,8448,638.25077311197913,convergence
ext-w1,5,120005,3,59,,0,145,9280,651.28478749593103,convergence
ext-w1,5,120005,3,60,,0,154,9856,650.71399688720703,convergence
ext-w1,5,120005,3,61,,0,156,9984,644.28307723999023,convergence
ext-w1,5,120005,3,62,,0,156,9984,650.71680450439453,convergence
ext-w1,5,120005,3,63,,0,190,12160,651.36183166503906,convergence
ext-w1,5,120005,3,64,,0,153,9792,640.24163691202796,convergence
ext-w1,5,120005,3,65,,0,178,11392,651.46745554606116,convergence
ext-w1,5,120005,3,66,,0,160,10240,650.70719782511389,convergence
ext-w1,5,120005,3,67,,0,173,11072,640.21208699544275,convergence
ext-w1,5,120005,3,68,,0,141,9024,650.71399688720703,convergence
ext-w1,5,120005,3,69,,0,166,10624,647.90107218424475,convergence
ext-w1,5,120005,3,70,,0,163,10432,650.70719782511389,convergence
ext-w1,5,120005,3,71,,0,150,9600,652.96137873331702,convergence
ext-w1,5,120005,3,72,,0,142,9088,650.70719782511389,convergence
ext-w1,5,120005,3,73,,0,150,9600,644.28678894042969,convergence
ext-w1,5,120005,3,74,,0,144,9216,651.27489725748694,convergence
ext-w1,5,120005,3,75,,0,110,7040,644.28716532389319,convergence
ext-w1,5,120005,3,76,,0,163,10432,644.28491338094079,convergence
ext-w1,5,120005,3,77,,0,181,11584,644.80364481608069,convergence
ext-w1,5,120005,4,0,,0,180,11520,620.79550552368164,convergence
ext-w1,5,120005,4,1,,0,144,9216,625.38288243611657,convergence
ext-w1,5,120005,4,2,,0,119,7616,624.86763763427734,convergence
ext-w1,5,120005,4,3,,0,178,11392,620.81576029459632,convergence
ext-w1,5,120005,4,4,,0,138,8832,620.83971913655603,convergence
ext-w1,5,120005,4,5,,0,147,9408,620.82210922241211,convergence
ext-w1,5,120005,4,6,,0,141,9024,632.80346043904626,convergence
ext-w1,5,120005,4,7,,0,167,10688,620.84180577596032,convergence
ext-w1,5,120005,4,8,,0,207,13248,632.71844482421875,convergence
ext-w1,5,120005,4,9,,0,132,8448,624.86867523193359,convergence
ext-w1,5,120005,4,10,,0,149,9536,624.86453755696618,convergence
ext-w1,5,120005,4,11,,0,149,9536,624.86321767171228,convergence
ext-w1,5,120005,4,12,,0,123,7872,624.86817932128906,convergence
ext-w1,5,120005,4,13,,0,125,8000,624.86305109659827,convergence
ext-w1,5,120005,4,14,,0,143,9152,624.86387507120764,convergence
ext-w1,5,120005,4,15,,0,158,10112,624.8702507019043,convergence
ext-w1,5,120005,4,16,,0,148,9472,620.83815511067712,convergence
ext-w1,5,120005,4,17,,0,168,10752,624.86305109659827,convergence
ext-w1,5,120005,4,18,,0,147,9408,620.82210922241211,convergence
ext-w1,5,120005,4,19,,0,151,9664,620.84172948201501,convergence
ext-w1,5,120005,4,20,,0,150,9600,632.80346043904626,convergence
ext-w1,5,120005,4,21,,0,189,12096,624.86350123087561,convergence
ext-w1,5,120005,4,22,,0,180,11520,620.84023793538415,convergence
ext-w1,5,120005,4,23,,0,170,10880,620.81661478678382,convergence
ext-w1,5,120005,4,24,,0,152,9728,632.80429585774743,convergence
ext-w1,5,120005,4,25,,0,148,9472,632.839833577474,convergence
ext-w1,5,120005,4,26,,0,147,9408,620.83513514200843,convergence
ext-w1,5,120005,4,27,,0,146,9344,620.7928682963053,convergence
ext-w1,5,120005,4,28,,0,147,9408,620.82210922241211,convergence
ext-w1,5,120005,4,29,,0,150,9600,624.86625671386719,convergence
ext-w1,5,120005,4,30,,0,135,8640,624.86859385172522,convergence
ext-w1,5,120005,4,31,,0,154,9856,620.82210922241211,convergence
ext-w1,5,120005,4,32,,0,150,9600,632.80429585774743,convergence
ext-w1,5,120005,4,33,,0,151,9664,620.81985092163086,convergence
ext-w1,5,120005,4,34,,0,137,8768,624.86720275878906,convergence
ext-w1,5,120005,4,35,,0,218,13952,620.81038029988611,convergence
ext-w1,5,120005,4,36,,0,142,9088,632.80459467569983,convergence
ext-w1,5,120005,4,37,,0,160,10240,624.86354955037439,convergence
ext-w1,5,120005,4,38,,0,166,10624,635.35421244303382,convergence
ext-w1,5,120005,4,39,,0,134,8576,620.83974075317383,convergence
ext-w1,5,120005,4,40,,0,163,10432,620.83906300862634,convergence
ext-w1,5,120005,4,41,,0,147,9408,624.86321767171228,convergence
ext-w1,5,120005,4,42,,0,127,8128,624.86870574951172,convergence
ext-w1,5,120005,4,43,,0,146,9344,624.87053426106775,convergence
ext-w1,5,120005,4,44,,0,172,11008,620.81576029459632,convergence
ext-w1,5,120005,4,45,,0,159,10176,624.86321767171228,convergence
ext-w1,5,120005,4,46,,0,178,11392,632.68933868408203,convergence
ext-w1,5,120005,4,47,,0,146,9344,624.86196517944336,convergence
ext-w1,5,120005,4,48,,0,147,9408,624.86196517944336,convergence
ext-w1,5,120005,4,49,,0,151,9664,620.79550552368164,convergence
ext-w1,5,120005,4,50,,0,154,9856,624.86366399129236,convergence
ext-w1,5,120005,4,51,,0,177,11328,620.79255930582679,convergence
ext-w1,5,120005,4,52,,0,178,11392,620.80371220906579,convergence
ext-w1,5,120005,4,53,,0,145,9280,620.82384363810218,convergence
ext-w1,5,120005,4,54,,0,131,8384,624.86802546183264,convergence
ext-w1,5,120005,4,55,,0,132,8448,625.39796447753906,convergence
ext-w1,5,120005,4,56,,0,151,9664,620.81386566162109,convergence
ext-w1,5,120005,4,57,,0,161,10304,624.86560948689782,convergence
ext-w1,5,120005,4,58,,0,142,9088,625.403065999349,convergence
ext-w1,5,120005,4,59,,0,162,10368,620.81641387939453,convergence
ext-w1,5,120005,4,60,,0,116,7424,624.87132517496741,convergence
ext-w1,5,120005,4,61,,0,172,11008,620.82384363810218,convergence
ext-w1,5,120005,4,62,,0,163,10432,624.86848576863611,convergence
ext-w1,5,120005,4,63,,0,167,10688,620.82021840413415,convergence
ext-w1,5,120005,4,64,,0,148,9472,625.36995188395179,convergence
ext-w1,5,120005,4,65,,0,135,8640,620.81929397583008,convergence
ext-w1,5,120005,4,66,,0,160,10240,620.81642532348633,convergence
ext-w1,5,120005,4,67,,0,146,9344,624.86387507120764,convergence
ext-w1,5,120005,4,68,,0,160,10240,620.81558354695642,convergence
ext-w1,5,120005,4,69,,0,151,9664,627.30798594156897,convergence
ext-w1,5,120005,4,70,,0,166,10624,624.86538569132483,convergence
ext-w1,5,120005,4,71,,0,143,9152,624.86625671386719,convergence
ext-w1,5,120005,4,72,,0,156,9984,630.27691396077478,convergence
ext-w1,5,120005,4,73,,0,195,12480,632.70637893676758,convergence
ext-w1,5,120005,4,74,,0,161,10304,620.83352406819665,convergence
ext-w1,5,120005,4,75,,0,131,8384,624.8670654296875,convergence
ext-w1,5,120005,4,76,,0,201,12864,620.83914311726892,convergence
ext-w1,5,120005,4,77,,0,149,9536,620.83974075317383,convergence
ext-w1,5,120005,4,78,,0,138,8832,620.81769434610999,convergence
ext-w1,5,120005,5,0,,0,143,9152,616.83413187662757,convergence
ext-w1,5,120005,5,1,,0,147,9408,615.89713287353516,convergence
ext-w1,5,120005,5,2,,0,119,7616,606.91452534993493,convergence
ext-w1,5,120005,5,3,,0,126,8064,606.91681798299157,convergence
ext-w1,5,120005,5,4,,0,140,8960,606.91231282552087,convergence
ext-w1,5,120005,5,5,,0,159,10176,606.91718928019202,convergence
ext-w1,5,120005,5,6,,0,123,7872,606.90854136149085,convergence
ext-w1,5,120005,5,7,,0,160,10240,606.91380437215173,convergence
ext-w1,5,120005,5,8,,0,140,8960,606.91469828287757,convergence
ext-w1,5,120005,5,9,,0,131,8384,609.10487365722656,convergence
ext-w1,5,120005,5,10,,0,166,10624,606.90460332234704,convergence
ext-w1,5,120005,5,11,,0,148,9472,606.91466903686523,convergence
ext-w1,5,120005,5,12,,0,153,9792,606.91698582967126,convergence
ext-w1,5,120005,5,13,,0,105,6720,606.90984090169275,convergence
ext-w1,5,120005,5,14,,0,141,9024,615.34482065836585,convergence
ext-w1,5,120005,5,15,,0,135,8640,606.90960439046228,convergence
ext-w1,5,120005,5,16,,0,126,8064,606.90854136149085,convergence
ext-w1,5,120005,5,17,,0,131,8384,606.91808191935218,convergence
ext-w1,5,120005,5,18,,0,143,9152,606.91328430175781,convergence
ext-w1,5,120005,5,19,,0,166,10624,606.91567357381189,convergence
ext-w1,5,120005,5,20,,0,154,9856,606.90960439046228,convergence
ext-w1,5,120005,5,21,,0,110,7040,606.89583333333337,convergence
ext-w1,5,120005,5,22,,0,142,9088,606.91551208496094,convergence
ext-w1,5,120005,5,23,,0,124,7936,615.51363118489587,convergence
ext-w1,5,120005,5,24,,0,137,8768,606.91719436645508,convergence
ext-w1,5,120005,5,25,,0,122,7808,606.92001215616858,convergence
ext-w1,5,120005,5,26,,0,126,8064,606.91898345947266,convergence
ext-w1,5,120005,5,27,,0,152,9728,615.37553914388025,convergence
ext-w1,5,120005,5,28,,0,165,10560,606.90984090169275,convergence
ext-w1,5,120005,5,29,,0,131,8384,606.90960439046228,convergence
ext-w1,5,120005,5,30,,0,147,9408,606.91614405314124,convergence
ext-w1,5,120005,5,31,,0,123,7872,606.91366704305017,convergence
ext-w1,5,120005,5,32,,0,134,8576,615.36215337117517,convergence
ext-w1,5,120005,5,33,,0,155,9920,606.90960439046228,convergence
ext-w1,5,120005,5,34,,0,136,8704,606.91698582967126,convergence
ext-w1,5,120005,5,35,,0,154,9856,606.91501490275061,convergence
ext-w1,5,120005,5,36,,0,135,8640,606.92010752360022,convergence
ext-w1,5,120005,5,37,,0,133,8512,606.90845362345374,convergence
ext-w1,5,120005,5,38,,0,138,8832,615.5936279296875,convergence
ext-w1,5,120005,5,39,,0,132,8448,606.90845362345374,convergence
ext-w1,5,120005,5,40,,0,128,8192,606.92010752360022,convergence
ext-w1,5,120005,5,41,,0,136,8704,606.91241073608398,convergence
ext-w1,5,120005,5,42,,0,154,9856,613.36620203653968,convergence
ext-w1,5,120005,5,43,,0,123,7872,606.90978113810218,convergence
ext-w1,5,120005,5,44,,0,120,7680,613.91161727905273,convergence
ext-w1,5,120005,5,45,,0,120,7680,606.91412099202478,convergence
ext-w1,5,120005,5,46,,0,121,7744,606.91380437215173,convergence
ext-w1,5,120005,5,47,,0,142,9088,606.9166374206543,convergence
ext-w1,5,120005,5,48,,0,157,10048,606.90960439046228,convergence
ext-w1,5,120005,5,49,,0,171,10944,617.38129806518555,convergence
ext-w1,5,120005,5,50,,0,159,10176,615.89713287353516,convergence
ext-w1,5,120005,5,51,,0,142,9088,606.91401290893555,convergence
ext-w1,5,120005,5,52,,0,139,8896,606.91380437215173,convergence
ext-w1,5,120005,5,53,,0,112,7168,606.92066701253259,convergence
ext-w1,5,120005,5,54,,0,160,10240,606.91231282552087,convergence
ext-w1,5,120005,5,55,,0,127,8128,615.34524663289392,convergence
ext-w1,5,120005,5,56,,0,176,11264,616.15031687418616,convergence
ext-w1,5,120005,5,57,,0,140,8960,606.91359965006507,convergence
ext-w1,5,120005,5,58,,0,138,8832,606.91551208496094,convergence
ext-w1,5,120005,5,59,,0,142,9088,612.73171997070312,convergence
ext-w1,5,120005,5,60,,0,164,10496,606.89630126953125,convergence
ext-w1,5,120005,5,61,,0,131,8384,606.91951624552405,convergence
ext-w1,5,120005,5,62,,0,133,8512,606.92010752360022,convergence
ext-w1,5,120005,5,63,,0,132,8448,606.90984090169275,convergence
ext-w1,5,120005,5,64,,0,133,8512,606.91241073608398,convergence
ext-w1,5,120005,5,65,,0,158,10112,606.91387049357093,convergence
ext-w1,5,120005,5,66,,0,153,9792,618.27076594034827,convergence
ext-w1,5,120005,5,67,,0,111,7104,606.91501490275061,convergence
ext-w1,5,120005,5,68,,0,137,8768,606.91915130615234,convergence
ext-w1,5,120005,5,69,,0,133,8512,606.9166374206543,convergence
ext-w1,5,120005,5,70,,0,109,6976,606.91614405314124,convergence
ext-w1,5,120005,5,71,,0,127,8128,606.9149284362793,convergence
ext-w1,5,120005,5,72,,0,146,9344,606.90978113810218,convergence
ext-w1,5,120005,5,73,,0,110,7040,606.92001851399743,convergence
ext-w1,5,120005,5,74,,0,163,10432,615.76138178507483,convergence
ext-w1,5,120005,5,75,,0,166,10624,606.90960439046228,convergence
ext-w1,5,120005,5,76,,0,140,8960,615.3583653767904,convergence
ext-w1,5,120005,5,77,,0,120,7680,606.9146397908529,convergence
ext-w1,5,120005,5,78,,0,132,8448,606.90951538085938,convergence
ext-w1,5,120005,5,79,,0,126,8064,606.91501490275061,convergence
ext-w1,5,120005,5,80,,0,146,9344,606.91231282552087,convergence
ext-w1,5,120005,5,81,,0,148,9472,606.91510264078772,convergence
ext-w1,5,120005,5,82,,0,143,9152,606.91485595703125,convergence
ext-w1,5,120005,5,83,,0,139,8896,606.90854136149085,convergence
ext-w1,5,120005,5,84,,0,123,7872,606.91380437215173,convergence
ext-w1,5,120005,5,85,,0,128,8192,606.91794967651367,convergence
ext-w1,5,120005,5,86,,0,116,7424,606.9166374206543,convergence
ext-w1,5,120005,5,87,,0,137,8768,606.91413116455078,convergence
ext-w1,5,120005,6,0,,0,172,11008,600.83648427327478,convergence
ext-w1,5,120005,6,1,,0,150,9600,601.44886016845703,convergence
ext-w1,5,120005,6,2,,0,210,13440,595.20257568359375,convergence
ext-w1,5,120005,6,3,,0,188,12032,588.30816141764319,convergence
ext-w1,5,120005,6,4,,0,131,8384,597.57569122314453,convergence
ext-w1,5,120005,6,5,,0,127,8128,595.20257568359375,convergence
ext-w1,5,120005,6,6,,0,190,12160,601.89088567097986,convergence
ext-w1,5,120005,6,7,,0,160,10240,600.53174209594727,convergence
ext-w1,5,120005,6,8,,0,149,9536,595.21751403808594,convergence
ext-w1,5,120005,6,9,,0,137,8768,601.89529800415039,convergence
ext-w1,5,120005,6,10,,0,159,10176,601.44627253214514,convergence
ext-w1,5,120005,6,11,,0,175,11200,601.89529800415039,convergence
ext-w1,5,120005,6,12,,0,148,9472,595.21751403808594,convergence
ext-w1,5,120005,6,13,,0,167,10688,600.84231567382812,convergence
ext-w1,5,120005,6,14,,0,143,9152,602.25371805826819,convergence
ext-w1,5,120005,6,15,,0,135,8640,601.44853337605798,convergence
ext-w1,5,120005,6,16,,0,156,9984,601.45168940226233,convergence
ext-w1,5,120005,6,17,,0,151,9664,601.39862696329749,convergence
ext-w1,5,120005,6,18,,0,143,9152,600.27016194661462,convergence
ext-w1,5,120005,6,19,,0,168,10752,601.88689422607422,convergence
ext-w1,5,120005,6,20,,0,154,9856,601.88449223836267,convergence
ext-w1,5,120005,6,21,,0,142,9088,601.44886016845703,convergence
ext-w1,5,120005,6,22,,0,162,10368,592.80643717447913,convergence
ext-w1,5,120005,6,23,,0,133,8512,595.2052892049154,convergence
ext-w1,5,120005,6,24,,0,149,9536,601.44852066040039,convergence
ext-w1,5,120005,6,25,,0,139,8896,602.25359090169275,convergence
ext-w1,5,120005,6,26,,0,140,8960,601.44627253214514,convergence
ext-w1,5,120005,6,27,,0,154,9856,601.92351659139001,convergence
ext-w1,5,120005,6,28,,0,144,9216,603.80011494954431,convergence
ext-w1,5,120005,6,29,,0,186,11904,600.83883921305335,convergence
ext-w1,5,120005,6,30,,0,174,11136,601.88034311930335,convergence
ext-w1,5,120005,6,31,,0,185,11840,600.83633295694983,convergence
ext-w1,5,120005,6,32,,0,115,7360,595.21751403808594,convergence
ext-w1,5,120005,6,33,,0,162,10368,588.3082173665365,convergence
ext-w1,5,120005,6,34,,0,183,11712,600.83633295694983,convergence
ext-w1,5,120005,6,35,,0,148,9472,601.44935607910156,convergence
ext-w1,5,120005,6,36,,0,138,8832,601.6937141418457,convergence
ext-w1,5,120005,6,37,,0,145,9280,595.21751403808594,convergence
ext-w1,5,120005,6,38,,0,137,8768,595.21751403808594,convergence
ext-w1,5,120005,6,39,,0,165,10560,601.88034311930335,convergence
ext-w1,5,120005,6,40,,0,184,11776,600.84278106689453,convergence
ext-w1,5,120005,6,41,,0,172,11008,600.84307734171546,convergence
ext-w1,5,120005,6,42,,0,156,9984,601.88309605916345,convergence
ext-w1,5,120005,6,43,,0,147,9408,601.45947392781579,convergence
ext-w1,5,120005,6,44,,0,174,11136,592.80643717447913,convergence
ext-w1,5,120005,6,45,,0,157,10048,601.44852066040039,convergence
ext-w1,5,120005,6,46,,0,147,9408,603.48988596598304,convergence
ext-w1,5,120005,6,47,,0,112,7168,597.57569122314453,convergence
ext-w1,5,120005,6,48,,0,141,9024,595.20340983072913,convergence
ext-w1,5,120005,6,49,,0,153,9792,595.21751403808594,convergence
ext-w1,5,120005,6,50,,0,161,10304,600.84196853637695,convergence
ext-w1,5,120005,6,51,,0,129,8256,601.44852066040039,convergence
ext-w1,5,120005,6,52,,0,186,11904,600.84062321980798,convergence
ext-w1,5,120005,6,53,,0,167,10688,600.48648961385095,convergence
ext-w1,5,120005,6,54,,0,184,11776,600.84115600585938,convergence
ext-w1,5,120005,6,55,,0,141,9024,595.21751403808594,convergence
ext-w1,5,120005,6,56,,0,145,9280,588.30935160319007,convergence
ext-w1,5,120005,6,57,,0,165,10560,592.81428400675452,convergence
ext-w1,5,120005,6,58,,0,160,10240,603.48284912109375,convergence
ext-w1,5,120005,6,59,,0,153,9792,603.59089024861657,convergence
ext-w1,5,120005,6,60,,0,169,10816,601.44817097981775,convergence
ext-w1,5,120005,6,61,,0,175,11200,600.83648427327478,convergence
ext-w1,5,120005,6,62,,0,151,9664,601.88342412312829,convergence
ext-w1,5,120005,6,63,,0,166,10624,600.83633295694983,convergence
ext-w1,5,120005,6,64,,0,141,9024,601.44852066040039,convergence
ext-w1,5,120005,6,65,,0,137,8768,601.88689422607422,convergence
ext-w1,5,120005,6,66,,0,159,10176,600.40462112426758,convergence
ext-w1,5,120005,6,67,,0,188,12032,600.84297815958655,convergence
ext-w1,5,120005,6,68,,0,172,11008,600.97675832112634,convergence
ext-w1,5,120005,6,69,,0,160,10240,600.85766728719079,convergence
ext-w1,5,120005,6,70,,0,126,8064,601.44897206624353,convergence
ext-w1,5,120005,6,71,,0,184,11776,600.85003026326501,convergence
ext-w1,5,120005,6,72,,0,161,10304,600.83648427327478,convergence
ext-w1,5,120005,6,73,,0,152,9728,601.88449223836267,convergence
ext-w1,5,120005,6,74,,0,163,10432,601.44627253214514,convergence
ext-w1,5,120005,6,75,,0,170,10880,600.83883921305335,convergence
ext-w1,5,120005,6,76,,0,169,10816,603.48284912109375,convergence
ext-w1,5,120005,7,0,,0,196,12544,582.27269999186194,convergence
ext-w1,5,120005,7,1,,0,140,8960,576.62984212239587,convergence
ext-w1,5,120005,7,2,,0,143,9152,576.65944798787439,convergence
ext-w1,5,120005,7,3,,0,133,8512,576.62984212239587,convergence
ext-w1,5,120005,7,4,,0,116,7424,582.9471104939779,convergence
ext-w1,5,120005,7,5,,0,178,11392,582.25669479370117,convergence
ext-w1,5,120005,7,6,,0,136,8704,584.70509847005212,convergence
ext-w1,5,120005,7,7,,0,149,9536,583.29922231038415,convergence
ext-w1,5,120005,7,8,,0,127,8128,584.65762329101562,convergence
ext-w1,5,120005,7,9,,0,177,11328,582.25087738037109,convergence
ext-w1,5,120005,7,10,,0,153,9792,582.86084874471032,convergence
ext-w1,5,120005,7,11,,0,164,10496,582.25227483113611,convergence
ext-w1,5,120005,7,12,,0,164,10496,582.24866104125977,convergence
ext-w1,5,120005,7,13,,0,121,7744,576.62988662719727,convergence
ext-w1,5,120005,7,14,,0,157,10048,583.32672373453772,convergence
ext-w1,5,120005,7,15,,0,163,10432,583.30317560831702,convergence
ext-w1,5,120005,7,16,,0,171,10944,583.29542414347327,convergence
ext-w1,5,120005,7,17,,0,132,8448,576.62945556640625,convergence
ext-w1,5,120005,7,18,,0,166,10624,576.61572519938147,convergence
ext-w1,5,120005,7,19,,0,134,8576,583.60987091064453,convergence
ext-w1,5,120005,7,20,,0,155,9920,582.85860061645508,convergence
ext-w1,5,120005,7,21,,0,124,7936,576.62984212239587,convergence
ext-w1,5,120005,7,22,,0,195,12480,583.12543487548828,convergence
ext-w1,5,120005,7,23,,0,113,7232,578.98801930745446,convergence
ext-w1,5,120005,7,24,,0,134,8576,581.78341166178382,convergence
ext-w1,5,120005,7,25,,0,175,11200,582.8616841634115,convergence
ext-w1,5,120005,7,26,,0,153,9792,583.60886128743493,convergence
ext-w1,5,120005,7,27,,0,200,12800,582.25348409016931,convergence
ext-w1,5,120005,7,28,,0,135,8640,576.62984212239587,convergence
ext-w1,5,120005,7,29,,0,183,11712,582.24866104125977,convergence
ext-w1,5,120005,7,30,,0,152,9728,583.61126200358069,convergence
ext-w1,5,120005,7,31,,0,133,8512,581.53372955322266,convergence
ext-w1,5,120005,7,32,,0,166,10624,582.86084874471032,convergence
ext-w1,5,120005,7,33,,0,149,9536,582.85860061645508,convergence
ext-w1,5,120005,7,34,,0,180,11520,583.29267120361328,convergence
ext-w1,5,120005,7,35,,0,134,8576,576.62984212239587,convergence
ext-w1,5,120005,7,36,,0,214,13696,583.44092051188147,convergence
ext-w1,5,120005,7,37,,0,181,11584,582.25698471069336,convergence
ext-w1,5,120005,7,38,,0,141,9024,583.29706319173181,convergence
ext-w1,5,120005,7,39,,0,138,8832,582.87775548299157,convergence
ext-w1,5,120005,7,40,,0,155,9920,583.47921117146814,convergence
ext-w1,5,120005,7,41,,0,145,9280,583.32028198242188,convergence
ext-w1,5,120005,7,42,,0,122,7808,583.61247507731116,convergence
ext-w1,5,120005,7,43,,0,168,10752,583.44502512613929,convergence
ext-w1,5,120005,7,44,,0,163,10432,582.8616841634115,convergence
ext-w1,5,120005,7,45,,0,152,9728,583.60987091064453,convergence
ext-w1,5,120005,7,46,,0,151,9664,576.61503855387366,convergence
ext-w1,5,120005,7,47,,0,95,6080,585.55728022257483,convergence
ext-w1,5,120005,7,48,,0,137,8768,582.87481053670251,convergence
ext-w1,5,120005,7,49,,0,139,8896,576.62984212239587,convergence
ext-w1,5,120005,7,50,,0,158,10112,583.60811487833655,convergence
ext-w1,5,120005,7,51,,0,171,10944,582.26235961914062,convergence
ext-w1,5,120005,7,52,,0,146,9344,582.24866104125977,convergence
ext-w1,5,120005,7,53,,0,186,11904,583.30018361409509,convergence
ext-w1,5,120005,7,54,,0,170,10880,582.25116729736328,convergence
ext-w1,5,120005,7,55,,0,154,9856,583.83822886149085,convergence
ext-w1,5,120005,7,56,,0,146,9344,582.8616841634115,convergence
ext-w1,5,120005,7,57,,0,145,9280,576.61566925048828,convergence
ext-w1,5,120005,7,58,,0,184,11776,582.25101598103845,convergence
ext-w1,5,120005,7,59,,0,184,11776,582.24866104125977,convergence
ext-w1,5,120005,7,60,,0,157,10048,582.86084874471032,convergence
ext-w1,5,120005,7,61,,0,177,11328,582.25363540649414,convergence
ext-w1,5,120005,7,62,,0,141,9024,583.61248779296875,convergence
ext-w1,5,120005,7,63,,0,173,11072,582.24866104125977,convergence
ext-w1,5,120005,7,64,,0,138,8832,582.87775548299157,convergence
ext-w1,5,120005,7,65,,0,136,8704,576.62984212239587,convergence
ext-w1,5,120005,7,66,,0,166,10624,583.29267120361328,convergence
ext-w1,5,120005,7,67,,0,136,8704,584.90658696492517,convergence
ext-w1,5,120005,7,68,,0,195,12480,582.2488123575846,convergence
ext-w1,5,120005,7,69,,0,161,10304,583.29922231038415,convergence
ext-w1,5,120005,7,70,,0,155,9920,582.86058298746741,convergence
ext-w1,5,120005,7,71,,0,135,8640,583.61271413167321,convergence
ext-w1,5,120005,7,72,,0,157,10048,582.25116729736328,convergence
ext-w1,5,120005,7,73,,0,155,9920,576.65944798787439,convergence
ext-w1,5,120005,7,74,,0,161,10304,582.86084874471032,convergence
ext-w1,5,120005,7,75,,0,127,8128,576.62984212239587,convergence
ext-w1,5,120005,7,76,,0,127,8128,583.61126200358069,convergence
ext-w1,5,120005,7,77,,0,120,7680,582.8616841634115,convergence
ext-w1,5,120005,7,78,,0,155,9920,582.86084874471032,convergence
cold-w16,5,120005,0,0,,0,3293,210752,789.91532262166345,convergence
cold-w16,5,120005,0,1,,0,3179,203456,862.64567057291663,convergence
cold-w16,5,120005,0,2,,0,3095,198080,842.28400675455725,convergence
cold-w16,5,120005,0,3,,0,2812,179968,962.51388168334961,convergence
cold-w16,5,120005,0,4,,0,3279,209856,981.45371500651038,convergence
cold-w16,5,120005,0,5,,0,3053,195392,866.01282246907556,convergence
cold-w16,5,120005,0,6,,0,3157,202048,826.02322260538733,convergence
cold-w16,5,120005,0,7,,0,3221,206144,1023.8177706400553,convergence
cold-w16,5,120005,0,8,,0,3974,254336,925.02466456095374,convergence
cold-w16,5,120005,0,9,,0,2650,169600,897.26817957560218,convergence
cold-w16,5,120005,0,10,,0,2725,174400,876.48065439860022,convergence
cold-w16,5,120005,0,11,,0,4204,269056,772.47456995646155,convergence
cold-w16,5,120005,0,12,,0,3449,220736,836.12431462605798,convergence
cold-w16,5,120005,0,13,,0,3380,216320,727.51579411824548,convergence
cold-w16,5,120005,0,14,,0,3694,236416,800.35792668660486,convergence
cold-w16,5,120005,0,15,,0,3683,235712,841.91753005981445,convergence
cold-w16,5,120005,0,16,,0,5080,325120,1190.8479970296223,completed
cold-w16,5,120005,0,17,,0,3187,203968,881.34164555867517,convergence
cold-w16,5,120005,0,18,,0,3010,192640,907.66470845540368,convergence
cold-w16,5,120005,0,19,,0,3243,207552,1016.3667691548666,convergence
cold-w16,5,120005,0,20,,0,3238,207232,1132.3126805623372,convergence
cold-w16,5,120005,0,21,,0,3062,195968,929.95852788289392,convergence
cold-w16,5,120005,0,22,,0,2938,188032,962.12202199300134,convergence
cold-w16,5,120005,0,23,,0,3314,212096,965.61255264282227,convergence
cold-w16,5,120005,0,24,,0,3600,230400,958.70228830973304,convergence
cold-w16,5,120005,0,25,,0,3105,198720,771.59002939860022,convergence
cold-w16,5,120005,0,26,,0,3279,209856,962.61660257975257,convergence
cold-w16,5,120005,0,27,,0,2892,185088,862.49897130330407,convergence
cold-w16,5,120005,0,28,,0,2925,187200,951.7237434387207,convergence
cold-w16,5,120005,0,29,,0,3679,235456,763.70747756958008,convergence
ext-w8,6,120006,0,0,,0,1275,81600,663.39589945475257,convergence
ext-w8,6,120006,0,1,,0,1214,77696,661.62906646728516,convergence
ext-w8,6,120006,0,2,,0,1224,78336,665.53828048706055,convergence
ext-w8,6,120006,0,3,,0,1129,72256,654.47792180379236,convergence
ext-w8,6,120006,0,4,,0,1346,86144,663.09337997436523,convergence
ext-w8,6,120006,0,5,,0,1321,84544,641.03595097859704,convergence
ext-w8,6,120006,0,6,,0,1424,91136,658.20252100626624,convergence
ext-w8,6,120006,0,7,,0,1425,91200,661.46457417805993,convergence
ext-w8,6,120006,0,8,,0,1362,87168,631.33358891805017,convergence
ext-w8,6,120006,0,9,,0,1260,80640,664.90586980183923,convergence
ext-w8,6,120006,0,10,,0,1249,79936,636.90378316243493,convergence
ext-w8,6,120006,0,11,,0,1643,105152,660.08528772989905,convergence
ext-w8,6,120006,0,12,,0,1725,110400,685.49694315592444,convergence
ext-w8,6,120006,0,13,,0,1973,126272,648.98417917887366,convergence
ext-w8,6,120006,0,14,,0,1352,86528,634.95010248819983,convergence
ext-w8,6,120006,0,15,,0,1081,69184,641.78449376424157,convergence
ext-w8,6,120006,0,16,,0,1428,91392,632.41825358072913,convergence
ext-w8,6,120006,0,17,,0,1559,99776,647.52053451538086,convergence
ext-w8,6,120006,0,18,,0,1424,91136,645.6569608052572,convergence
ext-w8,6,120006,0,19,,0,1153,73792,684.4129524230957,convergence
ext-w8,6,120006,0,20,,0,1714,109696,699.22746531168616,convergence
ext-w8,6,120006,0,21,,0,1922,123008,669.9873046875,convergence
ext-w8,6,120006,0,22,,0,1411,90304,670.26245498657227,convergence
ext-w8,6,120006,0,23,,0,1240,79360,660.8206685384115,convergence
ext-w8,6,120006,0,24,,0,1303,83392,638.82910537719727,convergence
ext-w8,6,120006,0,25,,0,1408,90112,643.66343688964844,convergence
ext-w8,6,120006,0,26,,0,1331,85184,663.7485020955404,convergence
ext-w8,6,120006,0,27,,0,1231,78784,667.98772684733069,convergence
ext-w8,6,120006,0,28,,0,1908,122112,639.68437067667639,convergence
ext-w8,6,120006,0,29,,0,1644,105216,659.34505844116211,convergence
ext-w8,6,120006,0,30,,0,1552,99328,642.75817489624023,convergence
ext-w8,6,120006,0,31,,0,1198,76672,648.09879175821936,convergence
ext-w8,6,120006,0,32,,0,1264,80896,662.25302886962891,convergence
ext-w8,6,120006,0,33,,0,1625,104000,673.69018427530921,convergence
ext-w8,6,120006,0,34,,0,1566,100224,644.98421478271484,convergence
ext-w8,6,120006,0,35,,0,1561,99904,660.35332361857093,convergence
ext-w8,6,120006,0,36,,0,1551,99264,657.99686813354492,convergence
ext-w8,6,120006,0,37,,0,1195,76480,646.67350769042969,convergence
ext-w8,6,120006,0,38,,0,1309,83776,658.87114588419593,convergence
ext-w8,6,120006,0,39,,0,1290,82560,660.68390655517578,convergence
ext-w8,6,120006,0,40,,0,1413,90432,643.56052398681641,convergence
ext-w8,6,120006,0,41,,0,3346,214144,668.64164225260413,convergence
ext-w8,6,120006,0,42,,0,1276,81664,632.58009084065759,convergence
ext-w8,6,120006,0,43,,0,1390,88960,670.87301127115882,convergence
ext-w8,6,120006,0,44,,0,1248,79872,668.17167790730798,convergence
ext-w8,6,120006,0,45,,0,948,60672,639.75248336791992,convergence
ext-w8,6,120006,0,46,,0,1162,74368,659.4767176310221,convergence
ext-w8,6,120006,0,47,,0,1719,110016,673.08000437418616,convergence
ext-w8,6,120006,0,48,,0,1731,110784,626.99536895751953,convergence
ext-w8,6,120006,0,49,,0,1354,86656,663.12104415893555,convergence
ext-w8,6,120006,0,50,,0,1620,103680,651.85490926106775,convergence
ext-w8,6,120006,0,51,,0,1124,71936,664.37792332967126,convergence
ext-w8,6,120006,0,52,,0,1583,101312,640.16496404012048,convergence
ext-w8,6,120006,0,53,,0,1339,85696,635.51769510904944,convergence
ext-w8,6,120006,0,54,,0,1224,78336,662.24708684285486,convergence
ext-w8,6,120006,0,55,,0,1632,104448,714.42651112874353,convergence
ext-w8,6,120006,0,56,,0,2974,190336,658.06135813395179,convergence
ext-w8,6,120006,0,57,,0,1105,70720,641.10587692260742,convergence
ext-w8,6,120006,0,58,,0,1262,80768,661.67097345987952,convergence
ext-w8,6,120006,0,59,,0,1203,76992,663.14049402872718,convergence
ext-w8,6,120006,0,60,,0,1331,85184,671.99339548746741,convergence
ext-w8,6,120006,0,61,,0,1561,99904,648.52932103474939,convergence
ext-w8,6,120006,0,62,,0,1955,125120,663.03603871663415,convergence
ext-w8,6,120006,0,63,,0,2649,169536,634.67095692952478,convergence
ext-w8,6,120006,0,64,,0,1303,83392,630.11120986938477,convergence
ext-w8,6,120006,0,65,,0,1250,80000,666.87119547526038,convergence
ext-w4,6,120006,0,0,,0,541,34624,676.87309265136719,convergence
ext-w4,6,120006,0,1,,0,746,47744,670.7670682271322,convergence
ext-w4,6,120006,0,2,,0,727,46528,653.1327018737793,convergence
ext-w4,6,120006,0,3,,0,658,42112,675.08719380696618,convergence
ext-w4,6,120006,0,4,,0,566,36224,671.43232854207361,convergence
ext-w4,6,120006,0,5,,0,681,43584,672.24311192830407,convergence
ext-w4,6,120006,0,6,,0,735,47040,685.22813034057617,convergence
ext-w4,6,120006,0,7,,0,721,46144,683.08483250935876,convergence
ext-w4,6,120006,0,8,,0,528,33792,666.18203735351562,convergence
ext-w4,6,120006,0,9,,0,644,41216,674.06878789265954,convergence
ext-w4,6,120006,0,10,,0,606,38784,671.0577392578125,convergence
ext-w4,6,120006,0,11,,0,746,47744,662.07725779215491,convergence
ext-w4,6,120006,0,12,,0,655,41920,664.44641876220703,convergence
ext-w4,6,120006,0,13,,0,591,37824,672.01315816243493,convergence
ext-w4,6,120006,0,14,,0,681,43584,672.53035736083984,convergence
ext-w4,6,120006,0,15,,0,713,45632,673.71477254231775,convergence
ext-w4,6,120006,0,16,,0,653,41792,670.04996744791663,convergence
ext-w4,6,120006,0,17,,0,632,40448,685.62424468994141,convergence
ext-w4,6,120006,0,18,,0,559,35776,670.18544514973962,convergence
ext-w4,6,120006,0,19,,0,737,47168,669.23296101888025,convergence
ext-w4,6,120006,0,20,,0,718,45952,677.04873148600257,convergence
ext-w4,6,120006,0,21,,0,743,47552,673.33721923828125,convergence
ext-w4,6,120006,0,22,,0,637,40768,664.25530115763343,convergence
ext-w4,6,120006,0,23,,0,576,36864,682.02345275878906,convergence
ext-w4,6,120006,0,24,,0,629,40256,657.60907999674475,convergence
ext-w4,6,120006,0,25,,0,787,50368,674.61966832478845,convergence
ext-w4,6,120006,0,26,,0,558,35712,683.85852940877282,convergence
ext-w4,6,120006,0,27,,0,643,41152,670.85831960042321,convergence
ext-w4,6,120006,0,28,,0,731,46784,670.85663604736328,convergence
ext-w4,6,120006,0,29,,0,659,42176,670.64556248982751,convergence
ext-w4,6,120006,0,30,,0,690,44160,672.32027180989587,convergence
ext-w4,6,120006,0,31,,0,761,48704,672.72920735677087,convergence
ext-w4,6,120006,0,32,,0,604,38656,672.47953542073571,convergence
ext-w4,6,120006,0,33,,0,849,54336,667.57736078898108,convergence
ext-w4,6,120006,0,34,,0,664,42496,653.79918162027991,convergence
ext-w4,6,120006,0,35,,0,697,44608,671.88067372639978,convergence
ext-w4,6,120006,0,36,,0,610,39040,667.5714111328125,convergence
ext-w4,6,120006,0,37,,0,760,48640,656.13017145792639,convergence
ext-w4,6,120006,0,38,,0,691,44224,688.01945241292321,convergence
ext-w4,6,120006,0,39,,0,566,36224,652.73557917277014,convergence
ext-w4,6,120006,0,40,,0,618,39552,644.90958023071289,convergence
ext-w4,6,120006,0,41,,0,548,35072,672.97321701049805,convergence
ext-w4,6,120006,0,42,,0,510,32640,695.29385121663415,convergence
ext-w4,6,120006,0,43,,0,668,42752,682.97476196289062,convergence
ext-w4,6,120006,0,44,,0,598,38272,670.94023768107093,convergence
ext-w4,6,120006,0,45,,0,662,42368,688.68234634399414,convergence
ext-w4,6,120006,0,46,,0,600,38400,672.3980496724447,convergence
ext-w4,6,120006,0,47,,0,537,34368,670.58112716674805,convergence
ext-w4,6,120006,0,48,,0,648,41472,675.83956146240234,convergence
ext-w4,6,120006,0,49,,0,594,38016,670.867909749349,convergence
ext-w4,6,120006,0,50,,0,704,45056,657.18554306030273,convergence
ext-w4,6,120006,0,51,,0,719,46016,688.02522786458337,convergence
ext-w4,6,120006,0,52,,0,1294,82816,675.05767440795898,convergence
ext-w4,6,120006,0,53,,0,628,40192,652.49501291910804,convergence
ext-w4,6,120006,0,54,,0,803,51392,672.49745178222656,convergence
ext-w4,6,120006,0,55,,0,595,38080,671.52141698201501,convergence
ext-w4,6,120006,0,56,,0,643,41152,695.90597025553382,convergence
ext-w4,6,120006,0,57,,0,605,38720,671.65371704101562,convergence
ext-w4,6,120006,0,58,,0,632,40448,667.40152740478516,convergence
ext-w4,6,120006,0,59,,0,506,32384,670.29480616251624,convergence
ext-w4,6,120006,0,60,,0,674,43136,673.00099436442054,convergence
ext-w4,6,120006,0,61,,0,624,39936,670.56230926513672,convergence
ext-w4,6,120006,0,62,,0,575,36800,681.028076171875,convergence
ext-w4,6,120006,0,63,,0,781,49984,685.21661758422852,convergence
ext-w4,6,120006,0,64,,0,956,61184,689.86510976155603,convergence
ext-w4,6,120006,0,65,,0,552,35328,673.21327082316077,convergence
ext-w4,6,120006,0,66,,0,720,46080,670.78522745768225,convergence
ext-w4,6,120006,0,67,,0,648,41472,671.45304361979163,convergence
ext-w4,6,120006,0,68,,0,576,36864,672.94677480061853,convergence
ext-w4,6,120006,0,69,,0,1126,72064,674.10972849527991,convergence
ext-w4,6,120006,0,70,,0,751,48064,669.18687438964844,convergence
ext-w4,6,120006,0,71,,0,584,37376,669.33673095703125,convergence
ext-w4,6,120006,1,0,,0,684,43776,608.1123046875,convergence
ext-w4,6,120006,1,1,,0,711,45504,620.8246065775553,convergence
ext-w4,6,120006,1,2,,0,549,35136,620.26327133178711,convergence
ext-w4,6,120006,1,3,,0,664,42496,621.70242182413733,convergence
ext-w4,6,120006,1,4,,0,584,37376,621.04046249389648,convergence
ext-w4,6,120006,1,5,,0,951,60864,614.29018656412757,convergence
ext-w4,6,120006,1,6,,0,532,34048,616.73490905761719,convergence
ext-w4,6,120006,1,7,,0,548,35072,612.5309842427572,convergence
ext-w4,6,120006,1,8,,0,699,44736,619.70117823282874,convergence
ext-w4,6,120006,1,9,,0,953,60992,606.16010284423828,convergence
ext-w4,6,120006,1,10,,0,662,42368,624.64338556925452,convergence
ext-w4,6,120006,1,11,,0,617,39488,620.2528406778971,convergence
ext-w4,6,120006,1,12,,0,557,35648,622.94599278767907,convergence
ext-w4,6,120006,1,13,,0,723,46272,621.76011276245117,convergence
ext-w4,6,120006,1,14,,0,629,40256,603.69767761230469,convergence
ext-w4,6,120006,1,15,,0,688,44032,610.31448109944665,convergence
ext-w4,6,120006,1,16,,0,677,43328,602.19353866577148,convergence
ext-w4,6,120006,1,17,,0,537,34368,623.7044792175293,convergence
ext-w4,6,120006,1,18,,0,714,45696,610.79504267374671,convergence
ext-w4,6,120006,1,19,,0,659,42176,623.3189595540365,convergence
ext-w4,6,120006,1,20,,0,608,38912,617.60992558797204,convergence
ext-w4,6,120006,1,21,,0,638,40832,617.72981262207031,convergence
ext-w4,6,120006,1,22,,0,635,40640,608.94531885782874,convergence
ext-w4,6,120006,1,23,,0,730,46720,608.22889455159509,convergence
ext-w4,6,120006,1,24,,0,895,57280,623.55671691894531,convergence
ext-w4,6,120006,1,25,,0,725,46400,608.88328679402673,convergence
ext-w4,6,120006,1,26,,0,649,41536,606.98634592692054,convergence
ext-w4,6,120006,1,27,,0,655,41920,617.87926737467444,convergence
ext-w4,6,120006,1,28,,0,846,54144,626.39953994750977,convergence
ext-w4,6,120006,1,29,,0,570,36480,610.32058080037439,convergence
ext-w4,6,120006,1,30,,0,850,54400,609.43843205769861,convergence
ext-w4,6,120006,1,31,,0,643,41152,615.07203547159827,convergence
ext-w4,6,120006,1,32,,0,1201,76864,617.10726928710938,convergence
ext-w4,6,120006,1,33,,0,624,39936,622.13224156697595,convergence
ext-w4,6,120006,1,34,,0,645,41280,610.2699864705404,convergence
ext-w4,6,120006,1,35,,0,546,34944,618.10528691609704,convergence
ext-w4,6,120006,1,36,,0,953,60992,619.007568359375,convergence
ext-w4,6,120006,1,37,,0,711,45504,606.48239517211914,convergence
ext-w4,6,120006,1,38,,0,599,38336,620.80765533447266,convergence
ext-w4,6,120006,1,39,,0,731,46784,607.99798075358069,convergence
ext-w4,6,120006,1,40,,0,626,40064,633.11765543619788,convergence
ext-w4,6,120006,1,41,,0,611,39104,592.29984283447266,convergence
ext-w4,6,120006,1,42,,0,601,38464,607.54252243041992,convergence
ext-w4,6,120006,1,43,,0,668,42752,609.45471572875977,convergence
ext-w4,6,120006,1,44,,0,769,49216,603.68610000610352,convergence
ext-w4,6,120006,1,45,,0,626,40064,622.81298573811853,convergence
ext-w4,6,120006,1,46,,0,725,46400,600.38941955566406,convergence
ext-w4,6,120006,1,47,,0,632,40448,626.75952784220374,convergence
ext-w4,6,120006,1,48,,0,906,57984,603.57134119669593,convergence
ext-w4,6,120006,1,49,,0,676,43264,606.26596323649085,convergence
ext-w4,6,120006,1,50,,0,703,44992,610.17461395263672,convergence
ext-w4,6,120006,1,51,,0,517,33088,625.7691548665365,convergence
ext-w4,6,120006,1,52,,0,677,43328,617.81876500447595,convergence
ext-w4,6,120006,1,53,,0,680,43520,607.263682047526,convergence
ext-w4,6,120006,1,54,,0,577,36928,609.33756001790368,convergence
ext-w4,6,120006,1,55,,0,546,34944,613.6335779825846,convergence
ext-w4,6,120006,1,56,,0,540,34560,627.46160380045569,convergence
ext-w4,6,120006,1,57,,0,729,46656,601.27369944254554,convergence
ext-w4,6,120006,1,58,,0,670,42880,608.00885009765625,convergence
ext-w4,6,120006,1,59,,0,560,35840,616.26690292358398,convergence
ext-w4,6,120006,1,60,,0,751,48064,615.78500747680664,convergence
ext-w4,6,120006,1,61,,0,567,36288,610.05550003051758,convergence
ext-w4,6,120006,1,62,,0,1081,69184,626.48718770345056,convergence
ext-w4,6,120006,1,63,,0,974,62336,618.55960083007812,convergence
ext-w4,6,120006,1,64,,0,950,60800,602.57978820800781,convergence
ext-w4,6,120006,1,65,,0,567,36288,619.50484466552734,convergence
ext-w4,6,120006,1,66,,0,566,36224,626.44303003946936,convergence
ext-w4,6,120006,1,67,,0,638,40832,618.51385752360022,convergence
ext-w4,6,120006,1,68,,0,629,40256,604.45024998982751,convergence
ext-w4,6,120006,1,69,,0,575,36800,623.8401883443197,convergence
ext-w4,6,120006,1,70,,0,1241,79424,599.68421936035156,convergence
ext-w2,6,120006,0,0,,0,360,23040,689.83430608113611,convergence
ext-w2,6,120006,0,1,,0,242,15488,694.98267364501953,convergence
ext-w2,6,120006,0,2,,0,302,19328,677.73287200927734,convergence
ext-w2,6,120006,0,3,,0,426,27264,701.38658269246423,convergence
ext-w2,6,120006,0,4,,0,349,22336,694.36087799072266,convergence
ext-w2,6,120006,0,5,,0,348,22272,682.86760711669922,convergence
ext-w2,6,120006,0,6,,0,423,27072,694.52965545654297,convergence
ext-w2,6,120006,0,7,,0,318,20352,682.08855183919275,convergence
ext-w2,6,120006,0,8,,0,425,27200,688.71489842732751,convergence
ext-w2,6,120006,0,9,,0,364,23296,715.99931208292639,convergence
ext-w2,6,120006,0,10,,0,290,18560,695.04548645019531,convergence
ext-w2,6,120006,0,11,,0,237,15168,695.03937149047852,convergence
ext-w2,6,120006,0,12,,0,415,26560,689.83869806925452,convergence
ext-w2,6,120006,0,13,,0,338,21632,704.54728317260742,convergence
ext-w2,6,120006,0,14,,0,379,24256,704.57166290283203,convergence
ext-w2,6,120006,0,15,,0,224,14336,695.45898691813147,convergence
ext-w2,6,120006,0,16,,0,330,21120,700.29475911458337,convergence
ext-w2,6,120006,0,17,,0,289,18496,694.45695241292321,convergence
ext-w2,6,120006,0,18,,0,299,19136,701.85233561197913,convergence
ext-w2,6,120006,0,19,,0,302,19328,698.52204132080078,convergence
ext-w2,6,120006,0,20,,0,319,20416,688.99005635579431,convergence
ext-w2,6,120006,0,21,,0,410,26240,704.24843597412109,convergence
ext-w2,6,120006,0,22,,0,324,20736,678.8281135559082,convergence
ext-w2,6,120006,0,23,,0,266,17024,683.70617802937829,convergence
ext-w2,6,120006,0,24,,0,369,23616,704.530019124349,convergence
ext-w2,6,120006,0,25,,0,266,17024,694.95032501220703,convergence
ext-w2,6,120006,0,26,,0,277,17728,694.95286432902014,convergence
ext-w2,6,120006,0,27,,0,297,19008,694.4565645853678,convergence
ext-w2,6,120006,0,28,,0,306,19584,683.69050979614258,convergence
ext-w2,6,120006,0,29,,0,405,25920,694.40741093953454,convergence
ext-w2,6,120006,0,30,,0,275,17600,687.86076609293616,convergence
ext-w2,6,120006,0,31,,0,246,15744,694.96903610229492,convergence
ext-w2,6,120006,0,32,,0,313,20032,692.0577290852865,convergence
ext-w2,6,120006,0,33,,0,324,20736,693.86299514770508,convergence
ext-w2,6,120006,0,34,,0,282,18048,694.96608861287439,convergence
ext-w2,6,120006,0,35,,0,314,20096,678.84927241007483,convergence
ext-w2,6,120006,0,36,,0,280,17920,694.98279444376624,convergence
ext-w2,6,120006,0,37,,0,264,16896,678.82734807332361,convergence
ext-w2,6,120006,0,38,,0,308,19712,694.40347417195642,convergence
ext-w2,6,120006,0,39,,0,317,20288,695.05735015869141,convergence
ext-w2,6,120006,0,40,,0,562,35968,700.45664087931311,convergence
ext-w2,6,120006,0,41,,0,350,22400,700.68335851033532,convergence
ext-w2,6,120006,0,42,,0,317,20288,682.08713022867835,convergence
ext-w2,6,120006,0,43,,0,326,20864,694.4380098978678,convergence
ext-w2,6,120006,0,44,,0,334,21376,682.86409505208337,convergence
ext-w2,6,120006,0,45,,0,270,17280,695.03603871663415,convergence
ext-w2,6,120006,0,46,,0,314,20096,694.36701202392578,convergence
ext-w2,6,120006,0,47,,0,319,20416,690.76241048177087,convergence
ext-w2,6,120006,0,48,,0,319,20416,694.37007649739587,convergence
ext-w2,6,120006,0,49,,0,353,22592,692.05570475260413,convergence
ext-w2,6,120006,0,50,,0,265,16960,692.11473337809241,convergence
ext-w2,6,120006,0,51,,0,294,18816,695.05375544230139,convergence
ext-w2,6,120006,0,52,,0,295,18880,695.50990549723304,convergence
ext-w2,6,120006,0,53,,0,369,23616,694.38011042277014,convergence
ext-w2,6,120006,0,54,,0,374,23936,685.26428095499671,convergence
ext-w2,6,120006,0,55,,0,365,23360,702.55927022298181,convergence
ext-w2,6,120006,0,56,,0,315,20160,694.40884780883789,convergence
ext-w2,6,120006,0,57,,0,335,21440,706.19850540161133,convergence
ext-w2,6,120006,0,58,,0,322,20608,689.86926651000977,convergence
ext-w2,6,120006,0,59,,0,306,19584,694.38922500610352,convergence
ext-w2,6,120006,0,60,,0,347,22208,697.03822580973304,convergence
ext-w2,6,120006,0,61,,0,271,17344,694.3608283996582,convergence
ext-w2,6,120006,0,62,,0,312,19968,694.6987520853678,convergence
ext-w2,6,120006,0,63,,0,364,23296,696.26981608072913,convergence
ext-w2,6,120006,0,64,,0,289,18496,706.81934102376306,convergence
ext-w2,6,120006,0,65,,0,320,20480,701.84240214029944,convergence
ext-w2,6,120006,0,66,,0,319,20416,694.36020533243811,convergence
ext-w2,6,120006,0,67,,0,327,20928,693.87614568074548,convergence
ext-w2,6,120006,0,68,,0,311,19904,694.97955958048499,convergence
ext-w2,6,120006,0,69,,0,306,19584,708.50099690755212,convergence
ext-w2,6,120006,0,70,,0,356,22784,695.04299290974939,convergence
ext-w2,6,120006,0,71,,0,343,21952,700.3171056111654,convergence
ext-w2,6,120006,0,72,,0,359,22976,700.31754175821936,convergence
ext-w2,6,120006,0,73,,0,327,20928,689.84647369384766,convergence
ext-w2,6,120006,0,74,,0,378,24192,694.40869776407874,convergence
ext-w2,6,120006,1,0,,0,371,23744,667.74323908487952,convergence
ext-w2,6,120006,1,1,,0,333,21312,653.74751536051429,convergence
ext-w2,6,120006,1,2,,0,365,23360,655.84870147705078,convergence
ext-w2,6,120006,1,3,,0,291,18624,657.56469472249353,convergence
ext-w2,6,120006,1,4,,0,280,17920,662.86242930094397,convergence
ext-w2,6,120006,1,5,,0,350,22400,643.0823872884115,convergence
ext-w2,6,120006,1,6,,0,299,19136,667.69760258992517,convergence
ext-w2,6,120006,1,7,,0,360,23040,640.87650044759118,convergence
ext-w2,6,120006,1,8,,0,343,21952,653.34595362345374,convergence
ext-w2,6,120006,1,9,,0,385,24640,646.62261962890625,convergence
ext-w2,6,120006,1,10,,0,361,23104,667.69628397623694,convergence
ext-w2,6,120006,1,11,,0,335,21440,664.24816385904944,convergence
ext-w2,6,120006,1,12,,0,344,22016,654.33180109659827,convergence
ext-w2,6,120006,1,13,,0,320,20480,654.85214106241858,convergence
ext-w2,6,120006,1,14,,0,409,26176,641.73119354248047,convergence
ext-w2,6,120006,1,15,,0,296,18944,635.89498392740882,convergence
ext-w2,6,120006,1,16,,0,386,24704,655.69625727335608,convergence
ext-w2,6,120006,1,17,,0,330,21120,667.83522288004554,convergence
ext-w2,6,120006,1,18,,0,291,18624,667.57202911376953,convergence
ext-w2,6,120006,1,19,,0,323,20672,653.85540390014648,convergence
ext-w2,6,120006,1,20,,0,357,22848,653.37105687459314,convergence
ext-w2,6,120006,1,21,,0,381,24384,655.28002548217773,convergence
ext-w2,6,120006,1,22,,0,371,23744,668.62593332926429,convergence
ext-w2,6,120006,1,23,,0,267,17088,654.24248631795251,convergence
ext-w2,6,120006,1,24,,0,328,20992,654.90686925252282,convergence
ext-w2,6,120006,1,25,,0,410,26240,669.93325678507483,convergence
ext-w2,6,120006,1,26,,0,272,17408,640.89977773030603,convergence
ext-w2,6,120006,1,27,,0,243,15552,633.9071146647135,convergence
ext-w2,6,120006,1,28,,0,301,19264,654.34991836547852,convergence
ext-w2,6,120006,1,29,,0,444,28416,653.8511962890625,convergence
ext-w2,6,120006,1,30,,0,383,24512,669.68177795410156,convergence
ext-w2,6,120006,1,31,,0,315,20160,635.91217168172204,convergence
ext-w2,6,120006,1,32,,0,305,19520,653.91872533162439,convergence
ext-w2,6,120006,1,33,,0,342,21888,653.36950047810876,convergence
ext-w2,6,120006,1,34,,0,266,17024,633.91340382893884,convergence
ext-w2,6,120006,1,35,,0,266,17024,668.81791559855139,convergence
ext-w2,6,120006,1,36,,0,288,18432,640.92098363240564,convergence
ext-w2,6,120006,1,37,,0,371,23744,648.6330680847168,convergence
ext-w2,6,120006,1,38,,0,304,19456,655.30682245890296,convergence
ext-w2,6,120006,1,39,,0,275,17600,646.63502502441406,convergence
ext-w2,6,120006,1,40,,0,310,19840,652.45776240030921,convergence
ext-w2,6,120006,1,41,,0,298,19072,655.58908208211267,convergence
ext-w2,6,120006,1,42,,0,397,25408,655.88032404581702,convergence
ext-w2,6,120006,1,43,,0,403,25792,651.50725301106775,convergence
ext-w2,6,120006,1,44,,0,363,23232,667.90300114949548,convergence
ext-w2,6,120006,1,45,,0,307,19648,649.24991353352868,convergence
ext-w2,6,120006,1,46,,0,347,22208,657.30922953287757,convergence
ext-w2,6,120006,1,47,,0,293,18752,650.68009948730469,convergence
ext-w2,6,120006,1,48,,0,319,20416,654.86627070109046,convergence
ext-w2,6,120006,1,49,,0,298,19072,653.38823699951172,convergence
ext-w2,6,120006,1,50,,0,380,24320,657.63625844319665,convergence
ext-w2,6,120006,1,51,,0,423,27072,651.49596532185876,convergence
ext-w2,6,120006,1,52,,0,303,19392,660.09627405802405,convergence
ext-w2,6,120006,1,53,,0,302,19328,667.94203313191736,convergence
ext-w2,6,120006,1,54,,0,270,17280,654.42682139078772,convergence
ext-w2,6,120006,1,55,,0,300,19200,667.77375411987305,convergence
ext-w2,6,120006,1,56,,0,242,15488,640.91960652669275,convergence
ext-w2,6,120006,1,57,,0,361,23104,667.42249806722009,convergence
ext-w2,6,120006,1,58,,0,291,18624,654.87285741170251,convergence
ext-w2,6,120006,1,59,,0,408,26112,658.19421641031897,convergence
ext-w2,6,120006,1,60,,0,335,21440,648.63259124755859,convergence
ext-w2,6,120006,1,61,,0,365,23360,654.45765940348304,convergence
ext-w2,6,120006,1,62,,0,344,22016,664.17570495605469,convergence
ext-w2,6,120006,1,63,,0,301,19264,646.642832438151,convergence
ext-w2,6,120006,1,64,,0,318,20352,654.42358144124353,convergence
ext-w2,6,120006,1,65,,0,310,19840,660.52391688028968,convergence
ext-w2,6,120006,1,66,,0,302,19328,650.32197952270508,convergence
ext-w2,6,120006,1,67,,0,282,18048,656.85516103108728,convergence
ext-w2,6,120006,1,68,,0,279,17856,646.37265141805017,convergence
ext-w2,6,120006,1,69,,0,333,21312,655.70395024617517,convergence
ext-w2,6,120006,1,70,,0,277,17728,648.66217931111657,convergence
ext-w2,6,120006,1,71,,0,231,14784,633.91809844970703,convergence
ext-w2,6,120006,1,72,,0,334,21376,653.35248184204102,convergence
ext-w2,6,120006,1,73,,0,314,20096,657.61893208821618,convergence
ext-w2,6,120006,2,0,,0,339,21696,610.66300201416016,convergence
ext-w2,6,120006,2,1,,0,316,20224,612.25204086303711,convergence
ext-w2,6,120006,2,2,,0,350,22400,622.69146092732751,convergence
ext-w2,6,120006,2,3,,0,332,21248,612.31855646769202,convergence
ext-w2,6,120006,2,4,,0,417,26688,604.83103179931641,convergence
ext-w2,6,120006,2,5,,0,326,20864,610.7403678894043,convergence
ext-w2,6,120006,2,6,,0,371,23744,620.94371668497718,convergence
ext-w2,6,120006,2,7,,0,358,22912,610.1768468221029,convergence
ext-w2,6,120006,2,8,,0,351,22464,606.96721522013343,convergence
ext-w2,6,120006,2,9,,0,329,21056,613.46073532104492,convergence
ext-w2,6,120006,2,10,,0,312,19968,618.22860972086585,convergence
ext-w2,6,120006,2,11,,0,292,18688,612.33031463623047,convergence
ext-w2,6,120006,2,12,,0,358,22912,613.475087483724,convergence
ext-w2,6,120006,2,13,,0,381,24384,612.02165985107422,convergence
ext-w2,6,120006,2,14,,0,375,24000,613.47863260904944,convergence
ext-w2,6,120006,2,15,,0,419,26816,604.81658172607422,convergence
ext-w2,6,120006,2,16,,0,275,17600,610.03009414672852,convergence
ext-w2,6,120006,2,17,,0,371,23744,614.01744206746423,convergence
ext-w2,6,120006,2,18,,0,306,19584,607.17378234863281,convergence
ext-w2,6,120006,2,19,,0,394,25216,604.83359400431311,convergence
ext-w2,6,120006,2,20,,0,318,20352,610.51909383138025,convergence
ext-w2,6,120006,2,21,,0,340,21760,620.04372660319007,convergence
ext-w2,6,120006,2,22,,0,312,19968,605.37891515096032,convergence
ext-w2,6,120006,2,23,,0,337,21568,597.90439478556311,convergence
ext-w2,6,120006,2,24,,0,434,27776,616.29951858520508,convergence
ext-w2,6,120006,2,25,,0,490,31360,619.73828125,convergence
ext-w2,6,120006,2,26,,0,335,21440,607.15012868245446,convergence
ext-w2,6,120006,2,27,,0,356,22784,612.02171198527014,convergence
ext-w2,6,120006,2,28,,0,281,17984,607.19499460856116,convergence
ext-w2,6,120006,2,29,,0,417,26688,604.81969706217444,convergence
ext-w2,6,120006,2,30,,0,364,23296,620.60919952392578,convergence
ext-w2,6,120006,2,31,,0,275,17600,623.90862655639648,convergence
ext-w2,6,120006,2,32,,0,308,19712,610.50246938069665,convergence
ext-w2,6,120006,2,33,,0,354,22656,624.67542775472009,convergence
ext-w2,6,120006,2,34,,0,375,24000,613.45930099487305,convergence
ext-w2,6,120006,2,35,,0,308,19712,611.00007883707679,convergence
ext-w2,6,120006,2,36,,0,397,25408,611.34886423746741,convergence
ext-w2,6,120006,2,37,,0,414,26496,613.95181910196936,convergence
ext-w2,6,120006,2,38,,0,516,33024,617.89558792114258,convergence
ext-w2,6,120006,2,39,,0,334,21376,613.72067133585608,convergence
ext-w2,6,120006,2,40,,0,363,23232,604.83859888712561,convergence
ext-w2,6,120006,2,41,,0,444,28416,626.06046930948889,convergence
ext-w2,6,120006,2,42,,0,428,27392,612.11890284220374,convergence
ext-w2,6,120006,2,43,,0,352,22528,609.57057698567712,convergence
ext-w2,6,120006,2,44,,0,320,20480,606.85101699829102,convergence
ext-w2,6,120006,2,45,,0,404,25856,616.20725631713867,convergence
ext-w2,6,120006,2,46,,0,365,23360,611.84239451090491,convergence
ext-w2,6,120006,2,47,,0,318,20352,618.12152226765954,convergence
ext-w2,6,120006,2,48,,0,322,20608,612.00311787923181,convergence
ext-w2,6,120006,2,49,,0,338,21632,618.88555653889978,convergence
ext-w2,6,120006,2,50,,0,354,22656,620.35547129313147,convergence
ext-w2,6,120006,2,51,,0,362,23168,607.86232376098633,convergence
ext-w2,6,120006,2,52,,0,403,25792,614.37203598022461,convergence
ext-w2,6,120006,2,53,,0,332,21248,613.42743428548181,convergence
ext-w2,6,120006,2,54,,0,329,21056,610.49913914998376,convergence
ext-w2,6,120006,2,55,,0,327,20928,620.96805572509766,convergence
ext-w2,6,120006,2,56,,0,349,22336,613.48117574055993,convergence
ext-w2,6,120006,2,57,,0,413,26432,614.32821273803711,convergence
ext-w2,6,120006,2,58,,0,338,21632,604.80088551839196,convergence
ext-w2,6,120006,2,59,,0,511,32704,613.0804443359375,convergence
ext-w2,6,120006,2,60,,0,493,31552,620.76113128662109,convergence
ext-w2,6,120006,2,61,,0,312,19968,610.29526519775391,convergence
ext-w2,6,120006,2,62,,0,307,19648,612.02921168009436,convergence
ext-w2,6,120006,2,63,,0,394,25216,622.32894515991211,convergence
ext-w2,6,120006,2,64,,0,488,31232,613.6253878275553,convergence
ext-w2,6,120006,2,65,,0,329,21056,612.45541000366211,convergence
ext-w2,6,120006,2,66,,0,418,26752,617.05317815144861,convergence
ext-w2,6,120006,3,0,,0,343,21952,581.75388590494788,convergence
ext-w2,6,120006,3,1,,0,337,21568,590.88823699951172,convergence
ext-w2,6,120006,3,2,,0,336,21504,578.85201899210608,convergence
ext-w2,6,120006,3,3,,0,303,19392,580.89558029174805,convergence
ext-w2,6,120006,3,4,,0,338,21632,590.36075592041016,convergence
ext-w2,6,120006,3,5,,0,370,23680,581.52689743041992,convergence
ext-w2,6,120006,3,6,,0,358,22912,587.76709238688147,convergence
ext-w2,6,120006,3,7,,0,350,22400,588.51254272460938,convergence
ext-w2,6,120006,3,8,,0,299,19136,589.72378540039062,convergence
ext-w2,6,120006,3,9,,0,312,19968,576.91400273640954,convergence
ext-w2,6,120006,3,10,,0,366,23424,581.52867762247718,convergence
ext-w2,6,120006,3,11,,0,315,20160,590.19442621866858,convergence
ext-w2,6,120006,3,12,,0,356,22784,588.45705540974939,convergence
ext-w2,6,120006,3,13,,0,308,19712,586.00239435831702,convergence
ext-w2,6,120006,3,14,,0,319,20416,594.23355611165368,convergence
ext-w2,6,120006,3,15,,0,380,24320,583.18681462605798,convergence
ext-w2,6,120006,3,16,,0,330,21120,588.44899876912439,convergence
ext-w2,6,120006,3,17,,0,373,23872,576.90593338012695,convergence
ext-w2,6,120006,3,18,,0,413,26432,590.43840535481775,convergence
ext-w2,6,120006,3,19,,0,287,18368,587.7769559224447,convergence
ext-w2,6,120006,3,20,,0,368,23552,581.528554280599,convergence
ext-w2,6,120006,3,21,,0,270,17280,580.36478551228845,convergence
ext-w2,6,120006,3,22,,0,403,25792,583.32264582316077,convergence
ext-w2,6,120006,3,23,,0,378,24192,585.71209081014001,convergence
ext-w2,6,120006,3,24,,0,339,21696,592.64457702636719,convergence
ext-w2,6,120006,3,25,,0,332,21248,586.90754445393884,convergence
ext-w2,6,120006,3,26,,0,316,20224,580.79634730021155,convergence
ext-w2,6,120006,3,27,,0,453,28992,586.0223286946615,convergence
ext-w2,6,120006,3,28,,0,363,23232,581.63131205240882,convergence
ext-w2,6,120006,3,29,,0,306,19584,590.21849822998047,convergence
ext-w2,6,120006,3,30,,0,405,25920,586.01314290364587,convergence
ext-w2,6,120006,3,31,,0,340,21760,585.17364501953125,convergence
ext-w2,6,120006,3,32,,0,269,17216,592.29659398396814,convergence
ext-w2,6,120006,3,33,,0,556,35584,583.23311106363929,convergence
ext-w2,6,120006,3,34,,0,301,19264,576.91400273640954,convergence
ext-w2,6,120006,3,35,,0,255,16320,576.91473134358728,convergence
ext-w2,6,120006,3,36,,0,367,23488,583.50185012817383,convergence
ext-w2,6,120006,3,37,,0,326,20864,581.68183008829749,convergence
ext-w2,6,120006,3,38,,0,346,22144,590.32519785563147,convergence
ext-w2,6,120006,3,39,,0,366,23424,590.19520441691077,convergence
ext-w2,6,120006,3,40,,0,327,20928,590.07664616902673,convergence
ext-w2,6,120006,3,41,,0,257,16448,590.70367685953772,convergence
ext-w2,6,120006,3,42,,0,402,25728,581.68092727661133,convergence
ext-w2,6,120006,3,43,,0,417,26688,579.67009480794275,convergence
ext-w2,6,120006,3,44,,0,362,23168,585.17539596557617,convergence
ext-w2,6,120006,3,45,,0,308,19712,580.77192815144861,convergence
ext-w2,6,120006,3,46,,0,372,23808,586.75117238362634,convergence
ext-w2,6,120006,3,47,,0,358,22912,590.11664454142249,convergence
ext-w2,6,120006,3,48,,0,369,23616,580.8075841267904,convergence
ext-w2,6,120006,3,49,,0,317,20288,583.21276728312171,convergence
ext-w2,6,120006,3,50,,0,296,18944,587.79154713948571,convergence
ext-w2,6,120006,3,51,,0,375,24000,588.69868342081702,convergence
ext-w2,6,120006,3,52,,0,311,19904,583.18599319458008,convergence
ext-w2,6,120006,3,53,,0,428,27392,590.36191940307617,convergence
ext-w2,6,120006,3,54,,0,378,24192,588.11100641886389,convergence
ext-w2,6,120006,3,55,,0,301,19264,580.36968358357751,convergence
ext-w2,6,120006,3,56,,0,367,23488,581.77416737874353,convergence
ext-w2,6,120006,3,57,,0,406,25984,585.71373621622718,convergence
ext-w2,6,120006,3,58,,0,289,18496,580.77876281738281,convergence
ext-w2,6,120006,3,59,,0,263,16832,580.77996317545569,convergence
ext-w2,6,120006,3,60,,0,324,20736,589.0146369934082,convergence
ext-w2,6,120006,3,61,,0,304,19456,580.77739588419593,convergence
ext-w2,6,120006,3,62,,0,320,20480,583.20929590860999,convergence
ext-w2,6,120006,3,63,,0,294,18816,590.53525924682617,convergence
ext-w2,6,120006,3,64,,0,297,19008,590.27229563395179,convergence
ext-w2,6,120006,3,65,,0,346,22144,580.77122624715173,convergence
ext-w2,6,120006,3,66,,0,364,23296,583.7501220703125,convergence
ext-w2,6,120006,3,67,,0,348,22272,580.77963383992517,convergence
ext-w2,6,120006,3,68,,0,332,21248,588.61749267578125,convergence
ext-w2,6,120006,3,69,,0,331,21184,585.01098251342773,convergence
ext-w2,6,120006,3,70,,0,341,21824,581.63595708211267,convergence
ext-w1,6,120006,0,0,,0,204,13056,707.25123341878259,convergence
ext-w1,6,120006,0,1,,0,147,9408,708.53240458170569,convergence
ext-w1,6,120006,0,2,,0,204,13056,707.27342478434241,convergence
ext-w1,6,120006,0,3,,0,159,10176,707.25217056274414,convergence
ext-w1,6,120006,0,4,,0,174,11136,707.25203577677405,convergence
ext-w1,6,120006,0,5,,0,155,9920,703.97793706258142,convergence
ext-w1,6,120006,0,6,,0,111,7104,708.9628791809082,convergence
ext-w1,6,120006,0,7,,0,156,9984,707.25169499715173,convergence
ext-w1,6,120006,0,8,,0,154,9856,707.28051122029626,convergence
ext-w1,6,120006,0,9,,0,150,9600,703.97738265991211,convergence
ext-w1,6,120006,0,10,,0,179,11456,707.25146738688147,convergence
ext-w1,6,120006,0,11,,0,178,11392,707.27506128946936,convergence
ext-w1,6,120006,0,12,,0,131,8384,718.38464101155603,convergence
ext-w1,6,120006,0,13,,0,166,10624,707.251719156901,convergence
ext-w1,6,120006,0,14,,0,126,8064,708.09142939249671,convergence
ext-w1,6,120006,0,15,,0,171,10944,707.25217056274414,convergence
ext-w1,6,120006,0,16,,0,187,11968,707.25008773803711,convergence
ext-w1,6,120006,0,17,,0,100,6400,708.09639104207361,convergence
ext-w1,6,120006,0,18,,0,169,10816,707.25038146972656,convergence
ext-w1,6,120006,0,19,,0,155,9920,707.25075149536133,convergence
ext-w1,6,120006,0,20,,0,132,8448,707.25640106201172,convergence
ext-w1,6,120006,0,21,,0,153,9792,707.25058237711585,convergence
ext-w1,6,120006,0,22,,0,147,9408,707.25071716308594,convergence
ext-w1,6,120006,0,23,,0,145,9280,708.12525049845374,convergence
ext-w1,6,120006,0,24,,0,208,13312,707.24930826822913,convergence
ext-w1,6,120006,0,25,,0,162,10368,707.25741449991858,convergence
ext-w1,6,120006,0,26,,0,172,11008,707.25706100463867,convergence
ext-w1,6,120006,0,27,,0,142,9088,707.25650660196936,convergence
ext-w1,6,120006,0,28,,0,154,9856,707.2566248575846,convergence
ext-w1,6,120006,0,29,,0,154,9856,707.27650451660156,convergence
ext-w1,6,120006,0,30,,0,151,9664,707.25633239746094,convergence
ext-w1,6,120006,0,31,,0,162,10368,721.42872492472327,convergence
ext-w1,6,120006,0,32,,0,171,10944,707.25698979695642,convergence
ext-w1,6,120006,0,33,,0,115,7360,708.09350458780921,convergence
ext-w1,6,120006,0,34,,0,141,9024,711.49117151896155,convergence
ext-w1,6,120006,0,35,,0,172,11008,707.24962997436523,convergence
ext-w1,6,120006,0,36,,0,94,6016,708.09639104207361,convergence
ext-w1,6,120006,0,37,,0,141,9024,703.97617721557617,convergence
ext-w1,6,120006,0,38,,0,145,9280,707.25071716308594,convergence
ext-w1,6,120006,0,39,,0,140,8960,721.41648483276367,convergence
ext-w1,6,120006,0,40,,0,128,8192,711.52212015787757,convergence
ext-w1,6,120006,0,41,,0,122,7808,711.49392191569007,convergence
ext-w1,6,120006,0,42,,0,150,9600,707.25217056274414,convergence
ext-w1,6,120006,0,43,,0,173,11072,707.25786972045898,convergence
ext-w1,6,120006,0,44,,0,146,9344,721.11225255330407,convergence
ext-w1,6,120006,0,45,,0,133,8512,711.0257453918457,convergence
ext-w1,6,120006,0,46,,0,190,12160,707.25076039632165,convergence
ext-w1,6,120006,0,47,,0,174,11136,707.25008773803711,convergence
ext-w1,6,120006,0,48,,0,145,9280,711.49164962768555,convergence
ext-w1,6,120006,0,49,,0,186,11904,707.24962997436523,convergence
ext-w1,6,120006,0,50,,0,199,12736,707.24930826822913,convergence
ext-w1,6,120006,0,51,,0,183,11712,707.25064722696936,convergence
ext-w1,6,120006,0,52,,0,162,10368,721.42610295613611,convergence
ext-w1,6,120006,0,53,,0,175,11200,707.25061289469397,convergence
ext-w1,6,120006,0,54,,0,175,11200,707.24967829386389,convergence
ext-w1,6,120006,0,55,,0,133,8512,703.97946675618493,convergence
ext-w1,6,120006,0,56,,0,165,10560,707.2496452331543,convergence
ext-w1,6,120006,0,57,,0,178,11392,707.25715128580725,convergence
ext-w1,6,120006,0,58,,0,155,9920,707.25602595011389,convergence
ext-w1,6,120006,0,59,,0,197,12608,707.27204132080078,convergence
ext-w1,6,120006,0,60,,0,155,9920,707.25547281901038,convergence
ext-w1,6,120006,0,61,,0,165,10560,707.25217056274414,convergence
ext-w1,6,120006,0,62,,0,168,10752,707.25610097249353,convergence
ext-w1,6,120006,0,63,,0,145,9280,711.49117151896155,convergence
ext-w1,6,120006,0,64,,0,177,11328,707.25267283121741,convergence
ext-w1,6,120006,0,65,,0,122,7808,708.09467188517249,convergence
ext-w1,6,120006,0,66,,0,133,8512,708.9628791809082,convergence
ext-w1,6,120006,0,67,,0,151,9664,707.25008773803711,convergence
ext-w1,6,120006,0,68,,0,144,9216,707.2591654459635,convergence
ext-w1,6,120006,0,69,,0,167,10688,707.26387405395508,convergence
ext-w1,6,120006,0,70,,0,159,10176,707.2520650227865,convergence
ext-w1,6,120006,0,71,,0,127,8128,711.49117151896155,convergence
ext-w1,6,120006,0,72,,0,130,8320,711.49729665120446,convergence
ext-w1,6,120006,0,73,,0,145,9280,717.47208786010742,convergence
ext-w1,6,120006,0,74,,0,151,9664,711.54484685262048,convergence
ext-w1,6,120006,0,75,,0,165,10560,707.25030771891272,convergence
ext-w1,6,120006,0,76,,0,168,10752,707.25633239746094,convergence
ext-w1,6,120006,0,77,,0,155,9920,720.39371490478516,convergence
ext-w1,6,120006,1,0,,0,197,12608,683.6410013834635,convergence
ext-w1,6,120006,1,1,,0,110,7040,684.55664952596032,convergence
ext-w1,6,120006,1,2,,0,122,7808,683.69016138712561,convergence
ext-w1,6,120006,1,3,,0,210,13440,682.84960428873694,convergence
ext-w1,6,120006,1,4,,0,164,10496,682.85223388671875,convergence
ext-w1,6,120006,1,5,,0,130,8320,683.67695490519202,convergence
ext-w1,6,120006,1,6,,0,164,10496,682.86544036865234,convergence
ext-w1,6,120006,1,7,,0,129,8256,686.93192164103186,convergence
ext-w1,6,120006,1,8,,0,157,10048,682.84377924601233,convergence
ext-w1,6,120006,1,9,,0,116,7424,687.08541997273767,convergence
ext-w1,6,120006,1,10,,0,134,8576,697.01987330118811,convergence
ext-w1,6,120006,1,11,,0,285,18240,682.84523900349939,convergence
ext-w1,6,120006,1,12,,0,121,7744,683.69016138712561,convergence
ext-w1,6,120006,1,13,,0,174,11136,682.84363555908203,convergence
ext-w1,6,120006,1,14,,0,157,10048,682.85112253824866,convergence
ext-w1,6,120006,1,15,,0,160,10240,695.00815455118811,convergence
ext-w1,6,120006,1,16,,0,173,11072,682.84408696492517,convergence
ext-w1,6,120006,1,17,,0,123,7872,683.76422754923499,convergence
ext-w1,6,120006,1,18,,0,143,9152,697.92643356323242,convergence
ext-w1,6,120006,1,19,,0,197,12608,682.86459732055664,convergence
ext-w1,6,120006,1,20,,0,175,11200,682.84531275431311,convergence
ext-w1,6,120006,1,21,,0,184,11776,682.85128657023108,convergence
ext-w1,6,120006,1,22,,0,169,10816,682.84385808308923,convergence
ext-w1,6,120006,1,23,,0,141,9024,695.82545979817712,convergence
ext-w1,6,120006,1,24,,0,163,10432,682.84448750813806,convergence
ext-w1,6,120006,1,25,,0,171,10944,682.84479522705078,convergence
ext-w1,6,120006,1,26,,0,170,10880,682.85218811035156,convergence
ext-w1,6,120006,1,27,,0,177,11328,682.84549840291345,convergence
ext-w1,6,120006,1,28,,0,163,10432,682.84979629516602,convergence
ext-w1,6,120006,1,29,,0,148,9472,682.85331853230798,convergence
ext-w1,6,120006,1,30,,0,179,11456,682.84377924601233,convergence
ext-w1,6,120006,1,31,,0,184,11776,682.84579722086585,convergence
ext-w1,6,120006,1,32,,0,230,14720,682.86116282145179,convergence
ext-w1,6,120006,1,33,,0,119,7616,687.08494186401367,convergence
ext-w1,6,120006,1,34,,0,110,7040,683.68880081176758,convergence
ext-w1,6,120006,1,35,,0,162,10368,682.84594090779626,convergence
ext-w1,6,120006,1,36,,0,156,9984,682.84446207682288,convergence
ext-w1,6,120006,1,37,,0,172,11008,682.84377034505212,convergence
ext-w1,6,120006,1,38,,0,141,9024,692.71952692667639,convergence
ext-w1,6,120006,1,39,,0,176,11264,692.95427703857422,convergence
ext-w1,6,120006,1,40,,0,160,10240,697.01436106363929,convergence
ext-w1,6,120006,1,41,,0,148,9472,682.84588241577148,convergence
ext-w1,6,120006,1,42,,0,162,10368,682.84579722086585,convergence
ext-w1,6,120006,1,43,,0,166,10624,682.84438323974609,convergence
ext-w1,6,120006,1,44,,0,166,10624,682.84435272216797,convergence
ext-w1,6,120006,1,45,,0,142,9088,682.84407806396484,convergence
ext-w1,6,120006,1,46,,0,173,11072,682.85809961954749,convergence
ext-w1,6,120006,1,47,,0,139,8896,683.67974599202478,convergence
ext-w1,6,120006,1,48,,0,161,10304,682.85017140706384,convergence
ext-w1,6,120006,1,49,,0,157,10048,682.84651438395179,convergence
ext-w1,6,120006,1,50,,0,166,10624,682.84377034505212,convergence
ext-w1,6,120006,1,51,,0,139,8896,682.84438323974609,convergence
ext-w1,6,120006,1,52,,0,157,10048,682.84579722086585,convergence
ext-w1,6,120006,1,53,,0,195,12480,697.02210108439124,convergence
ext-w1,6,120006,1,54,,0,155,9920,682.8448270161947,convergence
ext-w1,6,120006,1,55,,0,161,10304,682.85083134969079,convergence
ext-w1,6,120006,1,56,,0,172,11008,682.84523900349939,convergence
ext-w1,6,120006,1,57,,0,183,11712,690.39501190185547,convergence
ext-w1,6,120006,1,58,,0,156,9984,682.84441757202148,convergence
ext-w1,6,120006,1,59,,0,129,8256,687.09213129679358,convergence
ext-w1,6,120006,1,60,,0,126,8064,687.09039306640625,convergence
ext-w1,6,120006,1,61,,0,177,11328,682.85083134969079,convergence
ext-w1,6,120006,1,62,,0,202,12928,697.01379013061523,convergence
ext-w1,6,120006,1,63,,0,153,9792,682.84377924601233,convergence
ext-w1,6,120006,1,64,,0,141,9024,696.80026372273767,convergence
ext-w1,6,120006,1,65,,0,156,9984,682.84366607666016,convergence
ext-w1,6,120006,1,66,,0,125,8000,683.69016138712561,convergence
ext-w1,6,120006,1,67,,0,182,11648,682.86544036865234,convergence
ext-w1,6,120006,1,68,,0,165,10560,682.85017140706384,convergence
ext-w1,6,120006,1,69,,0,153,9792,682.85548909505212,convergence
ext-w1,6,120006,1,70,,0,132,8448,694.5334256490072,convergence
ext-w1,6,120006,1,71,,0,194,12416,682.84979629516602,convergence
ext-w1,6,120006,1,72,,0,200,12800,682.84960428873694,convergence
ext-w1,6,120006,1,73,,0,155,9920,697.01307423909509,convergence
ext-w1,6,120006,1,74,,0,144,9216,682.84620666503906,convergence
ext-w1,6,120006,1,75,,0,128,8192,696.5544102986654,convergence
ext-w1,6,120006,2,0,,0,153,9792,665.43116760253906,convergence
ext-w1,6,120006,2,1,,0,203,12992,665.40928777058923,convergence
ext-w1,6,120006,2,2,,0,155,9920,678.20351791381836,convergence
ext-w1,6,120006,2,3,,0,150,9600,665.43029022216797,convergence
ext-w1,6,120006,2,4,,0,118,7552,663.42410786946618,convergence
ext-w1,6,120006,2,5,,0,151,9664,657.67197799682617,convergence
ext-w1,6,120006,2,6,,0,184,11776,665.38210423787439,convergence
ext-w1,6,120006,2,7,,0,127,8128,675.87739817301429,convergence
ext-w1,6,120006,2,8,,0,104,6656,663.42410786946618,convergence
ext-w1,6,120006,2,9,,0,134,8576,665.38086573282874,convergence
ext-w1,6,120006,2,10,,0,124,7936,669.46669006347656,convergence
ext-w1,6,120006,2,11,,0,121,7744,663.42410786946618,convergence
ext-w1,6,120006,2,12,,0,176,11264,665.42818832397461,convergence
ext-w1,6,120006,2,13,,0,143,9152,665.41943359375,convergence
ext-w1,6,120006,2,14,,0,133,8512,665.38814417521155,convergence
ext-w1,6,120006,2,15,,0,115,7360,663.42410786946618,convergence
ext-w1,6,120006,2,16,,0,155,9920,675.88733164469397,convergence
ext-w1,6,120006,2,17,,0,161,10304,669.45591354370117,convergence
ext-w1,6,120006,2,18,,0,179,11456,665.40307998657227,convergence
ext-w1,6,120006,2,19,,0,174,11136,675.88733164469397,convergence
ext-w1,6,120006,2,20,,0,157,10048,665.38542175292969,convergence
ext-w1,6,120006,2,21,,0,181,11584,665.42767842610681,convergence
ext-w1,6,120006,2,22,,0,141,9024,663.42410786946618,convergence
ext-w1,6,120006,2,23,,0,193,12352,665.42001978556311,convergence
ext-w1,6,120006,2,24,,0,130,8320,665.43255360921228,convergence
ext-w1,6,120006,2,25,,0,157,10048,665.38735580444336,convergence
ext-w1,6,120006,2,26,,0,148,9472,673.71619033813477,convergence
ext-w1,6,120006,2,27,,0,145,9280,669.46059417724609,convergence
ext-w1,6,120006,2,28,,0,124,7936,675.15518188476562,convergence
ext-w1,6,120006,2,29,,0,150,9600,665.38086573282874,convergence
ext-w1,6,120006,2,30,,0,150,9600,673.65759023030603,convergence
ext-w1,6,120006,2,31,,0,140,8960,657.66037750244141,convergence
ext-w1,6,120006,2,32,,0,205,13120,665.38542175292969,convergence
ext-w1,6,120006,2,33,,0,150,9600,665.41496531168616,convergence
ext-w1,6,120006,2,34,,0,166,10624,675.87721252441406,convergence
ext-w1,6,120006,2,35,,0,114,7296,663.42410786946618,convergence
ext-w1,6,120006,2,36,,0,165,10560,665.40500640869141,convergence
ext-w1,6,120006,2,37,,0,145,9280,657.685312906901,convergence
ext-w1,6,120006,2,38,,0,120,7680,663.42410786946618,convergence
ext-w1,6,120006,2,39,,0,177,11328,663.42111460367835,convergence
ext-w1,6,120006,2,40,,0,113,7232,663.42664082845056,convergence
ext-w1,6,120006,2,41,,0,100,6400,663.42410786946618,convergence
ext-w1,6,120006,2,42,,0,206,13184,657.66914749145508,convergence
ext-w1,6,120006,2,43,,0,106,6784,663.42410786946618,convergence
ext-w1,6,120006,2,44,,0,149,9536,678.20625050862634,convergence
ext-w1,6,120006,2,45,,0,187,11968,665.40862274169922,convergence
ext-w1,6,120006,2,46,,0,156,9984,665.41670608520508,convergence
ext-w1,6,120006,2,47,,0,134,8576,663.42664082845056,convergence
ext-w1,6,120006,2,48,,0,162,10368,665.42545191446936,convergence
ext-w1,6,120006,2,49,,0,138,8832,657.66149648030603,convergence
ext-w1,6,120006,2,50,,0,146,9344,665.41670608520508,convergence
ext-w1,6,120006,2,51,,0,159,10176,665.40862274169922,convergence
ext-w1,6,120006,2,52,,0,162,10368,675.13199615478516,convergence
ext-w1,6,120006,2,53,,0,118,7552,663.42410786946618,convergence
ext-w1,6,120006,2,54,,0,147,9408,665.40908559163415,convergence
ext-w1,6,120006,2,55,,0,132,8448,657.69041442871094,convergence
ext-w1,6,120006,2,56,,0,119,7616,663.42410786946618,convergence
ext-w1,6,120006,2,57,,0,161,10304,672.64344787597656,convergence
ext-w1,6,120006,2,58,,0,156,9984,669.45641199747718,convergence
ext-w1,6,120006,2,59,,0,115,7360,678.17253875732422,convergence
ext-w1,6,120006,2,60,,0,134,8576,675.6605008443197,convergence
ext-w1,6,120006,2,61,,0,147,9408,677.39656575520837,convergence
ext-w1,6,120006,2,62,,0,139,8896,669.45824813842773,convergence
ext-w1,6,120006,2,63,,0,201,12864,675.83993148803711,convergence
ext-w1,6,120006,2,64,,0,149,9536,665.41497166951501,convergence
ext-w1,6,120006,2,65,,0,180,11520,665.38836797078454,convergence
ext-w1,6,120006,2,66,,0,118,7552,667.33569463094079,convergence
ext-w1,6,120006,2,67,,0,108,6912,663.42410786946618,convergence
ext-w1,6,120006,2,68,,0,145,9280,665.43570073445642,convergence
ext-w1,6,120006,2,69,,0,127,8128,678.16584523518884,convergence
ext-w1,6,120006,2,70,,0,181,11584,665.42104339599609,convergence
ext-w1,6,120006,2,71,,0,153,9792,675.88733164469397,convergence
ext-w1,6,120006,2,72,,0,182,11648,678.27170181274414,convergence
ext-w1,6,120006,2,73,,0,139,8896,665.38895543416345,convergence
ext-w1,6,120006,2,74,,0,150,9600,665.41802469889319,convergence
ext-w1,6,120006,2,75,,0,134,8576,675.89004262288415,convergence
ext-w1,6,120006,2,76,,0,130,8320,675.88685862223304,convergence
ext-w1,6,120006,2,77,,0,148,9472,669.97769292195642,convergence
ext-w1,6,120006,2,78,,0,135,8640,669.98566182454431,convergence
ext-w1,6,120006,2,79,,0,133,8512,669.45786794026696,convergence
ext-w1,6,120006,2,80,,0,146,9344,665.41497166951501,convergence
ext-w1,6,120006,2,81,,0,161,10304,665.38542175292969,convergence
ext-w1,6,120006,3,0,,0,154,9856,640.24979019165039,convergence
ext-w1,6,120006,3,1,,0,139,8896,650.69727452596032,convergence
ext-w1,6,120006,3,2,,0,165,10560,640.23030853271484,convergence
ext-w1,6,120006,3,3,,0,155,9920,652.38693618774414,convergence
ext-w1,6,120006,3,4,,0,196,12544,648.08697764078772,convergence
ext-w1,6,120006,3,5,,0,184,11776,652.54962031046546,convergence
ext-w1,6,120006,3,6,,0,157,10048,640.22536468505859,convergence
ext-w1,6,120006,3,7,,0,147,9408,649.23895517985022,convergence
ext-w1,6,120006,3,8,,0,163,10432,652.438710530599,convergence
ext-w1,6,120006,3,9,,0,152,9728,650.70407358805335,convergence
ext-w1,6,120006,3,10,,0,140,8960,650.69727452596032,convergence
ext-w1,6,120006,3,11,,0,121,7744,644.27822367350257,convergence
ext-w1,6,120006,3,12,,0,165,10560,651.27486419677734,convergence
ext-w1,6,120006,3,13,,0,170,10880,652.54992294311523,convergence
ext-w1,6,120006,3,14,,0,131,8384,650.70233662923181,convergence
ext-w1,6,120006,3,15,,0,140,8960,644.2781982421875,convergence
ext-w1,6,120006,3,16,,0,156,9984,640.26948293050134,convergence
ext-w1,6,120006,3,17,,0,147,9408,644.27395121256507,convergence
ext-w1,6,120006,3,18,,0,148,9472,640.24917729695642,convergence
ext-w1,6,120006,3,19,,0,165,10560,640.23221588134766,convergence
ext-w1,6,120006,3,20,,0,114,7296,638.24084981282556,convergence
ext-w1,6,120006,3,21,,0,175,11200,646.12502797444665,convergence
ext-w1,6,120006,3,22,,0,160,10240,640.22982279459632,convergence
ext-w1,6,120006,3,23,,0,149,9536,638.24123764038086,convergence
ext-w1,6,120006,3,24,,0,146,9344,640.24934514363611,convergence
ext-w1,6,120006,3,25,,0,145,9280,652.12439346313477,convergence
ext-w1,6,120006,3,26,,0,151,9664,640.24979019165039,convergence
ext-w1,6,120006,3,27,,0,168,10752,652.21340433756507,convergence
ext-w1,6,120006,3,28,,0,154,9856,650.70664215087891,convergence
ext-w1,6,120006,3,29,,0,158,10112,650.70563252766931,convergence
ext-w1,6,120006,3,30,,0,126,8064,640.24934514363611,convergence
ext-w1,6,120006,3,31,,0,185,11840,650.38559341430664,convergence
ext-w1,6,120006,3,32,,0,117,7488,650.70360056559241,convergence
ext-w1,6,120006,3,33,,0,149,9536,652.54986699422204,convergence
ext-w1,6,120006,3,34,,0,136,8704,650.70479075113929,convergence
ext-w1,6,120006,3,35,,0,103,6592,638.24084981282556,convergence
ext-w1,6,120006,3,36,,0,170,10880,644.27310562133789,convergence
ext-w1,6,120006,3,37,,0,175,11200,651.04625956217444,convergence
ext-w1,6,120006,3,38,,0,113,7232,644.27941258748376,convergence
ext-w1,6,120006,3,39,,0,149,9536,650.05801518758142,convergence
ext-w1,6,120006,3,40,,0,161,10304,648.99494679768884,convergence
ext-w1,6,120006,3,41,,0,158,10112,651.71339543660486,convergence
ext-w1,6,120006,3,42,,0,142,9088,652.60241953531897,convergence
ext-w1,6,120006,3,43,,0,143,9152,640.26021830240882,convergence
ext-w1,6,120006,3,44,,0,142,9088,644.27633666992188,convergence
ext-w1,6,120006,3,45,,0,163,10432,652.76370620727539,convergence
ext-w1,6,120006,3,46,,0,121,7744,638.24084981282556,convergence
ext-w1,6,120006,3,47,,0,139,8896,640.19760767618811,convergence
ext-w1,6,120006,3,48,,0,151,9664,652.41804758707679,convergence
ext-w1,6,120006,3,49,,0,180,11520,640.24565887451172,convergence
ext-w1,6,120006,3,50,,0,177,11328,644.27499008178711,convergence
ext-w1,6,120006,3,51,,0,143,9152,644.27282206217444,convergence
ext-w1,6,120006,3,52,,0,176,11264,651.98863220214844,convergence
ext-w1,6,120006,3,53,,0,124,7936,644.27733612060547,convergence
ext-w1,6,120006,3,54,,0,174,11136,640.22582753499353,convergence
ext-w1,6,120006,3,55,,0,162,10368,650.60475540161133,convergence
ext-w1,6,120006,3,56,,0,154,9856,640.22582753499353,convergence
ext-w1,6,120006,3,57,,0,176,11264,652.96931584676111,convergence
ext-w1,6,120006,3,58,,0,185,11840,651.62631861368811,convergence
ext-w1,6,120006,3,59,,0,178,11392,651.70217895507812,convergence
ext-w1,6,120006,3,60,,0,159,10176,640.22582753499353,convergence
ext-w1,6,120006,3,61,,0,126,8064,638.24338277180993,convergence
ext-w1,6,120006,3,62,,0,139,8896,649.54973475138343,convergence
ext-w1,6,120006,3,63,,0,166,10624,653.29957580566406,convergence
ext-w1,6,120006,3,64,,0,138,8832,644.27265294392907,convergence
ext-w1,6,120006,3,65,,0,170,10880,649.43600336710608,convergence
ext-w1,6,120006,3,66,,0,174,11136,652.51680501302087,convergence
ext-w1,6,120006,3,67,,0,137,8768,650.70407358805335,convergence
ext-w1,6,120006,3,68,,0,159,10176,650.70669555664062,convergence
ext-w1,6,120006,3,69,,0,138,8832,638.24084981282556,convergence
ext-w1,6,120006,3,70,,0,147,9408,652.40984598795569,convergence
ext-w1,6,120006,3,71,,0,185,11840,650.54126103719079,convergence
ext-w1,6,120006,3,72,,0,150,9600,644.27395121256507,convergence
ext-w1,6,120006,3,73,,0,156,9984,638.24338277180993,convergence
ext-w1,6,120006,3,74,,0,211,13504,651.71428171793616,convergence
ext-w1,6,120006,3,75,,0,154,9856,651.93257904052734,convergence
ext-w1,6,120006,3,76,,0,152,9728,651.56702550252282,convergence
ext-w1,6,120006,3,77,,0,167,10688,640.22582753499353,convergence
ext-w1,6,120006,3,78,,0,155,9920,650.98520024617517,convergence
ext-w1,6,120006,4,0,,0,140,8960,620.81392033894861,convergence
ext-w1,6,120006,4,1,,0,166,10624,620.8302332560221,convergence
ext-w1,6,120006,4,2,,0,179,11456,620.78263600667321,convergence
ext-w1,6,120006,4,3,,0,155,9920,620.78343327840173,convergence
ext-w1,6,120006,4,4,,0,160,10240,620.80583699544275,convergence
ext-w1,6,120006,4,5,,0,156,9984,624.85867436726892,convergence
ext-w1,6,120006,4,6,,0,185,11840,620.84207026163733,convergence
ext-w1,6,120006,4,7,,0,156,9984,620.82823181152344,convergence
ext-w1,6,120006,4,8,,0,164,10496,620.8340733846029,convergence
ext-w1,6,120006,4,9,,0,165,10560,620.77807998657227,convergence
ext-w1,6,120006,4,10,,0,146,9344,620.78457005818689,convergence
ext-w1,6,120006,4,11,,0,150,9600,624.85395177205407,convergence
ext-w1,6,120006,4,12,,0,229,14656,620.81029510498047,convergence
ext-w1,6,120006,4,13,,0,148,9472,620.82823181152344,convergence
ext-w1,6,120006,4,14,,0,158,10112,620.78457005818689,convergence
ext-w1,6,120006,4,15,,0,157,10048,624.83970133463538,convergence
ext-w1,6,120006,4,16,,0,128,8192,624.83028157552087,convergence
ext-w1,6,120006,4,17,,0,163,10432,620.82117080688477,convergence
ext-w1,6,120006,4,18,,0,178,11392,632.80126063028968,convergence
ext-w1,6,120006,4,19,,0,165,10560,620.80834197998047,convergence
ext-w1,6,120006,4,20,,0,178,11392,620.80629984537757,convergence
ext-w1,6,120006,4,21,,0,157,10048,620.77807998657227,convergence
ext-w1,6,120006,4,22,,0,137,8768,624.85867436726892,convergence
ext-w1,6,120006,4,23,,0,119,7616,624.85329437255859,convergence
ext-w1,6,120006,4,24,,0,182,11648,620.80583699544275,convergence
ext-w1,6,120006,4,25,,0,159,10176,620.78263600667321,convergence
ext-w1,6,120006,4,26,,0,165,10560,620.84055328369141,convergence
ext-w1,6,120006,4,27,,0,152,9728,632.79353713989258,convergence
ext-w1,6,120006,4,28,,0,139,8896,632.79353713989258,convergence
ext-w1,6,120006,4,29,,0,162,10368,620.82823181152344,convergence
ext-w1,6,120006,4,30,,0,162,10368,620.78558222452796,convergence
ext-w1,6,120006,4,31,,0,159,10176,620.80583699544275,convergence
ext-w1,6,120006,4,32,,0,198,12672,620.80650202433264,convergence
ext-w1,6,120006,4,33,,0,135,8640,620.82352193196618,convergence
ext-w1,6,120006,4,34,,0,178,11392,620.78263600667321,convergence
ext-w1,6,120006,4,35,,0,150,9600,620.84838485717773,convergence
ext-w1,6,120006,4,36,,0,173,11072,624.85312525431311,convergence
ext-w1,6,120006,4,37,,0,146,9344,620.78361256917321,convergence
ext-w1,6,120006,4,38,,0,154,9856,620.78457005818689,convergence
ext-w1,6,120006,4,39,,0,149,9536,620.80375162760413,convergence
ext-w1,6,120006,4,40,,0,152,9728,620.82823181152344,convergence
ext-w1,6,120006,4,41,,0,144,9216,620.80583699544275,convergence
ext-w1,6,120006,4,42,,0,151,9664,624.85442352294922,convergence
ext-w1,6,120006,4,43,,0,158,10112,632.82880020141602,convergence
ext-w1,6,120006,4,44,,0,194,12416,624.85204188028968,convergence
ext-w1,6,120006,4,45,,0,154,9856,624.85642496744788,convergence
ext-w1,6,120006,4,46,,0,156,9984,620.80650202433264,convergence
ext-w1,6,120006,4,47,,0,152,9728,632.82805379231775,convergence
ext-w1,6,120006,4,48,,0,158,10112,620.82823181152344,convergence
ext-w1,6,120006,4,49,,0,165,10560,620.82117080688477,convergence
ext-w1,6,120006,4,50,,0,180,11520,620.80650202433264,convergence
ext-w1,6,120006,4,51,,0,140,8960,620.78900782267249,convergence
ext-w1,6,120006,4,52,,0,135,8640,624.85444895426429,convergence
ext-w1,6,120006,4,53,,0,174,11136,635.22474034627282,convergence
ext-w1,6,120006,4,54,,0,173,11072,620.78263600667321,convergence
ext-w1,6,120006,4,55,,0,181,11584,620.78558222452796,convergence
ext-w1,6,120006,4,56,,0,157,10048,620.80649058024085,convergence
ext-w1,6,120006,4,57,,0,158,10112,620.80583699544275,convergence
ext-w1,6,120006,4,58,,0,204,13056,620.80629984537757,convergence
ext-w1,6,120006,4,59,,0,149,9536,620.77780787150061,convergence
ext-w1,6,120006,4,60,,0,149,9536,620.78900782267249,convergence
ext-w1,6,120006,4,61,,0,115,7360,624.85395177205407,convergence
ext-w1,6,120006,4,62,,0,159,10176,624.85650253295898,convergence
ext-w1,6,120006,4,63,,0,157,10048,624.85867055257165,convergence
ext-w1,6,120006,4,64,,0,180,11520,624.85702514648438,convergence
ext-w1,6,120006,4,65,,0,143,9152,620.77807998657227,convergence
ext-w1,6,120006,4,66,,0,177,11328,620.82516860961914,convergence
ext-w1,6,120006,4,67,,0,127,8128,624.85329437255859,convergence
ext-w1,6,120006,4,68,,0,163,10432,620.80583699544275,convergence
ext-w1,6,120006,4,69,,0,120,7680,624.85723749796546,convergence
ext-w1,6,120006,4,70,,0,120,7680,624.85773595174157,convergence
ext-w1,6,120006,4,71,,0,161,10304,620.84841537475586,convergence
ext-w1,6,120006,4,72,,0,164,10496,624.85660171508789,convergence
ext-w1,6,120006,4,73,,0,146,9344,620.80629984537757,convergence
ext-w1,6,120006,4,74,,0,153,9792,624.85737228393555,convergence
ext-w1,6,120006,4,75,,0,157,10048,620.78616968790686,convergence
ext-w1,6,120006,4,76,,0,130,8320,624.85972340901696,convergence
ext-w1,6,120006,5,0,,0,163,10432,606.80188242594397,convergence
ext-w1,6,120006,5,1,,0,129,8256,606.80962371826172,convergence
ext-w1,6,120006,5,2,,0,170,10880,615.33133061726892,convergence
ext-w1,6,120006,5,3,,0,138,8832,606.80576833089196,convergence
ext-w1,6,120006,5,4,,0,179,11456,606.8042996724447,convergence
ext-w1,6,120006,5,5,,0,156,9984,606.80566151936853,convergence
ext-w1,6,120006,5,6,,0,124,7936,606.80214818318689,convergence
ext-w1,6,120006,5,7,,0,162,10368,606.80962371826172,convergence
ext-w1,6,120006,5,8,,0,138,8832,606.81005096435547,convergence
ext-w1,6,120006,5,9,,0,131,8384,606.81394449869788,convergence
ext-w1,6,120006,5,10,,0,134,8576,606.80894215901696,convergence
ext-w1,6,120006,5,11,,0,151,9664,606.80441411336267,convergence
ext-w1,6,120006,5,12,,0,126,8064,615.97130076090491,convergence
ext-w1,6,120006,5,13,,0,165,10560,606.80232620239258,convergence
ext-w1,6,120006,5,14,,0,149,9536,606.7933019002279,convergence
ext-w1,6,120006,5,15,,0,134,8576,615.97130076090491,convergence
ext-w1,6,120006,5,16,,0,167,10688,615.33023579915368,convergence
ext-w1,6,120006,5,17,,0,135,8640,615.94013722737634,convergence
ext-w1,6,120006,5,18,,0,111,7104,606.80849965413415,convergence
ext-w1,6,120006,5,19,,0,156,9984,606.80188242594397,convergence
ext-w1,6,120006,5,20,,0,124,7936,616.05194473266602,convergence
ext-w1,6,120006,5,21,,0,133,8512,606.80232620239258,convergence
ext-w1,6,120006,5,22,,0,152,9728,606.80865859985352,convergence
ext-w1,6,120006,5,23,,0,134,8576,606.80849965413415,convergence
ext-w1,6,120006,5,24,,0,113,7232,606.81597264607751,convergence
ext-w1,6,120006,5,25,,0,162,10368,616.04146575927734,convergence
ext-w1,6,120006,5,26,,0,130,8320,606.80458831787109,convergence
ext-w1,6,120006,5,27,,0,137,8768,606.80711619059241,convergence
ext-w1,6,120006,5,28,,0,122,7808,606.80873870849609,convergence
ext-w1,6,120006,5,29,,0,127,8128,606.80611419677734,convergence
ext-w1,6,120006,5,30,,0,161,10304,606.80566151936853,convergence
ext-w1,6,120006,5,31,,0,167,10688,606.81300226847327,convergence
ext-w1,6,120006,5,32,,0,140,8960,606.80873870849609,convergence
ext-w1,6,120006,5,33,,0,123,7872,606.82282892862952,convergence
ext-w1,6,120006,5,34,,0,141,9024,606.8042996724447,convergence
ext-w1,6,120006,5,35,,0,132,8448,606.80849965413415,convergence
ext-w1,6,120006,5,36,,0,133,8512,615.34743626912439,convergence
ext-w1,6,120006,5,37,,0,143,9152,606.81721115112305,convergence
ext-w1,6,120006,5,38,,0,127,8128,615.33136622110999,convergence
ext-w1,6,120006,5,39,,0,129,8256,617.74458821614587,convergence
ext-w1,6,120006,5,40,,0,153,9792,615.28883743286133,convergence
ext-w1,6,120006,5,41,,0,154,9856,606.80611419677734,convergence
ext-w1,6,120006,5,42,,0,139,8896,606.80711619059241,convergence
ext-w1,6,120006,5,43,,0,109,6976,606.80487060546875,convergence
ext-w1,6,120006,5,44,,0,114,7296,606.80711619059241,convergence
ext-w1,6,120006,5,45,,0,133,8512,606.7847569783529,convergence
ext-w1,6,120006,5,46,,0,118,7552,606.80611419677734,convergence
ext-w1,6,120006,5,47,,0,128,8192,615.34478759765625,convergence
ext-w1,6,120006,5,48,,0,122,7808,606.80840047200525,convergence
ext-w1,6,120006,5,49,,0,130,8320,615.98902893066406,convergence
ext-w1,6,120006,5,50,,0,172,11008,615.33023579915368,convergence
ext-w1,6,120006,5,51,,0,151,9664,615.33049519856775,convergence
ext-w1,6,120006,5,52,,0,160,10240,615.33094660441077,convergence
ext-w1,6,120006,5,53,,0,167,10688,617.36541366577148,convergence
ext-w1,6,120006,5,54,,0,114,7296,606.80709457397461,convergence
ext-w1,6,120006,5,55,,0,188,12032,606.78201039632165,convergence
ext-w1,6,120006,5,56,,0,154,9856,606.80797958374023,convergence
ext-w1,6,120006,5,57,,0,142,9088,606.8052762349447,convergence
ext-w1,6,120006,5,58,,0,167,10688,606.8052762349447,convergence
ext-w1,6,120006,5,59,,0,152,9728,615.22256978352868,convergence
ext-w1,6,120006,5,60,,0,132,8448,606.81005096435547,convergence
ext-w1,6,120006,5,61,,0,119,7616,606.80711619059241,convergence
ext-w1,6,120006,5,62,,0,125,8000,606.80441411336267,convergence
ext-w1,6,120006,5,63,,0,133,8512,606.80962371826172,convergence
ext-w1,6,120006,5,64,,0,132,8448,615.49043655395508,convergence
ext-w1,6,120006,5,65,,0,141,9024,606.81015396118164,convergence
ext-w1,6,120006,5,66,,0,112,7168,606.80865859985352,convergence
ext-w1,6,120006,5,67,,0,133,8512,606.80711619059241,convergence
ext-w1,6,120006,5,68,,0,115,7360,606.80711619059241,convergence
ext-w1,6,120006,5,69,,0,161,10304,615.97130076090491,convergence
ext-w1,6,120006,5,70,,0,141,9024,606.80576833089196,convergence
ext-w1,6,120006,5,71,,0,150,9600,615.3285802205404,convergence
ext-w1,6,120006,5,72,,0,151,9664,615.91070048014319,convergence
ext-w1,6,120006,5,73,,0,145,9280,606.81284840901696,convergence
ext-w1,6,120006,5,74,,0,131,8384,606.78586069742835,convergence
ext-w1,6,120006,5,75,,0,134,8576,606.8067410786947,convergence
ext-w1,6,120006,5,76,,0,136,8704,615.34706242879236,convergence
ext-w1,6,120006,5,77,,0,167,10688,606.8052762349447,convergence
ext-w1,6,120006,5,78,,0,133,8512,606.80576833089196,convergence
ext-w1,6,120006,5,79,,0,121,7744,606.80232620239258,convergence
ext-w1,6,120006,5,80,,0,167,10688,606.80611419677734,convergence
ext-w1,6,120006,5,81,,0,130,8320,606.80453618367517,convergence
ext-w1,6,120006,5,82,,0,123,7872,606.80711619059241,convergence
ext-w1,6,120006,5,83,,0,130,8320,606.80707422892249,convergence
ext-w1,6,120006,5,84,,0,130,8320,606.80576833089196,convergence
ext-w1,6,120006,5,85,,0,109,6976,606.80711619059241,convergence
ext-w1,6,120006,5,86,,0,149,9536,606.7801615397135,convergence
ext-w1,6,120006,6,0,,0,182,11648,600.6194953918457,convergence
ext-w1,6,120006,6,1,,0,169,10816,601.80072657267249,convergence
ext-w1,6,120006,6,2,,0,176,11264,601.78904215494788,convergence
ext-w1,6,120006,6,3,,0,129,8256,601.33284886678064,convergence
ext-w1,6,120006,6,4,,0,129,8256,601.33318837483728,convergence
ext-w1,6,120006,6,5,,0,124,7936,595.08787282307946,convergence
ext-w1,6,120006,6,6,,0,153,9792,588.19635009765625,convergence
ext-w1,6,120006,6,7,,0,193,12352,601.12399419148767,convergence
ext-w1,6,120006,6,8,,0,151,9664,603.38544082641602,convergence
ext-w1,6,120006,6,9,,0,193,12352,600.6077664693197,convergence
ext-w1,6,120006,6,10,,0,142,9088,595.08828735351562,convergence
ext-w1,6,120006,6,11,,0,160,10240,600.62419764200843,convergence
ext-w1,6,120006,6,12,,0,180,11520,601.55181757609046,convergence
ext-w1,6,120006,6,13,,0,154,9856,601.33258946736657,convergence
ext-w1,6,120006,6,14,,0,151,9664,595.09066263834632,convergence
ext-w1,6,120006,6,15,,0,163,10432,601.94472249348962,convergence
ext-w1,6,120006,6,16,,0,144,9216,601.33258946736657,convergence
ext-w1,6,120006,6,17,,0,184,11776,601.79470952351892,convergence
ext-w1,6,120006,6,18,,0,133,8512,595.08766937255859,convergence
ext-w1,6,120006,6,19,,0,153,9792,592.69076538085938,convergence
ext-w1,6,120006,6,20,,0,166,10624,601.78944396972656,convergence
ext-w1,6,120006,6,21,,0,111,7104,597.46001942952478,convergence
ext-w1,6,120006,6,22,,0,178,11392,601.81415049235022,convergence
ext-w1,6,120006,6,23,,0,101,6464,597.46001942952478,convergence
ext-w1,6,120006,6,24,,0,136,8704,595.08948262532556,convergence
ext-w1,6,120006,6,25,,0,121,7744,595.10184224446618,convergence
ext-w1,6,120006,6,26,,0,143,9152,595.10184224446618,convergence
ext-w1,6,120006,6,27,,0,137,8768,601.33060073852539,convergence
ext-w1,6,120006,6,28,,0,140,8960,595.10184224446618,convergence
ext-w1,6,120006,6,29,,0,179,11456,600.6068013509115,convergence
ext-w1,6,120006,6,30,,0,137,8768,602.69720967610681,convergence
ext-w1,6,120006,6,31,,0,144,9216,600.80554453531897,convergence
ext-w1,6,120006,6,32,,0,168,10752,601.80072657267249,convergence
ext-w1,6,120006,6,33,,0,159,10176,600.60993067423499,convergence
ext-w1,6,120006,6,34,,0,148,9472,602.47423553466797,convergence
ext-w1,6,120006,6,35,,0,142,9088,601.33330027262366,convergence
ext-w1,6,120006,6,36,,0,148,9472,601.83465449015296,convergence
ext-w1,6,120006,6,37,,0,132,8448,601.33244196573889,convergence
ext-w1,6,120006,6,38,,0,173,11072,600.61792119344079,convergence
ext-w1,6,120006,6,39,,0,120,7680,597.46001942952478,convergence
ext-w1,6,120006,6,40,,0,166,10624,588.1932042439779,convergence
ext-w1,6,120006,6,41,,0,173,11072,600.6185302734375,convergence
ext-w1,6,120006,6,42,,0,151,9664,601.33275985717773,convergence
ext-w1,6,120006,6,43,,0,148,9472,601.35516866048181,convergence
ext-w1,6,120006,6,44,,0,139,8896,595.09786987304688,convergence
ext-w1,6,120006,6,45,,0,131,8384,600.31447347005212,convergence
ext-w1,6,120006,6,46,,0,159,10176,601.33284886678064,convergence
ext-w1,6,120006,6,47,,0,208,13312,599.52495574951172,convergence
ext-w1,6,120006,6,48,,0,138,8832,595.10184224446618,convergence
ext-w1,6,120006,6,49,,0,107,6848,597.46001942952478,convergence
ext-w1,6,120006,6,50,,0,128,8192,601.33284886678064,convergence
ext-w1,6,120006,6,51,,0,151,9664,595.09148406982422,convergence
ext-w1,6,120006,6,52,,0,149,9536,601.79470952351892,convergence
ext-w1,6,120006,6,53,,0,129,8256,597.46001942952478,convergence
ext-w1,6,120006,6,54,,0,176,11264,600.30047734578454,convergence
ext-w1,6,120006,6,55,,0,172,11008,601.85981496175134,convergence
ext-w1,6,120006,6,56,,0,154,9856,600.32594680786133,convergence
ext-w1,6,120006,6,57,,0,165,10560,601.79982503255212,convergence
ext-w1,6,120006,6,58,,0,171,10944,602.27851867675781,convergence
ext-w1,6,120006,6,59,,0,177,11328,600.62419764200843,convergence
ext-w1,6,120006,6,60,,0,129,8256,601.33060073852539,convergence
ext-w1,6,120006,6,61,,0,132,8448,601.34327952067054,convergence
ext-w1,6,120006,6,62,,0,163,10432,601.33060073852539,convergence
ext-w1,6,120006,6,63,,0,128,8192,595.10940424601233,convergence
ext-w1,6,120006,6,64,,0,157,10048,603.40091959635413,convergence
ext-w1,6,120006,6,65,,0,159,10176,601.33284886678064,convergence
ext-w1,6,120006,6,66,,0,154,9856,601.80072657267249,convergence
ext-w1,6,120006,6,67,,0,158,10112,601.80072657267249,convergence
ext-w1,6,120006,6,68,,0,147,9408,601.80233637491858,convergence
ext-w1,6,120006,6,69,,0,193,12352,600.60845947265625,convergence
ext-w1,6,120006,6,70,,0,175,11200,601.81938934326172,convergence
ext-w1,6,120006,6,71,,0,141,9024,602.13791910807288,convergence
ext-w1,6,120006,6,72,,0,181,11584,601.78944396972656,convergence
ext-w1,6,120006,6,73,,0,137,8768,601.33249918619788,convergence
ext-w1,6,120006,6,74,,0,142,9088,601.33368428548181,convergence
ext-w1,6,120006,6,75,,0,175,11200,588.19300206502282,convergence
ext-w1,6,120006,6,76,,0,124,7936,601.33368428548181,convergence
ext-w1,6,120006,6,77,,0,127,8128,595.09761047363281,convergence
ext-w1,6,120006,6,78,,0,136,8704,601.33368428548181,convergence
ext-w1,6,120006,6,79,,0,154,9856,595.10184224446618,convergence
ext-w1,6,120006,7,0,,0,197,12608,582.0196418762207,convergence
ext-w1,6,120006,7,1,,0,139,8896,576.50369389851892,convergence
ext-w1,6,120006,7,2,,0,161,10304,583.21356709798181,convergence
ext-w1,6,120006,7,3,,0,159,10176,583.21356709798181,convergence
ext-w1,6,120006,7,4,,0,117,7488,578.87285995483398,convergence
ext-w1,6,120006,7,5,,0,131,8384,576.50112787882483,convergence
ext-w1,6,120006,7,6,,0,106,6784,578.87285995483398,convergence
ext-w1,6,120006,7,7,,0,178,11392,583.21735763549805,convergence
ext-w1,6,120006,7,8,,0,210,13440,582.03288014729821,convergence
ext-w1,6,120006,7,9,,0,188,12032,585.15959167480469,convergence
ext-w1,6,120006,7,10,,0,145,9280,583.49384307861328,convergence
ext-w1,6,120006,7,11,,0,159,10176,583.20240783691406,convergence
ext-w1,6,120006,7,12,,0,158,10112,583.27259953816736,convergence
ext-w1,6,120006,7,13,,0,135,8640,576.51468276977539,convergence
ext-w1,6,120006,7,14,,0,144,9216,584.92228190104163,convergence
ext-w1,6,120006,7,15,,0,127,8128,576.51468276977539,convergence
ext-w1,6,120006,7,16,,0,132,8448,576.51682535807288,convergence
ext-w1,6,120006,7,17,,0,168,10752,583.49761072794593,convergence
ext-w1,6,120006,7,18,,0,129,8256,576.51501210530603,convergence
ext-w1,6,120006,7,19,,0,122,7808,582.74652481079102,convergence
ext-w1,6,120006,7,20,,0,164,10496,582.22073745727539,convergence
ext-w1,6,120006,7,21,,0,160,10240,574.10360590616858,convergence
ext-w1,6,120006,7,22,,0,165,10560,576.50112787882483,convergence
ext-w1,6,120006,7,23,,0,124,7936,578.87285995483398,convergence
ext-w1,6,120006,7,24,,0,169,10816,582.03422037760413,convergence
ext-w1,6,120006,7,25,,0,109,6976,578.87285995483398,convergence
ext-w1,6,120006,7,26,,0,162,10368,576.51468276977539,convergence
ext-w1,6,120006,7,27,,0,163,10432,584.98744583129883,convergence
ext-w1,6,120006,7,28,,0,146,9344,583.26210403442383,convergence
ext-w1,6,120006,7,29,,0,147,9408,574.10360590616858,convergence
ext-w1,6,120006,7,30,,0,142,9088,584.86804707845056,convergence
ext-w1,6,120006,7,31,,0,129,8256,576.51468276977539,convergence
ext-w1,6,120006,7,32,,0,191,12224,583.38363011678064,convergence
ext-w1,6,120006,7,33,,0,156,9984,583.49384307861328,convergence
ext-w1,6,120006,7,34,,0,131,8384,582.75654856363929,convergence
ext-w1,6,120006,7,35,,0,137,8768,576.51505025227868,convergence
ext-w1,6,120006,7,36,,0,137,8768,582.74568939208984,convergence
ext-w1,6,120006,7,37,,0,200,12800,582.03288014729821,convergence
ext-w1,6,120006,7,38,,0,187,11968,582.0428797403971,convergence
ext-w1,6,120006,7,39,,0,209,13376,574.10360590616858,convergence
ext-w1,6,120006,7,40,,0,151,9664,576.51543172200525,convergence
ext-w1,6,120006,7,41,,0,163,10432,582.0196418762207,convergence
ext-w1,6,120006,7,42,,0,189,12096,582.03076171875,convergence
ext-w1,6,120006,7,43,,0,135,8640,576.50948206583655,convergence
ext-w1,6,120006,7,44,,0,145,9280,582.75525410970056,convergence
ext-w1,6,120006,7,45,,0,169,10816,583.49732844034827,convergence
ext-w1,6,120006,7,46,,0,119,7616,583.49398803710938,convergence
ext-w1,6,120006,7,47,,0,152,9728,583.21266555786133,convergence
ext-w1,6,120006,7,48,,0,162,10368,574.10360590616858,convergence
ext-w1,6,120006,7,49,,0,151,9664,583.49396514892578,convergence
ext-w1,6,120006,7,50,,0,175,11200,582.03430430094397,convergence
ext-w1,6,120006,7,51,,0,180,11520,582.03453063964844,convergence
ext-w1,6,120006,7,52,,0,221,14144,582.03156534830725,convergence
ext-w1,6,120006,7,53,,0,157,10048,582.01961644490564,convergence
ext-w1,6,120006,7,54,,0,137,8768,576.51468276977539,convergence
ext-w1,6,120006,7,55,,0,122,7808,582.76259613037109,convergence
ext-w1,6,120006,7,56,,0,122,7808,585.1352653503418,convergence
ext-w1,6,120006,7,57,,0,154,9856,583.21249516805017,convergence
ext-w1,6,120006,7,58,,0,143,9152,582.74542999267578,convergence
ext-w1,6,120006,7,59,,0,222,14208,583.20228449503577,convergence
ext-w1,6,120006,7,60,,0,143,9152,578.87285995483398,convergence
ext-w1,6,120006,7,61,,0,135,8640,583.49566141764319,convergence
ext-w1,6,120006,7,62,,0,161,10304,583.49548975626624,convergence
ext-w1,6,120006,7,63,,0,188,12032,583.20090357462561,convergence
ext-w1,6,120006,7,64,,0,144,9216,581.72555541992188,convergence
ext-w1,6,120006,7,65,,0,112,7168,578.87285995483398,convergence
ext-w1,6,120006,7,66,,0,157,10048,585.15968322753906,convergence
ext-w1,6,120006,7,67,,0,127,8128,578.87285995483398,convergence
ext-w1,6,120006,7,68,,0,168,10752,583.49608866373694,convergence
ext-w1,6,120006,7,69,,0,120,7680,576.50330988566077,convergence
ext-w1,6,120006,7,70,,0,152,9728,574.10360590616858,convergence
ext-w1,6,120006,7,71,,0,159,10176,581.66276931762695,convergence
ext-w1,6,120006,7,72,,0,168,10752,582.03076171875,convergence
ext-w1,6,120006,7,73,,0,163,10432,582.03099314371741,convergence
ext-w1,6,120006,7,74,,0,140,8960,583.20476277669275,convergence
ext-w1,6,120006,7,75,,0,129,8256,576.51468276977539,convergence
ext-w1,6,120006,7,76,,0,180,11520,583.49780400594079,convergence
ext-w1,6,120006,7,77,,0,133,8512,576.50370661417639,convergence
ext-w1,6,120006,7,78,,0,165,10560,583.20234425862634,convergence
cold-w16,6,120006,0,0,,0,3316,212224,799.35704803466797,convergence
cold-w16,6,120006,0,1,,0,3586,229504,1026.5485000610352,convergence
cold-w16,6,120006,0,2,,0,3136,200704,908.43972269694007,convergence
cold-w16,6,120006,0,3,,0,3025,193600,888.95926284790039,convergence
cold-w16,6,120006,0,4,,0,3057,195648,866.60541025797522,convergence
cold-w16,6,120006,0,5,,0,2707,173248,894.01532872517907,convergence
cold-w16,6,120006,0,6,,0,2893,185152,876.3733126322428,convergence
cold-w16,6,120006,0,7,,0,3500,224000,999.61343256632483,convergence
cold-w16,6,120006,0,8,,0,3307,211648,1152.5938313802083,convergence
cold-w16,6,120006,0,9,,0,3005,192320,897.71077601114905,convergence
cold-w16,6,120006,0,10,,0,3029,193856,889.96514129638672,convergence
cold-w16,6,120006,0,11,,0,3443,220352,870.88877995808923,convergence
cold-w16,6,120006,0,12,,0,2893,185152,884.35452270507812,convergence
cold-w16,6,120006,0,13,,0,3593,229952,986.7084070841471,convergence
cold-w16,6,120006,0,14,,0,4155,265920,808.4265251159668,convergence
cold-w16,6,120006,0,15,,0,3136,200704,822.13892491658532,convergence
cold-w16,6,120006,0,16,,0,3193,204352,858.05739593505859,convergence
cold-w16,6,120006,0,17,,0,2920,186880,880.49165471394861,convergence
cold-w16,6,120006,0,18,,0,3417,218688,814.17026392618811,convergence
cold-w16,6,120006,0,19,,0,3300,211200,995.91777038574219,convergence
cold-w16,6,120006,0,20,,0,2714,173696,999.81332651774085,convergence
cold-w16,6,120006,0,21,,0,2581,165184,853.80453491210938,convergence
cold-w16,6,120006,0,22,,0,3367,215488,760.12466557820642,convergence
cold-w16,6,120006,0,23,,0,3228,206592,826.19305419921875,convergence
cold-w16,6,120006,0,24,,0,3057,195648,884.27422332763672,convergence
cold-w16,6,120006,0,25,,0,3091,197824,922.63108698527014,convergence
cold-w16,6,120006,0,26,,0,3009,192576,849.26836903889978,convergence
cold-w16,6,120006,0,27,,0,3372,215808,817.57507705688477,convergence
cold-w16,6,120006,0,28,,0,3039,194496,806.05737431844079,convergence
cold-w16,6,120006,0,29,,0,3267,209088,865.0754178365072,convergence
cold-w16,6,120006,0,30,,0,3596,230144,906.35228983561194,convergence
ext-w8,7,120007,0,0,,0,1452,92928,632.1924947102865,convergence
ext-w8,7,120007,0,1,,0,1149,73536,662.84269332885742,convergence
ext-w8,7,120007,0,2,,0,1144,73216,674.81769053141272,convergence
ext-w8,7,120007,0,3,,0,1244,79616,635.33709971110022,convergence
ext-w8,7,120007,0,4,,0,1288,82432,654.32400512695312,convergence
ext-w8,7,120007,0,5,,0,1644,105216,647.15356318155921,convergence
ext-w8,7,120007,0,6,,0,1238,79232,657.71717834472656,convergence
ext-w8,7,120007,0,7,,0,1386,88704,662.83396021525061,convergence
ext-w8,7,120007,0,8,,0,1300,83200,647.79895528157556,convergence
ext-w8,7,120007,0,9,,0,1305,83520,687.51677068074548,convergence
ext-w8,7,120007,0,10,,0,1379,88256,655.40073394775391,convergence
ext-w8,7,120007,0,11,,0,1411,90304,659.60224278767907,convergence
ext-w8,7,120007,0,12,,0,1491,95424,634.73276774088538,convergence
ext-w8,7,120007,0,13,,0,5080,325120,636.41770680745446,completed
ext-w8,7,120007,0,14,,0,1463,93632,678.53590393066406,convergence
ext-w8,7,120007,0,15,,0,1435,91840,647.50768661499023,convergence
ext-w8,7,120007,0,16,,0,999,63936,674.84132130940759,convergence
ext-w8,7,120007,0,17,,0,1368,87552,664.71526845296228,convergence
ext-w8,7,120007,0,18,,0,1513,96832,672.51416524251306,convergence
ext-w8,7,120007,0,19,,0,1494,95616,662.84955724080407,convergence
ext-w8,7,120007,0,20,,0,1297,83008,668.6805318196615,convergence
ext-w8,7,120007,0,21,,0,1483,94912,663.04202906290686,convergence
ext-w8,7,120007,0,22,,0,1570,100480,656.97035090128577,convergence
ext-w8,7,120007,0,23,,0,1721,110144,651.72389729817712,convergence
ext-w8,7,120007,0,24,,0,1271,81344,655.94585291544593,convergence
ext-w8,7,120007,0,25,,0,1229,78656,654.555653889974,convergence
ext-w8,7,120007,0,26,,0,1191,76224,644.12744394938147,convergence
ext-w8,7,120007,0,27,,0,1353,86592,682.89518737792969,convergence
ext-w8,7,120007,0,28,,0,1514,96896,650.68505732218421,convergence
ext-w8,7,120007,0,29,,0,1464,93696,628.76745732625329,convergence
ext-w8,7,120007,0,30,,0,1305,83520,675.9108772277832,convergence
ext-w8,7,120007,0,31,,0,1608,102912,617.48631413777673,convergence
ext-w8,7,120007,0,32,,0,1286,82304,663.28177388509118,convergence
ext-w8,7,120007,0,33,,0,1155,73920,664.46327336629236,convergence
ext-w8,7,120007,0,34,,0,1873,119872,655.29478200276696,convergence
ext-w8,7,120007,0,35,,0,1466,93824,641.48973719278968,convergence
ext-w8,7,120007,0,36,,0,1181,75584,662.58632787068689,convergence
ext-w8,7,120007,0,37,,0,1337,85568,663.12288538614905,convergence
ext-w8,7,120007,0,38,,0,1406,89984,663.05263646443689,convergence
ext-w8,7,120007,0,39,,0,1344,86016,670.63614273071289,convergence
ext-w8,7,120007,0,40,,0,1192,76288,659.76551055908203,convergence
ext-w8,7,120007,0,41,,0,1340,85760,632.38636525472009,convergence
ext-w8,7,120007,0,42,,0,1807,115648,639.71638615926111,convergence
ext-w8,7,120007,0,43,,0,1170,74880,628.53171030680335,convergence
ext-w8,7,120007,0,44,,0,1200,76800,656.66424306233728,convergence
ext-w8,7,120007,0,45,,0,1352,86528,660.26818974812829,convergence
ext-w8,7,120007,0,46,,0,2012,128768,656.37682342529297,convergence
ext-w8,7,120007,0,47,,0,1599,102336,635.21836980183923,convergence
ext-w8,7,120007,0,48,,0,3908,250112,674.56814575195312,convergence
ext-w8,7,120007,0,49,,0,1171,74944,655.78500747680664,convergence
ext-w8,7,120007,0,50,,0,1074,68736,658.70021438598633,convergence
ext-w8,7,120007,0,51,,0,1696,108544,645.87237421671546,convergence
ext-w8,7,120007,0,52,,0,1321,84544,681.94909540812171,convergence
ext-w8,7,120007,0,53,,0,1788,114432,657.84365463256836,convergence
ext-w8,7,120007,0,54,,0,1967,125888,641.83694966634118,convergence
ext-w8,7,120007,0,55,,0,2783,178112,701.573486328125,convergence
ext-w8,7,120007,0,56,,0,1118,71552,655.81609217325843,convergence
ext-w8,7,120007,0,57,,0,1224,78336,641.80475107828772,convergence
ext-w8,7,120007,0,58,,0,1446,92544,672.64184697469079,convergence
ext-w8,7,120007,0,59,,0,1631,104384,636.65090688069665,convergence
ext-w8,7,120007,0,60,,0,1454,93056,680.87815348307288,convergence
ext-w8,7,120007,0,61,,0,1537,98368,643.56805674235022,convergence
ext-w8,7,120007,0,62,,0,1249,79936,663.76186625162757,convergence
ext-w8,7,120007,0,63,,0,1686,107904,653.16891606648767,convergence
ext-w4,7,120007,0,0,,0,1098,70272,668.29894765218103,convergence
ext-w4,7,120007,0,1,,0,814,52096,668.84834925333655,convergence
ext-w4,7,120007,0,2,,0,707,45248,670.88637161254883,convergence
ext-w4,7,120007,0,3,,0,1251,80064,685.85541407267249,convergence
ext-w4,7,120007,0,4,,0,671,42944,685.91174825032556,convergence
ext-w4,7,120007,0,5,,0,598,38272,669.48141988118493,convergence
ext-w4,7,120007,0,6,,0,594,38016,676.25435384114587,convergence
ext-w4,7,120007,0,7,,0,564,36096,681.26923624674475,convergence
ext-w4,7,120007,0,8,,0,566,36224,651.1462071736654,convergence
ext-w4,7,120007,0,9,,0,675,43200,670.57212320963538,convergence
ext-w4,7,120007,0,10,,0,582,37248,672.34586588541663,convergence
ext-w4,7,120007,0,11,,0,584,37376,692.86170196533203,convergence
ext-w4,7,120007,0,12,,0,810,51840,668.70558039347327,convergence
ext-w4,7,120007,0,13,,0,644,41216,671.40353520711267,convergence
ext-w4,7,120007,0,14,,0,630,40320,672.28057988484704,convergence
ext-w4,7,120007,0,15,,0,728,46592,669.01190185546875,convergence
ext-w4,7,120007,0,16,,0,1053,67392,672.82101567586267,convergence
ext-w4,7,120007,0,17,,0,654,41856,673.33116149902344,convergence
ext-w4,7,120007,0,18,,0,798,51072,667.9328727722168,convergence
ext-w4,7,120007,0,19,,0,769,49216,667.94667943318689,convergence
ext-w4,7,120007,0,20,,0,669,42816,676.97125371297204,convergence
ext-w4,7,120007,0,21,,0,546,34944,672.15729014078772,convergence
ext-w4,7,120007,0,22,,0,514,32896,674.31775156656897,convergence
ext-w4,7,120007,0,23,,0,621,39744,671.47772852579749,convergence
ext-w4,7,120007,0,24,,0,1049,67136,691.64032618204749,convergence
ext-w4,7,120007,0,25,,0,539,34496,687.46973037719727,convergence
ext-w4,7,120007,0,26,,0,714,45696,686.30571238199866,convergence
ext-w4,7,120007,0,27,,0,635,40640,677.14520263671875,convergence
ext-w4,7,120007,0,28,,0,721,46144,664.59481175740564,convergence
ext-w4,7,120007,0,29,,0,569,36416,669.82486089070642,convergence
ext-w4,7,120007,0,30,,0,674,43136,672.72288513183594,convergence
ext-w4,7,120007,0,31,,0,810,51840,662.54460144042969,convergence
ext-w4,7,120007,0,32,,0,607,38848,656.87173843383789,convergence
ext-w4,7,120007,0,33,,0,593,37952,670.81850179036462,convergence
ext-w4,7,120007,0,34,,0,965,61760,688.00086339314782,convergence
ext-w4,7,120007,0,35,,0,978,62592,703.06093978881836,convergence
ext-w4,7,120007,0,36,,0,686,43904,671.00920740763343,convergence
ext-w4,7,120007,0,37,,0,587,37568,665.90600840250647,convergence
ext-w4,7,120007,0,38,,0,698,44672,692.78564325968421,convergence
ext-w4,7,120007,0,39,,0,660,42240,651.00289026896155,convergence
ext-w4,7,120007,0,40,,0,641,41024,672.4430821736654,convergence
ext-w4,7,120007,0,41,,0,569,36416,668.65204620361328,convergence
ext-w4,7,120007,0,42,,0,635,40640,690.04132080078125,convergence
ext-w4,7,120007,0,43,,0,921,58944,677.11506907145179,convergence
ext-w4,7,120007,0,44,,0,673,43072,666.58008702596032,convergence
ext-w4,7,120007,0,45,,0,600,38400,671.57016372680664,convergence
ext-w4,7,120007,0,46,,0,811,51904,669.2533963521322,convergence
ext-w4,7,120007,0,47,,0,828,52992,664.46268081665039,convergence
ext-w4,7,120007,0,48,,0,681,43584,670.21383031209314,convergence
ext-w4,7,120007,0,49,,0,808,51712,669.17546463012695,convergence
ext-w4,7,120007,0,50,,0,558,35712,656.79731241861975,convergence
ext-w4,7,120007,0,51,,0,633,40512,670.770741780599,convergence
ext-w4,7,120007,0,52,,0,663,42432,665.59932200113929,convergence
ext-w4,7,120007,0,53,,0,649,41536,669.47797266642249,convergence
ext-w4,7,120007,0,54,,0,663,42432,670.43617121378577,convergence
ext-w4,7,120007,0,55,,0,617,39488,672.08804829915368,convergence
ext-w4,7,120007,0,56,,0,514,32896,685.40050379435218,convergence
ext-w4,7,120007,0,57,,0,591,37824,672.91121037801111,convergence
ext-w4,7,120007,0,58,,0,620,39680,669.75885009765625,convergence
ext-w4,7,120007,0,59,,0,826,52864,670.99642435709632,convergence
ext-w4,7,120007,0,60,,0,573,36672,668.92233530680335,convergence
ext-w4,7,120007,0,61,,0,542,34688,650.80817921956384,convergence
ext-w4,7,120007,0,62,,0,779,49856,670.69211578369141,convergence
ext-w4,7,120007,0,63,,0,646,41344,652.12358601888025,convergence
ext-w4,7,120007,0,64,,0,672,43008,650.1972440083822,convergence
ext-w4,7,120007,0,65,,0,784,50176,664.10304641723633,convergence
ext-w4,7,120007,0,66,,0,935,59840,675.67789967854821,convergence
ext-w4,7,120007,0,67,,0,730,46720,671.75331624348962,convergence
ext-w4,7,120007,0,68,,0,907,58048,688.16595077514648,convergence
ext-w4,7,120007,1,0,,0,873,55872,632.68223826090491,convergence
ext-w4,7,120007,1,1,,0,765,48960,619.46103541056311,convergence
ext-w4,7,120007,1,2,,0,642,41088,635.81347274780273,convergence
ext-w4,7,120007,1,3,,0,669,42816,613.02587127685547,convergence
ext-w4,7,120007,1,4,,0,637,40768,624.15641148885095,convergence
ext-w4,7,120007,1,5,,0,1230,78720,589.84341812133789,convergence
ext-w4,7,120007,1,6,,0,823,52672,618.67848459879554,convergence
ext-w4,7,120007,1,7,,0,639,40896,617.31207021077478,convergence
ext-w4,7,120007,1,8,,0,648,41472,637.12657928466797,convergence
ext-w4,7,120007,1,9,,0,833,53312,618.50964864095056,convergence
ext-w4,7,120007,1,10,,0,787,50368,598.56147638956702,convergence
ext-w4,7,120007,1,11,,0,785,50240,619.21768569946289,convergence
ext-w4,7,120007,1,12,,0,617,39488,633.97470855712891,convergence
ext-w4,7,120007,1,13,,0,746,47744,636.74886067708337,convergence
ext-w4,7,120007,1,14,,0,726,46464,636.99372482299805,convergence
ext-w4,7,120007,1,15,,0,966,61824,625.89084370930993,convergence
ext-w4,7,120007,1,16,,0,621,39744,618.4656982421875,convergence
ext-w4,7,120007,1,17,,0,707,45248,619.59621429443359,convergence
ext-w4,7,120007,1,18,,0,553,35392,633.57949447631836,convergence
ext-w4,7,120007,1,19,,0,1037,66368,619.06636937459314,convergence
ext-w4,7,120007,1,20,,0,559,35776,620.55845387776696,convergence
ext-w4,7,120007,1,21,,0,593,37952,614.07332102457679,convergence
ext-w4,7,120007,1,22,,0,782,50048,616.58745193481445,convergence
ext-w4,7,120007,1,23,,0,797,51008,623.6194178263346,convergence
ext-w4,7,120007,1,24,,0,775,49600,614.52021662394202,convergence
ext-w4,7,120007,1,25,,0,715,45760,618.1326789855957,convergence
ext-w4,7,120007,1,26,,0,796,50944,585.82375462849939,convergence
ext-w4,7,120007,1,27,,0,759,48576,603.14966074625647,convergence
ext-w4,7,120007,1,28,,0,681,43584,608.75872675577796,convergence
ext-w4,7,120007,1,29,,0,685,43840,634.57901636759436,convergence
ext-w4,7,120007,1,30,,0,1243,79552,603.62788899739587,convergence
ext-w4,7,120007,1,31,,0,578,36992,636.37737909952796,convergence
ext-w4,7,120007,1,32,,0,652,41728,599.81616846720374,convergence
ext-w4,7,120007,1,33,,0,736,47104,634.38470331827796,convergence
ext-w4,7,120007,1,34,,0,771,49344,617.86627833048499,convergence
ext-w4,7,120007,1,35,,0,650,41600,619.3382466634115,convergence
ext-w4,7,120007,1,36,,0,900,57600,628.75631205240882,convergence
ext-w4,7,120007,1,37,,0,641,41024,600.97194671630859,convergence
ext-w4,7,120007,1,38,,0,599,38336,633.35013198852539,convergence
ext-w4,7,120007,1,39,,0,839,53696,633.98055267333984,convergence
ext-w4,7,120007,1,40,,0,718,45952,612.29797617594397,convergence
ext-w4,7,120007,1,41,,0,701,44864,598.12459945678711,convergence
ext-w4,7,120007,1,42,,0,855,54720,619.02964528401696,convergence
ext-w4,7,120007,1,43,,0,645,41280,610.16375478108728,convergence
ext-w4,7,120007,1,44,,0,612,39168,632.42935816446936,convergence
ext-w4,7,120007,1,45,,0,843,53952,595.76659393310547,convergence
ext-w4,7,120007,1,46,,0,830,53120,615.16876093546546,convergence
ext-w4,7,120007,1,47,,0,639,40896,602.75014114379883,convergence
ext-w4,7,120007,1,48,,0,658,42112,594.3118565877279,convergence
ext-w4,7,120007,1,49,,0,704,45056,623.9903348286947,convergence
ext-w4,7,120007,1,50,,0,711,45504,630.85113652547204,convergence
ext-w4,7,120007,1,51,,0,598,38272,625.96141688028968,convergence
ext-w4,7,120007,1,52,,0,669,42816,617.12049611409509,convergence
ext-w4,7,120007,1,53,,0,911,58304,608.5057042439779,convergence
ext-w4,7,120007,1,54,,0,686,43904,602.84639231363929,convergence
ext-w4,7,120007,1,55,,0,735,47040,624.52121607462561,convergence
ext-w4,7,120007,1,56,,0,761,48704,623.09429804484046,convergence
ext-w4,7,120007,1,57,,0,812,51968,612.49608739217126,convergence
ext-w4,7,120007,1,58,,0,717,45888,632.96187082926429,convergence
ext-w4,7,120007,1,59,,0,698,44672,607.82587560017907,convergence
ext-w4,7,120007,1,60,,0,800,51200,604.99028778076172,convergence
ext-w4,7,120007,1,61,,0,560,35840,620.13411076863611,convergence
ext-w4,7,120007,1,62,,0,618,39552,594.85963821411133,convergence
ext-w4,7,120007,1,63,,0,711,45504,604.1551297505697,convergence
ext-w4,7,120007,1,64,,0,644,41216,610.07804361979163,convergence
ext-w4,7,120007,1,65,,0,691,44224,633.25584538777673,convergence
ext-w2,7,120007,0,0,,0,337,21568,677.74479166666663,convergence
ext-w2,7,120007,0,1,,0,284,18176,697.00506718953454,convergence
ext-w2,7,120007,0,2,,0,378,24192,701.84887186686194,convergence
ext-w2,7,120007,0,3,,0,375,24000,682.06748453776038,convergence
ext-w2,7,120007,0,4,,0,370,23680,694.45812352498376,convergence
ext-w2,7,120007,0,5,,0,287,18368,704.55073801676429,convergence
ext-w2,7,120007,0,6,,0,337,21568,695.59877777099609,convergence
ext-w2,7,120007,0,7,,0,266,17024,706.05121612548828,convergence
ext-w2,7,120007,0,8,,0,225,14400,695.44332249959314,convergence
ext-w2,7,120007,0,9,,0,249,15936,695.00296656290686,convergence
ext-w2,7,120007,0,10,,0,340,21760,694.35655212402344,convergence
ext-w2,7,120007,0,11,,0,305,19520,694.3836555480957,convergence
ext-w2,7,120007,0,12,,0,342,21888,687.86486689249671,convergence
ext-w2,7,120007,0,13,,0,250,16000,695.02923456827796,convergence
ext-w2,7,120007,0,14,,0,334,21376,693.86285527547204,convergence
ext-w2,7,120007,0,15,,0,377,24128,695.57269922892249,convergence
ext-w2,7,120007,0,16,,0,278,17792,693.90001932779944,convergence
ext-w2,7,120007,0,17,,0,336,21504,706.98751195271814,convergence
ext-w2,7,120007,0,18,,0,307,19648,679.47536722819007,convergence
ext-w2,7,120007,0,19,,0,383,24512,682.84277089436853,convergence
ext-w2,7,120007,0,20,,0,267,17088,694.37200673421228,convergence
ext-w2,7,120007,0,21,,0,318,20352,704.24834314982093,convergence
ext-w2,7,120007,0,22,,0,316,20224,682.10598754882812,convergence
ext-w2,7,120007,0,23,,0,424,27136,701.80768585205078,convergence
ext-w2,7,120007,0,24,,0,305,19520,696.29623285929358,convergence
ext-w2,7,120007,0,25,,0,608,38912,694.69954427083337,convergence
ext-w2,7,120007,0,26,,0,336,21504,694.36373901367188,convergence
ext-w2,7,120007,0,27,,0,391,25024,687.83995310465491,convergence
ext-w2,7,120007,0,28,,0,333,21312,704.53820419311523,convergence
ext-w2,7,120007,0,29,,0,349,22336,710.9615592956543,convergence
ext-w2,7,120007,0,30,,0,404,25856,698.08481470743811,convergence
ext-w2,7,120007,0,31,,0,372,23808,694.37456258138025,convergence
ext-w2,7,120007,0,32,,0,271,17344,695.03630447387695,convergence
ext-w2,7,120007,0,33,,0,255,16320,705.98871231079102,convergence
ext-w2,7,120007,0,34,,0,283,18112,703.51530710856116,convergence
ext-w2,7,120007,0,35,,0,319,20416,704.54031880696618,convergence
ext-w2,7,120007,0,36,,0,296,18944,694.3908475240072,convergence
ext-w2,7,120007,0,37,,0,327,20928,701.83479054768884,convergence
ext-w2,7,120007,0,38,,0,275,17600,687.10273488362634,convergence
ext-w2,7,120007,0,39,,0,402,25728,700.30265045166016,convergence
ext-w2,7,120007,0,40,,0,397,25408,695.02682749430335,convergence
ext-w2,7,120007,0,41,,0,340,21760,694.39018249511719,convergence
ext-w2,7,120007,0,42,,0,338,21632,677.68062591552734,convergence
ext-w2,7,120007,0,43,,0,256,16384,687.09322230021155,convergence
ext-w2,7,120007,0,44,,0,315,20160,718.20650863647461,convergence
ext-w2,7,120007,0,45,,0,297,19008,695.29890950520837,convergence
ext-w2,7,120007,0,46,,0,277,17728,683.80602645874023,convergence
ext-w2,7,120007,0,47,,0,372,23808,704.54379781087243,convergence
ext-w2,7,120007,0,48,,0,320,20480,693.88272857666016,convergence
ext-w2,7,120007,0,49,,0,228,14592,723.24992497762048,convergence
ext-w2,7,120007,0,50,,0,347,22208,690.6130701700846,convergence
ext-w2,7,120007,0,51,,0,366,23424,699.26329294840491,convergence
ext-w2,7,120007,0,52,,0,269,17216,694.97016906738281,convergence
ext-w2,7,120007,0,53,,0,310,19840,708.54211552937829,convergence
ext-w2,7,120007,0,54,,0,266,17024,695.26850509643555,convergence
ext-w2,7,120007,0,55,,0,355,22720,694.84242502848304,convergence
ext-w2,7,120007,0,56,,0,340,21760,682.86005528767907,convergence
ext-w2,7,120007,0,57,,0,460,29440,700.79244486490882,convergence
ext-w2,7,120007,0,58,,0,350,22400,677.73163223266602,convergence
ext-w2,7,120007,0,59,,0,390,24960,704.60212453206384,convergence
ext-w2,7,120007,0,60,,0,306,19584,706.15424728393555,convergence
ext-w2,7,120007,0,61,,0,350,22400,704.22363154093421,convergence
ext-w2,7,120007,0,62,,0,336,21504,690.66042582194007,convergence
ext-w2,7,120007,0,63,,0,519,33216,701.83107248942054,convergence
ext-w2,7,120007,0,64,,0,462,29568,695.5736300150553,convergence
ext-w2,7,120007,0,65,,0,257,16448,687.13233947753906,convergence
ext-w2,7,120007,0,66,,0,347,22208,687.8387552897135,convergence
ext-w2,7,120007,0,67,,0,365,23360,700.29735056559241,convergence
ext-w2,7,120007,0,68,,0,333,21312,693.89465586344397,convergence
ext-w2,7,120007,0,69,,0,285,18240,689.87215423583984,convergence
ext-w2,7,120007,0,70,,0,313,20032,695.05292002360022,convergence
ext-w2,7,120007,0,71,,0,300,19200,704.53974151611328,convergence
ext-w2,7,120007,0,72,,0,372,23808,694.39858373006189,convergence
ext-w2,7,120007,1,0,,0,306,19584,647.86244710286462,convergence
ext-w2,7,120007,1,1,,0,301,19264,650.28659057617188,convergence
ext-w2,7,120007,1,2,,0,362,23168,653.26337560017907,convergence
ext-w2,7,120007,1,3,,0,412,26368,643.60531489054358,convergence
ext-w2,7,120007,1,4,,0,359,22976,658.9415283203125,convergence
ext-w2,7,120007,1,5,,0,287,18368,640.78368250528968,convergence
ext-w2,7,120007,1,6,,0,276,17664,647.54364903767907,convergence
ext-w2,7,120007,1,7,,0,346,22144,664.2778205871582,convergence
ext-w2,7,120007,1,8,,0,322,20608,649.02792231241858,convergence
ext-w2,7,120007,1,9,,0,301,19264,653.2536404927572,convergence
ext-w2,7,120007,1,10,,0,384,24576,648.52571360270179,convergence
ext-w2,7,120007,1,11,,0,356,22784,667.83000055948889,convergence
ext-w2,7,120007,1,12,,0,414,26496,668.13031260172522,convergence
ext-w2,7,120007,1,13,,0,365,23360,640.82684199015296,convergence
ext-w2,7,120007,1,14,,0,294,18816,653.355458577474,convergence
ext-w2,7,120007,1,15,,0,378,24192,648.59490839640296,convergence
ext-w2,7,120007,1,16,,0,311,19904,655.25044886271155,convergence
ext-w2,7,120007,1,17,,0,310,19840,655.27975845336914,convergence
ext-w2,7,120007,1,18,,0,338,21632,640.81578826904297,convergence
ext-w2,7,120007,1,19,,0,408,26112,652.80412801106775,convergence
ext-w2,7,120007,1,20,,0,324,20736,653.28322601318359,convergence
ext-w2,7,120007,1,21,,0,303,19392,667.78013483683264,convergence
ext-w2,7,120007,1,22,,0,312,19968,653.25936762491858,convergence
ext-w2,7,120007,1,23,,0,410,26240,660.88498560587561,convergence
ext-w2,7,120007,1,24,,0,338,21632,653.26033020019531,convergence
ext-w2,7,120007,1,25,,0,369,23616,659.99281183878577,convergence
ext-w2,7,120007,1,26,,0,351,22464,655.65257263183594,convergence
ext-w2,7,120007,1,27,,0,315,20160,655.56007766723633,convergence
ext-w2,7,120007,1,28,,0,335,21440,648.58275604248047,convergence
ext-w2,7,120007,1,29,,0,377,24128,665.27705128987634,convergence
ext-w2,7,120007,1,30,,0,283,18112,649.08441289265954,convergence
ext-w2,7,120007,1,31,,0,330,21120,646.835703531901,convergence
ext-w2,7,120007,1,32,,0,292,18688,649.0494168599447,convergence
ext-w2,7,120007,1,33,,0,344,22016,654.01507822672522,convergence
ext-w2,7,120007,1,34,,0,481,30784,641.64561462402344,convergence
ext-w2,7,120007,1,35,,0,313,20032,653.84600575764978,convergence
ext-w2,7,120007,1,36,,0,274,17536,660.3403536478678,convergence
ext-w2,7,120007,1,37,,0,304,19456,664.34346516927087,convergence
ext-w2,7,120007,1,38,,0,329,21056,653.28802998860681,convergence
ext-w2,7,120007,1,39,,0,433,27712,655.37844594319665,convergence
ext-w2,7,120007,1,40,,0,295,18880,633.85916137695312,convergence
ext-w2,7,120007,1,41,,0,297,19008,635.83752950032556,convergence
ext-w2,7,120007,1,42,,0,310,19840,657.19572957356775,convergence
ext-w2,7,120007,1,43,,0,321,20544,653.48526636759436,convergence
ext-w2,7,120007,1,44,,0,296,18944,648.55811818440759,convergence
ext-w2,7,120007,1,45,,0,312,19968,665.96562194824219,convergence
ext-w2,7,120007,1,46,,0,288,18432,655.25500869750977,convergence
ext-w2,7,120007,1,47,,0,324,20736,667.73049672444665,convergence
ext-w2,7,120007,1,48,,0,382,24448,648.54589970906579,convergence
ext-w2,7,120007,1,49,,0,323,20672,647.51860555013025,convergence
ext-w2,7,120007,1,50,,0,337,21568,653.25285212198889,convergence
ext-w2,7,120007,1,51,,0,289,18496,655.39690907796228,convergence
ext-w2,7,120007,1,52,,0,315,20160,650.58012135823571,convergence
ext-w2,7,120007,1,53,,0,364,23296,670.6986974080404,convergence
ext-w2,7,120007,1,54,,0,356,22784,648.52079391479492,convergence
ext-w2,7,120007,1,55,,0,330,21120,667.78070704142249,convergence
ext-w2,7,120007,1,56,,0,341,21824,639.67342631022132,convergence
ext-w2,7,120007,1,57,,0,318,20352,642.90715154012048,convergence
ext-w2,7,120007,1,58,,0,356,22784,635.90314102172852,convergence
ext-w2,7,120007,1,59,,0,353,22592,659.0489400227865,convergence
ext-w2,7,120007,1,60,,0,286,18304,654.80599466959632,convergence
ext-w2,7,120007,1,61,,0,351,22464,657.55797831217444,convergence
ext-w2,7,120007,1,62,,0,302,19328,646.58349609375,convergence
ext-w2,7,120007,1,63,,0,354,22656,657.17937342325843,convergence
ext-w2,7,120007,1,64,,0,452,28928,657.75801086425781,convergence
ext-w2,7,120007,1,65,,0,271,17344,646.59123611450195,convergence
ext-w2,7,120007,1,66,,0,291,18624,646.32489013671875,convergence
ext-w2,7,120007,1,67,,0,330,21120,655.56752014160156,convergence
ext-w2,7,120007,1,68,,0,359,22976,653.24142583211267,convergence
ext-w2,7,120007,1,69,,0,460,29440,652.4457677205404,convergence
ext-w2,7,120007,1,70,,0,313,20032,650.51297505696618,convergence
ext-w2,7,120007,1,71,,0,308,19712,655.8959630330404,convergence
ext-w2,7,120007,2,0,,0,388,24832,607.81549708048499,convergence
ext-w2,7,120007,2,1,,0,329,21056,604.75754292805993,convergence
ext-w2,7,120007,2,2,,0,323,20672,606.71253077189124,convergence
ext-w2,7,120007,2,3,,0,314,20096,611.94497553507483,convergence
ext-w2,7,120007,2,4,,0,307,19648,607.072519938151,convergence
ext-w2,7,120007,2,5,,0,383,24512,624.71419652303064,convergence
ext-w2,7,120007,2,6,,0,436,27904,618.03271484375,convergence
ext-w2,7,120007,2,7,,0,352,22528,604.73271179199219,convergence
ext-w2,7,120007,2,8,,0,329,21056,611.24936294555664,convergence
ext-w2,7,120007,2,9,,0,365,23360,611.79562250773108,convergence
ext-w2,7,120007,2,10,,0,408,26112,597.87860361735022,convergence
ext-w2,7,120007,2,11,,0,259,16576,626.96632766723633,convergence
ext-w2,7,120007,2,12,,0,319,20416,612.24552917480469,convergence
ext-w2,7,120007,2,13,,0,313,20032,607.06232579549157,convergence
ext-w2,7,120007,2,14,,0,348,22272,618.04939270019531,convergence
ext-w2,7,120007,2,15,,0,380,24320,626.78404490152991,convergence
ext-w2,7,120007,2,16,,0,317,20288,613.960703531901,convergence
ext-w2,7,120007,2,17,,0,415,26560,611.77522404988611,convergence
ext-w2,7,120007,2,18,,0,295,18880,611.45631154378259,convergence
ext-w2,7,120007,2,19,,0,339,21696,610.94236246744788,convergence
ext-w2,7,120007,2,20,,0,318,20352,610.99081675211585,convergence
ext-w2,7,120007,2,21,,0,382,24448,613.10557047526038,convergence
ext-w2,7,120007,2,22,,0,341,21824,611.77142079671228,convergence
ext-w2,7,120007,2,23,,0,372,23808,614.27803293863929,convergence
ext-w2,7,120007,2,24,,0,319,20416,604.83544413248694,convergence
ext-w2,7,120007,2,25,,0,290,18560,611.70823415120446,convergence
ext-w2,7,120007,2,26,,0,343,21952,622.10080210367835,convergence
ext-w2,7,120007,2,27,,0,360,23040,611.93875503540039,convergence
ext-w2,7,120007,2,28,,0,326,20864,613.52173614501953,convergence
ext-w2,7,120007,2,29,,0,317,20288,609.41190846761071,convergence
ext-w2,7,120007,2,30,,0,270,17280,607.09441248575843,convergence
ext-w2,7,120007,2,31,,0,390,24960,615.83124923706055,convergence
ext-w2,7,120007,2,32,,0,352,22528,604.73715082804358,convergence
ext-w2,7,120007,2,33,,0,328,20992,604.74834314982093,convergence
ext-w2,7,120007,2,34,,0,313,20032,610.94561894734704,convergence
ext-w2,7,120007,2,35,,0,320,20480,613.59887440999353,convergence
ext-w2,7,120007,2,36,,0,333,21312,620.48970286051429,convergence
ext-w2,7,120007,2,37,,0,311,19904,613.39685948689782,convergence
ext-w2,7,120007,2,38,,0,303,19392,610.94600804646814,convergence
ext-w2,7,120007,2,39,,0,335,21440,626.2703526814779,convergence
ext-w2,7,120007,2,40,,0,376,24064,610.32724507649743,convergence
ext-w2,7,120007,2,41,,0,376,24064,597.80808130900061,convergence
ext-w2,7,120007,2,42,,0,378,24192,619.88109715779626,convergence
ext-w2,7,120007,2,43,,0,303,19392,605.23007583618164,convergence
ext-w2,7,120007,2,44,,0,315,20160,615.47614669799805,convergence
ext-w2,7,120007,2,45,,0,383,24512,620.13312403360999,convergence
ext-w2,7,120007,2,46,,0,347,22208,619.42994689941406,convergence
ext-w2,7,120007,2,47,,0,325,20800,606.69999821980798,convergence
ext-w2,7,120007,2,48,,0,347,22208,611.80357360839844,convergence
ext-w2,7,120007,2,49,,0,318,20352,609.00239690144861,convergence
ext-w2,7,120007,2,50,,0,365,23360,610.87840906778968,convergence
ext-w2,7,120007,2,51,,0,387,24768,613.37335840860999,convergence
ext-w2,7,120007,2,52,,0,409,26176,618.75990041097009,convergence
ext-w2,7,120007,2,53,,0,323,20672,613.64141718546546,convergence
ext-w2,7,120007,2,54,,0,262,16768,612.16743087768555,convergence
ext-w2,7,120007,2,55,,0,441,28224,614.25629933675134,convergence
ext-w2,7,120007,2,56,,0,321,20544,613.42618433634436,convergence
ext-w2,7,120007,2,57,,0,252,16128,610.42211532592773,convergence
ext-w2,7,120007,2,58,,0,425,27200,618.93342590332031,convergence
ext-w2,7,120007,2,59,,0,389,24896,614.27431996663415,convergence
ext-w2,7,120007,2,60,,0,330,21120,610.32662963867188,convergence
ext-w2,7,120007,2,61,,0,405,25920,613.40191014607751,convergence
ext-w2,7,120007,2,62,,0,404,25856,613.72679392496741,convergence
ext-w2,7,120007,2,63,,0,357,22848,610.9816678365072,convergence
ext-w2,7,120007,2,64,,0,284,18176,614.31363550821936,convergence
ext-w2,7,120007,2,65,,0,337,21568,611.84687423706055,convergence
ext-w2,7,120007,2,66,,0,406,25984,607.09515762329102,convergence
ext-w2,7,120007,2,67,,0,343,21952,611.94124603271484,convergence
ext-w2,7,120007,2,68,,0,341,21824,613.71258163452148,convergence
ext-w2,7,120007,2,69,,0,556,35584,622.69691975911462,convergence
ext-w2,7,120007,3,0,,0,354,22656,578.3028666178385,convergence
ext-w2,7,120007,3,1,,0,405,25920,587.13251749674475,convergence
ext-w2,7,120007,3,2,,0,350,22400,586.88440831502282,convergence
ext-w2,7,120007,3,3,,0,333,21312,576.80577723185218,convergence
ext-w2,7,120007,3,4,,0,311,19904,585.67276636759436,convergence
ext-w2,7,120007,3,5,,0,311,19904,592.02398045857751,convergence
ext-w2,7,120007,3,6,,0,355,22720,590.3525390625,convergence
ext-w2,7,120007,3,7,,0,404,25856,586.57185236612952,convergence
ext-w2,7,120007,3,8,,0,283,18112,589.35789744059241,convergence
ext-w2,7,120007,3,9,,0,361,23104,581.47789764404297,convergence
ext-w2,7,120007,3,10,,0,310,19840,587.21736145019531,convergence
ext-w2,7,120007,3,11,,0,319,20416,590.76505025227868,convergence
ext-w2,7,120007,3,12,,0,364,23296,581.52161153157556,convergence
ext-w2,7,120007,3,13,,0,326,20864,589.99971516927087,convergence
ext-w2,7,120007,3,14,,0,296,18944,576.80961990356445,convergence
ext-w2,7,120007,3,15,,0,274,17536,586.24239730834961,convergence
ext-w2,7,120007,3,16,,0,410,26240,581.41380945841468,convergence
ext-w2,7,120007,3,17,,0,343,21952,581.44798151652014,convergence
ext-w2,7,120007,3,18,,0,325,20800,590.06589126586914,convergence
ext-w2,7,120007,3,19,,0,333,21312,590.17087300618493,convergence
ext-w2,7,120007,3,20,,0,353,22592,587.62467193603516,convergence
ext-w2,7,120007,3,21,,0,307,19648,588.15322748819983,convergence
ext-w2,7,120007,3,22,,0,356,22784,583.11579513549805,convergence
ext-w2,7,120007,3,23,,0,449,28736,583.59142430623376,convergence
ext-w2,7,120007,3,24,,0,389,24896,581.50947952270508,convergence
ext-w2,7,120007,3,25,,0,363,23232,589.60485712687171,convergence
ext-w2,7,120007,3,26,,0,318,20352,581.39226913452148,convergence
ext-w2,7,120007,3,27,,0,389,24896,584.77560679117835,convergence
ext-w2,7,120007,3,28,,0,317,20288,580.42861429850257,convergence
ext-w2,7,120007,3,29,,0,538,34432,577.46343866984046,convergence
ext-w2,7,120007,3,30,,0,249,15936,576.81006495157874,convergence
ext-w2,7,120007,3,31,,0,351,22464,590.92700576782227,convergence
ext-w2,7,120007,3,32,,0,349,22336,587.68851598103845,convergence
ext-w2,7,120007,3,33,,0,339,21696,587.21521631876624,convergence
ext-w2,7,120007,3,34,,0,342,21888,580.69707107543945,convergence
ext-w2,7,120007,3,35,,0,328,20992,583.39302190144861,convergence
ext-w2,7,120007,3,36,,0,288,18432,588.25371932983398,convergence
ext-w2,7,120007,3,37,,0,351,22464,580.67921829223633,convergence
ext-w2,7,120007,3,38,,0,307,19648,587.63396326700843,convergence
ext-w2,7,120007,3,39,,0,340,21760,580.70000457763672,convergence
ext-w2,7,120007,3,40,,0,300,19200,581.49998346964514,convergence
ext-w2,7,120007,3,41,,0,375,24000,583.11657969156897,convergence
ext-w2,7,120007,3,42,,0,429,27456,576.52156702677405,convergence
ext-w2,7,120007,3,43,,0,352,22528,581.41488774617517,convergence
ext-w2,7,120007,3,44,,0,276,17664,576.84537378946936,convergence
ext-w2,7,120007,3,45,,0,348,22272,590.08612187703454,convergence
ext-w2,7,120007,3,46,,0,488,31232,589.49689229329431,convergence
ext-w2,7,120007,3,47,,0,341,21824,580.71498489379883,convergence
ext-w2,7,120007,3,48,,0,339,21696,580.69016901652014,convergence
ext-w2,7,120007,3,49,,0,363,23232,588.2442296346029,convergence
ext-w2,7,120007,3,50,,0,306,19584,588.14204406738281,convergence
ext-w2,7,120007,3,51,,0,344,22016,581.49635314941406,convergence
ext-w2,7,120007,3,52,,0,328,20992,580.68527475992835,convergence
ext-w2,7,120007,3,53,,0,306,19584,581.44026819864905,convergence
ext-w2,7,120007,3,54,,0,348,22272,583.09641647338867,convergence
ext-w2,7,120007,3,55,,0,356,22784,590.08606847127282,convergence
ext-w2,7,120007,3,56,,0,337,21568,589.08128102620446,convergence
ext-w2,7,120007,3,57,,0,410,26240,585.25837326049805,convergence
ext-w2,7,120007,3,58,,0,270,17280,587.74364852905273,convergence
ext-w2,7,120007,3,59,,0,326,20864,586.68343734741211,convergence
ext-w2,7,120007,3,60,,0,269,17216,586.25144068400061,convergence
ext-w2,7,120007,3,61,,0,374,23936,583.62950770060218,convergence
ext-w2,7,120007,3,62,,0,400,25600,581.38860702514648,convergence
ext-w2,7,120007,3,63,,0,294,18816,580.68244934082031,convergence
ext-w2,7,120007,3,64,,0,345,22080,590.51668167114258,convergence
ext-w2,7,120007,3,65,,0,338,21632,581.40177536010742,convergence
ext-w2,7,120007,3,66,,0,331,21184,590.06731160481775,convergence
ext-w2,7,120007,3,67,,0,391,25024,583.23092269897461,convergence
ext-w2,7,120007,3,68,,0,401,25664,582.49129613240564,convergence
ext-w2,7,120007,3,69,,0,349,22336,576.82276280721032,convergence
ext-w1,7,120007,0,0,,0,151,9664,707.251719156901,convergence
ext-w1,7,120007,0,1,,0,145,9280,707.25071716308594,convergence
ext-w1,7,120007,0,2,,0,177,11328,707.25202687581384,convergence
ext-w1,7,120007,0,3,,0,158,10112,707.25274403889978,convergence
ext-w1,7,120007,0,4,,0,169,10816,707.27082697550452,convergence
ext-w1,7,120007,0,5,,0,159,10176,707.25217056274414,convergence
ext-w1,7,120007,0,6,,0,171,10944,707.25134913126624,convergence
ext-w1,7,120007,0,7,,0,204,13056,707.2493794759115,convergence
ext-w1,7,120007,0,8,,0,155,9920,707.25192260742188,convergence
ext-w1,7,120007,0,9,,0,153,9792,707.25211207071936,convergence
ext-w1,7,120007,0,10,,0,124,7936,711.49117151896155,convergence
ext-w1,7,120007,0,11,,0,160,10240,707.25650660196936,convergence
ext-w1,7,120007,0,12,,0,153,9792,710.87634531656897,convergence
ext-w1,7,120007,0,13,,0,108,6912,708.09639104207361,convergence
ext-w1,7,120007,0,14,,0,179,11456,707.27503077189124,convergence
ext-w1,7,120007,0,15,,0,133,8512,711.49164962768555,convergence
ext-w1,7,120007,0,16,,0,151,9664,703.22285842895508,convergence
ext-w1,7,120007,0,17,,0,175,11200,707.2572123209635,convergence
ext-w1,7,120007,0,18,,0,129,8256,720.77674102783203,convergence
ext-w1,7,120007,0,19,,0,221,14144,707.2496452331543,convergence
ext-w1,7,120007,0,20,,0,170,10880,703.19503148396814,convergence
ext-w1,7,120007,0,21,,0,175,11200,707.27341842651367,convergence
ext-w1,7,120007,0,22,,0,132,8448,703.98126093546546,convergence
ext-w1,7,120007,0,23,,0,187,11968,707.25000890096032,convergence
ext-w1,7,120007,0,24,,0,152,9728,707.25030771891272,convergence
ext-w1,7,120007,0,25,,0,157,10048,707.25706100463867,convergence
ext-w1,7,120007,0,26,,0,195,12480,707.25202687581384,convergence
ext-w1,7,120007,0,27,,0,159,10176,707.25274403889978,convergence
ext-w1,7,120007,0,28,,0,189,12096,707.24961471557617,convergence
ext-w1,7,120007,0,29,,0,134,8576,707.26444880167639,convergence
ext-w1,7,120007,0,30,,0,125,8000,711.49117151896155,convergence
ext-w1,7,120007,0,31,,0,139,8896,721.42610295613611,convergence
ext-w1,7,120007,0,32,,0,150,9600,707.24937057495117,convergence
ext-w1,7,120007,0,33,,0,215,13760,707.24889755249023,convergence
ext-w1,7,120007,0,34,,0,174,11136,707.25000890096032,convergence
ext-w1,7,120007,0,35,,0,169,10816,707.25592803955078,convergence
ext-w1,7,120007,0,36,,0,164,10496,703.22555414835608,convergence
ext-w1,7,120007,0,37,,0,164,10496,707.28075663248694,convergence
ext-w1,7,120007,0,38,,0,154,9856,707.25,convergence
ext-w1,7,120007,0,39,,0,194,12416,707.25602595011389,convergence
ext-w1,7,120007,0,40,,0,154,9856,718.67204920450843,convergence
ext-w1,7,120007,0,41,,0,100,6400,711.49164962768555,convergence
ext-w1,7,120007,0,42,,0,179,11456,722.00594711303711,convergence
ext-w1,7,120007,0,43,,0,183,11712,707.25612004597986,convergence
ext-w1,7,120007,0,44,,0,143,9152,711.49164962768555,convergence
ext-w1,7,120007,0,45,,0,134,8576,703.97636286417639,convergence
ext-w1,7,120007,0,46,,0,158,10112,707.25217056274414,convergence
ext-w1,7,120007,0,47,,0,139,8896,707.26808420817054,convergence
ext-w1,7,120007,0,48,,0,162,10368,707.25964991251624,convergence
ext-w1,7,120007,0,49,,0,151,9664,707.25030771891272,convergence
ext-w1,7,120007,0,50,,0,112,7168,703.97738265991211,convergence
ext-w1,7,120007,0,51,,0,165,10560,707.25339889526367,convergence
ext-w1,7,120007,0,52,,0,148,9472,707.25165685017907,convergence
ext-w1,7,120007,0,53,,0,174,11136,707.25172805786133,convergence
ext-w1,7,120007,0,54,,0,151,9664,703.97920608520508,convergence
ext-w1,7,120007,0,55,,0,146,9344,703.97617721557617,convergence
ext-w1,7,120007,0,56,,0,174,11136,707.25633239746094,convergence
ext-w1,7,120007,0,57,,0,123,7872,711.26009623209632,convergence
ext-w1,7,120007,0,58,,0,154,9856,707.280751546224,convergence
ext-w1,7,120007,0,59,,0,151,9664,707.25171025594079,convergence
ext-w1,7,120007,0,60,,0,161,10304,707.25,convergence
ext-w1,7,120007,0,61,,0,110,7040,711.49117151896155,convergence
ext-w1,7,120007,0,62,,0,153,9792,707.25146738688147,convergence
ext-w1,7,120007,0,63,,0,154,9856,712.97967529296875,convergence
ext-w1,7,120007,0,64,,0,141,9024,711.47940063476562,convergence
ext-w1,7,120007,0,65,,0,165,10560,707.24962997436523,convergence
ext-w1,7,120007,0,66,,0,161,10304,707.27167002360022,convergence
ext-w1,7,120007,0,67,,0,180,11520,707.25031661987305,convergence
ext-w1,7,120007,0,68,,0,155,9920,717.90118408203125,convergence
ext-w1,7,120007,0,69,,0,140,8960,720.01397196451819,convergence
ext-w1,7,120007,0,70,,0,161,10304,707.25165685017907,convergence
ext-w1,7,120007,0,71,,0,124,7936,708.09289677937829,convergence
ext-w1,7,120007,0,72,,0,110,7040,711.48341878255212,convergence
ext-w1,7,120007,0,73,,0,110,7040,708.09639104207361,convergence
ext-w1,7,120007,0,74,,0,121,7744,711.12554804484046,convergence
ext-w1,7,120007,0,75,,0,115,7360,708.09639104207361,convergence
ext-w1,7,120007,0,76,,0,102,6528,708.09639104207361,convergence
ext-w1,7,120007,0,77,,0,175,11200,707.25,convergence
ext-w1,7,120007,0,78,,0,162,10368,707.25741449991858,convergence
ext-w1,7,120007,1,0,,0,129,8256,687.12968571980798,convergence
ext-w1,7,120007,1,1,,0,153,9792,692.87255096435547,convergence
ext-w1,7,120007,1,2,,0,160,10240,687.17197418212891,convergence
ext-w1,7,120007,1,3,,0,187,11968,692.2803840637207,convergence
ext-w1,7,120007,1,4,,0,156,9984,687.16883214314782,convergence
ext-w1,7,120007,1,5,,0,145,9280,687.16903686523438,convergence
ext-w1,7,120007,1,6,,0,201,12864,682.06225458780921,convergence
ext-w1,7,120007,1,7,,0,129,8256,686.30427424112952,convergence
ext-w1,7,120007,1,8,,0,171,10944,692.24899419148767,convergence
ext-w1,7,120007,1,9,,0,145,9280,687.16022618611657,convergence
ext-w1,7,120007,1,10,,0,127,8128,686.30379613240564,convergence
ext-w1,7,120007,1,11,,0,153,9792,687.13843282063806,convergence
ext-w1,7,120007,1,12,,0,180,11520,691.50803375244141,convergence
ext-w1,7,120007,1,13,,0,143,9152,687.13769785563147,convergence
ext-w1,7,120007,1,14,,0,171,10944,687.17315419514978,convergence
ext-w1,7,120007,1,15,,0,230,14720,682.08399200439453,convergence
ext-w1,7,120007,1,16,,0,181,11584,694.90976587931311,convergence
ext-w1,7,120007,1,17,,0,141,9024,687.18187840779626,convergence
ext-w1,7,120007,1,18,,0,134,8576,686.32662328084314,convergence
ext-w1,7,120007,1,19,,0,128,8192,686.30349604288733,convergence
ext-w1,7,120007,1,20,,0,186,11904,690.88097254435218,convergence
ext-w1,7,120007,1,21,,0,164,10496,687.17559051513672,convergence
ext-w1,7,120007,1,22,,0,142,9088,686.29118092854821,convergence
ext-w1,7,120007,1,23,,0,166,10624,693.04558817545569,convergence
ext-w1,7,120007,1,24,,0,163,10432,692.17588043212891,convergence
ext-w1,7,120007,1,25,,0,160,10240,687.15327072143555,convergence
ext-w1,7,120007,1,26,,0,180,11520,687.17923863728845,convergence
ext-w1,7,120007,1,27,,0,140,8960,686.30553436279297,convergence
ext-w1,7,120007,1,28,,0,140,8960,686.30924733479821,convergence
ext-w1,7,120007,1,29,,0,153,9792,687.16044362386071,convergence
ext-w1,7,120007,1,30,,0,128,8192,687.14075469970703,convergence
ext-w1,7,120007,1,31,,0,135,8640,687.1742947896322,convergence
ext-w1,7,120007,1,32,,0,161,10304,687.16020202636719,convergence
ext-w1,7,120007,1,33,,0,158,10112,687.16022618611657,convergence
ext-w1,7,120007,1,34,,0,145,9280,687.15622584025061,convergence
ext-w1,7,120007,1,35,,0,158,10112,682.06334177652991,convergence
ext-w1,7,120007,1,36,,0,155,9920,687.11440022786462,convergence
ext-w1,7,120007,1,37,,0,163,10432,687.11116282145179,convergence
ext-w1,7,120007,1,38,,0,173,11072,687.17430877685547,convergence
ext-w1,7,120007,1,39,,0,159,10176,687.18880208333337,convergence
ext-w1,7,120007,1,40,,0,125,8000,687.17505264282227,convergence
ext-w1,7,120007,1,41,,0,145,9280,687.12420527140296,convergence
ext-w1,7,120007,1,42,,0,185,11840,691.43863677978516,convergence
ext-w1,7,120007,1,43,,0,162,10368,682.06225458780921,convergence
ext-w1,7,120007,1,44,,0,127,8128,686.32077026367188,convergence
ext-w1,7,120007,1,45,,0,160,10240,687.15327072143555,convergence
ext-w1,7,120007,1,46,,0,139,8896,687.18681081136071,convergence
ext-w1,7,120007,1,47,,0,152,9728,687.15327072143555,convergence
ext-w1,7,120007,1,48,,0,176,11264,687.14562352498376,convergence
ext-w1,7,120007,1,49,,0,176,11264,687.15256245930993,convergence
ext-w1,7,120007,1,50,,0,160,10240,690.92242558797204,convergence
ext-w1,7,120007,1,51,,0,175,11200,691.53790028889978,convergence
ext-w1,7,120007,1,52,,0,158,10112,682.07126235961914,convergence
ext-w1,7,120007,1,53,,0,163,10432,687.18559265136719,convergence
ext-w1,7,120007,1,54,,0,127,8128,686.30427424112952,convergence
ext-w1,7,120007,1,55,,0,192,12288,691.34953943888343,convergence
ext-w1,7,120007,1,56,,0,143,9152,687.16688283284509,convergence
ext-w1,7,120007,1,57,,0,162,10368,687.17559051513672,convergence
ext-w1,7,120007,1,58,,0,138,8832,687.14562352498376,convergence
ext-w1,7,120007,1,59,,0,193,12352,682.06479517618811,convergence
ext-w1,7,120007,1,60,,0,148,9472,693.05057398478186,convergence
ext-w1,7,120007,1,61,,0,150,9600,687.11039225260413,convergence
ext-w1,7,120007,1,62,,0,187,11968,691.63362121582031,convergence
ext-w1,7,120007,1,63,,0,177,11328,690.77650324503577,convergence
ext-w1,7,120007,1,64,,0,154,9856,687.15327072143555,convergence
ext-w1,7,120007,1,65,,0,153,9792,686.29292551676429,convergence
ext-w1,7,120007,1,66,,0,166,10624,687.16630808512366,convergence
ext-w1,7,120007,1,67,,0,151,9664,687.11116282145179,convergence
ext-w1,7,120007,1,68,,0,154,9856,682.06334177652991,convergence
ext-w1,7,120007,1,69,,0,160,10240,691.70657730102539,convergence
ext-w1,7,120007,1,70,,0,162,10368,687.15105819702148,convergence
ext-w1,7,120007,1,71,,0,164,10496,692.18149058024085,convergence
ext-w1,7,120007,1,72,,0,145,9280,687.17506663004554,convergence
ext-w1,7,120007,1,73,,0,132,8448,686.28988138834632,convergence
ext-w1,7,120007,1,74,,0,164,10496,687.18510564168298,convergence
ext-w1,7,120007,1,75,,0,168,10752,687.19086456298828,convergence
ext-w1,7,120007,1,76,,0,140,8960,690.66530990600586,convergence
ext-w1,7,120007,2,0,,0,144,9216,675.10595067342126,convergence
ext-w1,7,120007,2,1,,0,200,12800,676.05864079793298,convergence
ext-w1,7,120007,2,2,,0,119,7616,662.64272689819336,convergence
ext-w1,7,120007,2,3,,0,133,8512,668.67686462402344,convergence
ext-w1,7,120007,2,4,,0,153,9792,675.10595067342126,convergence
ext-w1,7,120007,2,5,,0,136,8704,675.10595067342126,convergence
ext-w1,7,120007,2,6,,0,207,13248,673.62410608927405,convergence
ext-w1,7,120007,2,7,,0,176,11264,669.18460973103845,convergence
ext-w1,7,120007,2,8,,0,116,7424,657.65763219197595,convergence
ext-w1,7,120007,2,9,,0,178,11392,674.05097452799475,convergence
ext-w1,7,120007,2,10,,0,136,8704,668.67503102620446,convergence
ext-w1,7,120007,2,11,,0,143,9152,672.89458847045898,convergence
ext-w1,7,120007,2,12,,0,157,10048,676.41915893554688,convergence
ext-w1,7,120007,2,13,,0,141,9024,674.89031473795569,convergence
ext-w1,7,120007,2,14,,0,161,10304,672.12376276652014,convergence
ext-w1,7,120007,2,15,,0,120,7680,657.65602493286133,convergence
ext-w1,7,120007,2,16,,0,146,9344,675.10888799031579,convergence
ext-w1,7,120007,2,17,,0,155,9920,674.78759892781579,convergence
ext-w1,7,120007,2,18,,0,171,10944,676.54271189371741,convergence
ext-w1,7,120007,2,19,,0,159,10176,662.63990147908532,convergence
ext-w1,7,120007,2,20,,0,139,8896,668.67582829793298,convergence
ext-w1,7,120007,2,21,,0,125,8000,662.64525985717773,convergence
ext-w1,7,120007,2,22,,0,195,12480,676.20994313557946,convergence
ext-w1,7,120007,2,23,,0,170,10880,676.41464360555017,convergence
ext-w1,7,120007,2,24,,0,169,10816,664.64972178141272,convergence
ext-w1,7,120007,2,25,,0,159,10176,676.94072977701819,convergence
ext-w1,7,120007,2,26,,0,141,9024,662.64525985717773,convergence
ext-w1,7,120007,2,27,,0,146,9344,675.09915161132812,convergence
ext-w1,7,120007,2,28,,0,162,10368,668.68017578125,convergence
ext-w1,7,120007,2,29,,0,128,8192,675.10547765096032,convergence
ext-w1,7,120007,2,30,,0,135,8640,670.37353006998694,convergence
ext-w1,7,120007,2,31,,0,164,10496,676.14824549357093,convergence
ext-w1,7,120007,2,32,,0,179,11456,671.16229375203454,convergence
ext-w1,7,120007,2,33,,0,152,9728,670.16778818766272,convergence
ext-w1,7,120007,2,34,,0,171,10944,664.64689254760742,convergence
ext-w1,7,120007,2,35,,0,180,11520,676.32334009806311,convergence
ext-w1,7,120007,2,36,,0,164,10496,676.93717320760095,convergence
ext-w1,7,120007,2,37,,0,167,10688,664.65166727701819,convergence
ext-w1,7,120007,2,38,,0,178,11392,664.6496365865072,convergence
ext-w1,7,120007,2,39,,0,158,10112,664.62790679931641,convergence
ext-w1,7,120007,2,40,,0,146,9344,668.68203735351562,convergence
ext-w1,7,120007,2,41,,0,175,11200,668.67790730794275,convergence
ext-w1,7,120007,2,42,,0,160,10240,664.6263758341471,convergence
ext-w1,7,120007,2,43,,0,153,9792,657.65778477986657,convergence
ext-w1,7,120007,2,44,,0,156,9984,672.13798650105798,convergence
ext-w1,7,120007,2,45,,0,139,8896,668.67469914754236,convergence
ext-w1,7,120007,2,46,,0,128,8192,662.34216181437171,convergence
ext-w1,7,120007,2,47,,0,156,9984,664.60072326660156,convergence
ext-w1,7,120007,2,48,,0,122,7808,662.64272689819336,convergence
ext-w1,7,120007,2,49,,0,123,7872,662.64272689819336,convergence
ext-w1,7,120007,2,50,,0,179,11456,675.10043843587243,convergence
ext-w1,7,120007,2,51,,0,111,7104,662.64272689819336,convergence
ext-w1,7,120007,2,52,,0,138,8832,668.31919479370117,convergence
ext-w1,7,120007,2,53,,0,159,10176,676.05738194783532,convergence
ext-w1,7,120007,2,54,,0,145,9280,664.66792933146155,convergence
ext-w1,7,120007,2,55,,0,138,8832,663.61686070760095,convergence
ext-w1,7,120007,2,56,,0,170,10880,664.64297485351562,convergence
ext-w1,7,120007,2,57,,0,179,11456,666.82427088419593,convergence
ext-w1,7,120007,2,58,,0,131,8384,672.53177642822266,convergence
ext-w1,7,120007,2,59,,0,148,9472,676.76795323689782,convergence
ext-w1,7,120007,2,60,,0,162,10368,669.17159016927087,convergence
ext-w1,7,120007,2,61,,0,168,10752,664.608876546224,convergence
ext-w1,7,120007,2,62,,0,160,10240,671.4218864440918,convergence
ext-w1,7,120007,2,63,,0,210,13440,676.41027196248376,convergence
ext-w1,7,120007,2,64,,0,179,11456,664.60483805338538,convergence
ext-w1,7,120007,2,65,,0,124,7936,657.65602493286133,convergence
ext-w1,7,120007,2,66,,0,166,10624,668.67790730794275,convergence
ext-w1,7,120007,2,67,,0,159,10176,668.68110020955407,convergence
ext-w1,7,120007,2,68,,0,133,8512,664.608876546224,convergence
ext-w1,7,120007,2,69,,0,168,10752,664.60404078165686,convergence
ext-w1,7,120007,2,70,,0,181,11584,664.65120061238611,convergence
ext-w1,7,120007,2,71,,0,147,9408,662.98249435424805,convergence
ext-w1,7,120007,2,72,,0,176,11264,664.64888763427734,convergence
ext-w1,7,120007,2,73,,0,175,11200,673.47134272257483,convergence
ext-w1,7,120007,2,74,,0,226,14464,674.25921630859375,convergence
ext-w1,7,120007,2,75,,0,137,8768,657.65602493286133,convergence
ext-w1,7,120007,2,76,,0,192,12288,664.60404078165686,convergence
ext-w1,7,120007,2,77,,0,180,11520,676.05697504679358,convergence
ext-w1,7,120007,3,0,,0,185,11840,640.19325510660804,convergence
ext-w1,7,120007,3,1,,0,196,12544,640.19449361165368,convergence
ext-w1,7,120007,3,2,,0,157,10048,650.46662902832031,convergence
ext-w1,7,120007,3,3,,0,171,10944,649.25198237101233,convergence
ext-w1,7,120007,3,4,,0,153,9792,644.27395757039392,convergence
ext-w1,7,120007,3,5,,0,131,8384,640.24220784505212,convergence
ext-w1,7,120007,3,6,,0,185,11840,652.33787536621094,convergence
ext-w1,7,120007,3,7,,0,151,9664,652.38545354207361,convergence
ext-w1,7,120007,3,8,,0,169,10816,652.57993189493811,convergence
ext-w1,7,120007,3,9,,0,148,9472,650.69292195638025,convergence
ext-w1,7,120007,3,10,,0,123,7872,638.23649724324548,convergence
ext-w1,7,120007,3,11,,0,128,8192,640.24705759684241,convergence
ext-w1,7,120007,3,12,,0,169,10816,652.86750793457031,convergence
ext-w1,7,120007,3,13,,0,115,7360,644.27807362874353,convergence
ext-w1,7,120007,3,14,,0,208,13312,640.22999572753906,convergence
ext-w1,7,120007,3,15,,0,167,10688,650.69439442952478,convergence
ext-w1,7,120007,3,16,,0,180,11520,640.1981201171875,convergence
ext-w1,7,120007,3,17,,0,146,9344,644.2719841003418,convergence
ext-w1,7,120007,3,18,,0,186,11904,651.66166432698571,convergence
ext-w1,7,120007,3,19,,0,140,8960,644.27384948730469,convergence
ext-w1,7,120007,3,20,,0,151,9664,650.70234298706055,convergence
ext-w1,7,120007,3,21,,0,136,8704,640.24408849080407,convergence
ext-w1,7,120007,3,22,,0,170,10880,650.70234298706055,convergence
ext-w1,7,120007,3,23,,0,144,9216,644.26830291748047,convergence
ext-w1,7,120007,3,24,,0,218,13952,640.23876444498694,convergence
ext-w1,7,120007,3,25,,0,165,10560,651.17280324300134,convergence
ext-w1,7,120007,3,26,,0,159,10176,644.26690800984704,convergence
ext-w1,7,120007,3,27,,0,141,9024,644.26665623982751,convergence
ext-w1,7,120007,3,28,,0,163,10432,640.22167714436853,convergence
ext-w1,7,120007,3,29,,0,131,8384,650.69972101847327,convergence
ext-w1,7,120007,3,30,,0,191,12224,651.79317728678382,convergence
ext-w1,7,120007,3,31,,0,187,11968,640.19781112670898,convergence
ext-w1,7,120007,3,32,,0,170,10880,652.49611409505212,convergence
ext-w1,7,120007,3,33,,0,164,10496,640.22101211547852,convergence
ext-w1,7,120007,3,34,,0,147,9408,649.28936131795251,convergence
ext-w1,7,120007,3,35,,0,170,10880,640.19781112670898,convergence
ext-w1,7,120007,3,36,,0,139,8896,640.20418294270837,convergence
ext-w1,7,120007,3,37,,0,143,9152,652.49619801839196,convergence
ext-w1,7,120007,3,38,,0,172,11008,650.52967580159509,convergence
ext-w1,7,120007,3,39,,0,164,10496,644.7905158996582,convergence
ext-w1,7,120007,3,40,,0,119,7616,638.23649724324548,convergence
ext-w1,7,120007,3,41,,0,146,9344,650.69407908121741,convergence
ext-w1,7,120007,3,42,,0,137,8768,650.16803995768225,convergence
ext-w1,7,120007,3,43,,0,208,13312,652.0031522115072,convergence
ext-w1,7,120007,3,44,,0,163,10432,640.22784042358398,convergence
ext-w1,7,120007,3,45,,0,142,9088,640.24181238810218,convergence
ext-w1,7,120007,3,46,,0,147,9408,649.42513656616211,convergence
ext-w1,7,120007,3,47,,0,179,11456,651.93706003824866,convergence
ext-w1,7,120007,3,48,,0,124,7936,638.23649724324548,convergence
ext-w1,7,120007,3,49,,0,132,8448,638.23474502563477,convergence
ext-w1,7,120007,3,50,,0,159,10176,652.20733261108398,convergence
ext-w1,7,120007,3,51,,0,152,9728,648.81430689493811,convergence
ext-w1,7,120007,3,52,,0,140,8960,650.70061365763343,convergence
ext-w1,7,120007,3,53,,0,129,8256,644.27063751220703,convergence
ext-w1,7,120007,3,54,,0,156,9984,640.20075734456384,convergence
ext-w1,7,120007,3,55,,0,184,11776,652.32675298055017,convergence
ext-w1,7,120007,3,56,,0,135,8640,640.22736104329431,convergence
ext-w1,7,120007,3,57,,0,161,10304,640.19325510660804,convergence
ext-w1,7,120007,3,58,,0,129,8256,638.23649724324548,convergence
ext-w1,7,120007,3,59,,0,129,8256,638.23649724324548,convergence
ext-w1,7,120007,3,60,,0,173,11072,650.73284530639648,convergence
ext-w1,7,120007,3,61,,0,176,11264,651.66447830200195,convergence
ext-w1,7,120007,3,62,,0,164,10496,650.69002660115564,convergence
ext-w1,7,120007,3,63,,0,158,10112,652.94579950968421,convergence
ext-w1,7,120007,3,64,,0,160,10240,652.2384033203125,convergence
ext-w1,7,120007,3,65,,0,150,9600,650.69439442952478,convergence
ext-w1,7,120007,3,66,,0,132,8448,638.23649724324548,convergence
ext-w1,7,120007,3,67,,0,187,11968,644.26846949259436,convergence
ext-w1,7,120007,3,68,,0,196,12544,640.22101211547852,convergence
ext-w1,7,120007,3,69,,0,150,9600,650.69471740722656,convergence
ext-w1,7,120007,3,70,,0,147,9408,652.95910263061523,convergence
ext-w1,7,120007,3,71,,0,156,9984,640.19325510660804,convergence
ext-w1,7,120007,3,72,,0,184,11776,652.45065307617188,convergence
ext-w1,7,120007,3,73,,0,123,7872,638.23649724324548,convergence
ext-w1,7,120007,3,74,,0,133,8512,640.24499257405603,convergence
ext-w1,7,120007,3,75,,0,226,14464,651.98226292928064,convergence
ext-w1,7,120007,3,76,,0,165,10560,652.55442428588867,convergence
ext-w1,7,120007,4,0,,0,141,9024,624.84877904256189,convergence
ext-w1,7,120007,4,1,,0,133,8512,620.78006490071618,convergence
ext-w1,7,120007,4,2,,0,144,9216,620.77197519938147,convergence
ext-w1,7,120007,4,3,,0,151,9664,624.85070419311523,convergence
ext-w1,7,120007,4,4,,0,158,10112,624.85359064737952,convergence
ext-w1,7,120007,4,5,,0,178,11392,620.77653121948242,convergence
ext-w1,7,120007,4,6,,0,182,11648,620.77071380615234,convergence
ext-w1,7,120007,4,7,,0,150,9600,635.42766825358069,convergence
ext-w1,7,120007,4,8,,0,159,10176,620.80019505818689,convergence
ext-w1,7,120007,4,9,,0,186,11904,620.82354482014978,convergence
ext-w1,7,120007,4,10,,0,182,11648,633.87476984659827,convergence
ext-w1,7,120007,4,11,,0,186,11904,632.57858784993493,convergence
ext-w1,7,120007,4,12,,0,147,9408,624.84935760498047,convergence
ext-w1,7,120007,4,13,,0,140,8960,620.81673304239905,convergence
ext-w1,7,120007,4,14,,0,147,9408,624.8471895853678,convergence
ext-w1,7,120007,4,15,,0,131,8384,624.84784698486328,convergence
ext-w1,7,120007,4,16,,0,155,9920,632.78753280639648,convergence
ext-w1,7,120007,4,17,,0,162,10368,620.77653121948242,convergence
ext-w1,7,120007,4,18,,0,157,10048,620.79973220825195,convergence
ext-w1,7,120007,4,19,,0,174,11136,620.77321370442712,convergence
ext-w1,7,120007,4,20,,0,176,11264,620.79973220825195,convergence
ext-w1,7,120007,4,21,,0,168,10752,624.85037994384766,convergence
ext-w1,7,120007,4,22,,0,170,10880,620.77846527099609,convergence
ext-w1,7,120007,4,23,,0,185,11840,620.81828180948889,convergence
ext-w1,7,120007,4,24,,0,156,9984,620.80039723714196,convergence
ext-w1,7,120007,4,25,,0,158,10112,625.35526529947913,convergence
ext-w1,7,120007,4,26,,0,184,11776,632.78518422444665,convergence
ext-w1,7,120007,4,27,,0,174,11136,620.79973220825195,convergence
ext-w1,7,120007,4,28,,0,125,8000,620.82212702433264,convergence
ext-w1,7,120007,4,29,,0,165,10560,620.77684020996094,convergence
ext-w1,7,120007,4,30,,0,146,9344,620.80608113606775,convergence
ext-w1,7,120007,4,31,,0,152,9728,620.81506601969397,convergence
ext-w1,7,120007,4,32,,0,143,9152,620.82369105021155,convergence
ext-w1,7,120007,4,33,,0,139,8896,624.845937093099,convergence
ext-w1,7,120007,4,34,,0,135,8640,620.82221221923828,convergence
ext-w1,7,120007,4,35,,0,148,9472,620.79955546061194,convergence
ext-w1,7,120007,4,36,,0,173,11072,632.76421483357751,convergence
ext-w1,7,120007,4,37,,0,196,12544,620.81215286254883,convergence
ext-w1,7,120007,4,38,,0,155,9920,620.80608113606775,convergence
ext-w1,7,120007,4,39,,0,183,11712,625.36857096354163,convergence
ext-w1,7,120007,4,40,,0,172,11008,620.79973220825195,convergence
ext-w1,7,120007,4,41,,0,193,12352,620.80019505818689,convergence
ext-w1,7,120007,4,42,,0,166,10624,632.6976203918457,convergence
ext-w1,7,120007,4,43,,0,165,10560,620.83340072631836,convergence
ext-w1,7,120007,4,44,,0,134,8576,624.85044987996423,convergence
ext-w1,7,120007,4,45,,0,156,9984,624.8471895853678,convergence
ext-w1,7,120007,4,46,,0,173,11072,624.85170364379883,convergence
ext-w1,7,120007,4,47,,0,136,8704,624.85251617431641,convergence
ext-w1,7,120007,4,48,,0,136,8704,624.85251617431641,convergence
ext-w1,7,120007,4,49,,0,160,10240,620.77653121948242,convergence
ext-w1,7,120007,4,50,,0,178,11392,620.77653121948242,convergence
ext-w1,7,120007,4,51,,0,169,10816,620.77653121948242,convergence
ext-w1,7,120007,4,52,,0,178,11392,620.77653121948242,convergence
ext-w1,7,120007,4,53,,0,142,9088,620.79764684041345,convergence
ext-w1,7,120007,4,54,,0,144,9216,624.85277811686194,convergence
ext-w1,7,120007,4,55,,0,207,13248,620.80607477823889,convergence
ext-w1,7,120007,4,56,,0,188,12032,620.80019505818689,convergence
ext-w1,7,120007,4,57,,0,148,9472,620.80781555175781,convergence
ext-w1,7,120007,4,58,,0,177,11328,620.80019505818689,convergence
ext-w1,7,120007,4,59,,0,182,11648,624.82700347900391,convergence
ext-w1,7,120007,4,60,,0,123,7872,624.85163116455078,convergence
ext-w1,7,120007,4,61,,0,200,12800,620.80401992797852,convergence
ext-w1,7,120007,4,62,,0,159,10176,620.79936472574866,convergence
ext-w1,7,120007,4,63,,0,150,9600,620.82369105021155,convergence
ext-w1,7,120007,4,64,,0,143,9152,624.85450617472327,convergence
ext-w1,7,120007,4,65,,0,135,8640,624.84935760498047,convergence
ext-w1,7,120007,4,66,,0,133,8512,620.81962839762366,convergence
ext-w1,7,120007,4,67,,0,159,10176,620.80039723714196,convergence
ext-w1,7,120007,4,68,,0,136,8704,624.8471895853678,convergence
ext-w1,7,120007,4,69,,0,169,10816,620.77321370442712,convergence
ext-w1,7,120007,4,70,,0,148,9472,625.36858495076501,convergence
ext-w1,7,120007,4,71,,0,161,10304,633.59406153360999,convergence
ext-w1,7,120007,4,72,,0,202,12928,620.80548858642578,convergence
ext-w1,7,120007,4,73,,0,152,9728,624.84702046712243,convergence
ext-w1,7,120007,4,74,,0,153,9792,624.8471895853678,convergence
ext-w1,7,120007,4,75,,0,178,11392,620.80019505818689,convergence
ext-w1,7,120007,5,0,,0,138,8832,606.80998357137048,convergence
ext-w1,7,120007,5,1,,0,132,8448,606.81521733601892,convergence
ext-w1,7,120007,5,2,,0,154,9856,606.81615829467773,convergence
ext-w1,7,120007,5,3,,0,153,9792,606.81251525878906,convergence
ext-w1,7,120007,5,4,,0,130,8320,615.32115300496423,convergence
ext-w1,7,120007,5,5,,0,144,9216,606.81917826334632,convergence
ext-w1,7,120007,5,6,,0,141,9024,606.81257756551111,convergence
ext-w1,7,120007,5,7,,0,111,7104,606.81683985392249,convergence
ext-w1,7,120007,5,8,,0,160,10240,606.80998357137048,convergence
ext-w1,7,120007,5,9,,0,129,8256,613.64143371582031,convergence
ext-w1,7,120007,5,10,,0,114,7296,606.82072703043616,convergence
ext-w1,7,120007,5,11,,0,129,8256,615.88460667928064,convergence
ext-w1,7,120007,5,12,,0,160,10240,606.81619389851892,convergence
ext-w1,7,120007,5,13,,0,169,10816,606.81414794921875,convergence
ext-w1,7,120007,5,14,,0,137,8768,606.81827799479163,convergence
ext-w1,7,120007,5,15,,0,138,8832,615.94161097208655,convergence
ext-w1,7,120007,5,16,,0,107,6848,606.81731796264648,convergence
ext-w1,7,120007,5,17,,0,116,7424,606.82017008463538,convergence
ext-w1,7,120007,5,18,,0,162,10368,606.80998357137048,convergence
ext-w1,7,120007,5,19,,0,136,8704,606.8159510294596,convergence
ext-w1,7,120007,5,20,,0,120,7680,606.81683985392249,convergence
ext-w1,7,120007,5,21,,0,150,9600,606.81251525878906,convergence
ext-w1,7,120007,5,22,,0,151,9664,615.3238525390625,convergence
ext-w1,7,120007,5,23,,0,156,9984,606.80954360961914,convergence
ext-w1,7,120007,5,24,,0,138,8832,615.88460667928064,convergence
ext-w1,7,120007,5,25,,0,132,8448,606.81250635782874,convergence
ext-w1,7,120007,5,26,,0,141,9024,606.81472778320312,convergence
ext-w1,7,120007,5,27,,0,183,11712,606.81199391682946,convergence
ext-w1,7,120007,5,28,,0,114,7296,606.81683985392249,convergence
ext-w1,7,120007,5,29,,0,154,9856,606.79666264851892,convergence
ext-w1,7,120007,5,30,,0,127,8128,606.81421534220374,convergence
ext-w1,7,120007,5,31,,0,158,10112,614.98640950520837,convergence
ext-w1,7,120007,5,32,,0,141,9024,606.81276067097986,convergence
ext-w1,7,120007,5,33,,0,133,8512,606.81675974527991,convergence
ext-w1,7,120007,5,34,,0,124,7936,606.81354395548499,convergence
ext-w1,7,120007,5,35,,0,123,7872,606.81386947631836,convergence
ext-w1,7,120007,5,36,,0,121,7744,606.81521733601892,convergence
ext-w1,7,120007,5,37,,0,160,10240,606.81548690795898,convergence
ext-w1,7,120007,5,38,,0,164,10496,606.81407292683923,convergence
ext-w1,7,120007,5,39,,0,136,8704,606.81386947631836,convergence
ext-w1,7,120007,5,40,,0,119,7616,606.81683985392249,convergence
ext-w1,7,120007,5,41,,0,141,9024,611.47233200073242,convergence
ext-w1,7,120007,5,42,,0,118,7552,606.81683985392249,convergence
ext-w1,7,120007,5,43,,0,167,10688,615.33655166625977,convergence
ext-w1,7,120007,5,44,,0,155,9920,606.80998357137048,convergence
ext-w1,7,120007,5,45,,0,121,7744,606.79740015665686,convergence
ext-w1,7,120007,5,46,,0,128,8192,606.81827290852868,convergence
ext-w1,7,120007,5,47,,0,146,9344,606.81421534220374,convergence
ext-w1,7,120007,5,48,,0,120,7680,606.81598917643225,convergence
ext-w1,7,120007,5,49,,0,140,8960,615.88460667928064,convergence
ext-w1,7,120007,5,50,,0,154,9856,606.80998357137048,convergence
ext-w1,7,120007,5,51,,0,158,10112,606.81421534220374,convergence
ext-w1,7,120007,5,52,,0,183,11712,606.81199391682946,convergence
ext-w1,7,120007,5,53,,0,140,8960,606.81042734781897,convergence
ext-w1,7,120007,5,54,,0,126,8064,606.81521733601892,convergence
ext-w1,7,120007,5,55,,0,125,8000,606.81796264648438,convergence
ext-w1,7,120007,5,56,,0,118,7552,606.80874379475915,convergence
ext-w1,7,120007,5,57,,0,140,8960,606.81179809570312,convergence
ext-w1,7,120007,5,58,,0,137,8768,606.8183809916178,convergence
ext-w1,7,120007,5,59,,0,142,9088,606.82162602742517,convergence
ext-w1,7,120007,5,60,,0,143,9152,606.79740015665686,convergence
ext-w1,7,120007,5,61,,0,146,9344,615.88460667928064,convergence
ext-w1,7,120007,5,62,,0,148,9472,606.81251525878906,convergence
ext-w1,7,120007,5,63,,0,140,8960,615.39656448364258,convergence
ext-w1,7,120007,5,64,,0,108,6912,606.80874379475915,convergence
ext-w1,7,120007,5,65,,0,156,9984,606.81376266479492,convergence
ext-w1,7,120007,5,66,,0,176,11264,615.01331075032556,convergence
ext-w1,7,120007,5,67,,0,146,9344,606.81414794921875,convergence
ext-w1,7,120007,5,68,,0,156,9984,606.81414794921875,convergence
ext-w1,7,120007,5,69,,0,133,8512,615.88460667928064,convergence
ext-w1,7,120007,5,70,,0,143,9152,606.81421534220374,convergence
ext-w1,7,120007,5,71,,0,152,9728,615.96963882446289,convergence
ext-w1,7,120007,5,72,,0,106,6784,615.33345667521155,convergence
ext-w1,7,120007,5,73,,0,174,11136,606.80998357137048,convergence
ext-w1,7,120007,5,74,,0,147,9408,606.81609853108728,convergence
ext-w1,7,120007,5,75,,0,134,8576,606.81421534220374,convergence
ext-w1,7,120007,5,76,,0,156,9984,615.3231417338053,convergence
ext-w1,7,120007,5,77,,0,130,8320,606.82095082600915,convergence
ext-w1,7,120007,5,78,,0,156,9984,606.82145563761389,convergence
ext-w1,7,120007,5,79,,0,126,8064,606.82070287068689,convergence
ext-w1,7,120007,5,80,,0,137,8768,606.81619389851892,convergence
ext-w1,7,120007,5,81,,0,137,8768,606.81683985392249,convergence
ext-w1,7,120007,5,82,,0,125,8000,606.82002258300781,convergence
ext-w1,7,120007,5,83,,0,138,8832,606.81521733601892,convergence
ext-w1,7,120007,5,84,,0,148,9472,606.8183809916178,convergence
ext-w1,7,120007,5,85,,0,124,7936,606.82315953572595,convergence
ext-w1,7,120007,5,86,,0,238,15232,615.74642308553064,convergence
ext-w1,7,120007,6,0,,0,154,9856,601.34710184733069,convergence
ext-w1,7,120007,6,1,,0,220,14080,601.90624618530273,convergence
ext-w1,7,120007,6,2,,0,158,10112,600.65906524658203,convergence
ext-w1,7,120007,6,3,,0,114,7296,598.60174051920569,convergence
ext-w1,7,120007,6,4,,0,162,10368,595.11942164103186,convergence
ext-w1,7,120007,6,5,,0,147,9408,600.649403889974,convergence
ext-w1,7,120007,6,6,,0,141,9024,601.34934997558594,convergence
ext-w1,7,120007,6,7,,0,131,8384,601.34934997558594,convergence
ext-w1,7,120007,6,8,,0,159,10176,595.1034049987793,convergence
ext-w1,7,120007,6,9,,0,154,9856,592.70726648966468,convergence
ext-w1,7,120007,6,10,,0,142,9088,595.11834335327148,convergence
ext-w1,7,120007,6,11,,0,149,9536,601.35018539428711,convergence
ext-w1,7,120007,6,12,,0,129,8256,603.76344553629554,convergence
ext-w1,7,120007,6,13,,0,133,8512,601.34934997558594,convergence
ext-w1,7,120007,6,14,,0,157,10048,601.34939193725586,convergence
ext-w1,7,120007,6,15,,0,160,10240,601.9220186869303,convergence
ext-w1,7,120007,6,16,,0,114,7296,597.47652053833008,convergence
ext-w1,7,120007,6,17,,0,134,8576,595.11834335327148,convergence
ext-w1,7,120007,6,18,,0,162,10368,599.32404327392578,convergence
ext-w1,7,120007,6,19,,0,155,9920,600.65350087483728,convergence
ext-w1,7,120007,6,20,,0,180,11520,600.649403889974,convergence
ext-w1,7,120007,6,21,,0,133,8512,595.11834589640296,convergence
ext-w1,7,120007,6,22,,0,144,9216,601.35018539428711,convergence
ext-w1,7,120007,6,23,,0,159,10176,603.38426844278968,convergence
ext-w1,7,120007,6,24,,0,207,13248,601.74942398071289,convergence
ext-w1,7,120007,6,25,,0,141,9024,602.15899403889978,convergence
ext-w1,7,120007,6,26,,0,160,10240,598.35893885294593,convergence
ext-w1,7,120007,6,27,,0,142,9088,601.78471628824866,convergence
ext-w1,7,120007,6,28,,0,205,13120,601.75705718994141,convergence
ext-w1,7,120007,6,29,,0,168,10752,601.76715596516931,convergence
ext-w1,7,120007,6,30,,0,132,8448,603.66044108072913,convergence
ext-w1,7,120007,6,31,,0,137,8768,604.02091852823889,convergence
ext-w1,7,120007,6,32,,0,151,9664,602.1590360005697,convergence
ext-w1,7,120007,6,33,,0,163,10432,601.7705968221029,convergence
ext-w1,7,120007,6,34,,0,204,13056,600.649403889974,convergence
ext-w1,7,120007,6,35,,0,178,11392,600.65460713704431,convergence
ext-w1,7,120007,6,36,,0,171,10944,600.6545626322428,convergence
ext-w1,7,120007,6,37,,0,156,9984,601.7663243611654,convergence
ext-w1,7,120007,6,38,,0,179,11456,600.65842946370446,convergence
ext-w1,7,120007,6,39,,0,139,8896,601.77919133504236,convergence
ext-w1,7,120007,6,40,,0,150,9600,603.76344299316406,convergence
ext-w1,7,120007,6,41,,0,195,12480,601.10211563110352,convergence
ext-w1,7,120007,6,42,,0,166,10624,600.649403889974,convergence
ext-w1,7,120007,6,43,,0,151,9664,601.34968948364258,convergence
ext-w1,7,120007,6,44,,0,114,7296,597.47652053833008,convergence
ext-w1,7,120007,6,45,,0,131,8384,603.76325225830078,convergence
ext-w1,7,120007,6,46,,0,223,14272,599.81807454427087,convergence
ext-w1,7,120007,6,47,,0,158,10112,601.35049565633142,convergence
ext-w1,7,120007,6,48,,0,178,11392,600.649403889974,convergence
ext-w1,7,120007,6,49,,0,178,11392,600.65425999959314,convergence
ext-w1,7,120007,6,50,,0,167,10688,600.6503690083822,convergence
ext-w1,7,120007,6,51,,0,154,9856,601.35314305623376,convergence
ext-w1,7,120007,6,52,,0,126,8064,595.1056912740072,convergence
ext-w1,7,120007,6,53,,0,157,10048,601.34926096598304,convergence
ext-w1,7,120007,6,54,,0,131,8384,595.10403569539392,convergence
ext-w1,7,120007,6,55,,0,152,9728,588.21306737264001,convergence
ext-w1,7,120007,6,56,,0,130,8320,595.11871083577478,convergence
ext-w1,7,120007,6,57,,0,138,8832,600.65052032470703,convergence
ext-w1,7,120007,6,58,,0,192,12288,600.649403889974,convergence
ext-w1,7,120007,6,59,,0,138,8832,595.11531448364258,convergence
ext-w1,7,120007,6,60,,0,148,9472,601.75840504964196,convergence
ext-w1,7,120007,6,61,,0,214,13696,603.15370305379236,convergence
ext-w1,7,120007,6,62,,0,146,9344,602.15835189819336,convergence
ext-w1,7,120007,6,63,,0,224,14336,601.78670374552405,convergence
ext-w1,7,120007,6,64,,0,181,11584,600.4847195943197,convergence
ext-w1,7,120007,6,65,,0,140,8960,601.36625671386719,convergence
ext-w1,7,120007,6,66,,0,176,11264,600.65944925944007,convergence
ext-w1,7,120007,6,67,,0,155,9920,601.35018539428711,convergence
ext-w1,7,120007,6,68,,0,181,11584,601.77785237630212,convergence
ext-w1,7,120007,6,69,,0,153,9792,599.76201629638672,convergence
ext-w1,7,120007,6,70,,0,143,9152,601.35018539428711,convergence
ext-w1,7,120007,6,71,,0,159,10176,595.11834335327148,convergence
ext-w1,7,120007,6,72,,0,167,10688,601.7683219909668,convergence
ext-w1,7,120007,6,73,,0,183,11712,601.74979273478186,convergence
ext-w1,7,120007,6,74,,0,130,8320,600.39685567220056,convergence
ext-w1,7,120007,6,75,,0,188,12032,600.65182367960608,convergence
ext-w1,7,120007,6,76,,0,151,9664,592.70726648966468,convergence
ext-w1,7,120007,7,0,,0,169,10816,583.17445119222009,convergence
ext-w1,7,120007,7,1,,0,140,8960,576.52929560343421,convergence
ext-w1,7,120007,7,2,,0,162,10368,582.07311503092444,convergence
ext-w1,7,120007,7,3,,0,142,9088,583.19940439860022,convergence
ext-w1,7,120007,7,4,,0,152,9728,576.52856572469079,convergence
ext-w1,7,120007,7,5,,0,120,7680,576.53474807739258,convergence
ext-w1,7,120007,7,6,,0,163,10432,583.19620132446289,convergence
ext-w1,7,120007,7,7,,0,125,8000,581.31868489583337,convergence
ext-w1,7,120007,7,8,,0,194,12416,583.32270431518555,convergence
ext-w1,7,120007,7,9,,0,164,10496,582.76383972167969,convergence
ext-w1,7,120007,7,10,,0,118,7552,578.89292526245117,convergence
ext-w1,7,120007,7,11,,0,162,10368,583.50077438354492,convergence
ext-w1,7,120007,7,12,,0,162,10368,583.49888737996423,convergence
ext-w1,7,120007,7,13,,0,129,8256,576.53507741292321,convergence
ext-w1,7,120007,7,14,,0,149,9536,582.76575469970703,convergence
ext-w1,7,120007,7,15,,0,164,10496,576.53511555989587,convergence
ext-w1,7,120007,7,16,,0,165,10560,582.0638326009115,convergence
ext-w1,7,120007,7,17,,0,142,9088,582.76350657145179,convergence
ext-w1,7,120007,7,18,,0,184,11776,583.19940439860022,convergence
ext-w1,7,120007,7,19,,0,192,12288,582.49309794108069,convergence
ext-w1,7,120007,7,20,,0,136,8704,576.54301579793298,convergence
ext-w1,7,120007,7,21,,0,136,8704,583.4967155456543,convergence
ext-w1,7,120007,7,22,,0,149,9536,583.50030517578125,convergence
ext-w1,7,120007,7,23,,0,168,10752,583.50015640258789,convergence
ext-w1,7,120007,7,24,,0,149,9536,583.17702992757165,convergence
ext-w1,7,120007,7,25,,0,173,11072,576.53474807739258,convergence
ext-w1,7,120007,7,26,,0,163,10432,583.1835606892904,convergence
ext-w1,7,120007,7,27,,0,169,10816,582.77198664347327,convergence
ext-w1,7,120007,7,28,,0,128,8192,582.76620610555017,convergence
ext-w1,7,120007,7,29,,0,132,8448,576.53474807739258,convergence
ext-w1,7,120007,7,30,,0,152,9728,580.39839553833008,convergence
ext-w1,7,120007,7,31,,0,186,11904,583.1835606892904,convergence
ext-w1,7,120007,7,32,,0,171,10944,583.1835606892904,convergence
ext-w1,7,120007,7,33,,0,177,11328,582.06822840372718,convergence
ext-w1,7,120007,7,34,,0,161,10304,582.43103408813477,convergence
ext-w1,7,120007,7,35,,0,162,10368,582.06624730428064,convergence
ext-w1,7,120007,7,36,,0,136,8704,582.76575469970703,convergence
ext-w1,7,120007,7,37,,0,167,10688,583.1835606892904,convergence
ext-w1,7,120007,7,38,,0,137,8768,582.76575469970703,convergence
ext-w1,7,120007,7,39,,0,131,8384,576.52202733357751,convergence
ext-w1,7,120007,7,40,,0,136,8704,583.50189717610681,convergence
ext-w1,7,120007,7,41,,0,172,11008,582.06822840372718,convergence
ext-w1,7,120007,7,42,,0,170,10880,582.76350657145179,convergence
ext-w1,7,120007,7,43,,0,129,8256,576.51994450887048,convergence
ext-w1,7,120007,7,44,,0,160,10240,582.76575469970703,convergence
ext-w1,7,120007,7,45,,0,108,6912,585.08188501993811,convergence
ext-w1,7,120007,7,46,,0,164,10496,585.17963027954102,convergence
ext-w1,7,120007,7,47,,0,197,12608,582.06580861409509,convergence
ext-w1,7,120007,7,48,,0,151,9664,582.35667546590173,convergence
ext-w1,7,120007,7,49,,0,175,11200,582.76350657145179,convergence
ext-w1,7,120007,7,50,,0,209,13376,580.50470352172852,convergence
ext-w1,7,120007,7,51,,0,185,11840,583.21980158487952,convergence
ext-w1,7,120007,7,52,,0,168,10752,583.1835606892904,convergence
ext-w1,7,120007,7,53,,0,160,10240,582.76575469970703,convergence
ext-w1,7,120007,7,54,,0,135,8640,583.50064595540368,convergence
ext-w1,7,120007,7,55,,0,145,9280,581.13122812906897,convergence
ext-w1,7,120007,7,56,,0,134,8576,583.49894078572595,convergence
ext-w1,7,120007,7,57,,0,133,8512,582.77669397989905,convergence
ext-w1,7,120007,7,58,,0,117,7488,576.52085494995117,convergence
ext-w1,7,120007,7,59,,0,159,10176,582.06975046793616,convergence
ext-w1,7,120007,7,60,,0,146,9344,585.17974853515625,convergence
ext-w1,7,120007,7,61,,0,152,9728,578.89292526245117,convergence
ext-w1,7,120007,7,62,,0,166,10624,580.83424250284827,convergence
ext-w1,7,120007,7,63,,0,139,8896,583.5007108052572,convergence
ext-w1,7,120007,7,64,,0,163,10432,583.16582870483398,convergence
ext-w1,7,120007,7,65,,0,181,11584,583.23347218831384,convergence
ext-w1,7,120007,7,66,,0,145,9280,581.31591796875,convergence
ext-w1,7,120007,7,67,,0,177,11328,582.06816355387366,convergence
ext-w1,7,120007,7,68,,0,251,16064,582.06868871053064,convergence
ext-w1,7,120007,7,69,,0,154,9856,583.50030517578125,convergence
ext-w1,7,120007,7,70,,0,160,10240,582.06816355387366,convergence
ext-w1,7,120007,7,71,,0,185,11840,582.06595993041992,convergence
ext-w1,7,120007,7,72,,0,109,6976,578.89292526245117,convergence
ext-w1,7,120007,7,73,,0,111,7104,582.7665901184082,convergence
ext-w1,7,120007,7,74,,0,178,11392,582.06677373250329,convergence
ext-w1,7,120007,7,75,,0,195,12480,583.2392247517904,convergence
ext-w1,7,120007,7,76,,0,157,10048,582.06595993041992,convergence
ext-w1,7,120007,7,77,,0,175,11200,583.17436726888025,convergence
cold-w16,7,120007,0,0,,0,3026,193664,862.00205230712891,convergence
cold-w16,7,120007,0,1,,0,2894,185216,915.61507161458337,convergence
cold-w16,7,120007,0,2,,0,3601,230464,813.10245259602868,convergence
cold-w16,7,120007,0,3,,0,3083,197312,1152.1092987060547,convergence
cold-w16,7,120007,0,4,,0,3088,197632,880.33413696289062,convergence
cold-w16,7,120007,0,5,,0,3512,224768,835.10858917236328,convergence
cold-w16,7,120007,0,6,,0,3104,198656,868.75542958577478,convergence
cold-w16,7,120007,0,7,,0,3275,209600,861.13105010986328,convergence
cold-w16,7,120007,0,8,,0,2890,184960,1012.9933420817057,convergence
cold-w16,7,120007,0,9,,0,3394,217216,973.55742390950525,convergence
cold-w16,7,120007,0,10,,0,2677,171328,841.84414164225257,convergence
cold-w16,7,120007,0,11,,0,3015,192960,915.0394401550293,convergence
cold-w16,7,120007,0,12,,0,3259,208576,980.67228825887048,convergence
cold-w16,7,120007,0,13,,0,2577,164928,994.53258768717444,convergence
cold-w16,7,120007,0,14,,0,3202,204928,907.184560139974,convergence
cold-w16,7,120007,0,15,,0,3296,210944,1143.6083183288574,convergence
cold-w16,7,120007,0,16,,0,2608,166912,831.80756378173828,convergence
cold-w16,7,120007,0,17,,0,2941,188224,898.29049936930335,convergence
cold-w16,7,120007,0,18,,0,3460,221440,806.71945317586267,convergence
cold-w16,7,120007,0,19,,0,2688,172032,1148.3256568908691,convergence
cold-w16,7,120007,0,20,,0,3522,225408,942.61037953694665,convergence
cold-w16,7,120007,0,21,,0,2992,191488,789.04385884602868,convergence
cold-w16,7,120007,0,22,,0,2756,176384,912.18029530843103,convergence
cold-w16,7,120007,0,23,,0,3277,209728,911.47959518432617,convergence
cold-w16,7,120007,0,24,,0,3269,209216,762.83798980712891,convergence
cold-w16,7,120007,0,25,,0,3072,196608,907.47307968139648,convergence
cold-w16,7,120007,0,26,,0,2998,191872,806.16608810424805,convergence
cold-w16,7,120007,0,27,,0,3201,204864,1080.1012522379558,convergence
cold-w16,7,120007,0,28,,0,3368,215552,791.33534749348962,convergence
cold-w16,7,120007,0,29,,0,3966,253824,819.38966623942054,convergence
cold-w16,7,120007,0,30,,0,3171,202944,895.62024815877282,convergence
ext-w8,8,120008,0,0,,0,1523,97472,657.0449549357096,convergence
ext-w8,8,120008,0,1,,0,1157,74048,643.24824523925781,convergence
ext-w8,8,120008,0,2,,0,1564,100096,647.30820465087891,convergence
ext-w8,8,120008,0,3,,0,1257,80448,662.97164408365882,convergence
ext-w8,8,120008,0,4,,0,1404,89856,671.461415608724,convergence
ext-w8,8,120008,0,5,,0,3159,202176,685.3227653503418,convergence
ext-w8,8,120008,0,6,,0,1158,74112,663.04426447550452,convergence
ext-w8,8,120008,0,7,,0,1278,81792,669.42940521240234,convergence
ext-w8,8,120008,0,8,,0,1398,89472,676.31512196858728,convergence
ext-w8,8,120008,0,9,,0,1589,101696,654.02564748128259,convergence
ext-w8,8,120008,0,10,,0,1232,78848,646.19015757242835,convergence
ext-w8,8,120008,0,11,,0,1610,103040,623.42657979329431,convergence
ext-w8,8,120008,0,12,,0,2859,182976,655.67925643920898,convergence
ext-w8,8,120008,0,13,,0,1487,95168,667.73544184366858,convergence
ext-w8,8,120008,0,14,,0,1453,92992,653.90250651041663,convergence
ext-w8,8,120008,0,15,,0,1269,81216,655.5734748840332,convergence
ext-w8,8,120008,0,16,,0,2113,135232,674.24169921875,convergence
ext-w8,8,120008,0,17,,0,1065,68160,659.02364603678382,convergence
ext-w8,8,120008,0,18,,0,1222,78208,632.27117665608728,convergence
ext-w8,8,120008,0,19,,0,1426,91264,669.02651596069336,convergence
ext-w8,8,120008,0,20,,0,3207,205248,672.96793874104821,convergence
ext-w8,8,120008,0,21,,0,1092,69888,645.27849197387695,convergence
ext-w8,8,120008,0,22,,0,1222,78208,648.62278366088867,convergence
ext-w8,8,120008,0,23,,0,1272,81408,690.35059992472327,convergence
ext-w8,8,120008,0,24,,0,1704,109056,670.83818817138672,convergence
ext-w8,8,120008,0,25,,0,1506,96384,647.51674143473304,convergence
ext-w8,8,120008,0,26,,0,1313,84032,647.38814671834314,convergence
ext-w8,8,120008,0,27,,0,1530,97920,614.59663518269861,convergence
ext-w8,8,120008,0,28,,0,3207,205248,658.43920516967773,convergence
ext-w8,8,120008,0,29,,0,1592,101888,605.09791692097986,convergence
ext-w8,8,120008,0,30,,0,1612,103168,617.67881011962891,convergence
ext-w8,8,120008,0,31,,0,1262,80768,636.84651184082031,convergence
ext-w8,8,120008,0,32,,0,1301,83264,646.30187479654944,convergence
ext-w8,8,120008,0,33,,0,4046,258944,675.9183680216471,convergence
ext-w8,8,120008,0,34,,0,1725,110400,649.80529530843103,convergence
ext-w8,8,120008,0,35,,0,1607,102848,662.47185516357422,convergence
ext-w8,8,120008,0,36,,0,1222,78208,664.38329315185547,convergence
ext-w8,8,120008,0,37,,0,1576,100864,669.79633585611975,convergence
ext-w8,8,120008,0,38,,0,1497,95808,653.84604517618811,convergence
ext-w8,8,120008,0,39,,0,1378,88192,640.92319742838538,convergence
ext-w8,8,120008,0,40,,0,2651,169664,671.86472193400061,convergence
ext-w8,8,120008,0,41,,0,2159,138176,664.19244511922204,convergence
ext-w8,8,120008,0,42,,0,1947,124608,672.86654154459632,convergence
ext-w8,8,120008,0,43,,0,1448,92672,644.00964991251624,convergence
ext-w8,8,120008,0,44,,0,1366,87424,663.22427113850915,convergence
ext-w8,8,120008,0,45,,0,1707,109248,692.20346577962243,convergence
ext-w8,8,120008,0,46,,0,1581,101184,668.03612009684241,convergence
ext-w8,8,120008,0,47,,0,1558,99712,674.56945927937829,convergence
ext-w8,8,120008,0,48,,0,1304,83456,637.03473409016931,convergence
ext-w8,8,120008,0,49,,0,1626,104064,630.59940973917639,convergence
ext-w8,8,120008,0,50,,0,1289,82496,656.70487594604492,convergence
ext-w8,8,120008,0,51,,0,2511,160704,639.55432510375977,convergence
ext-w8,8,120008,0,52,,0,1492,95488,631.57340621948242,convergence
ext-w8,8,120008,0,53,,0,1492,95488,627.43295923868811,convergence
ext-w8,8,120008,0,54,,0,1878,120192,673.18429946899414,convergence
ext-w8,8,120008,0,55,,0,2515,160960,662.86145909627282,convergence
ext-w8,8,120008,0,56,,0,1070,68480,674.58717600504554,convergence
ext-w8,8,120008,0,57,,0,1576,100864,630.75451024373376,convergence
ext-w4,8,120008,0,0,,0,687,43968,647.04604721069336,convergence
ext-w4,8,120008,0,1,,0,750,48000,687.13795979817712,convergence
ext-w4,8,120008,0,2,,0,696,44544,671.92277272542321,convergence
ext-w4,8,120008,0,3,,0,578,36992,659.77836481730139,convergence
ext-w4,8,120008,0,4,,0,620,39680,687.77234776814782,convergence
ext-w4,8,120008,0,5,,0,692,44288,669.26965077718103,convergence
ext-w4,8,120008,0,6,,0,587,37568,670.98784764607751,convergence
ext-w4,8,120008,0,7,,0,685,43840,674.18747202555335,convergence
ext-w4,8,120008,0,8,,0,652,41728,685.72685623168945,convergence
ext-w4,8,120008,0,9,,0,682,43648,662.64941914876306,convergence
ext-w4,8,120008,0,10,,0,690,44160,671.63958613077796,convergence
ext-w4,8,120008,0,11,,0,918,58752,676.16233698527014,convergence
ext-w4,8,120008,0,12,,0,626,40064,672.46090698242188,convergence
ext-w4,8,120008,0,13,,0,728,46592,700.79899470011389,convergence
ext-w4,8,120008,0,14,,0,844,54016,686.12726211547852,convergence
ext-w4,8,120008,0,15,,0,788,50432,658.56872304280603,convergence
ext-w4,8,120008,0,16,,0,767,49088,689.60595957438147,convergence
ext-w4,8,120008,0,17,,0,657,42048,659.31062189737952,convergence
ext-w4,8,120008,0,18,,0,556,35584,672.67461903889978,convergence
ext-w4,8,120008,0,19,,0,750,48000,669.42687733968103,convergence
ext-w4,8,120008,0,20,,0,613,39232,665.72419230143225,convergence
ext-w4,8,120008,0,21,,0,600,38400,669.91764577229821,convergence
ext-w4,8,120008,0,22,,0,639,40896,675.71342468261719,convergence
ext-w4,8,120008,0,23,,0,550,35200,675.32989120483398,convergence
ext-w4,8,120008,0,24,,0,1379,88256,687.28613789876306,convergence
ext-w4,8,120008,0,25,,0,1100,70400,675.04825846354163,convergence
ext-w4,8,120008,0,26,,0,693,44352,683.04947280883789,convergence
ext-w4,8,120008,0,27,,0,668,42752,690.51238632202148,convergence
ext-w4,8,120008,0,28,,0,559,35776,669.97586568196618,convergence
ext-w4,8,120008,0,29,,0,830,53120,663.13975270589196,convergence
ext-w4,8,120008,0,30,,0,617,39488,673.19072596232093,convergence
ext-w4,8,120008,0,31,,0,612,39168,670.68017196655273,convergence
ext-w4,8,120008,0,32,,0,744,47616,668.77700297037757,convergence
ext-w4,8,120008,0,33,,0,574,36736,673.68940607706702,convergence
ext-w4,8,120008,0,34,,0,540,34560,671.68260828653968,convergence
ext-w4,8,120008,0,35,,0,1243,79552,664.66145451863611,convergence
ext-w4,8,120008,0,36,,0,557,35648,651.32073338826501,convergence
ext-w4,8,120008,0,37,,0,559,35776,671.30037943522132,convergence
ext-w4,8,120008,0,38,,0,1225,78400,676.08144632975257,convergence
ext-w4,8,120008,0,39,,0,1225,78400,652.86289469401038,convergence
ext-w4,8,120008,0,40,,0,813,52032,671.66597493489587,convergence
ext-w4,8,120008,0,41,,0,487,31168,673.61691792805993,convergence
ext-w4,8,120008,0,42,,0,1150,73600,673.49210103352868,convergence
ext-w4,8,120008,0,43,,0,749,47936,645.09991709391272,convergence
ext-w4,8,120008,0,44,,0,689,44096,670.7297579447428,convergence
ext-w4,8,120008,0,45,,0,1227,78528,665.32798512776696,convergence
ext-w4,8,120008,0,46,,0,613,39232,673.24008433024085,convergence
ext-w4,8,120008,0,47,,0,713,45632,671.72714614868164,convergence
ext-w4,8,120008,0,48,,0,665,42560,669.80467987060547,convergence
ext-w4,8,120008,0,49,,0,634,40576,671.35601425170898,convergence
ext-w4,8,120008,0,50,,0,528,33792,674.34309641520179,convergence
ext-w4,8,120008,0,51,,0,596,38144,674.19972356160486,convergence
ext-w4,8,120008,0,52,,0,860,55040,667.25190734863281,convergence
ext-w4,8,120008,0,53,,0,565,36160,694.29080835978186,convergence
ext-w4,8,120008,0,54,,0,639,40896,688.65350341796875,convergence
ext-w4,8,120008,0,55,,0,641,41024,670.15214792887366,convergence
ext-w4,8,120008,0,56,,0,601,38464,669.43165461222327,convergence
ext-w4,8,120008,0,57,,0,630,40320,688.30810419718421,convergence
ext-w4,8,120008,0,58,,0,597,38208,687.64722061157227,convergence
ext-w4,8,120008,0,59,,0,674,43136,675.40780893961585,convergence
ext-w4,8,120008,0,60,,0,842,53888,680.35413106282556,convergence
ext-w4,8,120008,0,61,,0,546,34944,671.54148356119788,convergence
ext-w4,8,120008,0,62,,0,603,38592,667.23838043212891,convergence
ext-w4,8,120008,0,63,,0,749,47936,686.1355870564779,convergence
ext-w4,8,120008,0,64,,0,664,42496,670.58180618286133,convergence
ext-w4,8,120008,0,65,,0,715,45760,673.47798029581702,convergence
ext-w4,8,120008,0,66,,0,806,51584,682.37174352010095,convergence
ext-w4,8,120008,1,0,,0,706,45184,593.53688430786133,convergence
ext-w4,8,120008,1,1,,0,630,40320,591.68382263183594,convergence
ext-w4,8,120008,1,2,,0,616,39424,605.55010986328125,convergence
ext-w4,8,120008,1,3,,0,669,42816,594.47772216796875,convergence
ext-w4,8,120008,1,4,,0,707,45248,612.83115895589196,convergence
ext-w4,8,120008,1,5,,0,770,49280,611.64366912841797,convergence
ext-w4,8,120008,1,6,,0,581,37184,595.71085357666016,convergence
ext-w4,8,120008,1,7,,0,685,43840,603.95365778605139,convergence
ext-w4,8,120008,1,8,,0,552,35328,594.49617385864258,convergence
ext-w4,8,120008,1,9,,0,683,43712,600.28188832600915,convergence
ext-w4,8,120008,1,10,,0,622,39808,604.13293075561523,convergence
ext-w4,8,120008,1,11,,0,827,52928,591.74212392171228,convergence
ext-w4,8,120008,1,12,,0,776,49664,594.66459401448571,convergence
ext-w4,8,120008,1,13,,0,621,39744,604.41386795043945,convergence
ext-w4,8,120008,1,14,,0,803,51392,603.36319859822595,convergence
ext-w4,8,120008,1,15,,0,570,36480,610.28122329711914,convergence
ext-w4,8,120008,1,16,,0,624,39936,595.86692428588867,convergence
ext-w4,8,120008,1,17,,0,598,38272,599.80053838094079,convergence
ext-w4,8,120008,1,18,,0,553,35392,605.57759475708008,convergence
ext-w4,8,120008,1,19,,0,1163,74432,620.00938288370764,convergence
ext-w4,8,120008,1,20,,0,751,48064,607.59776051839196,convergence
ext-w4,8,120008,1,21,,0,860,55040,617.98695627848304,convergence
ext-w4,8,120008,1,22,,0,689,44096,601.22992960611975,convergence
ext-w4,8,120008,1,23,,0,638,40832,596.43738174438477,convergence
ext-w4,8,120008,1,24,,0,723,46272,600.7139002482096,convergence
ext-w4,8,120008,1,25,,0,493,31552,608.82662073771155,convergence
ext-w4,8,120008,1,26,,0,505,32320,603.36845906575525,convergence
ext-w4,8,120008,1,27,,0,619,39616,608.39152145385742,convergence
ext-w4,8,120008,1,28,,0,638,40832,600.58079020182288,convergence
ext-w4,8,120008,1,29,,0,782,50048,599.55214309692383,convergence
ext-w4,8,120008,1,30,,0,707,45248,630.13999430338538,convergence
ext-w4,8,120008,1,31,,0,704,45056,614.39546457926429,convergence
ext-w4,8,120008,1,32,,0,723,46272,594.63116073608398,convergence
ext-w4,8,120008,1,33,,0,725,46400,600.52065912882483,convergence
ext-w4,8,120008,1,34,,0,645,41280,607.95323053995764,convergence
ext-w4,8,120008,1,35,,0,722,46208,598.11190923055017,convergence
ext-w4,8,120008,1,36,,0,578,36992,612.34038162231445,convergence
ext-w4,8,120008,1,37,,0,539,34496,600.39299901326501,convergence
ext-w4,8,120008,1,38,,0,615,39360,596.32193883260095,convergence
ext-w4,8,120008,1,39,,0,606,38784,595.12535730997718,convergence
ext-w4,8,120008,1,40,,0,700,44800,625.48560078938806,convergence
ext-w4,8,120008,1,41,,0,578,36992,595.95649719238281,convergence
ext-w4,8,120008,1,42,,0,727,46528,608.24482345581055,convergence
ext-w4,8,120008,1,43,,0,700,44800,595.83196385701501,convergence
ext-w4,8,120008,1,44,,0,557,35648,604.8930880228678,convergence
ext-w4,8,120008,1,45,,0,691,44224,612.2540168762207,convergence
ext-w4,8,120008,1,46,,0,712,45568,608.37352116902673,convergence
ext-w4,8,120008,1,47,,0,762,48768,598.56188837687171,convergence
ext-w4,8,120008,1,48,,0,572,36608,601.61644109090173,convergence
ext-w4,8,120008,1,49,,0,688,44032,601.70804977416992,convergence
ext-w4,8,120008,1,50,,0,721,46144,598.06591924031579,convergence
ext-w4,8,120008,1,51,,0,654,41856,617.73154703776038,convergence
ext-w4,8,120008,1,52,,0,702,44928,597.76696268717444,convergence
ext-w4,8,120008,1,53,,0,1621,103744,613.94683074951172,convergence
ext-w4,8,120008,1,54,,0,836,53504,598.45245107014978,convergence
ext-w4,8,120008,1,55,,0,918,58752,615.55169296264648,convergence
ext-w4,8,120008,1,56,,0,625,40000,594.6291720072428,convergence
ext-w4,8,120008,1,57,,0,649,41536,604.26284281412757,convergence
ext-w4,8,120008,1,58,,0,622,39808,609.27695337931311,convergence
ext-w4,8,120008,1,59,,0,557,35648,600.77017847696936,convergence
ext-w4,8,120008,1,60,,0,674,43136,607.33723322550452,convergence
ext-w4,8,120008,1,61,,0,668,42752,600.68963877360022,convergence
ext-w4,8,120008,1,62,,0,514,32896,595.51017888387048,convergence
ext-w4,8,120008,1,63,,0,622,39808,597.3820686340332,convergence
ext-w4,8,120008,1,64,,0,596,38144,606.35691960652673,convergence
ext-w4,8,120008,1,65,,0,897,57408,603.79851659139001,convergence
ext-w4,8,120008,1,66,,0,568,36352,594.36742401123047,convergence
ext-w4,8,120008,1,67,,0,663,42432,608.93330256144202,convergence
ext-w4,8,120008,1,68,,0,654,41856,601.92268244425452,convergence
ext-w4,8,120008,1,69,,0,636,40704,603.60288111368811,convergence
ext-w4,8,120008,1,70,,0,746,47744,606.00642267862952,convergence
ext-w2,8,120008,0,0,,0,395,25280,700.19792175292969,convergence
ext-w2,8,120008,0,1,,0,311,19904,694.96924591064453,convergence
ext-w2,8,120008,0,2,,0,320,20480,677.69778315226233,convergence
ext-w2,8,120008,0,3,,0,304,19456,694.37193425496423,convergence
ext-w2,8,120008,0,4,,0,297,19008,682.85849253336585,convergence
ext-w2,8,120008,0,5,,0,363,23232,694.45635604858398,convergence
ext-w2,8,120008,0,6,,0,274,17536,694.98150126139319,convergence
ext-w2,8,120008,0,7,,0,387,24768,700.29543050130212,convergence
ext-w2,8,120008,0,8,,0,283,18112,694.38524627685547,convergence
ext-w2,8,120008,0,9,,0,263,16832,695.03036753336585,convergence
ext-w2,8,120008,0,10,,0,272,17408,683.79543940226233,convergence
ext-w2,8,120008,0,11,,0,399,25536,700.30383555094397,convergence
ext-w2,8,120008,0,12,,0,326,20864,706.81730906168616,convergence
ext-w2,8,120008,0,13,,0,526,33664,694.87197240193689,convergence
ext-w2,8,120008,0,14,,0,416,26624,701.82608795166016,convergence
ext-w2,8,120008,0,15,,0,369,23616,697.0286649068197,convergence
ext-w2,8,120008,0,16,,0,325,20800,682.88631566365564,convergence
ext-w2,8,120008,0,17,,0,368,23552,697.02585983276367,convergence
ext-w2,8,120008,0,18,,0,328,20992,694.93279393514001,convergence
ext-w2,8,120008,0,19,,0,359,22976,701.82364654541016,convergence
ext-w2,8,120008,0,20,,0,385,24640,691.24186960856116,convergence
ext-w2,8,120008,0,21,,0,357,22848,682.8594754536947,convergence
ext-w2,8,120008,0,22,,0,340,21760,693.8653666178385,convergence
ext-w2,8,120008,0,23,,0,274,17536,699.34281412760413,convergence
ext-w2,8,120008,0,24,,0,286,18304,693.88034693400061,convergence
ext-w2,8,120008,0,25,,0,289,18496,708.57554117838538,convergence
ext-w2,8,120008,0,26,,0,321,20544,705.92965952555335,convergence
ext-w2,8,120008,0,27,,0,360,23040,700.30265045166016,convergence
ext-w2,8,120008,0,28,,0,357,22848,687.83649826049805,convergence
ext-w2,8,120008,0,29,,0,358,22912,682.85155614217126,convergence
ext-w2,8,120008,0,30,,0,381,24384,718.43789545694983,convergence
ext-w2,8,120008,0,31,,0,326,20864,685.95858383178711,convergence
ext-w2,8,120008,0,32,,0,323,20672,682.91854731241858,convergence
ext-w2,8,120008,0,33,,0,288,18432,694.99643325805664,convergence
ext-w2,8,120008,0,34,,0,331,21184,692.07841491699219,convergence
ext-w2,8,120008,0,35,,0,291,18624,695.43476867675781,convergence
ext-w2,8,120008,0,36,,0,327,20928,697.02299626668298,convergence
ext-w2,8,120008,0,37,,0,363,23232,700.30537796020508,convergence
ext-w2,8,120008,0,38,,0,319,20416,693.87547938028968,convergence
ext-w2,8,120008,0,39,,0,246,15744,694.98166147867835,convergence
ext-w2,8,120008,0,40,,0,286,18304,695.1898307800293,convergence
ext-w2,8,120008,0,41,,0,369,23616,693.87191899617517,convergence
ext-w2,8,120008,0,42,,0,269,17216,695.48250071207679,convergence
ext-w2,8,120008,0,43,,0,323,20672,706.28398386637366,convergence
ext-w2,8,120008,0,44,,0,329,21056,694.40394465128577,convergence
ext-w2,8,120008,0,45,,0,332,21248,700.04884211222327,convergence
ext-w2,8,120008,0,46,,0,298,19072,704.53534571329749,convergence
ext-w2,8,120008,0,47,,0,279,17856,695.09048589070642,convergence
ext-w2,8,120008,0,48,,0,310,19840,704.53697077433264,convergence
ext-w2,8,120008,0,49,,0,292,18688,695.41605758666992,convergence
ext-w2,8,120008,0,50,,0,470,30080,701.82055028279626,convergence
ext-w2,8,120008,0,51,,0,281,17984,687.84248606363929,convergence
ext-w2,8,120008,0,52,,0,250,16000,695.21650568644202,convergence
ext-w2,8,120008,0,53,,0,261,16704,694.98192723592126,convergence
ext-w2,8,120008,0,54,,0,326,20864,687.86122894287109,convergence
ext-w2,8,120008,0,55,,0,323,20672,705.10590744018555,convergence
ext-w2,8,120008,0,56,,0,383,24512,694.49044164021814,convergence
ext-w2,8,120008,0,57,,0,421,26944,694.39651234944665,convergence
ext-w2,8,120008,0,58,,0,402,25728,690.7453727722168,convergence
ext-w2,8,120008,0,59,,0,329,21056,697.59720230102539,convergence
ext-w2,8,120008,0,60,,0,387,24768,709.01262283325195,convergence
ext-w2,8,120008,0,61,,0,308,19712,678.78099950154626,convergence
ext-w2,8,120008,0,62,,0,247,15808,687.11137517293298,convergence
ext-w2,8,120008,0,63,,0,335,21440,694.38371276855469,convergence
ext-w2,8,120008,0,64,,0,355,22720,689.84705861409509,convergence
ext-w2,8,120008,0,65,,0,304,19456,694.995595296224,convergence
ext-w2,8,120008,0,66,,0,357,22848,719.85088348388672,convergence
ext-w2,8,120008,0,67,,0,275,17600,694.94161987304688,convergence
ext-w2,8,120008,0,68,,0,319,20416,687.09932072957361,convergence
ext-w2,8,120008,0,69,,0,365,23360,694.40772247314453,convergence
ext-w2,8,120008,0,70,,0,349,22336,693.86963653564453,convergence
ext-w2,8,120008,0,71,,0,295,18880,706.04517237345374,convergence
ext-w2,8,120008,0,72,,0,318,20352,693.89352671305335,convergence
ext-w2,8,120008,1,0,,0,306,19584,660.52900314331055,convergence
ext-w2,8,120008,1,1,,0,450,28800,654.23827234903968,convergence
ext-w2,8,120008,1,2,,0,297,19008,650.97998682657874,convergence
ext-w2,8,120008,1,3,,0,395,25280,660.50505828857422,convergence
ext-w2,8,120008,1,4,,0,337,21568,633.87573623657227,convergence
ext-w2,8,120008,1,5,,0,254,16256,633.88325119018555,convergence
ext-w2,8,120008,1,6,,0,296,18944,640.85345840454102,convergence
ext-w2,8,120008,1,7,,0,455,29120,660.03718821207679,convergence
ext-w2,8,120008,1,8,,0,365,23360,668.054921468099,convergence
ext-w2,8,120008,1,9,,0,271,17344,653.32112121582031,convergence
ext-w2,8,120008,1,10,,0,343,21952,655.74616241455078,convergence
ext-w2,8,120008,1,11,,0,354,22656,657.24610900878906,convergence
ext-w2,8,120008,1,12,,0,327,20928,659.07362492879236,convergence
ext-w2,8,120008,1,13,,0,258,16512,660.50103886922204,convergence
ext-w2,8,120008,1,14,,0,279,17856,633.8791173299154,convergence
ext-w2,8,120008,1,15,,0,393,25152,664.13944625854492,convergence
ext-w2,8,120008,1,16,,0,366,23424,659.95568720499671,convergence
ext-w2,8,120008,1,17,,0,435,27840,655.60370381673181,convergence
ext-w2,8,120008,1,18,,0,334,21376,654.37230555216468,convergence
ext-w2,8,120008,1,19,,0,267,17088,640.87285232543945,convergence
ext-w2,8,120008,1,20,,0,300,19200,643.9732335408529,convergence
ext-w2,8,120008,1,21,,0,393,25152,656.53233083089196,convergence
ext-w2,8,120008,1,22,,0,287,18368,646.33583323160804,convergence
ext-w2,8,120008,1,23,,0,362,23168,652.80122248331702,convergence
ext-w2,8,120008,1,24,,0,396,25344,653.86657587687171,convergence
ext-w2,8,120008,1,25,,0,262,16768,655.65106582641602,convergence
ext-w2,8,120008,1,26,,0,344,22016,657.40282313028968,convergence
ext-w2,8,120008,1,27,,0,332,21248,653.29726791381836,convergence
ext-w2,8,120008,1,28,,0,351,22464,657.77187347412109,convergence
ext-w2,8,120008,1,29,,0,312,19968,640.85345840454102,convergence
ext-w2,8,120008,1,30,,0,259,16576,635.90940602620446,convergence
ext-w2,8,120008,1,31,,0,366,23424,660.17349878946936,convergence
ext-w2,8,120008,1,32,,0,356,22784,635.88551330566406,convergence
ext-w2,8,120008,1,33,,0,363,23232,647.86949157714844,convergence
ext-w2,8,120008,1,34,,0,331,21184,640.84183756510413,convergence
ext-w2,8,120008,1,35,,0,357,22848,655.61816151936853,convergence
ext-w2,8,120008,1,36,,0,286,18304,653.31954574584961,convergence
ext-w2,8,120008,1,37,,0,299,19136,656.24019495646155,convergence
ext-w2,8,120008,1,38,,0,333,21312,670.07688903808594,convergence
ext-w2,8,120008,1,39,,0,277,17728,654.82827123006189,convergence
ext-w2,8,120008,1,40,,0,344,22016,667.72761154174805,convergence
ext-w2,8,120008,1,41,,0,326,20864,661.49438858032227,convergence
ext-w2,8,120008,1,42,,0,344,22016,662.17472203572595,convergence
ext-w2,8,120008,1,43,,0,311,19904,652.83122762044275,convergence
ext-w2,8,120008,1,44,,0,347,22208,653.28608576456702,convergence
ext-w2,8,120008,1,45,,0,350,22400,654.17213821411133,convergence
ext-w2,8,120008,1,46,,0,311,19904,647.7080408732096,convergence
ext-w2,8,120008,1,47,,0,344,22016,646.32898076375329,convergence
ext-w2,8,120008,1,48,,0,289,18496,646.41357803344727,convergence
ext-w2,8,120008,1,49,,0,266,17024,646.33132553100586,convergence
ext-w2,8,120008,1,50,,0,434,27776,659.06027730305993,convergence
ext-w2,8,120008,1,51,,0,299,19136,666.02561442057288,convergence
ext-w2,8,120008,1,52,,0,423,27072,658.10807037353516,convergence
ext-w2,8,120008,1,53,,0,398,25472,657.26076634724939,convergence
ext-w2,8,120008,1,54,,0,330,21120,655.76257451375329,convergence
ext-w2,8,120008,1,55,,0,335,21440,667.17781575520837,convergence
ext-w2,8,120008,1,56,,0,325,20800,667.72746785481775,convergence
ext-w2,8,120008,1,57,,0,291,18624,653.32753245035804,convergence
ext-w2,8,120008,1,58,,0,340,21760,635.86589686075843,convergence
ext-w2,8,120008,1,59,,0,272,17408,633.87202580769861,convergence
ext-w2,8,120008,1,60,,0,344,22016,656.87320582071936,convergence
ext-w2,8,120008,1,61,,0,306,19584,650.93559519449866,convergence
ext-w2,8,120008,1,62,,0,404,25856,655.81389872233069,convergence
ext-w2,8,120008,1,63,,0,366,23424,653.77998606363929,convergence
ext-w2,8,120008,1,64,,0,321,20544,648.60412979125977,convergence
ext-w2,8,120008,1,65,,0,336,21504,654.83451588948571,convergence
ext-w2,8,120008,1,66,,0,349,22336,649.87844085693359,convergence
ext-w2,8,120008,1,67,,0,321,20544,657.76713943481445,convergence
ext-w2,8,120008,1,68,,0,333,21312,653.29296493530273,convergence
ext-w2,8,120008,1,69,,0,312,19968,655.26546096801758,convergence
ext-w2,8,120008,1,70,,0,299,19136,647.85094451904297,convergence
ext-w2,8,120008,1,71,,0,314,20096,650.53144709269202,convergence
ext-w2,8,120008,1,72,,0,402,25728,650.66912078857422,convergence
ext-w2,8,120008,2,0,,0,323,20672,626.1496912638346,convergence
ext-w2,8,120008,2,1,,0,375,24000,622.42264429728186,convergence
ext-w2,8,120008,2,2,,0,371,23744,611.83846282958984,convergence
ext-w2,8,120008,2,3,,0,300,19200,607.13786570231116,convergence
ext-w2,8,120008,2,4,,0,340,21760,609.61655934651696,convergence
ext-w2,8,120008,2,5,,0,287,18368,629.20670445760095,convergence
ext-w2,8,120008,2,6,,0,436,27904,612.11847559610999,convergence
ext-w2,8,120008,2,7,,0,336,21504,610.59793726603186,convergence
ext-w2,8,120008,2,8,,0,353,22592,606.8066291809082,convergence
ext-w2,8,120008,2,9,,0,312,19968,611.66287994384766,convergence
ext-w2,8,120008,2,10,,0,346,22144,610.57262674967444,convergence
ext-w2,8,120008,2,11,,0,347,22208,604.82118479410804,convergence
ext-w2,8,120008,2,12,,0,336,21504,619.16048685709632,convergence
ext-w2,8,120008,2,13,,0,259,16576,610.2482795715332,convergence
ext-w2,8,120008,2,14,,0,309,19776,610.00211715698242,convergence
ext-w2,8,120008,2,15,,0,354,22656,627.53398895263672,convergence
ext-w2,8,120008,2,16,,0,460,29440,612.8143310546875,convergence
ext-w2,8,120008,2,17,,0,318,20352,611.78511174519861,convergence
ext-w2,8,120008,2,18,,0,310,19840,605.43111165364587,convergence
ext-w2,8,120008,2,19,,0,324,20736,614.12616856892907,convergence
ext-w2,8,120008,2,20,,0,383,24512,615.79807027180993,convergence
ext-w2,8,120008,2,21,,0,449,28736,621.0870030721029,convergence
ext-w2,8,120008,2,22,,0,350,22400,622.80332819620764,convergence
ext-w2,8,120008,2,23,,0,340,21760,613.41716384887695,convergence
ext-w2,8,120008,2,24,,0,356,22784,613.66420237223304,convergence
ext-w2,8,120008,2,25,,0,403,25792,604.75419998168945,convergence
ext-w2,8,120008,2,26,,0,359,22976,610.45133463541663,convergence
ext-w2,8,120008,2,27,,0,286,18304,607.10304641723633,convergence
ext-w2,8,120008,2,28,,0,358,22912,613.18768310546875,convergence
ext-w2,8,120008,2,29,,0,342,21888,611.78135808308923,convergence
ext-w2,8,120008,2,30,,0,301,19264,597.88103485107422,convergence
ext-w2,8,120008,2,31,,0,407,26048,604.80791219075525,convergence
ext-w2,8,120008,2,32,,0,356,22784,613.45712661743164,convergence
ext-w2,8,120008,2,33,,0,330,21120,613.36256663004554,convergence
ext-w2,8,120008,2,34,,0,338,21632,606.79088846842444,convergence
ext-w2,8,120008,2,35,,0,316,20224,618.72346242268884,convergence
ext-w2,8,120008,2,36,,0,469,30016,628.57543309529626,convergence
ext-w2,8,120008,2,37,,0,333,21312,611.75196838378906,convergence
ext-w2,8,120008,2,38,,0,461,29504,604.76624298095703,convergence
ext-w2,8,120008,2,39,,0,322,20608,626.12541325887048,convergence
ext-w2,8,120008,2,40,,0,337,21568,597.90624237060547,convergence
ext-w2,8,120008,2,41,,0,510,32640,614.65988032023108,convergence
ext-w2,8,120008,2,42,,0,345,22080,616.40766779581702,convergence
ext-w2,8,120008,2,43,,0,378,24192,616.76366806030273,convergence
ext-w2,8,120008,2,44,,0,442,28288,620.59553782145179,convergence
ext-w2,8,120008,2,45,,0,327,20928,611.01643498738611,convergence
ext-w2,8,120008,2,46,,0,310,19840,613.43661626180017,convergence
ext-w2,8,120008,2,47,,0,349,22336,611.00466918945312,convergence
ext-w2,8,120008,2,48,,0,300,19200,606.83642959594727,convergence
ext-w2,8,120008,2,49,,0,353,22592,613.39092636108398,convergence
ext-w2,8,120008,2,50,,0,454,29056,615.46741612752282,convergence
ext-w2,8,120008,2,51,,0,342,21888,611.00433731079102,convergence
ext-w2,8,120008,2,52,,0,323,20672,620.27937189737952,convergence
ext-w2,8,120008,2,53,,0,435,27840,611.03721110026038,convergence
ext-w2,8,120008,2,54,,0,324,20736,605.50450770060218,convergence
ext-w2,8,120008,2,55,,0,366,23424,609.9702262878418,convergence
ext-w2,8,120008,2,56,,0,316,20224,616.78534825642907,convergence
ext-w2,8,120008,2,57,,0,320,20480,610.57360458374023,convergence
ext-w2,8,120008,2,58,,0,369,23616,615.44141896565759,convergence
ext-w2,8,120008,2,59,,0,346,22144,621.12059656778968,convergence
ext-w2,8,120008,2,60,,0,354,22656,611.81510416666663,convergence
ext-w2,8,120008,2,61,,0,373,23872,624.64662551879883,convergence
ext-w2,8,120008,2,62,,0,345,22080,611.96374893188477,convergence
ext-w2,8,120008,2,63,,0,290,18560,604.80305480957031,convergence
ext-w2,8,120008,2,64,,0,349,22336,611.78431955973304,convergence
ext-w2,8,120008,2,65,,0,356,22784,613.41612116495764,convergence
ext-w2,8,120008,2,66,,0,360,23040,625.95097223917639,convergence
ext-w2,8,120008,2,67,,0,398,25472,613.79386774698889,convergence
ext-w2,8,120008,2,68,,0,340,21760,626.24851226806641,convergence
ext-w2,8,120008,3,0,,0,334,21376,581.54008738199866,convergence
ext-w2,8,120008,3,1,,0,332,21248,580.77295811971032,convergence
ext-w2,8,120008,3,2,,0,357,22848,590.35519282023108,convergence
ext-w2,8,120008,3,3,,0,344,22016,590.59223047892249,convergence
ext-w2,8,120008,3,4,,0,404,25856,586.54457982381189,convergence
ext-w2,8,120008,3,5,,0,347,22208,581.75409444173181,convergence
ext-w2,8,120008,3,6,,0,384,24576,587.70672353108728,convergence
ext-w2,8,120008,3,7,,0,405,25920,588.3387565612793,convergence
ext-w2,8,120008,3,8,,0,316,20224,581.56835683186853,convergence
ext-w2,8,120008,3,9,,0,385,24640,583.18953323364258,convergence
ext-w2,8,120008,3,10,,0,377,24128,586.06175486246741,convergence
ext-w2,8,120008,3,11,,0,351,22464,591.60409164428711,convergence
ext-w2,8,120008,3,12,,0,347,22208,581.39280192057288,convergence
ext-w2,8,120008,3,13,,0,344,22016,588.3288358052572,convergence
ext-w2,8,120008,3,14,,0,387,24768,583.30004247029626,convergence
ext-w2,8,120008,3,15,,0,364,23296,580.77295811971032,convergence
ext-w2,8,120008,3,16,,0,317,20288,585.48850123087561,convergence
ext-w2,8,120008,3,17,,0,278,17792,588.39004898071289,convergence
ext-w2,8,120008,3,18,,0,381,24384,587.82737859090173,convergence
ext-w2,8,120008,3,19,,0,268,17152,589.68057886759436,convergence
ext-w2,8,120008,3,20,,0,296,18944,590.15795135498047,convergence
ext-w2,8,120008,3,21,,0,342,21888,587.7054773966471,convergence
ext-w2,8,120008,3,22,,0,495,31680,587.82344690958655,convergence
ext-w2,8,120008,3,23,,0,382,24448,581.5145149230957,convergence
ext-w2,8,120008,3,24,,0,388,24832,583.3019688924154,convergence
ext-w2,8,120008,3,25,,0,238,15232,587.75505065917969,convergence
ext-w2,8,120008,3,26,,0,296,18944,587.73553339640296,convergence
ext-w2,8,120008,3,27,,0,357,22848,587.70723470052087,convergence
ext-w2,8,120008,3,28,,0,349,22336,580.76395797729492,convergence
ext-w2,8,120008,3,29,,0,341,21824,581.65460840860999,convergence
ext-w2,8,120008,3,30,,0,327,20928,580.37142562866211,convergence
ext-w2,8,120008,3,31,,0,361,23104,583.16949590047204,convergence
ext-w2,8,120008,3,32,,0,323,20672,588.05190531412757,convergence
ext-w2,8,120008,3,33,,0,310,19840,583.45079294840491,convergence
ext-w2,8,120008,3,34,,0,407,26048,586.72540283203125,convergence
ext-w2,8,120008,3,35,,0,418,26752,581.51003519694007,convergence
ext-w2,8,120008,3,36,,0,427,27328,590.2206916809082,convergence
ext-w2,8,120008,3,37,,0,301,19264,581.46611913045251,convergence
ext-w2,8,120008,3,38,,0,291,18624,584.33924611409509,convergence
ext-w2,8,120008,3,39,,0,362,23168,588.47341664632165,convergence
ext-w2,8,120008,3,40,,0,443,28352,590.19922637939453,convergence
ext-w2,8,120008,3,41,,0,344,22016,584.33945973714196,convergence
ext-w2,8,120008,3,42,,0,371,23744,585.52785873413086,convergence
ext-w2,8,120008,3,43,,0,317,20288,590.15309270222986,convergence
ext-w2,8,120008,3,44,,0,385,24640,587.32151921590173,convergence
ext-w2,8,120008,3,45,,0,365,23360,580.39093653360999,convergence
ext-w2,8,120008,3,46,,0,303,19392,580.41833241780603,convergence
ext-w2,8,120008,3,47,,0,364,23296,580.47455724080407,convergence
ext-w2,8,120008,3,48,,0,496,31744,589.81732050577796,convergence
ext-w2,8,120008,3,49,,0,339,21696,581.48204803466797,convergence
ext-w2,8,120008,3,50,,0,350,22400,588.07154846191406,convergence
ext-w2,8,120008,3,51,,0,322,20608,580.77295811971032,convergence
ext-w2,8,120008,3,52,,0,378,24192,582.07586034139001,convergence
ext-w2,8,120008,3,53,,0,300,19200,588.33404286702478,convergence
ext-w2,8,120008,3,54,,0,364,23296,590.03154373168945,convergence
ext-w2,8,120008,3,55,,0,377,24128,581.47158177693689,convergence
ext-w2,8,120008,3,56,,0,436,27904,583.15865961710608,convergence
ext-w2,8,120008,3,57,,0,330,21120,581.09160232543945,convergence
ext-w2,8,120008,3,58,,0,257,16448,580.80435307820642,convergence
ext-w2,8,120008,3,59,,0,255,16320,580.76897684733069,convergence
ext-w2,8,120008,3,60,,0,313,20032,592.43476740519202,convergence
ext-w2,8,120008,3,61,,0,341,21824,590.09465026855469,convergence
ext-w2,8,120008,3,62,,0,384,24576,587.19983545939124,convergence
ext-w2,8,120008,3,63,,0,363,23232,590.1360193888346,convergence
ext-w2,8,120008,3,64,,0,306,19584,581.4349034627279,convergence
ext-w2,8,120008,3,65,,0,352,22528,581.60178120930993,convergence
ext-w2,8,120008,3,66,,0,348,22272,590.20297749837243,convergence
ext-w2,8,120008,3,67,,0,370,23680,580.75623830159509,convergence
ext-w2,8,120008,3,68,,0,338,21632,586.34311676025391,convergence
ext-w1,8,120008,0,0,,0,156,9984,707.25165685017907,convergence
ext-w1,8,120008,0,1,,0,125,8000,708.96541213989258,convergence
ext-w1,8,120008,0,2,,0,174,11136,719.48394521077478,convergence
ext-w1,8,120008,0,3,,0,141,9024,708.08597564697266,convergence
ext-w1,8,120008,0,4,,0,126,8064,708.09639104207361,convergence
ext-w1,8,120008,0,5,,0,145,9280,711.49662272135413,convergence
ext-w1,8,120008,0,6,,0,192,12288,707.25146865844727,convergence
ext-w1,8,120008,0,7,,0,149,9536,707.251719156901,convergence
ext-w1,8,120008,0,8,,0,116,7424,703.97617721557617,convergence
ext-w1,8,120008,0,9,,0,188,12032,707.25640106201172,convergence
ext-w1,8,120008,0,10,,0,151,9664,707.25640106201172,convergence
ext-w1,8,120008,0,11,,0,189,12096,707.25717544555664,convergence
ext-w1,8,120008,0,12,,0,160,10240,707.25602595011389,convergence
ext-w1,8,120008,0,13,,0,163,10432,707.25,convergence
ext-w1,8,120008,0,14,,0,191,12224,707.24930826822913,convergence
ext-w1,8,120008,0,15,,0,190,12160,707.25786972045898,convergence
ext-w1,8,120008,0,16,,0,136,8704,707.25,convergence
ext-w1,8,120008,0,17,,0,149,9536,707.25172805786133,convergence
ext-w1,8,120008,0,18,,0,135,8640,710.54054387410486,convergence
ext-w1,8,120008,0,19,,0,183,11712,707.25339889526367,convergence
ext-w1,8,120008,0,20,,0,185,11840,707.24900054931641,convergence
ext-w1,8,120008,0,21,,0,142,9088,707.28108215332031,convergence
ext-w1,8,120008,0,22,,0,114,7296,708.09142939249671,convergence
ext-w1,8,120008,0,23,,0,173,11072,707.25799306233728,convergence
ext-w1,8,120008,0,24,,0,130,8320,711.49117151896155,convergence
ext-w1,8,120008,0,25,,0,185,11840,707.2496452331543,convergence
ext-w1,8,120008,0,26,,0,185,11840,707.25076039632165,convergence
ext-w1,8,120008,0,27,,0,163,10432,707.26605351765954,convergence
ext-w1,8,120008,0,28,,0,140,8960,707.25779469807946,convergence
ext-w1,8,120008,0,29,,0,151,9664,707.25598907470703,convergence
ext-w1,8,120008,0,30,,0,160,10240,707.25217056274414,convergence
ext-w1,8,120008,0,31,,0,184,11776,707.25134913126624,convergence
ext-w1,8,120008,0,32,,0,144,9216,707.25633239746094,convergence
ext-w1,8,120008,0,33,,0,166,10624,707.25102488199866,convergence
ext-w1,8,120008,0,34,,0,193,12352,707.24993769327796,convergence
ext-w1,8,120008,0,35,,0,156,9984,707.25061289469397,convergence
ext-w1,8,120008,0,36,,0,162,10368,707.25071716308594,convergence
ext-w1,8,120008,0,37,,0,207,13248,707.25670496622718,convergence
ext-w1,8,120008,0,38,,0,150,9600,710.42983754475915,convergence
ext-w1,8,120008,0,39,,0,169,10816,707.25755945841468,convergence
ext-w1,8,120008,0,40,,0,161,10304,711.48341878255212,convergence
ext-w1,8,120008,0,41,,0,170,10880,707.25,convergence
ext-w1,8,120008,0,42,,0,136,8704,717.70323816935218,convergence
ext-w1,8,120008,0,43,,0,150,9600,707.25217056274414,convergence
ext-w1,8,120008,0,44,,0,112,7168,703.98246637980139,convergence
ext-w1,8,120008,0,45,,0,158,10112,707.25134913126624,convergence
ext-w1,8,120008,0,46,,0,181,11584,707.24961471557617,convergence
ext-w1,8,120008,0,47,,0,136,8704,711.49151992797852,convergence
ext-w1,8,120008,0,48,,0,168,10752,707.25,convergence
ext-w1,8,120008,0,49,,0,160,10240,707.25061289469397,convergence
ext-w1,8,120008,0,50,,0,160,10240,707.26888020833337,convergence
ext-w1,8,120008,0,51,,0,164,10496,703.17799758911133,convergence
ext-w1,8,120008,0,52,,0,155,9920,707.27021280924475,convergence
ext-w1,8,120008,0,53,,0,180,11520,707.25674311319983,convergence
ext-w1,8,120008,0,54,,0,142,9088,711.49117151896155,convergence
ext-w1,8,120008,0,55,,0,180,11520,707.25076039632165,convergence
ext-w1,8,120008,0,56,,0,145,9280,707.25071716308594,convergence
ext-w1,8,120008,0,57,,0,225,14400,707.27447509765625,convergence
ext-w1,8,120008,0,58,,0,157,10048,707.25217056274414,convergence
ext-w1,8,120008,0,59,,0,125,8000,708.9628791809082,convergence
ext-w1,8,120008,0,60,,0,116,7424,703.97778447469079,convergence
ext-w1,8,120008,0,61,,0,163,10432,707.27506128946936,convergence
ext-w1,8,120008,0,62,,0,179,11456,707.25717798868811,convergence
ext-w1,8,120008,0,63,,0,134,8576,721.30764261881507,convergence
ext-w1,8,120008,0,64,,0,128,8192,711.51778030395508,convergence
ext-w1,8,120008,0,65,,0,151,9664,707.25587336222327,convergence
ext-w1,8,120008,0,66,,0,168,10752,719.66942850748694,convergence
ext-w1,8,120008,0,67,,0,133,8512,711.49117151896155,convergence
ext-w1,8,120008,0,68,,0,170,10880,707.27082697550452,convergence
ext-w1,8,120008,0,69,,0,136,8704,707.25202687581384,convergence
ext-w1,8,120008,0,70,,0,139,8896,707.25633239746094,convergence
ext-w1,8,120008,0,71,,0,149,9536,703.19503148396814,convergence
ext-w1,8,120008,0,72,,0,149,9536,703.19503148396814,convergence
ext-w1,8,120008,0,73,,0,115,7360,711.49164962768555,convergence
ext-w1,8,120008,0,74,,0,158,10112,707.25706100463867,convergence
ext-w1,8,120008,0,75,,0,114,7296,703.97793706258142,convergence
ext-w1,8,120008,0,76,,0,140,8960,711.49117151896155,convergence
ext-w1,8,120008,0,77,,0,168,10752,707.25892893473304,convergence
ext-w1,8,120008,1,0,,0,204,13056,691.49565887451172,convergence
ext-w1,8,120008,1,1,,0,109,6976,678.77685165405273,convergence
ext-w1,8,120008,1,2,,0,132,8448,687.0410270690918,convergence
ext-w1,8,120008,1,3,,0,116,7424,686.27900950113929,convergence
ext-w1,8,120008,1,4,,0,133,8512,686.9299647013346,convergence
ext-w1,8,120008,1,5,,0,139,8896,687.07839838663733,convergence
ext-w1,8,120008,1,6,,0,172,11008,693.12046813964844,convergence
ext-w1,8,120008,1,7,,0,138,8832,686.27414703369141,convergence
ext-w1,8,120008,1,8,,0,139,8896,684.33909734090173,convergence
ext-w1,8,120008,1,9,,0,146,9344,682.04705937703454,convergence
ext-w1,8,120008,1,10,,0,131,8384,687.07421875,convergence
ext-w1,8,120008,1,11,,0,192,12288,687.07490539550781,convergence
ext-w1,8,120008,1,12,,0,166,10624,687.07782109578454,convergence
ext-w1,8,120008,1,13,,0,195,12480,691.57331593831384,convergence
ext-w1,8,120008,1,14,,0,158,10112,687.08434295654297,convergence
ext-w1,8,120008,1,15,,0,172,11008,687.06620915730798,convergence
ext-w1,8,120008,1,16,,0,196,12544,682.04731877644861,convergence
ext-w1,8,120008,1,17,,0,164,10496,693.12035878499353,convergence
ext-w1,8,120008,1,18,,0,132,8448,686.28676223754883,convergence
ext-w1,8,120008,1,19,,0,166,10624,692.28957621256507,convergence
ext-w1,8,120008,1,20,,0,156,9984,687.14959971110022,convergence
ext-w1,8,120008,1,21,,0,137,8768,686.29288736979163,convergence
ext-w1,8,120008,1,22,,0,180,11520,691.47783788045251,convergence
ext-w1,8,120008,1,23,,0,150,9600,687.05342102050781,convergence
ext-w1,8,120008,1,24,,0,157,10048,687.06620915730798,convergence
ext-w1,8,120008,1,25,,0,146,9344,684.95977656046546,convergence
ext-w1,8,120008,1,26,,0,185,11840,692.2654813130697,convergence
ext-w1,8,120008,1,27,,0,164,10496,687.05342102050781,convergence
ext-w1,8,120008,1,28,,0,170,10880,687.06822840372718,convergence
ext-w1,8,120008,1,29,,0,191,12224,691.63920466105139,convergence
ext-w1,8,120008,1,30,,0,199,12736,687.08946863810218,convergence
ext-w1,8,120008,1,31,,0,137,8768,686.28676223754883,convergence
ext-w1,8,120008,1,32,,0,147,9408,687.07397842407227,convergence
ext-w1,8,120008,1,33,,0,162,10368,687.06620915730798,convergence
ext-w1,8,120008,1,34,,0,157,10048,687.07839838663733,convergence
ext-w1,8,120008,1,35,,0,153,9792,687.08380254109704,convergence
ext-w1,8,120008,1,36,,0,135,8640,687.13117726643884,convergence
ext-w1,8,120008,1,37,,0,188,12032,693.12046813964844,convergence
ext-w1,8,120008,1,38,,0,196,12544,691.58941523234046,convergence
ext-w1,8,120008,1,39,,0,162,10368,689.0661837259928,convergence
ext-w1,8,120008,1,40,,0,243,15552,689.83557383219397,convergence
ext-w1,8,120008,1,41,,0,190,12160,687.07839838663733,convergence
ext-w1,8,120008,1,42,,0,152,9728,682.04559071858728,convergence
ext-w1,8,120008,1,43,,0,175,11200,691.47719319661462,convergence
ext-w1,8,120008,1,44,,0,197,12608,691.47930908203125,convergence
ext-w1,8,120008,1,45,,0,149,9536,687.09454600016272,convergence
ext-w1,8,120008,1,46,,0,162,10368,687.06620915730798,convergence
ext-w1,8,120008,1,47,,0,188,12032,687.06620915730798,convergence
ext-w1,8,120008,1,48,,0,178,11392,692.3018798828125,convergence
ext-w1,8,120008,1,49,,0,150,9600,687.07799784342444,convergence
ext-w1,8,120008,1,50,,0,193,12352,682.04623794555664,convergence
ext-w1,8,120008,1,51,,0,167,10688,687.06620915730798,convergence
ext-w1,8,120008,1,52,,0,173,11072,682.04776128133142,convergence
ext-w1,8,120008,1,53,,0,191,12224,691.58448028564453,convergence
ext-w1,8,120008,1,54,,0,133,8512,687.12637710571289,convergence
ext-w1,8,120008,1,55,,0,147,9408,693.15652211507165,convergence
ext-w1,8,120008,1,56,,0,157,10048,687.13039525349939,convergence
ext-w1,8,120008,1,57,,0,161,10304,686.28850046793616,convergence
ext-w1,8,120008,1,58,,0,170,10880,687.07509358723962,convergence
ext-w1,8,120008,1,59,,0,136,8704,686.27414703369141,convergence
ext-w1,8,120008,1,60,,0,138,8832,687.08946863810218,convergence
ext-w1,8,120008,1,61,,0,137,8768,691.61577479044593,convergence
ext-w1,8,120008,1,62,,0,147,9408,687.05342102050781,convergence
ext-w1,8,120008,1,63,,0,154,9856,687.06644948323571,convergence
ext-w1,8,120008,1,64,,0,133,8512,687.05375035603845,convergence
ext-w1,8,120008,1,65,,0,140,8960,690.81554794311523,convergence
ext-w1,8,120008,1,66,,0,141,9024,686.28991317749023,convergence
ext-w1,8,120008,1,67,,0,166,10624,687.06620915730798,convergence
ext-w1,8,120008,1,68,,0,173,11072,687.11350504557288,convergence
ext-w1,8,120008,1,69,,0,144,9216,692.50994873046875,convergence
ext-w1,8,120008,1,70,,0,157,10048,692.28813807169593,convergence
ext-w1,8,120008,1,71,,0,156,9984,687.07935333251953,convergence
ext-w1,8,120008,1,72,,0,128,8192,687.07839838663733,convergence
ext-w1,8,120008,1,73,,0,155,9920,693.12035878499353,convergence
ext-w1,8,120008,1,74,,0,180,11520,686.29221343994141,convergence
ext-w1,8,120008,1,75,,0,156,9984,692.50147247314453,convergence
ext-w1,8,120008,2,0,,0,146,9344,662.66506322224939,convergence
ext-w1,8,120008,2,1,,0,155,9920,662.69299062093103,convergence
ext-w1,8,120008,2,2,,0,192,12288,667.17436854044593,convergence
ext-w1,8,120008,2,3,,0,173,11072,662.67667516072595,convergence
ext-w1,8,120008,2,4,,0,202,12928,657.66183725992835,convergence
ext-w1,8,120008,2,5,,0,149,9536,662.6600443522135,convergence
ext-w1,8,120008,2,6,,0,154,9856,667.86154937744141,convergence
ext-w1,8,120008,2,7,,0,152,9728,662.68380355834961,convergence
ext-w1,8,120008,2,8,,0,188,12032,667.3159294128418,convergence
ext-w1,8,120008,2,9,,0,127,8128,662.68306859334314,convergence
ext-w1,8,120008,2,10,,0,193,12352,667.19359461466468,convergence
ext-w1,8,120008,2,11,,0,166,10624,662.67283248901367,convergence
ext-w1,8,120008,2,12,,0,140,8960,661.88735453287757,convergence
ext-w1,8,120008,2,13,,0,162,10368,662.67725245157874,convergence
ext-w1,8,120008,2,14,,0,172,11008,662.68207168579102,convergence
ext-w1,8,120008,2,15,,0,198,12672,667.2835591634115,convergence
ext-w1,8,120008,2,16,,0,140,8960,662.69340006510413,convergence
ext-w1,8,120008,2,17,,0,157,10048,657.66577275594079,convergence
ext-w1,8,120008,2,18,,0,154,9856,662.67265574137366,convergence
ext-w1,8,120008,2,19,,0,170,10880,657.64475250244141,convergence
ext-w1,8,120008,2,20,,0,140,8960,667.21462885538733,convergence
ext-w1,8,120008,2,21,,0,141,9024,662.67307281494141,convergence
ext-w1,8,120008,2,22,,0,168,10752,662.72177505493164,convergence
ext-w1,8,120008,2,23,,0,176,11264,667.25614420572913,convergence
ext-w1,8,120008,2,24,,0,130,8320,662.68859990437829,convergence
ext-w1,8,120008,2,25,,0,165,10560,662.66506322224939,convergence
ext-w1,8,120008,2,26,,0,157,10048,662.66708246866858,convergence
ext-w1,8,120008,2,27,,0,132,8448,662.65961583455407,convergence
ext-w1,8,120008,2,28,,0,159,10176,662.66506322224939,convergence
ext-w1,8,120008,2,29,,0,135,8640,662.71286010742188,convergence
ext-w1,8,120008,2,30,,0,133,8512,662.68306859334314,convergence
ext-w1,8,120008,2,31,,0,146,9344,662.66506322224939,convergence
ext-w1,8,120008,2,32,,0,165,10560,662.66530354817712,convergence
ext-w1,8,120008,2,33,,0,156,9984,668.75656382242835,convergence
ext-w1,8,120008,2,34,,0,153,9792,662.67624282836914,convergence
ext-w1,8,120008,2,35,,0,121,7744,658.49083582560218,convergence
ext-w1,8,120008,2,36,,0,137,8768,662.73003133138025,convergence
ext-w1,8,120008,2,37,,0,167,10688,657.66665522257483,convergence
ext-w1,8,120008,2,38,,0,147,9408,662.66530354817712,convergence
ext-w1,8,120008,2,39,,0,166,10624,662.65227508544922,convergence
ext-w1,8,120008,2,40,,0,138,8832,662.6600443522135,convergence
ext-w1,8,120008,2,41,,0,139,8896,662.7547492980957,convergence
ext-w1,8,120008,2,42,,0,163,10432,662.66530354817712,convergence
ext-w1,8,120008,2,43,,0,158,10112,667.6705322265625,convergence
ext-w1,8,120008,2,44,,0,161,10304,657.64444478352868,convergence
ext-w1,8,120008,2,45,,0,164,10496,667.21462885538733,convergence
ext-w1,8,120008,2,46,,0,168,10752,667.21690622965491,convergence
ext-w1,8,120008,2,47,,0,177,11328,663.08816655476892,convergence
ext-w1,8,120008,2,48,,0,141,9024,662.66862869262695,convergence
ext-w1,8,120008,2,49,,0,119,7616,662.69340006510413,convergence
ext-w1,8,120008,2,50,,0,180,11520,657.65069198608398,convergence
ext-w1,8,120008,2,51,,0,171,10944,662.68264007568359,convergence
ext-w1,8,120008,2,52,,0,142,9088,662.67265574137366,convergence
ext-w1,8,120008,2,53,,0,205,13120,657.64516194661462,convergence
ext-w1,8,120008,2,54,,0,157,10048,662.67283248901367,convergence
ext-w1,8,120008,2,55,,0,185,11840,668.71984354654944,convergence
ext-w1,8,120008,2,56,,0,136,8704,662.68995793660486,convergence
ext-w1,8,120008,2,57,,0,134,8576,670.17428207397461,convergence
ext-w1,8,120008,2,58,,0,126,8064,662.67725245157874,convergence
ext-w1,8,120008,2,59,,0,168,10752,662.65944798787439,convergence
ext-w1,8,120008,2,60,,0,140,8960,662.66530354817712,convergence
ext-w1,8,120008,2,61,,0,142,9088,662.67283248901367,convergence
ext-w1,8,120008,2,62,,0,134,8576,662.67725245157874,convergence
ext-w1,8,120008,2,63,,0,156,9984,662.68798573811853,convergence
ext-w1,8,120008,2,64,,0,161,10304,662.66530354817712,convergence
ext-w1,8,120008,2,65,,0,143,9152,661.89106750488281,convergence
ext-w1,8,120008,2,66,,0,153,9792,657.65047073364258,convergence
ext-w1,8,120008,2,67,,0,206,13184,657.65335464477539,convergence
ext-w1,8,120008,2,68,,0,136,8704,662.74174118041992,convergence
ext-w1,8,120008,2,69,,0,123,7872,661.89174143473304,convergence
ext-w1,8,120008,2,70,,0,183,11712,657.64453252156579,convergence
ext-w1,8,120008,2,71,,0,197,12608,667.17068990071618,convergence
ext-w1,8,120008,2,72,,0,142,9088,662.74071375528968,convergence
ext-w1,8,120008,2,73,,0,184,11776,662.66506322224939,convergence
ext-w1,8,120008,2,74,,0,160,10240,662.67667516072595,convergence
ext-w1,8,120008,2,75,,0,144,9216,662.66506322224939,convergence
ext-w1,8,120008,2,76,,0,162,10368,662.68380355834961,convergence
ext-w1,8,120008,3,0,,0,149,9536,652.41977437337243,convergence
ext-w1,8,120008,3,1,,0,160,10240,652.60248565673828,convergence
ext-w1,8,120008,3,2,,0,136,8704,640.20989481608069,convergence
ext-w1,8,120008,3,3,,0,153,9792,640.23182678222656,convergence
ext-w1,8,120008,3,4,,0,176,11264,652.08124033610022,convergence
ext-w1,8,120008,3,5,,0,169,10816,640.20943196614587,convergence
ext-w1,8,120008,3,6,,0,146,9344,640.23155975341797,convergence
ext-w1,8,120008,3,7,,0,153,9792,650.67802174886071,convergence
ext-w1,8,120008,3,8,,0,173,11072,651.7206815083822,convergence
ext-w1,8,120008,3,9,,0,190,12160,650.63352457682288,convergence
ext-w1,8,120008,3,10,,0,182,11648,652.53603744506836,convergence
ext-w1,8,120008,3,11,,0,168,10752,640.2245203653971,convergence
ext-w1,8,120008,3,12,,0,182,11648,648.23556772867835,convergence
ext-w1,8,120008,3,13,,0,180,11520,652.60099919637048,convergence
ext-w1,8,120008,3,14,,0,155,9920,650.68783823649085,convergence
ext-w1,8,120008,3,15,,0,168,10752,651.95304616292321,convergence
ext-w1,8,120008,3,16,,0,175,11200,640.20943196614587,convergence
ext-w1,8,120008,3,17,,0,192,12288,650.70508575439453,convergence
ext-w1,8,120008,3,18,,0,130,8320,644.26190821329749,convergence
ext-w1,8,120008,3,19,,0,137,8768,646.9132296244303,convergence
ext-w1,8,120008,3,20,,0,160,10240,644.264394124349,convergence
ext-w1,8,120008,3,21,,0,170,10880,651.7206815083822,convergence
ext-w1,8,120008,3,22,,0,193,12352,640.20833587646484,convergence
ext-w1,8,120008,3,23,,0,165,10560,652.53609085083008,convergence
ext-w1,8,120008,3,24,,0,146,9344,650.00471369425452,convergence
ext-w1,8,120008,3,25,,0,174,11136,650.69107818603516,convergence
ext-w1,8,120008,3,26,,0,205,13120,650.68231328328454,convergence
ext-w1,8,120008,3,27,,0,173,11072,649.83481470743811,convergence
ext-w1,8,120008,3,28,,0,144,9216,644.25672276814782,convergence
ext-w1,8,120008,3,29,,0,142,9088,640.23503239949548,convergence
ext-w1,8,120008,3,30,,0,123,7872,638.22530492146814,convergence
ext-w1,8,120008,3,31,,0,164,10496,640.21009699503577,convergence
ext-w1,8,120008,3,32,,0,151,9664,644.25722122192383,convergence
ext-w1,8,120008,3,33,,0,152,9728,650.68134180704749,convergence
ext-w1,8,120008,3,34,,0,124,7936,638.22561645507812,convergence
ext-w1,8,120008,3,35,,0,149,9536,650.69094848632812,convergence
ext-w1,8,120008,3,36,,0,132,8448,650.68766784667969,convergence
ext-w1,8,120008,3,37,,0,195,12480,644.25672276814782,convergence
ext-w1,8,120008,3,38,,0,183,11712,651.7242317199707,convergence
ext-w1,8,120008,3,39,,0,147,9408,640.21389007568359,convergence
ext-w1,8,120008,3,40,,0,179,11456,651.79411951700843,convergence
ext-w1,8,120008,3,41,,0,133,8512,650.822255452474,convergence
ext-w1,8,120008,3,42,,0,161,10304,640.21009699503577,convergence
ext-w1,8,120008,3,43,,0,130,8320,638.22316487630212,convergence
ext-w1,8,120008,3,44,,0,172,11008,640.18167495727539,convergence
ext-w1,8,120008,3,45,,0,186,11904,652.56286366780603,convergence
ext-w1,8,120008,3,46,,0,161,10304,650.46353912353516,convergence
ext-w1,8,120008,3,47,,0,168,10752,640.23324457804358,convergence
ext-w1,8,120008,3,48,,0,196,12544,651.52839914957679,convergence
ext-w1,8,120008,3,49,,0,162,10368,651.71902084350586,convergence
ext-w1,8,120008,3,50,,0,144,9216,650.68814086914062,convergence
ext-w1,8,120008,3,51,,0,146,9344,652.83093643188477,convergence
ext-w1,8,120008,3,52,,0,144,9216,650.69108835856116,convergence
ext-w1,8,120008,3,53,,0,118,7552,638.22491709391272,convergence
ext-w1,8,120008,3,54,,0,154,9856,650.68899027506507,convergence
ext-w1,8,120008,3,55,,0,135,8640,644.271494547526,convergence
ext-w1,8,120008,3,56,,0,139,8896,644.2702306111654,convergence
ext-w1,8,120008,3,57,,0,182,11648,651.7242317199707,convergence
ext-w1,8,120008,3,58,,0,154,9856,644.76873270670569,convergence
ext-w1,8,120008,3,59,,0,140,8960,640.23503239949548,convergence
ext-w1,8,120008,3,60,,0,155,9920,640.2221463521322,convergence
ext-w1,8,120008,3,61,,0,145,9280,651.72167460123694,convergence
ext-w1,8,120008,3,62,,0,151,9664,650.47964859008789,convergence
ext-w1,8,120008,3,63,,0,145,9280,640.22281646728516,convergence
ext-w1,8,120008,3,64,,0,156,9984,640.22591654459632,convergence
ext-w1,8,120008,3,65,,0,156,9984,650.70782470703125,convergence
ext-w1,8,120008,3,66,,0,160,10240,644.25672022501624,convergence
ext-w1,8,120008,3,67,,0,163,10432,652.42322285970056,convergence
ext-w1,8,120008,3,68,,0,151,9664,650.68814086914062,convergence
ext-w1,8,120008,3,69,,0,137,8768,638.22491709391272,convergence
ext-w1,8,120008,3,70,,0,138,8832,640.23547744750977,convergence
ext-w1,8,120008,3,71,,0,129,8256,644.26237742106116,convergence
ext-w1,8,120008,3,72,,0,167,10688,652.60473378499353,convergence
ext-w1,8,120008,3,73,,0,154,9856,640.23341242472327,convergence
ext-w1,8,120008,3,74,,0,179,11456,652.33970260620117,convergence
ext-w1,8,120008,3,75,,0,173,11072,640.18653996785486,convergence
ext-w1,8,120008,3,76,,0,140,8960,650.68883514404297,convergence
ext-w1,8,120008,4,0,,0,186,11904,620.78815205891931,convergence
ext-w1,8,120008,4,1,,0,165,10560,620.81375249226892,convergence
ext-w1,8,120008,4,2,,0,148,9472,624.83777745564782,convergence
ext-w1,8,120008,4,3,,0,172,11008,624.83544031778968,convergence
ext-w1,8,120008,4,4,,0,153,9792,624.83864847819007,convergence
ext-w1,8,120008,4,5,,0,144,9216,624.83560943603516,convergence
ext-w1,8,120008,4,6,,0,153,9792,620.78815205891931,convergence
ext-w1,8,120008,4,7,,0,189,12096,620.76495107014978,convergence
ext-w1,8,120008,4,8,,0,146,9344,625.36644744873047,convergence
ext-w1,8,120008,4,9,,0,148,9472,620.76495107014978,convergence
ext-w1,8,120008,4,10,,0,214,13696,620.80979792277014,convergence
ext-w1,8,120008,4,11,,0,141,9024,632.77630360921228,convergence
ext-w1,8,120008,4,12,,0,155,9920,620.76574834187829,convergence
ext-w1,8,120008,4,13,,0,156,9984,632.58414967854821,convergence
ext-w1,8,120008,4,14,,0,145,9280,635.00539652506507,convergence
ext-w1,8,120008,4,15,,0,118,7552,624.84338887532556,convergence
ext-w1,8,120008,4,16,,0,161,10304,624.83886973063147,convergence
ext-w1,8,120008,4,17,,0,146,9344,624.81755574544275,convergence
ext-w1,8,120008,4,18,,0,138,8832,624.83912404378259,convergence
ext-w1,8,120008,4,19,,0,135,8640,624.84062957763672,convergence
ext-w1,8,120008,4,20,,0,145,9280,624.83673858642578,convergence
ext-w1,8,120008,4,21,,0,141,9024,624.83865483601892,convergence
ext-w1,8,120008,4,22,,0,156,9984,620.82137171427405,convergence
ext-w1,8,120008,4,23,,0,137,8768,632.73302332560218,convergence
ext-w1,8,120008,4,24,,0,157,10048,632.76358413696289,convergence
ext-w1,8,120008,4,25,,0,146,9344,620.810546875,convergence
ext-w1,8,120008,4,26,,0,149,9536,620.81238047281897,convergence
ext-w1,8,120008,4,27,,0,174,11136,632.76463317871094,convergence
ext-w1,8,120008,4,28,,0,153,9792,632.76474507649743,convergence
ext-w1,8,120008,4,29,,0,142,9088,632.7767232259115,convergence
ext-w1,8,120008,4,30,,0,178,11392,624.84019470214844,convergence
ext-w1,8,120008,4,31,,0,169,10816,632.76474507649743,convergence
ext-w1,8,120008,4,32,,0,149,9536,620.82111104329431,convergence
ext-w1,8,120008,4,33,,0,146,9344,620.78881708780921,convergence
ext-w1,8,120008,4,34,,0,204,13056,620.76440048217773,convergence
ext-w1,8,120008,4,35,,0,158,10112,620.78815205891931,convergence
ext-w1,8,120008,4,36,,0,143,9152,627.87264506022132,convergence
ext-w1,8,120008,4,37,,0,178,11392,632.86081059773767,convergence
ext-w1,8,120008,4,38,,0,135,8640,620.80963643391931,convergence
ext-w1,8,120008,4,39,,0,156,9984,620.80489985148108,convergence
ext-w1,8,120008,4,40,,0,128,8192,624.84143320719397,convergence
ext-w1,8,120008,4,41,,0,182,11648,632.87473169962561,convergence
ext-w1,8,120008,4,42,,0,171,10944,624.83864847819007,convergence
ext-w1,8,120008,4,43,,0,179,11456,620.78881708780921,convergence
ext-w1,8,120008,4,44,,0,163,10432,624.83881759643555,convergence
ext-w1,8,120008,4,45,,0,141,9024,632.78254572550452,convergence
ext-w1,8,120008,4,46,,0,170,10880,620.78260930379236,convergence
ext-w1,8,120008,4,47,,0,146,9344,620.77132288614905,convergence
ext-w1,8,120008,4,48,,0,146,9344,624.83544031778968,convergence
ext-w1,8,120008,4,49,,0,125,8000,624.83594131469727,convergence
ext-w1,8,120008,4,50,,0,156,9984,635.20913441975915,convergence
ext-w1,8,120008,4,51,,0,160,10240,620.79362106323242,convergence
ext-w1,8,120008,4,52,,0,134,8576,624.83965301513672,convergence
ext-w1,8,120008,4,53,,0,119,7616,624.84002939860022,convergence
ext-w1,8,120008,4,54,,0,136,8704,624.83912404378259,convergence
ext-w1,8,120008,4,55,,0,167,10688,624.83560943603516,convergence
ext-w1,8,120008,4,56,,0,138,8832,624.83544031778968,convergence
ext-w1,8,120008,4,57,,0,138,8832,624.83739725748694,convergence
ext-w1,8,120008,4,58,,0,165,10560,620.79450098673499,convergence
ext-w1,8,120008,4,59,,0,157,10048,624.84101104736328,convergence
ext-w1,8,120008,4,60,,0,187,11968,624.83560943603516,convergence
ext-w1,8,120008,4,61,,0,147,9408,624.83945719401038,convergence
ext-w1,8,120008,4,62,,0,151,9664,620.76789728800452,convergence
ext-w1,8,120008,4,63,,0,148,9472,624.83544031778968,convergence
ext-w1,8,120008,4,64,,0,178,11392,624.83626683553064,convergence
ext-w1,8,120008,4,65,,0,176,11264,620.76495107014978,convergence
ext-w1,8,120008,4,66,,0,179,11456,624.83404795328772,convergence
ext-w1,8,120008,4,67,,0,165,10560,620.81063206990564,convergence
ext-w1,8,120008,4,68,,0,149,9536,624.83673858642578,convergence
ext-w1,8,120008,4,69,,0,127,8128,624.84129333496094,convergence
ext-w1,8,120008,4,70,,0,154,9856,620.76039505004883,convergence
ext-w1,8,120008,4,71,,0,160,10240,620.81213251749671,convergence
ext-w1,8,120008,4,72,,0,171,10944,631.40350341796875,convergence
ext-w1,8,120008,4,73,,0,146,9344,631.83114624023438,convergence
ext-w1,8,120008,4,74,,0,118,7552,624.84005101521814,convergence
ext-w1,8,120008,4,75,,0,145,9280,624.83934020996094,convergence
ext-w1,8,120008,4,76,,0,149,9536,624.83912404378259,convergence
ext-w1,8,120008,4,77,,0,137,8768,624.83788935343421,convergence
ext-w1,8,120008,4,78,,0,136,8704,624.84012349446618,convergence
ext-w1,8,120008,5,0,,0,151,9664,617.4218635559082,convergence
ext-w1,8,120008,5,1,,0,134,8576,606.7928581237793,convergence
ext-w1,8,120008,5,2,,0,144,9216,615.31308237711585,convergence
ext-w1,8,120008,5,3,,0,164,10496,615.95128504435218,convergence
ext-w1,8,120008,5,4,,0,158,10112,606.78303273518884,convergence
ext-w1,8,120008,5,5,,0,132,8448,606.77095286051429,convergence
ext-w1,8,120008,5,6,,0,124,7936,606.78827540079749,convergence
ext-w1,8,120008,5,7,,0,167,10688,606.7659581502279,convergence
ext-w1,8,120008,5,8,,0,150,9600,615.31391779581702,convergence
ext-w1,8,120008,5,9,,0,144,9216,606.78691864013672,convergence
ext-w1,8,120008,5,10,,0,128,8192,606.79719289143884,convergence
ext-w1,8,120008,5,11,,0,138,8832,606.78484725952148,convergence
ext-w1,8,120008,5,12,,0,129,8256,606.79082489013672,convergence
ext-w1,8,120008,5,13,,0,138,8832,606.76924006144202,convergence
ext-w1,8,120008,5,14,,0,159,10176,606.78904469807946,convergence
ext-w1,8,120008,5,15,,0,112,7168,606.76706186930335,convergence
ext-w1,8,120008,5,16,,0,119,7616,606.7920036315918,convergence
ext-w1,8,120008,5,17,,0,164,10496,615.89034525553382,convergence
ext-w1,8,120008,5,18,,0,123,7872,615.16971588134766,convergence
ext-w1,8,120008,5,19,,0,120,7680,606.79395802815759,convergence
ext-w1,8,120008,5,20,,0,154,9856,615.31342188517249,convergence
ext-w1,8,120008,5,21,,0,133,8512,606.78251012166345,convergence
ext-w1,8,120008,5,22,,0,143,9152,606.7860209147135,convergence
ext-w1,8,120008,5,23,,0,156,9984,606.78970082600915,convergence
ext-w1,8,120008,5,24,,0,153,9792,613.35673522949219,convergence
ext-w1,8,120008,5,25,,0,126,8064,606.78826649983728,convergence
ext-w1,8,120008,5,26,,0,209,13376,606.6709988911947,convergence
ext-w1,8,120008,5,27,,0,146,9344,606.7872645060221,convergence
ext-w1,8,120008,5,28,,0,130,8320,606.78826649983728,convergence
ext-w1,8,120008,5,29,,0,121,7744,606.79013697306311,convergence
ext-w1,8,120008,5,30,,0,163,10432,606.7872645060221,convergence
ext-w1,8,120008,5,31,,0,140,8960,606.78826649983728,convergence
ext-w1,8,120008,5,32,,0,175,11200,606.78691864013672,convergence
ext-w1,8,120008,5,33,,0,125,8000,613.93026733398438,convergence
ext-w1,8,120008,5,34,,0,168,10752,606.79307174682617,convergence
ext-w1,8,120008,5,35,,0,131,8384,606.79261016845703,convergence
ext-w1,8,120008,5,36,,0,157,10048,606.77136103312171,convergence
ext-w1,8,120008,5,37,,0,164,10496,606.78347651163733,convergence
ext-w1,8,120008,5,38,,0,120,7680,606.78658167521155,convergence
ext-w1,8,120008,5,39,,0,148,9472,606.78691864013672,convergence
ext-w1,8,120008,5,40,,0,142,9088,617.72707621256507,convergence
ext-w1,8,120008,5,41,,0,108,6912,606.79053497314453,convergence
ext-w1,8,120008,5,42,,0,123,7872,606.79240290323889,convergence
ext-w1,8,120008,5,43,,0,164,10496,615.31391779581702,convergence
ext-w1,8,120008,5,44,,0,198,12672,606.78303273518884,convergence
ext-w1,8,120008,5,45,,0,122,7808,606.80161285400391,convergence
ext-w1,8,120008,5,46,,0,162,10368,606.78691864013672,convergence
ext-w1,8,120008,5,47,,0,153,9792,606.79204050699866,convergence
ext-w1,8,120008,5,48,,0,131,8384,606.76780954996741,convergence
ext-w1,8,120008,5,49,,0,147,9408,606.78826649983728,convergence
ext-w1,8,120008,5,50,,0,153,9792,615.62746047973633,convergence
ext-w1,8,120008,5,51,,0,163,10432,606.78740310668945,convergence
ext-w1,8,120008,5,52,,0,188,12032,615.31299336751306,convergence
ext-w1,8,120008,5,53,,0,160,10240,606.78987121582031,convergence
ext-w1,8,120008,5,54,,0,160,10240,606.78303273518884,convergence
ext-w1,8,120008,5,55,,0,114,7296,606.78988901774085,convergence
ext-w1,8,120008,5,56,,0,155,9920,606.78904469807946,convergence
ext-w1,8,120008,5,57,,0,159,10176,606.79011535644531,convergence
ext-w1,8,120008,5,58,,0,157,10048,616.11867650349939,convergence
ext-w1,8,120008,5,59,,0,125,8000,606.78576151529944,convergence
ext-w1,8,120008,5,60,,0,130,8320,606.78918075561523,convergence
ext-w1,8,120008,5,61,,0,127,8128,609.11168162027991,convergence
ext-w1,8,120008,5,62,,0,128,8192,606.79535675048828,convergence
ext-w1,8,120008,5,63,,0,139,8896,606.76432545979821,convergence
ext-w1,8,120008,5,64,,0,132,8448,606.78826649983728,convergence
ext-w1,8,120008,5,65,,0,160,10240,615.11048889160156,convergence
ext-w1,8,120008,5,66,,0,151,9664,606.78681182861328,convergence
ext-w1,8,120008,5,67,,0,129,8256,606.79082489013672,convergence
ext-w1,8,120008,5,68,,0,157,10048,616.38582229614258,convergence
ext-w1,8,120008,5,69,,0,196,12544,616.38499577840173,convergence
ext-w1,8,120008,5,70,,0,115,7360,606.78826649983728,convergence
ext-w1,8,120008,5,71,,0,110,7040,606.79307174682617,convergence
ext-w1,8,120008,5,72,,0,156,9984,606.7872645060221,convergence
ext-w1,8,120008,5,73,,0,135,8640,606.78691864013672,convergence
ext-w1,8,120008,5,74,,0,131,8384,606.78988901774085,convergence
ext-w1,8,120008,5,75,,0,139,8896,606.78303273518884,convergence
ext-w1,8,120008,5,76,,0,135,8640,617.29990005493164,convergence
ext-w1,8,120008,5,77,,0,149,9536,614.11145782470703,convergence
ext-w1,8,120008,5,78,,0,132,8448,606.78691864013672,convergence
ext-w1,8,120008,5,79,,0,184,11776,617.641845703125,convergence
ext-w1,8,120008,5,80,,0,121,7744,606.78765741984046,convergence
ext-w1,8,120008,5,81,,0,153,9792,606.78556442260742,convergence
ext-w1,8,120008,5,82,,0,127,8128,606.78691864013672,convergence
ext-w1,8,120008,5,83,,0,137,8768,617.72704950968421,convergence
ext-w1,8,120008,6,0,,0,154,9856,601.58552424112952,convergence
ext-w1,8,120008,6,1,,0,136,8704,600.27187093098962,convergence
ext-w1,8,120008,6,2,,0,159,10176,601.22305679321289,convergence
ext-w1,8,120008,6,3,,0,171,10944,588.08332697550452,convergence
ext-w1,8,120008,6,4,,0,146,9344,592.70367558797204,convergence
ext-w1,8,120008,6,5,,0,134,8576,599.33081817626953,convergence
ext-w1,8,120008,6,6,,0,152,9728,592.6936365763346,convergence
ext-w1,8,120008,6,7,,0,113,7232,592.67766571044922,convergence
ext-w1,8,120008,6,8,,0,147,9408,592.69772593180335,convergence
ext-w1,8,120008,6,9,,0,146,9344,601.22402572631836,convergence
ext-w1,8,120008,6,10,,0,125,8000,592.69539388020837,convergence
ext-w1,8,120008,6,11,,0,154,9856,592.70193099975586,convergence
ext-w1,8,120008,6,12,,0,162,10368,601.73066329956055,convergence
ext-w1,8,120008,6,13,,0,145,9280,592.6940803527832,convergence
ext-w1,8,120008,6,14,,0,131,8384,601.4692598978678,convergence
ext-w1,8,120008,6,15,,0,131,8384,592.7019259134928,convergence
ext-w1,8,120008,6,16,,0,143,9152,592.69442240397132,convergence
ext-w1,8,120008,6,17,,0,139,8896,601.90760676066077,convergence
ext-w1,8,120008,6,18,,0,139,8896,592.69887034098304,convergence
ext-w1,8,120008,6,19,,0,156,9984,601.22368621826172,convergence
ext-w1,8,120008,6,20,,0,162,10368,594.99593989054358,convergence
ext-w1,8,120008,6,21,,0,161,10304,603.25803375244141,convergence
ext-w1,8,120008,6,22,,0,139,8896,592.69752248128259,convergence
ext-w1,8,120008,6,23,,0,116,7424,592.67766571044922,convergence
ext-w1,8,120008,6,24,,0,130,8320,592.6940803527832,convergence
ext-w1,8,120008,6,25,,0,154,9856,601.22451909383142,convergence
ext-w1,8,120008,6,26,,0,118,7552,592.69662475585938,convergence
ext-w1,8,120008,6,27,,0,136,8704,592.70571263631189,convergence
ext-w1,8,120008,6,28,,0,125,8000,592.70087051391602,convergence
ext-w1,8,120008,6,29,,0,133,8512,592.70315678914392,convergence
ext-w1,8,120008,6,30,,0,119,7616,592.69752248128259,convergence
ext-w1,8,120008,6,31,,0,130,8320,592.7032140096029,convergence
ext-w1,8,120008,6,32,,0,125,8000,592.67766571044922,convergence
ext-w1,8,120008,6,33,,0,170,10880,601.25418090820312,convergence
ext-w1,8,120008,6,34,,0,166,10624,601.22452163696289,convergence
ext-w1,8,120008,6,35,,0,136,8704,594.98003514607751,convergence
ext-w1,8,120008,6,36,,0,113,7232,592.70571263631189,convergence
ext-w1,8,120008,6,37,,0,128,8192,592.70049285888672,convergence
ext-w1,8,120008,6,38,,0,138,8832,592.69964853922522,convergence
ext-w1,8,120008,6,39,,0,109,6976,592.69777297973633,convergence
ext-w1,8,120008,6,40,,0,110,7040,592.70711390177405,convergence
ext-w1,8,120008,6,41,,0,138,8832,592.69616826375329,convergence
ext-w1,8,120008,6,42,,0,165,10560,592.69786834716797,convergence
ext-w1,8,120008,6,43,,0,167,10688,592.69772593180335,convergence
ext-w1,8,120008,6,44,,0,126,8064,592.70264434814453,convergence
ext-w1,8,120008,6,45,,0,133,8512,592.70300674438477,convergence
ext-w1,8,120008,6,46,,0,148,9472,592.6936365763346,convergence
ext-w1,8,120008,6,47,,0,169,10816,592.70071919759118,convergence
ext-w1,8,120008,6,48,,0,127,8128,592.70456186930335,convergence
ext-w1,8,120008,6,49,,0,172,11008,592.69616826375329,convergence
ext-w1,8,120008,6,50,,0,125,8000,592.69752248128259,convergence
ext-w1,8,120008,6,51,,0,124,7936,592.7032140096029,convergence
ext-w1,8,120008,6,52,,0,134,8576,592.70300674438477,convergence
ext-w1,8,120008,6,53,,0,177,11328,592.70041275024414,convergence
ext-w1,8,120008,6,54,,0,144,9216,601.87042363484704,convergence
ext-w1,8,120008,6,55,,0,166,10624,592.6936365763346,convergence
ext-w1,8,120008,6,56,,0,114,7296,592.69887034098304,convergence
ext-w1,8,120008,6,57,,0,131,8384,601.84698740641272,convergence
ext-w1,8,120008,6,58,,0,196,12544,592.6936365763346,convergence
ext-w1,8,120008,6,59,,0,134,8576,592.70637257893884,convergence
ext-w1,8,120008,6,60,,0,176,11264,602.29555130004883,convergence
ext-w1,8,120008,6,61,,0,152,9728,592.69786834716797,convergence
ext-w1,8,120008,6,62,,0,128,8192,592.70127995808923,convergence
ext-w1,8,120008,6,63,,0,170,10880,592.69772593180335,convergence
ext-w1,8,120008,6,64,,0,182,11648,592.6936365763346,convergence
ext-w1,8,120008,6,65,,0,134,8576,601.90760676066077,convergence
ext-w1,8,120008,6,66,,0,164,10496,592.69887034098304,convergence
ext-w1,8,120008,6,67,,0,148,9472,592.6936365763346,convergence
ext-w1,8,120008,6,68,,0,187,11968,592.70417912801111,convergence
ext-w1,8,120008,6,69,,0,122,7808,592.69838078816736,convergence
ext-w1,8,120008,6,70,,0,118,7552,592.69718551635742,convergence
ext-w1,8,120008,6,71,,0,184,11776,601.78297297159827,convergence
ext-w1,8,120008,6,72,,0,134,8576,592.69636535644531,convergence
ext-w1,8,120008,6,73,,0,148,9472,592.69786834716797,convergence
ext-w1,8,120008,6,74,,0,157,10048,592.67091496785486,convergence
ext-w1,8,120008,6,75,,0,177,11328,592.6936365763346,convergence
ext-w1,8,120008,6,76,,0,135,8640,601.84666061401367,convergence
ext-w1,8,120008,6,77,,0,143,9152,601.84122594197595,convergence
ext-w1,8,120008,6,78,,0,162,10368,592.6936365763346,convergence
ext-w1,8,120008,6,79,,0,162,10368,592.67035802205407,convergence
ext-w1,8,120008,6,80,,0,131,8384,592.70367558797204,convergence
ext-w1,8,120008,6,81,,0,136,8704,601.84122594197595,convergence
ext-w1,8,120008,6,82,,0,196,12544,592.70071919759118,convergence
ext-w1,8,120008,6,83,,0,118,7552,592.69519805908203,convergence
ext-w1,8,120008,7,0,,0,197,12608,580.37378692626953,convergence
ext-w1,8,120008,7,1,,0,159,10176,583.34604136149085,convergence
ext-w1,8,120008,7,2,,0,122,7808,574.11600367228186,convergence
ext-w1,8,120008,7,3,,0,131,8384,583.25931549072266,convergence
ext-w1,8,120008,7,4,,0,155,9920,574.10874176025391,convergence
ext-w1,8,120008,7,5,,0,139,8896,574.11354955037439,convergence
ext-w1,8,120008,7,6,,0,166,10624,583.29575983683264,convergence
ext-w1,8,120008,7,7,,0,130,8320,574.11461766560876,convergence
ext-w1,8,120008,7,8,,0,131,8384,574.11138407389319,convergence
ext-w1,8,120008,7,9,,0,145,9280,582.45757675170898,convergence
ext-w1,8,120008,7,10,,0,129,8256,581.1265754699707,convergence
ext-w1,8,120008,7,11,,0,122,7808,583.3199348449707,convergence
ext-w1,8,120008,7,12,,0,139,8896,583.31954828898108,convergence
ext-w1,8,120008,7,13,,0,142,9088,583.33145650227868,convergence
ext-w1,8,120008,7,14,,0,210,13440,580.41002527872718,convergence
ext-w1,8,120008,7,15,,0,148,9472,583.38811492919922,convergence
ext-w1,8,120008,7,16,,0,130,8320,583.3199348449707,convergence
ext-w1,8,120008,7,17,,0,200,12800,574.11005401611328,convergence
ext-w1,8,120008,7,18,,0,134,8576,574.1101964314779,convergence
ext-w1,8,120008,7,19,,0,162,10368,574.08745066324866,convergence
ext-w1,8,120008,7,20,,0,135,8640,583.29423141479492,convergence
ext-w1,8,120008,7,21,,0,139,8896,583.3199348449707,convergence
ext-w1,8,120008,7,22,,0,134,8576,583.25355402628577,convergence
ext-w1,8,120008,7,23,,0,124,7936,574.11493555704749,convergence
ext-w1,8,120008,7,24,,0,132,8448,574.11493555704749,convergence
ext-w1,8,120008,7,25,,0,129,8256,574.11058934529626,convergence
ext-w1,8,120008,7,26,,0,135,8640,583.25931549072266,convergence
ext-w1,8,120008,7,27,,0,121,7744,574.10640843709314,convergence
ext-w1,8,120008,7,28,,0,124,7936,574.1047248840332,convergence
ext-w1,8,120008,7,29,,0,187,11968,583.30356979370117,convergence
ext-w1,8,120008,7,30,,0,150,9600,574.09074147542321,convergence
ext-w1,8,120008,7,31,,0,136,8704,582.63601430257165,convergence
ext-w1,8,120008,7,32,,0,126,8064,574.11600367228186,convergence
ext-w1,8,120008,7,33,,0,149,9536,574.1153348286947,convergence
ext-w1,8,120008,7,34,,0,149,9536,583.72455596923828,convergence
ext-w1,8,120008,7,35,,0,167,10688,582.12982813517249,convergence
ext-w1,8,120008,7,36,,0,124,7936,582.45495351155603,convergence
ext-w1,8,120008,7,37,,0,108,6912,574.11119842529297,convergence
ext-w1,8,120008,7,38,,0,150,9600,582.93709309895837,convergence
ext-w1,8,120008,7,39,,0,155,9920,574.11197662353516,convergence
ext-w1,8,120008,7,40,,0,171,10944,583.385976155599,convergence
ext-w1,8,120008,7,41,,0,201,12864,581.55942281087243,convergence
ext-w1,8,120008,7,42,,0,111,7104,574.11119842529297,convergence
ext-w1,8,120008,7,43,,0,131,8384,574.10869344075525,convergence
ext-w1,8,120008,7,44,,0,126,8064,574.11748123168945,convergence
ext-w1,8,120008,7,45,,0,125,8000,574.1077664693197,convergence
ext-w1,8,120008,7,46,,0,152,9728,582.63601430257165,convergence
ext-w1,8,120008,7,47,,0,134,8576,574.11493555704749,convergence
ext-w1,8,120008,7,48,,0,150,9600,574.11632537841797,convergence
ext-w1,8,120008,7,49,,0,188,12032,574.11033503214514,convergence
ext-w1,8,120008,7,50,,0,146,9344,582.6641731262207,convergence
ext-w1,8,120008,7,51,,0,147,9408,574.10596466064453,convergence
ext-w1,8,120008,7,52,,0,134,8576,583.34306589762366,convergence
ext-w1,8,120008,7,53,,0,112,7168,574.11600494384766,convergence
ext-w1,8,120008,7,54,,0,125,8000,574.10985056559241,convergence
ext-w1,8,120008,7,55,,0,131,8384,574.10985056559241,convergence
ext-w1,8,120008,7,56,,0,128,8192,574.11306889851892,convergence
ext-w1,8,120008,7,57,,0,141,9024,583.38420613606775,convergence
ext-w1,8,120008,7,58,,0,146,9344,583.29856999715173,convergence
ext-w1,8,120008,7,59,,0,155,9920,574.10596466064453,convergence
ext-w1,8,120008,7,60,,0,139,8896,574.10640843709314,convergence
ext-w1,8,120008,7,61,,0,155,9920,574.11242802937829,convergence
ext-w1,8,120008,7,62,,0,158,10112,574.11119842529297,convergence
ext-w1,8,120008,7,63,,0,149,9536,574.11119842529297,convergence
ext-w1,8,120008,7,64,,0,118,7552,574.09091567993164,convergence
ext-w1,8,120008,7,65,,0,139,8896,581.53089650472009,convergence
ext-w1,8,120008,7,66,,0,124,7936,574.11748123168945,convergence
ext-w1,8,120008,7,67,,0,164,10496,574.1101964314779,convergence
ext-w1,8,120008,7,68,,0,154,9856,574.1047248840332,convergence
ext-w1,8,120008,7,69,,0,144,9216,582.87739308675134,convergence
ext-w1,8,120008,7,70,,0,141,9024,574.10985056559241,convergence
ext-w1,8,120008,7,71,,0,131,8384,583.06001790364587,convergence
ext-w1,8,120008,7,72,,0,209,13376,583.38577906290686,convergence
ext-w1,8,120008,7,73,,0,119,7616,574.11804072062171,convergence
ext-w1,8,120008,7,74,,0,125,8000,574.11554209391272,convergence
ext-w1,8,120008,7,75,,0,141,9024,574.11111323038733,convergence
ext-w1,8,120008,7,76,,0,178,11392,574.10596466064453,convergence
ext-w1,8,120008,7,77,,0,154,9856,574.10596466064453,convergence
ext-w1,8,120008,7,78,,0,174,11136,574.10843276977539,convergence
ext-w1,8,120008,7,79,,0,207,13248,583.25355402628577,convergence
ext-w1,8,120008,7,80,,0,127,8128,574.10985056559241,convergence
ext-w1,8,120008,7,81,,0,159,10176,574.10512161254883,convergence
ext-w1,8,120008,7,82,,0,184,11776,584.77000681559241,convergence
cold-w16,8,120008,0,0,,0,3126,200064,937.39294687906897,convergence
cold-w16,8,120008,0,1,,0,2955,189120,886.22600682576501,convergence
cold-w16,8,120008,0,2,,0,2798,179072,848.34556452433264,convergence
cold-w16,8,120008,0,3,,0,3524,225536,856.11638768514001,convergence
cold-w16,8,120008,0,4,,0,3253,208192,788.28146489461267,convergence
cold-w16,8,120008,0,5,,0,3260,208640,753.29301579793298,convergence
cold-w16,8,120008,0,6,,0,3648,233472,1033.7841453552246,convergence
cold-w16,8,120008,0,7,,0,3420,218880,872.47233327229821,convergence
cold-w16,8,120008,0,8,,0,2525,161600,973.03177897135413,convergence
cold-w16,8,120008,0,9,,0,2808,179712,904.99324035644531,convergence
cold-w16,8,120008,0,10,,0,3959,253376,752.27482859293616,convergence
cold-w16,8,120008,0,11,,0,3567,228288,798.14165115356445,convergence
cold-w16,8,120008,0,12,,0,3495,223680,854.49106852213538,convergence
cold-w16,8,120008,0,13,,0,4050,259200,857.53132629394531,convergence
cold-w16,8,120008,0,14,,0,2852,182528,870.38919448852539,convergence
cold-w16,8,120008,0,15,,0,3083,197312,867.10844167073571,convergence
cold-w16,8,120008,0,16,,0,2796,178944,927.83867899576819,convergence
cold-w16,8,120008,0,17,,0,2570,164480,869.4963595072428,convergence
cold-w16,8,120008,0,18,,0,3506,224384,863.73865127563477,convergence
cold-w16,8,120008,0,19,,0,2987,191168,904.42723719278968,convergence
cold-w16,8,120008,0,20,,0,3230,206720,964.77519861857093,convergence
cold-w16,8,120008,0,21,,0,5080,325120,973.22661972045898,completed
cold-w16,8,120008,0,22,,0,2806,179584,935.16687520345056,convergence
cold-w16,8,120008,0,23,,0,3306,211584,874.29009628295898,convergence
cold-w16,8,120008,0,24,,0,3015,192960,795.02077611287439,convergence
cold-w16,8,120008,0,25,,0,4050,259200,852.94721476236975,convergence
cold-w16,8,120008,0,26,,0,2613,167232,895.09813054402673,convergence
cold-w16,8,120008,0,27,,0,3257,208448,863.34611129760742,convergence
cold-w16,8,120008,0,28,,0,2902,185728,1061.3119138081868,convergence
cold-w16,8,120008,0,29,,0,3105,198720,948.61113357543945,convergence
ext-w8,9,120009,0,0,,0,1304,83456,652.05151875813806,convergence
ext-w8,9,120009,0,1,,0,1432,91648,668.97833379109704,convergence
ext-w8,9,120009,0,2,,0,1284,82176,623.01207224527991,convergence
ext-w8,9,120009,0,3,,0,1735,111040,678.58954111735022,convergence
ext-w8,9,120009,0,4,,0,2796,178944,654.12334442138672,convergence
ext-w8,9,120009,0,5,,0,1220,78080,625.72055689493811,convergence
ext-w8,9,120009,0,6,,0,1504,96256,654.41061782836914,convergence
ext-w8,9,120009,0,7,,0,1282,82048,655.42770767211914,convergence
ext-w8,9,120009,0,8,,0,1204,77056,663.49598821004236,convergence
ext-w8,9,120009,0,9,,0,1545,98880,645.00544993082679,convergence
ext-w8,9,120009,0,10,,0,1511,96704,650.13106918334961,convergence
ext-w8,9,120009,0,11,,0,1181,75584,625.2353299458822,convergence
ext-w8,9,120009,0,12,,0,1196,76544,627.21694691975915,convergence
ext-w8,9,120009,0,13,,0,1686,107904,670.93587875366211,convergence
ext-w8,9,120009,0,14,,0,1356,86784,663.15810012817383,convergence
ext-w8,9,120009,0,15,,0,1360,87040,637.13500595092773,convergence
ext-w8,9,120009,0,16,,0,1539,98496,670.3340059916178,convergence
ext-w8,9,120009,0,17,,0,1280,81920,678.7911707560221,convergence
ext-w8,9,120009,0,18,,0,1333,85312,651.58854293823242,convergence
ext-w8,9,120009,0,19,,0,1686,107904,653.73740259806311,convergence
ext-w8,9,120009,0,20,,0,1309,83776,647.59501902262366,convergence
ext-w8,9,120009,0,21,,0,1413,90432,663.89156214396155,convergence
ext-w8,9,120009,0,22,,0,1603,102592,651.48507181803382,convergence
ext-w8,9,120009,0,23,,0,1253,80192,660.71537144978845,convergence
ext-w8,9,120009,0,24,,0,1697,108608,643.79293441772461,convergence
ext-w8,9,120009,0,25,,0,1330,85120,625.3982264200846,convergence
ext-w8,9,120009,0,26,,0,1430,91520,669.06739171346032,convergence
ext-w8,9,120009,0,27,,0,1340,85760,642.9931424458822,convergence
ext-w8,9,120009,0,28,,0,1057,67648,657.32096227010095,convergence
ext-w8,9,120009,0,29,,0,1607,102848,638.89787419637048,convergence
ext-w8,9,120009,0,30,,0,1181,75584,640.18357467651367,convergence
ext-w8,9,120009,0,31,,0,1403,89792,659.03650156656897,convergence
ext-w8,9,120009,0,32,,0,1353,86592,647.60320663452148,convergence
ext-w8,9,120009,0,33,,0,1384,88576,669.5511258443197,convergence
ext-w8,9,120009,0,34,,0,1562,99968,682.18727620442712,convergence
ext-w8,9,120009,0,35,,0,1245,79680,652.65144856770837,convergence
ext-w8,9,120009,0,36,,0,1466,93824,687.82845052083337,convergence
ext-w8,9,120009,0,37,,0,1311,83904,670.95878728230798,convergence
ext-w8,9,120009,0,38,,0,1684,107776,664.38252639770508,convergence
ext-w8,9,120009,0,39,,0,1915,122560,676.11455408732093,convergence
ext-w8,9,120009,0,40,,0,1521,97344,625.65098698933923,convergence
ext-w8,9,120009,0,41,,0,1303,83392,628.86961237589514,convergence
ext-w8,9,120009,0,42,,0,1258,80512,667.48307164510095,convergence
ext-w8,9,120009,0,43,,0,1765,112960,668.600087483724,convergence
ext-w8,9,120009,0,44,,0,1741,111424,646.71706644694007,convergence
ext-w8,9,120009,0,45,,0,1514,96896,649.17213567097986,convergence
ext-w8,9,120009,0,46,,0,1485,95040,653.85496520996094,convergence
ext-w8,9,120009,0,47,,0,1447,92608,649.38757578531897,convergence
ext-w8,9,120009,0,48,,0,1154,73856,670.53300221761071,convergence
ext-w8,9,120009,0,49,,0,1564,100096,626.76001485188806,convergence
ext-w8,9,120009,0,50,,0,1571,100544,638.47396977742517,convergence
ext-w8,9,120009,0,51,,0,1116,71424,660.45190302530921,convergence
ext-w8,9,120009,0,52,,0,1792,114688,646.37031300862634,convergence
ext-w8,9,120009,0,53,,0,1474,94336,659.92939631144202,convergence
ext-w8,9,120009,0,54,,0,1580,101120,667.44076792399085,convergence
ext-w8,9,120009,0,55,,0,1415,90560,644.84619649251306,convergence
ext-w8,9,120009,0,56,,0,1365,87360,642.84678777058923,convergence
ext-w8,9,120009,0,57,,0,1399,89536,632.94468688964844,convergence
ext-w8,9,120009,0,58,,0,2185,139840,645.7415657043457,convergence
ext-w8,9,120009,0,59,,0,1460,93440,648.52283477783203,convergence
ext-w8,9,120009,0,60,,0,2362,151168,659.37368392944336,convergence
ext-w8,9,120009,0,61,,0,1465,93760,659.09636942545569,convergence
ext-w8,9,120009,0,62,,0,1885,120640,659.50747044881189,convergence
ext-w8,9,120009,0,63,,0,1443,92352,662.17734781901038,convergence
ext-w8,9,120009,0,64,,0,1150,73600,681.24999618530273,convergence
ext-w8,9,120009,0,65,,0,1368,87552,633.70096715291345,convergence
ext-w4,9,120009,0,0,,0,686,43904,684.48241806030273,convergence
ext-w4,9,120009,0,1,,0,558,35712,669.82236862182617,convergence
ext-w4,9,120009,0,2,,0,606,38784,671.77311325073242,convergence
ext-w4,9,120009,0,3,,0,650,41600,670.34764226277673,convergence
ext-w4,9,120009,0,4,,0,650,41600,686.541269938151,convergence
ext-w4,9,120009,0,5,,0,621,39744,687.91786575317383,convergence
ext-w4,9,120009,0,6,,0,714,45696,673.70926920572913,convergence
ext-w4,9,120009,0,7,,0,734,46976,682.75656255086267,convergence
ext-w4,9,120009,0,8,,0,626,40064,689.94355392456055,convergence
ext-w4,9,120009,0,9,,0,652,41728,681.82541020711267,convergence
ext-w4,9,120009,0,10,,0,711,45504,681.91442362467444,convergence
ext-w4,9,120009,0,11,,0,660,42240,642.87322489420569,convergence
ext-w4,9,120009,0,12,,0,726,46464,670.80238469441736,convergence
ext-w4,9,120009,0,13,,0,662,42368,671.7032254536947,convergence
ext-w4,9,120009,0,14,,0,718,45952,676.27327092488611,convergence
ext-w4,9,120009,0,15,,0,671,42944,688.381825764974,convergence
ext-w4,9,120009,0,16,,0,1130,72320,665.38984171549475,convergence
ext-w4,9,120009,0,17,,0,655,41920,665.61242039998376,convergence
ext-w4,9,120009,0,18,,0,729,46656,677.0491943359375,convergence
ext-w4,9,120009,0,19,,0,636,40704,671.49052556355798,convergence
ext-w4,9,120009,0,20,,0,618,39552,672.12991714477539,convergence
ext-w4,9,120009,0,21,,0,579,37056,672.34085973103845,convergence
ext-w4,9,120009,0,22,,0,615,39360,665.16711298624671,convergence
ext-w4,9,120009,0,23,,0,695,44480,673.03452173868811,convergence
ext-w4,9,120009,0,24,,0,709,45376,669.86369959513343,convergence
ext-w4,9,120009,0,25,,0,663,42432,662.15571721394861,convergence
ext-w4,9,120009,0,26,,0,751,48064,680.3824348449707,convergence
ext-w4,9,120009,0,27,,0,719,46016,663.13461176554358,convergence
ext-w4,9,120009,0,28,,0,608,38912,671.71540832519531,convergence
ext-w4,9,120009,0,29,,0,557,35648,651.67957433064782,convergence
ext-w4,9,120009,0,30,,0,590,37760,669.21841430664062,convergence
ext-w4,9,120009,0,31,,0,629,40256,671.20898310343421,convergence
ext-w4,9,120009,0,32,,0,623,39872,660.0125846862793,convergence
ext-w4,9,120009,0,33,,0,558,35712,669.99429957071936,convergence
ext-w4,9,120009,0,34,,0,632,40448,670.09894053141272,convergence
ext-w4,9,120009,0,35,,0,1081,69184,670.68930180867517,convergence
ext-w4,9,120009,0,36,,0,562,35968,669.86676915486657,convergence
ext-w4,9,120009,0,37,,0,520,33280,671.67428080240882,convergence
ext-w4,9,120009,0,38,,0,546,34944,687.30402247110999,convergence
ext-w4,9,120009,0,39,,0,520,33280,677.08879343668616,convergence
ext-w4,9,120009,0,40,,0,645,41280,651.92102813720703,convergence
ext-w4,9,120009,0,41,,0,661,42304,659.93391164143884,convergence
ext-w4,9,120009,0,42,,0,660,42240,675.3864860534668,convergence
ext-w4,9,120009,0,43,,0,569,36416,672.91508611043298,convergence
ext-w4,9,120009,0,44,,0,705,45120,688.10145568847656,convergence
ext-w4,9,120009,0,45,,0,625,40000,653.21286137898767,convergence
ext-w4,9,120009,0,46,,0,641,41024,668.43768819173181,convergence
ext-w4,9,120009,0,47,,0,1081,69184,691.91096750895179,convergence
ext-w4,9,120009,0,48,,0,621,39744,670.84479141235352,convergence
ext-w4,9,120009,0,49,,0,795,50880,672.4838752746582,convergence
ext-w4,9,120009,0,50,,0,628,40192,650.99614969889319,convergence
ext-w4,9,120009,0,51,,0,609,38976,674.1496467590332,convergence
ext-w4,9,120009,0,52,,0,778,49792,676.20949935913086,convergence
ext-w4,9,120009,0,53,,0,581,37184,688.92147445678711,convergence
ext-w4,9,120009,0,54,,0,1052,67328,673.85224278767907,convergence
ext-w4,9,120009,0,55,,0,667,42688,669.91537729899085,convergence
ext-w4,9,120009,0,56,,0,671,42944,656.51331965128577,convergence
ext-w4,9,120009,0,57,,0,653,41792,670.30888748168945,convergence
ext-w4,9,120009,0,58,,0,756,48384,675.1215705871582,convergence
ext-w4,9,120009,0,59,,0,424,27136,690.1641960144043,convergence
ext-w4,9,120009,0,60,,0,723,46272,651.64233016967773,convergence
ext-w4,9,120009,0,61,,0,610,39040,688.14097213745117,convergence
ext-w4,9,120009,0,62,,0,738,47232,678.32885487874353,convergence
ext-w4,9,120009,0,63,,0,1006,64384,671.80290222167969,convergence
ext-w4,9,120009,0,64,,0,702,44928,652.68506368001306,convergence
ext-w4,9,120009,0,65,,0,526,33664,674.98512013753259,convergence
ext-w4,9,120009,0,66,,0,554,35456,671.61063893636071,convergence
ext-w4,9,120009,0,67,,0,781,49984,695.28776804606116,convergence
ext-w4,9,120009,0,68,,0,626,40064,676.2383817036947,convergence
ext-w4,9,120009,0,69,,0,877,56128,656.25220362345374,convergence
ext-w4,9,120009,0,70,,0,828,52992,663.7894503275553,convergence
ext-w4,9,120009,1,0,,0,969,62016,600.54398981730139,convergence
ext-w4,9,120009,1,1,,0,802,51328,610.58952204386389,convergence
ext-w4,9,120009,1,2,,0,666,42624,599.39401499430335,convergence
ext-w4,9,120009,1,3,,0,644,41216,584.20044072469079,convergence
ext-w4,9,120009,1,4,,0,581,37184,603.58391825358069,convergence
ext-w4,9,120009,1,5,,0,531,33984,583.18396123250329,convergence
ext-w4,9,120009,1,6,,0,668,42752,614.24494934082031,convergence
ext-w4,9,120009,1,7,,0,677,43328,592.70079803466797,convergence
ext-w4,9,120009,1,8,,0,629,40256,603.80979665120446,convergence
ext-w4,9,120009,1,9,,0,702,44928,605.28041839599609,convergence
ext-w4,9,120009,1,10,,0,582,37248,598.77212651570642,convergence
ext-w4,9,120009,1,11,,0,604,38656,595.40016047159827,convergence
ext-w4,9,120009,1,12,,0,621,39744,602.008544921875,convergence
ext-w4,9,120009,1,13,,0,738,47232,602.86347071329749,convergence
ext-w4,9,120009,1,14,,0,622,39808,596.78428395589196,convergence
ext-w4,9,120009,1,15,,0,663,42432,606.06524912516272,convergence
ext-w4,9,120009,1,16,,0,691,44224,601.71543629964196,convergence
ext-w4,9,120009,1,17,,0,830,53120,584.50619633992517,convergence
ext-w4,9,120009,1,18,,0,614,39296,600.89557393391931,convergence
ext-w4,9,120009,1,19,,0,667,42688,590.79862594604492,convergence
ext-w4,9,120009,1,20,,0,675,43200,594.39560953776038,convergence
ext-w4,9,120009,1,21,,0,623,39872,597.4994901021322,convergence
ext-w4,9,120009,1,22,,0,578,36992,610.06360371907556,convergence
ext-w4,9,120009,1,23,,0,1057,67648,613.49323908487952,convergence
ext-w4,9,120009,1,24,,0,788,50432,598.67354965209961,convergence
ext-w4,9,120009,1,25,,0,744,47616,598.90781911214196,convergence
ext-w4,9,120009,1,26,,0,661,42304,599.92149988810218,convergence
ext-w4,9,120009,1,27,,0,665,42560,581.82738876342773,convergence
ext-w4,9,120009,1,28,,0,660,42240,615.75017547607422,convergence
ext-w4,9,120009,1,29,,0,702,44928,586.71773783365882,convergence
ext-w4,9,120009,1,30,,0,643,41152,601.73454411824548,convergence
ext-w4,9,120009,1,31,,0,832,53248,617.07822163899743,convergence
ext-w4,9,120009,1,32,,0,661,42304,615.2645594278971,convergence
ext-w4,9,120009,1,33,,0,677,43328,599.49957275390625,convergence
ext-w4,9,120009,1,34,,0,513,32832,611.02915445963538,convergence
ext-w4,9,120009,1,35,,0,780,49920,602.54212061564124,convergence
ext-w4,9,120009,1,36,,0,739,47296,605.8783289591471,convergence
ext-w4,9,120009,1,37,,0,630,40320,603.16632334391272,convergence
ext-w4,9,120009,1,38,,0,675,43200,588.79390970865882,convergence
ext-w4,9,120009,1,39,,0,750,48000,607.40786234537757,convergence
ext-w4,9,120009,1,40,,0,657,42048,597.08541488647461,convergence
ext-w4,9,120009,1,41,,0,730,46720,628.11510976155603,convergence
ext-w4,9,120009,1,42,,0,521,33344,600.70169703165686,convergence
ext-w4,9,120009,1,43,,0,956,61184,617.91672515869141,convergence
ext-w4,9,120009,1,44,,0,617,39488,605.92693201700843,convergence
ext-w4,9,120009,1,45,,0,674,43136,598.33276240030921,convergence
ext-w4,9,120009,1,46,,0,682,43648,587.04711659749353,convergence
ext-w4,9,120009,1,47,,0,536,34304,604.38426971435547,convergence
ext-w4,9,120009,1,48,,0,1333,85312,604.77039972941077,convergence
ext-w4,9,120009,1,49,,0,682,43648,595.8307100931803,convergence
ext-w4,9,120009,1,50,,0,650,41600,597.57013066609704,convergence
ext-w4,9,120009,1,51,,0,792,50688,612.33291371663415,convergence
ext-w4,9,120009,1,52,,0,790,50560,595.7920138041178,convergence
ext-w4,9,120009,1,53,,0,571,36544,587.25872421264648,convergence
ext-w4,9,120009,1,54,,0,836,53504,601.9341150919596,convergence
ext-w4,9,120009,1,55,,0,581,37184,604.02870432535804,convergence
ext-w4,9,120009,1,56,,0,755,48320,599.98774210611975,convergence
ext-w4,9,120009,1,57,,0,718,45952,597.63351567586267,convergence
ext-w4,9,120009,1,58,,0,584,37376,601.02314376831055,convergence
ext-w4,9,120009,1,59,,0,632,40448,594.90420405069983,convergence
ext-w4,9,120009,1,60,,0,617,39488,602.00318654378259,convergence
ext-w4,9,120009,1,61,,0,625,40000,595.07106018066406,convergence
ext-w4,9,120009,1,62,,0,797,51008,611.30402755737305,convergence
ext-w4,9,120009,1,63,,0,569,36416,601.09066009521484,convergence
ext-w4,9,120009,1,64,,0,910,58240,598.58090337117517,convergence
ext-w4,9,120009,1,65,,0,637,40768,599.12204615275061,convergence
ext-w4,9,120009,1,66,,0,584,37376,604.00371042887366,convergence
ext-w4,9,120009,1,67,,0,1147,73408,613.92553838094079,convergence
ext-w4,9,120009,1,68,,0,709,45376,607.46810277303064,convergence
ext-w2,9,120009,0,0,,0,339,21696,718.43298085530603,convergence
ext-w2,9,120009,0,1,,0,304,19456,678.83727773030603,convergence
ext-w2,9,120009,0,2,,0,450,28800,688.747080485026,convergence
ext-w2,9,120009,0,3,,0,328,20992,683.78743616739905,convergence
ext-w2,9,120009,0,4,,0,352,22528,682.11057027180993,convergence
ext-w2,9,120009,0,5,,0,326,20864,701.82139841715491,convergence
ext-w2,9,120009,0,6,,0,330,21120,708.45885848999023,convergence
ext-w2,9,120009,0,7,,0,394,25216,689.85518773396814,convergence
ext-w2,9,120009,0,8,,0,219,14016,694.98453521728516,convergence
ext-w2,9,120009,0,9,,0,248,15872,694.97016906738281,convergence
ext-w2,9,120009,0,10,,0,272,17408,704.52970377604163,convergence
ext-w2,9,120009,0,11,,0,334,21376,690.66831080118811,convergence
ext-w2,9,120009,0,12,,0,353,22592,704.53617986043298,convergence
ext-w2,9,120009,0,13,,0,314,20096,687.85749944051111,convergence
ext-w2,9,120009,0,14,,0,321,20544,694.37860743204749,convergence
ext-w2,9,120009,0,15,,0,257,16448,692.10707346598304,convergence
ext-w2,9,120009,0,16,,0,303,19392,704.53059641520179,convergence
ext-w2,9,120009,0,17,,0,303,19392,695.43389383951819,convergence
ext-w2,9,120009,0,18,,0,443,28352,700.86443328857422,convergence
ext-w2,9,120009,0,19,,0,300,19200,694.38648986816406,convergence
ext-w2,9,120009,0,20,,0,364,23296,689.87922668457031,convergence
ext-w2,9,120009,0,21,,0,346,22144,700.25588734944665,convergence
ext-w2,9,120009,0,22,,0,300,19200,695.61775334676111,convergence
ext-w2,9,120009,0,23,,0,428,27392,704.23805999755859,convergence
ext-w2,9,120009,0,24,,0,329,21056,694.37827555338538,convergence
ext-w2,9,120009,0,25,,0,315,20160,694.37410227457679,convergence
ext-w2,9,120009,0,26,,0,318,20352,693.87366485595703,convergence
ext-w2,9,120009,0,27,,0,327,20928,689.86628723144531,convergence
ext-w2,9,120009,0,28,,0,280,17920,686.37559254964196,convergence
ext-w2,9,120009,0,29,,0,241,15424,694.98150126139319,convergence
ext-w2,9,120009,0,30,,0,300,19200,689.84669367472327,convergence
ext-w2,9,120009,0,31,,0,286,18304,701.83479944864905,convergence
ext-w2,9,120009,0,32,,0,284,18176,697.13850275675452,convergence
ext-w2,9,120009,0,33,,0,374,23936,689.84638214111328,convergence
ext-w2,9,120009,0,34,,0,379,24256,694.53474553426111,convergence
ext-w2,9,120009,0,35,,0,250,16000,692.09914525349939,convergence
ext-w2,9,120009,0,36,,0,257,16448,687.09317652384436,convergence
ext-w2,9,120009,0,37,,0,314,20096,694.4618250528971,convergence
ext-w2,9,120009,0,38,,0,289,18496,694.36196390787757,convergence
ext-w2,9,120009,0,39,,0,329,21056,701.82363764444983,convergence
ext-w2,9,120009,0,40,,0,299,19136,690.67700322469079,convergence
ext-w2,9,120009,0,41,,0,388,24832,693.89822514851892,convergence
ext-w2,9,120009,0,42,,0,364,23296,689.84121831258142,convergence
ext-w2,9,120009,0,43,,0,259,16576,694.99999745686853,convergence
ext-w2,9,120009,0,44,,0,374,23936,696.16043217976892,convergence
ext-w2,9,120009,0,45,,0,315,20160,687.10205841064453,convergence
ext-w2,9,120009,0,46,,0,340,21760,694.45711390177405,convergence
ext-w2,9,120009,0,47,,0,267,17088,695.44495391845703,convergence
ext-w2,9,120009,0,48,,0,343,21952,693.91810862223304,convergence
ext-w2,9,120009,0,49,,0,411,26304,690.37902196248376,convergence
ext-w2,9,120009,0,50,,0,271,17344,686.33479690551758,convergence
ext-w2,9,120009,0,51,,0,295,18880,693.87957382202148,convergence
ext-w2,9,120009,0,52,,0,424,27136,706.47404098510742,convergence
ext-w2,9,120009,0,53,,0,322,20608,694.41047159830725,convergence
ext-w2,9,120009,0,54,,0,329,21056,696.25324630737305,convergence
ext-w2,9,120009,0,55,,0,274,17536,694.97844314575195,convergence
ext-w2,9,120009,0,56,,0,301,19264,687.83118947347009,convergence
ext-w2,9,120009,0,57,,0,374,23936,701.8252283732096,convergence
ext-w2,9,120009,0,58,,0,326,20864,689.79876836140954,convergence
ext-w2,9,120009,0,59,,0,307,19648,695.06277465820312,convergence
ext-w2,9,120009,0,60,,0,352,22528,700.2997042338053,convergence
ext-w2,9,120009,0,61,,0,355,22720,703.35371907552087,convergence
ext-w2,9,120009,0,62,,0,323,20672,693.87409083048499,convergence
ext-w2,9,120009,0,63,,0,297,19008,694.47218068440759,convergence
ext-w2,9,120009,0,64,,0,283,18112,695.46450424194336,convergence
ext-w2,9,120009,0,65,,0,314,20096,687.83047231038415,convergence
ext-w2,9,120009,0,66,,0,293,18752,687.10621643066406,convergence
ext-w2,9,120009,0,67,,0,345,22080,677.70831171671546,convergence
ext-w2,9,120009,0,68,,0,343,21952,704.21590042114258,convergence
ext-w2,9,120009,0,69,,0,355,22720,704.54830042521155,convergence
ext-w2,9,120009,0,70,,0,337,21568,706.05111948649085,convergence
ext-w2,9,120009,0,71,,0,267,17088,695.25885136922204,convergence
ext-w2,9,120009,0,72,,0,330,21120,690.66101582845056,convergence
ext-w2,9,120009,0,73,,0,374,23936,700.30782572428382,convergence
ext-w2,9,120009,0,74,,0,300,19200,689.85676193237305,convergence
ext-w2,9,120009,1,0,,0,302,19328,651.48381423950195,convergence
ext-w2,9,120009,1,1,,0,347,22208,653.91010665893555,convergence
ext-w2,9,120009,1,2,,0,414,26496,658.81695683797204,convergence
ext-w2,9,120009,1,3,,0,362,23168,655.05233764648438,convergence
ext-w2,9,120009,1,4,,0,379,24256,648.64803441365564,convergence
ext-w2,9,120009,1,5,,0,285,18240,652.85902659098304,convergence
ext-w2,9,120009,1,6,,0,344,22016,649.3454373677572,convergence
ext-w2,9,120009,1,7,,0,333,21312,646.3393770853678,convergence
ext-w2,9,120009,1,8,,0,295,18880,646.35709762573242,convergence
ext-w2,9,120009,1,9,,0,326,20864,648.64854685465491,convergence
ext-w2,9,120009,1,10,,0,367,23488,655.67810440063477,convergence
ext-w2,9,120009,1,11,,0,286,18304,662.55952072143555,convergence
ext-w2,9,120009,1,12,,0,384,24576,655.82897694905603,convergence
ext-w2,9,120009,1,13,,0,342,21888,657.30165354410804,convergence
ext-w2,9,120009,1,14,,0,298,19072,666.7038358052572,convergence
ext-w2,9,120009,1,15,,0,399,25536,664.70216751098633,convergence
ext-w2,9,120009,1,16,,0,315,20160,648.66611862182617,convergence
ext-w2,9,120009,1,17,,0,383,24512,650.77166112264001,convergence
ext-w2,9,120009,1,18,,0,338,21632,654.89165751139319,convergence
ext-w2,9,120009,1,19,,0,317,20288,640.85500081380212,convergence
ext-w2,9,120009,1,20,,0,361,23104,657.78032811482751,convergence
ext-w2,9,120009,1,21,,0,316,20224,655.39738845825195,convergence
ext-w2,9,120009,1,22,,0,281,17984,646.33733495076501,convergence
ext-w2,9,120009,1,23,,0,320,20480,635.93253580729163,convergence
ext-w2,9,120009,1,24,,0,332,21248,651.81130599975586,convergence
ext-w2,9,120009,1,25,,0,258,16512,633.89046351114905,convergence
ext-w2,9,120009,1,26,,0,347,22208,650.69979985555017,convergence
ext-w2,9,120009,1,27,,0,352,22528,657.59305318196618,convergence
ext-w2,9,120009,1,28,,0,275,17600,640.85497919718421,convergence
ext-w2,9,120009,1,29,,0,343,21952,655.60562006632483,convergence
ext-w2,9,120009,1,30,,0,304,19456,655.6106847127279,convergence
ext-w2,9,120009,1,31,,0,350,22400,648.11769866943359,convergence
ext-w2,9,120009,1,32,,0,343,21952,635.8866856892904,convergence
ext-w2,9,120009,1,33,,0,350,22400,646.36427815755212,convergence
ext-w2,9,120009,1,34,,0,321,20544,633.89730199178064,convergence
ext-w2,9,120009,1,35,,0,292,18688,661.0844841003418,convergence
ext-w2,9,120009,1,36,,0,356,22784,649.28789265950525,convergence
ext-w2,9,120009,1,37,,0,339,21696,646.35224533081055,convergence
ext-w2,9,120009,1,38,,0,312,19968,650.72620010375977,convergence
ext-w2,9,120009,1,39,,0,316,20224,648.62416330973304,convergence
ext-w2,9,120009,1,40,,0,309,19776,646.35206731160486,convergence
ext-w2,9,120009,1,41,,0,324,20736,654.88250478108728,convergence
ext-w2,9,120009,1,42,,0,220,14080,633.88874562581384,convergence
ext-w2,9,120009,1,43,,0,317,20288,650.72283808390296,convergence
ext-w2,9,120009,1,44,,0,331,21184,654.20091501871741,convergence
ext-w2,9,120009,1,45,,0,379,24256,668.05775451660156,convergence
ext-w2,9,120009,1,46,,0,310,19840,646.35650507609046,convergence
ext-w2,9,120009,1,47,,0,290,18560,633.89046351114905,convergence
ext-w2,9,120009,1,48,,0,307,19648,648.65982437133789,convergence
ext-w2,9,120009,1,49,,0,288,18432,646.35086186726892,convergence
ext-w2,9,120009,1,50,,0,316,20224,646.92285792032874,convergence
ext-w2,9,120009,1,51,,0,345,22080,657.27919896443689,convergence
ext-w2,9,120009,1,52,,0,278,17792,655.41284688313806,convergence
ext-w2,9,120009,1,53,,0,317,20288,657.31212615966797,convergence
ext-w2,9,120009,1,54,,0,263,16832,654.40607579549157,convergence
ext-w2,9,120009,1,55,,0,319,20416,667.71017710367835,convergence
ext-w2,9,120009,1,56,,0,369,23616,669.91928736368811,convergence
ext-w2,9,120009,1,57,,0,278,17792,653.64375432332361,convergence
ext-w2,9,120009,1,58,,0,354,22656,657.27514775594079,convergence
ext-w2,9,120009,1,59,,0,350,22400,653.31985855102539,convergence
ext-w2,9,120009,1,60,,0,273,17472,653.35572560628259,convergence
ext-w2,9,120009,1,61,,0,262,16768,655.34466934204102,convergence
ext-w2,9,120009,1,62,,0,360,23040,655.62187321980798,convergence
ext-w2,9,120009,1,63,,0,372,23808,660.54115804036462,convergence
ext-w2,9,120009,1,64,,0,488,31232,653.31409072875977,convergence
ext-w2,9,120009,1,65,,0,354,22656,656.57702000935876,convergence
ext-w2,9,120009,1,66,,0,369,23616,654.44760513305664,convergence
ext-w2,9,120009,1,67,,0,316,20224,657.61094919840491,convergence
ext-w2,9,120009,1,68,,0,291,18624,635.89109039306641,convergence
ext-w2,9,120009,1,69,,0,369,23616,654.84223810831702,convergence
ext-w2,9,120009,1,70,,0,317,20288,653.3041661580404,convergence
ext-w2,9,120009,1,71,,0,303,19392,653.74514134724939,convergence
ext-w2,9,120009,1,72,,0,339,21696,640.85246785481775,convergence
ext-w2,9,120009,1,73,,0,267,17088,647.8790283203125,convergence
ext-w2,9,120009,2,0,,0,606,38784,609.89514541625977,convergence
ext-w2,9,120009,2,1,,0,372,23808,613.44777679443359,convergence
ext-w2,9,120009,2,2,,0,278,17792,616.77454503377282,convergence
ext-w2,9,120009,2,3,,0,310,19840,612.89066696166992,convergence
ext-w2,9,120009,2,4,,0,401,25664,613.89452870686853,convergence
ext-w2,9,120009,2,5,,0,354,22656,613.97318776448571,convergence
ext-w2,9,120009,2,6,,0,384,24576,597.95579020182288,convergence
ext-w2,9,120009,2,7,,0,352,22528,623.91768773396814,convergence
ext-w2,9,120009,2,8,,0,333,21312,615.73211034139001,convergence
ext-w2,9,120009,2,9,,0,291,18624,616.76318359375,convergence
ext-w2,9,120009,2,10,,0,313,20032,612.45379257202148,convergence
ext-w2,9,120009,2,11,,0,361,23104,616.17147827148438,convergence
ext-w2,9,120009,2,12,,0,358,22912,618.85063171386719,convergence
ext-w2,9,120009,2,13,,0,414,26496,614.48670959472656,convergence
ext-w2,9,120009,2,14,,0,412,26368,624.04866663614905,convergence
ext-w2,9,120009,2,15,,0,325,20800,613.90885289510095,convergence
ext-w2,9,120009,2,16,,0,367,23488,605.52933629353845,convergence
ext-w2,9,120009,2,17,,0,325,20800,609.47164916992188,convergence
ext-w2,9,120009,2,18,,0,279,17856,621.65201441446936,convergence
ext-w2,9,120009,2,19,,0,403,25792,616.23219426472986,convergence
ext-w2,9,120009,2,20,,0,377,24128,624.25639470418298,convergence
ext-w2,9,120009,2,21,,0,348,22272,619.2074979146322,convergence
ext-w2,9,120009,2,22,,0,380,24320,597.89557520548499,convergence
ext-w2,9,120009,2,23,,0,351,22464,613.80517959594727,convergence
ext-w2,9,120009,2,24,,0,337,21568,620.84664916992188,convergence
ext-w2,9,120009,2,25,,0,314,20096,613.79455312093103,convergence
ext-w2,9,120009,2,26,,0,267,17088,629.0740966796875,convergence
ext-w2,9,120009,2,27,,0,328,20992,602.40207672119141,convergence
ext-w2,9,120009,2,28,,0,350,22400,613.41693115234375,convergence
ext-w2,9,120009,2,29,,0,305,19520,607.1734288533529,convergence
ext-w2,9,120009,2,30,,0,320,20480,610.59726333618164,convergence
ext-w2,9,120009,2,31,,0,330,21120,612.43092219034827,convergence
ext-w2,9,120009,2,32,,0,387,24768,615.05558522542321,convergence
ext-w2,9,120009,2,33,,0,311,19904,604.82351175944007,convergence
ext-w2,9,120009,2,34,,0,376,24064,624.53217188517249,convergence
ext-w2,9,120009,2,35,,0,376,24064,614.53782399495446,convergence
ext-w2,9,120009,2,36,,0,283,18112,610.62721506754554,convergence
ext-w2,9,120009,2,37,,0,373,23872,611.70938618977868,convergence
ext-w2,9,120009,2,38,,0,417,26688,617.69164657592773,convergence
ext-w2,9,120009,2,39,,0,341,21824,609.88158798217773,convergence
ext-w2,9,120009,2,40,,0,420,26880,621.0310948689779,convergence
ext-w2,9,120009,2,41,,0,322,20608,613.7727381388346,convergence
ext-w2,9,120009,2,42,,0,333,21312,611.36788813273108,convergence
ext-w2,9,120009,2,43,,0,307,19648,605.51251602172852,convergence
ext-w2,9,120009,2,44,,0,278,17792,613.72246805826819,convergence
ext-w2,9,120009,2,45,,0,450,28800,611.04580179850257,convergence
ext-w2,9,120009,2,46,,0,306,19584,617.69672902425134,convergence
ext-w2,9,120009,2,47,,0,437,27968,617.07703908284509,convergence
ext-w2,9,120009,2,48,,0,365,23360,613.46522649129236,convergence
ext-w2,9,120009,2,49,,0,340,21760,611.0075798034668,convergence
ext-w2,9,120009,2,50,,0,364,23296,628.29008483886719,convergence
ext-w2,9,120009,2,51,,0,304,19456,626.17940902709961,convergence
ext-w2,9,120009,2,52,,0,323,20672,597.90184783935547,convergence
ext-w2,9,120009,2,53,,0,367,23488,616.07616806030273,convergence
ext-w2,9,120009,2,54,,0,352,22528,614.36894353230798,convergence
ext-w2,9,120009,2,55,,0,260,16640,612.38417307535804,convergence
ext-w2,9,120009,2,56,,0,270,17280,610.63740921020508,convergence
ext-w2,9,120009,2,57,,0,280,17920,611.04734802246094,convergence
ext-w2,9,120009,2,58,,0,438,28032,612.62211227416992,convergence
ext-w2,9,120009,2,59,,0,330,21120,610.48778661092126,convergence
ext-w2,9,120009,2,60,,0,346,22144,611.04399490356445,convergence
ext-w2,9,120009,2,61,,0,339,21696,624.04489390055335,convergence
ext-w2,9,120009,2,62,,0,319,20416,610.60266494750977,convergence
ext-w2,9,120009,2,63,,0,306,19584,605.45491409301758,convergence
ext-w2,9,120009,2,64,,0,324,20736,604.82565180460608,convergence
ext-w2,9,120009,2,65,,0,351,22464,618.31305821736657,convergence
ext-w2,9,120009,2,66,,0,427,27328,610.58325449625647,convergence
ext-w2,9,120009,2,67,,0,453,28992,604.79185612996423,convergence
ext-w2,9,120009,2,68,,0,390,24960,613.80342483520508,convergence
ext-w2,9,120009,3,0,,0,354,22656,580.78728485107422,convergence
ext-w2,9,120009,3,1,,0,283,18112,586.75566355387366,convergence
ext-w2,9,120009,3,2,,0,300,19200,588.45348358154297,convergence
ext-w2,9,120009,3,3,,0,560,35840,584.49445978800452,convergence
ext-w2,9,120009,3,4,,0,328,20992,576.90556589762366,convergence
ext-w2,9,120009,3,5,,0,345,22080,581.5464197794596,convergence
ext-w2,9,120009,3,6,,0,285,18240,590.00491078694665,convergence
ext-w2,9,120009,3,7,,0,391,25024,587.787109375,convergence
ext-w2,9,120009,3,8,,0,261,16704,583.14487965901696,convergence
ext-w2,9,120009,3,9,,0,335,21440,578.02734629313147,convergence
ext-w2,9,120009,3,10,,0,304,19456,590.16536839803064,convergence
ext-w2,9,120009,3,11,,0,405,25920,588.35867818196618,convergence
ext-w2,9,120009,3,12,,0,318,20352,590.16774876912439,convergence
ext-w2,9,120009,3,13,,0,330,21120,588.67320251464844,convergence
ext-w2,9,120009,3,14,,0,274,17536,587.85625712076819,convergence
ext-w2,9,120009,3,15,,0,341,21824,590.17328516642249,convergence
ext-w2,9,120009,3,16,,0,405,25920,590.35456212361657,convergence
ext-w2,9,120009,3,17,,0,464,29696,585.40752156575525,convergence
ext-w2,9,120009,3,18,,0,372,23808,586.89000066121423,convergence
ext-w2,9,120009,3,19,,0,352,22528,588.53004709879554,convergence
ext-w2,9,120009,3,20,,0,305,19520,583.26240539550781,convergence
ext-w2,9,120009,3,21,,0,396,25344,588.12603886922204,convergence
ext-w2,9,120009,3,22,,0,434,27776,590.68951034545898,convergence
ext-w2,9,120009,3,23,,0,350,22400,580.82593027750647,convergence
ext-w2,9,120009,3,24,,0,326,20864,587.34597142537439,convergence
ext-w2,9,120009,3,25,,0,454,29056,581.5747960408529,convergence
ext-w2,9,120009,3,26,,0,316,20224,580.79940160115564,convergence
ext-w2,9,120009,3,27,,0,336,21504,588.51243845621741,convergence
ext-w2,9,120009,3,28,,0,383,24512,590.21526718139648,convergence
ext-w2,9,120009,3,29,,0,332,21248,587.75234603881836,convergence
ext-w2,9,120009,3,30,,0,355,22720,589.09729894002282,convergence
ext-w2,9,120009,3,31,,0,299,19136,576.90518315633142,convergence
ext-w2,9,120009,3,32,,0,483,30912,579.39027531941736,convergence
ext-w2,9,120009,3,33,,0,419,26816,581.57474899291992,convergence
ext-w2,9,120009,3,34,,0,379,24256,583.28883743286133,convergence
ext-w2,9,120009,3,35,,0,312,19968,583.24605941772461,convergence
ext-w2,9,120009,3,36,,0,342,21888,588.25102742513025,convergence
ext-w2,9,120009,3,37,,0,397,25408,581.53362274169922,convergence
ext-w2,9,120009,3,38,,0,415,26560,587.75736363728845,convergence
ext-w2,9,120009,3,39,,0,350,22400,581.40899403889978,convergence
ext-w2,9,120009,3,40,,0,295,18880,588.41437403360999,convergence
ext-w2,9,120009,3,41,,0,297,19008,576.89749654134118,convergence
ext-w2,9,120009,3,42,,0,365,23360,590.16026560465491,convergence
ext-w2,9,120009,3,43,,0,386,24704,585.37478001912439,convergence
ext-w2,9,120009,3,44,,0,371,23744,581.51997375488281,convergence
ext-w2,9,120009,3,45,,0,280,17920,586.64292780558264,convergence
ext-w2,9,120009,3,46,,0,302,19328,581.52322006225586,convergence
ext-w2,9,120009,3,47,,0,378,24192,583.52896881103516,convergence
ext-w2,9,120009,3,48,,0,450,28800,583.5113194783529,convergence
ext-w2,9,120009,3,49,,0,374,23936,559.58576711018884,convergence
ext-w2,9,120009,3,50,,0,361,23104,583.1750602722168,convergence
ext-w2,9,120009,3,51,,0,322,20608,590.54934565226233,convergence
ext-w2,9,120009,3,52,,0,307,19648,588.67929840087891,convergence
ext-w2,9,120009,3,53,,0,335,21440,590.30501683553064,convergence
ext-w2,9,120009,3,54,,0,295,18880,591.05628331502282,convergence
ext-w2,9,120009,3,55,,0,299,19136,581.53024546305335,convergence
ext-w2,9,120009,3,56,,0,277,17728,583.4696261088053,convergence
ext-w2,9,120009,3,57,,0,368,23552,587.88847605387366,convergence
ext-w2,9,120009,3,58,,0,375,24000,580.77081425984704,convergence
ext-w2,9,120009,3,59,,0,355,22720,590.25792948404944,convergence
ext-w2,9,120009,3,60,,0,354,22656,590.21912256876624,convergence
ext-w2,9,120009,3,61,,0,346,22144,581.41995112101233,convergence
ext-w2,9,120009,3,62,,0,353,22592,588.07990646362305,convergence
ext-w2,9,120009,3,63,,0,331,21184,580.88558959960938,convergence
ext-w2,9,120009,3,64,,0,299,19136,581.64520263671875,convergence
ext-w2,9,120009,3,65,,0,261,16704,576.90448633829749,convergence
ext-w2,9,120009,3,66,,0,345,22080,586.20595041910804,convergence
ext-w2,9,120009,3,67,,0,353,22592,581.5495274861654,convergence
ext-w2,9,120009,3,68,,0,321,20544,590.45461908976233,convergence
ext-w1,9,120009,0,0,,0,124,7936,703.97617721557617,convergence
ext-w1,9,120009,0,1,,0,146,9344,707.25217056274414,convergence
ext-w1,9,120009,0,2,,0,144,9216,707.25071716308594,convergence
ext-w1,9,120009,0,3,,0,147,9408,721.41616948445642,convergence
ext-w1,9,120009,0,4,,0,193,12352,707.25840504964196,convergence
ext-w1,9,120009,0,5,,0,168,10752,721.41629918416345,convergence
ext-w1,9,120009,0,6,,0,204,13056,714.79019546508789,convergence
ext-w1,9,120009,0,7,,0,124,7936,703.98126093546546,convergence
ext-w1,9,120009,0,8,,0,161,10304,707.26465606689453,convergence
ext-w1,9,120009,0,9,,0,170,10880,707.27082697550452,convergence
ext-w1,9,120009,0,10,,0,143,9152,707.24963633219397,convergence
ext-w1,9,120009,0,11,,0,115,7360,711.49117151896155,convergence
ext-w1,9,120009,0,12,,0,168,10752,720.62947336832679,convergence
ext-w1,9,120009,0,13,,0,172,11008,707.26420084635413,convergence
ext-w1,9,120009,0,14,,0,215,13760,707.25969314575195,convergence
ext-w1,9,120009,0,15,,0,131,8384,703.97617721557617,convergence
ext-w1,9,120009,0,16,,0,147,9408,711.4885368347168,convergence
ext-w1,9,120009,0,17,,0,225,14400,707.25038146972656,convergence
ext-w1,9,120009,0,18,,0,175,11200,707.26108932495117,convergence
ext-w1,9,120009,0,19,,0,138,8832,707.25,convergence
ext-w1,9,120009,0,20,,0,127,8128,711.48759969075525,convergence
ext-w1,9,120009,0,21,,0,110,7040,703.97738265991211,convergence
ext-w1,9,120009,0,22,,0,149,9536,707.25217056274414,convergence
ext-w1,9,120009,0,23,,0,177,11328,703.19639460245764,convergence
ext-w1,9,120009,0,24,,0,160,10240,707.25,convergence
ext-w1,9,120009,0,25,,0,193,12352,707.25160471598304,convergence
ext-w1,9,120009,0,26,,0,167,10688,703.21032333374023,convergence
ext-w1,9,120009,0,27,,0,149,9536,707.251719156901,convergence
ext-w1,9,120009,0,28,,0,158,10112,707.25893147786462,convergence
ext-w1,9,120009,0,29,,0,153,9792,707.25743865966797,convergence
ext-w1,9,120009,0,30,,0,215,13760,707.25061289469397,convergence
ext-w1,9,120009,0,31,,0,181,11584,707.25486628214514,convergence
ext-w1,9,120009,0,32,,0,157,10048,707.25834019978845,convergence
ext-w1,9,120009,0,33,,0,162,10368,707.25633239746094,convergence
ext-w1,9,120009,0,34,,0,191,12224,707.25134913126624,convergence
ext-w1,9,120009,0,35,,0,204,13056,708.0472310384115,convergence
ext-w1,9,120009,0,36,,0,164,10496,707.25217056274414,convergence
ext-w1,9,120009,0,37,,0,172,11008,707.24930826822913,convergence
ext-w1,9,120009,0,38,,0,190,12160,707.25038146972656,convergence
ext-w1,9,120009,0,39,,0,153,9792,717.70878728230798,convergence
ext-w1,9,120009,0,40,,0,167,10688,707.25317764282227,convergence
ext-w1,9,120009,0,41,,0,176,11264,707.26820627848304,convergence
ext-w1,9,120009,0,42,,0,106,6784,708.96435928344727,convergence
ext-w1,9,120009,0,43,,0,209,13376,707.24892807006836,convergence
ext-w1,9,120009,0,44,,0,144,9216,708.83937581380212,convergence
ext-w1,9,120009,0,45,,0,120,7680,708.9628791809082,convergence
ext-w1,9,120009,0,46,,0,138,8832,711.49117151896155,convergence
ext-w1,9,120009,0,47,,0,127,8128,719.44576136271155,convergence
ext-w1,9,120009,0,48,,0,196,12544,707.25385157267249,convergence
ext-w1,9,120009,0,49,,0,134,8576,708.08597564697266,convergence
ext-w1,9,120009,0,50,,0,143,9152,703.21032333374023,convergence
ext-w1,9,120009,0,51,,0,116,7424,708.09639104207361,convergence
ext-w1,9,120009,0,52,,0,158,10112,707.2687098185221,convergence
ext-w1,9,120009,0,53,,0,112,7168,708.09639104207361,convergence
ext-w1,9,120009,0,54,,0,126,8064,708.09639104207361,convergence
ext-w1,9,120009,0,55,,0,160,10240,708.09320449829102,convergence
ext-w1,9,120009,0,56,,0,151,9664,707.25071716308594,convergence
ext-w1,9,120009,0,57,,0,160,10240,707.25102488199866,convergence
ext-w1,9,120009,0,58,,0,140,8960,703.11156845092773,convergence
ext-w1,9,120009,0,59,,0,181,11584,707.25226465860999,convergence
ext-w1,9,120009,0,60,,0,164,10496,707.25706100463867,convergence
ext-w1,9,120009,0,61,,0,178,11392,707.25071716308594,convergence
ext-w1,9,120009,0,62,,0,134,8576,703.99173990885413,convergence
ext-w1,9,120009,0,63,,0,118,7552,703.97793706258142,convergence
ext-w1,9,120009,0,64,,0,155,9920,703.97810236612952,convergence
ext-w1,9,120009,0,65,,0,164,10496,708.08340835571289,convergence
ext-w1,9,120009,0,66,,0,155,9920,707.25640106201172,convergence
ext-w1,9,120009,0,67,,0,147,9408,703.21518580118811,convergence
ext-w1,9,120009,0,68,,0,169,10816,707.25071716308594,convergence
ext-w1,9,120009,0,69,,0,138,8832,721.42610295613611,convergence
ext-w1,9,120009,0,70,,0,160,10240,707.2496452331543,convergence
ext-w1,9,120009,0,71,,0,180,11520,707.25741449991858,convergence
ext-w1,9,120009,0,72,,0,128,8192,718.23247400919593,convergence
ext-w1,9,120009,0,73,,0,214,13696,707.25008773803711,convergence
ext-w1,9,120009,0,74,,0,161,10304,721.2976290384928,convergence
ext-w1,9,120009,0,75,,0,191,12224,707.25683848063147,convergence
ext-w1,9,120009,0,76,,0,194,12416,707.25385157267249,convergence
ext-w1,9,120009,1,0,,0,190,12160,692.02340952555335,convergence
ext-w1,9,120009,1,1,,0,182,11648,682.00137201944983,convergence
ext-w1,9,120009,1,2,,0,174,11136,681.98018646240234,convergence
ext-w1,9,120009,1,3,,0,163,10432,681.99899927775061,convergence
ext-w1,9,120009,1,4,,0,160,10240,688.79459762573242,convergence
ext-w1,9,120009,1,5,,0,149,9536,692.02664184570312,convergence
ext-w1,9,120009,1,6,,0,167,10688,681.98531595865882,convergence
ext-w1,9,120009,1,7,,0,161,10304,692.02404022216797,convergence
ext-w1,9,120009,1,8,,0,198,12672,688.17859013875329,convergence
ext-w1,9,120009,1,9,,0,165,10560,689.63291422526038,convergence
ext-w1,9,120009,1,10,,0,176,11264,691.71188481648767,convergence
ext-w1,9,120009,1,11,,0,152,9728,691.63376998901367,convergence
ext-w1,9,120009,1,12,,0,147,9408,692.01655324300134,convergence
ext-w1,9,120009,1,13,,0,191,12224,681.9848416646322,convergence
ext-w1,9,120009,1,14,,0,201,12864,681.97957229614258,convergence
ext-w1,9,120009,1,15,,0,143,9152,692.02664184570312,convergence
ext-w1,9,120009,1,16,,0,192,12288,693.89079920450843,convergence
ext-w1,9,120009,1,17,,0,147,9408,681.98133214314782,convergence
ext-w1,9,120009,1,18,,0,180,11520,681.97987874348962,convergence
ext-w1,9,120009,1,19,,0,168,10752,692.06089782714844,convergence
ext-w1,9,120009,1,20,,0,176,11264,691.39778772989905,convergence
ext-w1,9,120009,1,21,,0,209,13376,692.02337900797522,convergence
ext-w1,9,120009,1,22,,0,142,9088,692.02340952555335,convergence
ext-w1,9,120009,1,23,,0,207,13248,682.00120290120446,convergence
ext-w1,9,120009,1,24,,0,169,10816,692.17662302652991,convergence
ext-w1,9,120009,1,25,,0,162,10368,692.02340952555335,convergence
ext-w1,9,120009,1,26,,0,140,8960,686.22575632731116,convergence
ext-w1,9,120009,1,27,,0,156,9984,692.02669525146484,convergence
ext-w1,9,120009,1,28,,0,177,11328,691.14730453491211,convergence
ext-w1,9,120009,1,29,,0,168,10752,690.68295160929358,convergence
ext-w1,9,120009,1,30,,0,179,11456,681.97955703735352,convergence
ext-w1,9,120009,1,31,,0,150,9600,688.59448369344079,convergence
ext-w1,9,120009,1,32,,0,152,9728,692.02340952555335,convergence
ext-w1,9,120009,1,33,,0,170,10880,681.97992197672522,convergence
ext-w1,9,120009,1,34,,0,152,9728,692.02778244018555,convergence
ext-w1,9,120009,1,35,,0,203,12992,692.096445719401,convergence
ext-w1,9,120009,1,36,,0,174,11136,692.13417816162109,convergence
ext-w1,9,120009,1,37,,0,140,8960,692.02704111735022,convergence
ext-w1,9,120009,1,38,,0,184,11776,682.00120290120446,convergence
ext-w1,9,120009,1,39,,0,187,11968,691.91454188028968,convergence
ext-w1,9,120009,1,40,,0,164,10496,686.22153091430664,convergence
ext-w1,9,120009,1,41,,0,147,9408,686.22578430175781,convergence
ext-w1,9,120009,1,42,,0,153,9792,690.50430170694983,convergence
ext-w1,9,120009,1,43,,0,189,12096,691.85088729858398,convergence
ext-w1,9,120009,1,44,,0,190,12160,688.65968704223633,convergence
ext-w1,9,120009,1,45,,0,166,10624,690.47047551472986,convergence
ext-w1,9,120009,1,46,,0,161,10304,687.78790664672852,convergence
ext-w1,9,120009,1,47,,0,116,7424,686.22033309936523,convergence
ext-w1,9,120009,1,48,,0,157,10048,681.98190561930335,convergence
ext-w1,9,120009,1,49,,0,125,8000,686.22081120808923,convergence
ext-w1,9,120009,1,50,,0,192,12288,692.15082295735681,convergence
ext-w1,9,120009,1,51,,0,150,9600,681.97916158040368,convergence
ext-w1,9,120009,1,52,,0,139,8896,686.22441609700525,convergence
ext-w1,9,120009,1,53,,0,145,9280,692.05769093831384,convergence
ext-w1,9,120009,1,54,,0,181,11584,682.00170389811194,convergence
ext-w1,9,120009,1,55,,0,199,12736,691.6702766418457,convergence
ext-w1,9,120009,1,56,,0,175,11200,692.02340952555335,convergence
ext-w1,9,120009,1,57,,0,205,13120,686.20528411865234,convergence
ext-w1,9,120009,1,58,,0,158,10112,689.98049799601233,convergence
ext-w1,9,120009,1,59,,0,138,8832,692.02778244018555,convergence
ext-w1,9,120009,1,60,,0,213,13632,681.98407745361328,convergence
ext-w1,9,120009,1,61,,0,162,10368,692.13988622029626,convergence
ext-w1,9,120009,1,62,,0,160,10240,692.03157806396484,convergence
ext-w1,9,120009,1,63,,0,132,8448,678.71042251586914,convergence
ext-w1,9,120009,1,64,,0,177,11328,681.97879155476892,convergence
ext-w1,9,120009,1,65,,0,148,9472,681.97974395751953,convergence
ext-w1,9,120009,1,66,,0,167,10688,692.02675120035804,convergence
ext-w1,9,120009,1,67,,0,174,11136,692.06175994873047,convergence
ext-w1,9,120009,1,68,,0,128,8192,686.21258036295569,convergence
ext-w1,9,120009,1,69,,0,179,11456,692.06175994873047,convergence
ext-w1,9,120009,1,70,,0,210,13440,681.9848416646322,convergence
ext-w1,9,120009,1,71,,0,177,11328,692.02008692423499,convergence
ext-w1,9,120009,2,0,,0,169,10816,666.0859158833822,convergence
ext-w1,9,120009,2,1,,0,151,9664,661.81966527303064,convergence
ext-w1,9,120009,2,2,,0,175,11200,667.28928248087561,convergence
ext-w1,9,120009,2,3,,0,144,9216,667.661142985026,convergence
ext-w1,9,120009,2,4,,0,180,11520,667.62266286214196,convergence
ext-w1,9,120009,2,5,,0,158,10112,657.6083094278971,convergence
ext-w1,9,120009,2,6,,0,165,10560,667.62217330932617,convergence
ext-w1,9,120009,2,7,,0,140,8960,661.81966527303064,convergence
ext-w1,9,120009,2,8,,0,160,10240,657.57974370320642,convergence
ext-w1,9,120009,2,9,,0,161,10304,667.62266286214196,convergence
ext-w1,9,120009,2,10,,0,144,9216,667.66147994995117,convergence
ext-w1,9,120009,2,11,,0,150,9600,667.62549591064453,convergence
ext-w1,9,120009,2,12,,0,126,8064,661.81918716430664,convergence
ext-w1,9,120009,2,13,,0,183,11712,667.79862213134766,convergence
ext-w1,9,120009,2,14,,0,207,13248,667.23831303914392,convergence
ext-w1,9,120009,2,15,,0,172,11008,667.62226359049475,convergence
ext-w1,9,120009,2,16,,0,213,13632,657.57764561971032,convergence
ext-w1,9,120009,2,17,,0,169,10816,667.62549591064453,convergence
ext-w1,9,120009,2,18,,0,172,11008,657.57795333862305,convergence
ext-w1,9,120009,2,19,,0,129,8256,661.81023025512695,convergence
ext-w1,9,120009,2,20,,0,173,11072,667.17951329549157,convergence
ext-w1,9,120009,2,21,,0,158,10112,667.62549591064453,convergence
ext-w1,9,120009,2,22,,0,161,10304,667.65654500325525,convergence
ext-w1,9,120009,2,23,,0,159,10176,666.63167444864905,convergence
ext-w1,9,120009,2,24,,0,139,8896,661.81918716430664,convergence
ext-w1,9,120009,2,25,,0,166,10624,667.65997568766272,convergence
ext-w1,9,120009,2,26,,0,173,11072,667.62549591064453,convergence
ext-w1,9,120009,2,27,,0,149,9536,657.577880859375,convergence
ext-w1,9,120009,2,28,,0,160,10240,657.57873280843103,convergence
ext-w1,9,120009,2,29,,0,181,11584,667.62610371907556,convergence
ext-w1,9,120009,2,30,,0,169,10816,664.05658976236975,convergence
ext-w1,9,120009,2,31,,0,152,9728,667.62226359049475,convergence
ext-w1,9,120009,2,32,,0,128,8192,661.80741628011071,convergence
ext-w1,9,120009,2,33,,0,169,10816,657.57973480224609,convergence
ext-w1,9,120009,2,34,,0,210,13440,657.58419418334961,convergence
ext-w1,9,120009,2,35,,0,143,9152,661.81918716430664,convergence
ext-w1,9,120009,2,36,,0,152,9728,663.652821858724,convergence
ext-w1,9,120009,2,37,,0,124,7936,661.82092539469397,convergence
ext-w1,9,120009,2,38,,0,201,12864,667.70760345458984,convergence
ext-w1,9,120009,2,39,,0,156,9984,666.70136515299475,convergence
ext-w1,9,120009,2,40,,0,160,10240,667.26768620808923,convergence
ext-w1,9,120009,2,41,,0,161,10304,657.58434804280603,convergence
ext-w1,9,120009,2,42,,0,140,8960,661.81612396240234,convergence
ext-w1,9,120009,2,43,,0,165,10560,657.58404159545898,convergence
ext-w1,9,120009,2,44,,0,152,9728,667.65654500325525,convergence
ext-w1,9,120009,2,45,,0,164,10496,667.65997568766272,convergence
ext-w1,9,120009,2,46,,0,169,10816,667.31555430094397,convergence
ext-w1,9,120009,2,47,,0,167,10688,667.62226359049475,convergence
ext-w1,9,120009,2,48,,0,148,9472,667.71239471435547,convergence
ext-w1,9,120009,2,49,,0,170,10880,667.62103907267249,convergence
ext-w1,9,120009,2,50,,0,153,9792,667.70561726888025,convergence
ext-w1,9,120009,2,51,,0,136,8704,661.82637659708655,convergence
ext-w1,9,120009,2,52,,0,131,8384,661.83021418253577,convergence
ext-w1,9,120009,2,53,,0,179,11456,667.70516967773438,convergence
ext-w1,9,120009,2,54,,0,152,9728,667.62226359049475,convergence
ext-w1,9,120009,2,55,,0,136,8704,667.62675603230798,convergence
ext-w1,9,120009,2,56,,0,176,11264,667.65997568766272,convergence
ext-w1,9,120009,2,57,,0,161,10304,663.65878550211585,convergence
ext-w1,9,120009,2,58,,0,199,12736,667.66095860799157,convergence
ext-w1,9,120009,2,59,,0,222,14208,667.65977732340491,convergence
ext-w1,9,120009,2,60,,0,168,10752,667.62549591064453,convergence
ext-w1,9,120009,2,61,,0,170,10880,667.62204996744788,convergence
ext-w1,9,120009,2,62,,0,136,8704,667.6606229146322,convergence
ext-w1,9,120009,2,63,,0,181,11584,667.6606114705404,convergence
ext-w1,9,120009,2,64,,0,218,13952,657.58450953165686,convergence
ext-w1,9,120009,2,65,,0,171,10944,667.61894098917639,convergence
ext-w1,9,120009,2,66,,0,194,12416,667.2899068196615,convergence
ext-w1,9,120009,2,67,,0,167,10688,657.58522796630859,convergence
ext-w1,9,120009,2,68,,0,150,9600,667.6606114705404,convergence
ext-w1,9,120009,2,69,,0,133,8512,661.82463836669922,convergence
ext-w1,9,120009,2,70,,0,159,10176,667.24744288126624,convergence
ext-w1,9,120009,2,71,,0,124,7936,658.42440668741858,convergence
ext-w1,9,120009,2,72,,0,196,12544,657.59968566894531,convergence
ext-w1,9,120009,2,73,,0,151,9664,661.80492909749353,convergence
ext-w1,9,120009,2,74,,0,138,8832,663.6578470865885,convergence
ext-w1,9,120009,3,0,,0,142,9088,649.87750625610352,convergence
ext-w1,9,120009,3,1,,0,187,11968,648.39341862996423,convergence
ext-w1,9,120009,3,2,,0,126,8064,649.45656712849939,convergence
ext-w1,9,120009,3,3,,0,143,9152,640.11611429850257,convergence
ext-w1,9,120009,3,4,,0,142,9088,651.96895217895508,convergence
ext-w1,9,120009,3,5,,0,193,12352,640.12237803141272,convergence
ext-w1,9,120009,3,6,,0,143,9152,644.19373321533203,convergence
ext-w1,9,120009,3,7,,0,193,12352,651.58634312947595,convergence
ext-w1,9,120009,3,8,,0,164,10496,640.14263280232751,convergence
ext-w1,9,120009,3,9,,0,172,11008,650.24625905354821,convergence
ext-w1,9,120009,3,10,,0,154,9856,644.19009017944336,convergence
ext-w1,9,120009,3,11,,0,181,11584,651.54916381835938,convergence
ext-w1,9,120009,3,12,,0,206,13184,651.29145304361975,convergence
ext-w1,9,120009,3,13,,0,143,9152,650.24481836954749,convergence
ext-w1,9,120009,3,14,,0,149,9536,644.18992360432946,convergence
ext-w1,9,120009,3,15,,0,191,12224,651.47509765625,convergence
ext-w1,9,120009,3,16,,0,117,7488,644.1927820841471,convergence
ext-w1,9,120009,3,17,,0,137,8768,647.58336003621423,convergence
ext-w1,9,120009,3,18,,0,150,9600,638.15850575764978,convergence
ext-w1,9,120009,3,19,,0,162,10368,640.14898173014319,convergence
ext-w1,9,120009,3,20,,0,172,11008,650.24481836954749,convergence
ext-w1,9,120009,3,21,,0,200,12800,650.24481836954749,convergence
ext-w1,9,120009,3,22,,0,181,11584,650.24589411417639,convergence
ext-w1,9,120009,3,23,,0,244,15616,649.16089630126953,convergence
ext-w1,9,120009,3,24,,0,142,9088,649.21317927042639,convergence
ext-w1,9,120009,3,25,,0,167,10688,651.35016886393225,convergence
ext-w1,9,120009,3,26,,0,275,17600,650.24625905354821,convergence
ext-w1,9,120009,3,27,,0,142,9088,638.15850575764978,convergence
ext-w1,9,120009,3,28,,0,162,10368,640.16889190673828,convergence
ext-w1,9,120009,3,29,,0,178,11392,640.14263280232751,convergence
ext-w1,9,120009,3,30,,0,148,9472,640.15071614583337,convergence
ext-w1,9,120009,3,31,,0,143,9152,651.82063039143884,convergence
ext-w1,9,120009,3,32,,0,126,8064,644.19009017944336,convergence
ext-w1,9,120009,3,33,,0,162,10368,646.97054417928064,convergence
ext-w1,9,120009,3,34,,0,155,9920,650.55426279703772,convergence
ext-w1,9,120009,3,35,,0,178,11392,652.249501546224,convergence
ext-w1,9,120009,3,36,,0,157,10048,640.12237803141272,convergence
ext-w1,9,120009,3,37,,0,160,10240,649.80093765258789,convergence
ext-w1,9,120009,3,38,,0,191,12224,644.19121932983398,convergence
ext-w1,9,120009,3,39,,0,155,9920,651.58717854817712,convergence
ext-w1,9,120009,3,40,,0,146,9344,646.51504898071289,convergence
ext-w1,9,120009,3,41,,0,230,14720,650.24481836954749,convergence
ext-w1,9,120009,3,42,,0,141,9024,650.55434544881189,convergence
ext-w1,9,120009,3,43,,0,165,10560,649.82689921061194,convergence
ext-w1,9,120009,3,44,,0,221,14144,650.24481836954749,convergence
ext-w1,9,120009,3,45,,0,127,8128,651.369639078776,convergence
ext-w1,9,120009,3,46,,0,175,11200,650.46716817220056,convergence
ext-w1,9,120009,3,47,,0,161,10304,640.16541035970056,convergence
ext-w1,9,120009,3,48,,0,189,12096,651.45513916015625,convergence
ext-w1,9,120009,3,49,,0,149,9536,651.82068634033203,convergence
ext-w1,9,120009,3,50,,0,192,12288,650.24599583943689,convergence
ext-w1,9,120009,3,51,,0,237,15168,650.24625905354821,convergence
ext-w1,9,120009,3,52,,0,147,9408,650.1828727722168,convergence
ext-w1,9,120009,3,53,,0,164,10496,650.24481836954749,convergence
ext-w1,9,120009,3,54,,0,158,10112,644.19530487060547,convergence
ext-w1,9,120009,3,55,,0,151,9664,638.15811793009436,convergence
ext-w1,9,120009,3,56,,0,150,9600,650.62846120198571,convergence
ext-w1,9,120009,3,57,,0,222,14208,650.24617004394531,convergence
ext-w1,9,120009,3,58,,0,159,10176,640.14263280232751,convergence
ext-w1,9,120009,3,59,,0,154,9856,651.820546468099,convergence
ext-w1,9,120009,3,60,,0,162,10368,640.15161641438806,convergence
ext-w1,9,120009,3,61,,0,138,8832,644.19360478719079,convergence
ext-w1,9,120009,3,62,,0,214,13696,650.2465934753418,convergence
ext-w1,9,120009,3,63,,0,147,9408,652.13033294677734,convergence
ext-w1,9,120009,3,64,,0,117,7488,638.15811793009436,convergence
ext-w1,9,120009,3,65,,0,171,10944,638.15811793009436,convergence
ext-w1,9,120009,3,66,,0,142,9088,649.34102503458655,convergence
ext-w1,9,120009,3,67,,0,190,12160,650.2465934753418,convergence
ext-w1,9,120009,3,68,,0,130,8320,640.16541035970056,convergence
ext-w1,9,120009,3,69,,0,206,13184,650.24481836954749,convergence
ext-w1,9,120009,3,70,,0,128,8192,640.14672342936194,convergence
ext-w1,9,120009,3,71,,0,217,13888,648.49902470906579,convergence
ext-w1,9,120009,3,72,,0,156,9984,640.11487579345703,convergence
ext-w1,9,120009,4,0,,0,139,8896,620.70343780517578,convergence
ext-w1,9,120009,4,1,,0,129,8256,624.7737706502279,convergence
ext-w1,9,120009,4,2,,0,150,9600,632.68807983398438,convergence
ext-w1,9,120009,4,3,,0,143,9152,624.77738062540686,convergence
ext-w1,9,120009,4,4,,0,120,7680,632.72418594360352,convergence
ext-w1,9,120009,4,5,,0,154,9856,632.61821492513025,convergence
ext-w1,9,120009,4,6,,0,170,10880,620.72377014160156,convergence
ext-w1,9,120009,4,7,,0,161,10304,620.69534810384118,convergence
ext-w1,9,120009,4,8,,0,160,10240,632.61821492513025,convergence
ext-w1,9,120009,4,9,,0,130,8320,620.72868220011389,convergence
ext-w1,9,120009,4,10,,0,161,10304,620.74165471394861,convergence
ext-w1,9,120009,4,11,,0,175,11200,620.72945404052734,convergence
ext-w1,9,120009,4,12,,0,141,9024,632.61865743001306,convergence
ext-w1,9,120009,4,13,,0,132,8448,620.72121047973633,convergence
ext-w1,9,120009,4,14,,0,157,10048,620.76568349202478,convergence
ext-w1,9,120009,4,15,,0,169,10816,632.71164067586267,convergence
ext-w1,9,120009,4,16,,0,153,9792,632.62518564860022,convergence
ext-w1,9,120009,4,17,,0,179,11456,620.75268681844079,convergence
ext-w1,9,120009,4,18,,0,127,8128,632.7251192728678,convergence
ext-w1,9,120009,4,19,,0,170,10880,629.93340810139978,convergence
ext-w1,9,120009,4,20,,0,126,8064,624.7703959147135,convergence
ext-w1,9,120009,4,21,,0,149,9536,620.70021311442054,convergence
ext-w1,9,120009,4,22,,0,149,9536,632.68229548136389,convergence
ext-w1,9,120009,4,23,,0,131,8384,624.77100880940759,convergence
ext-w1,9,120009,4,24,,0,183,11712,635.09237543741858,convergence
ext-w1,9,120009,4,25,,0,158,10112,620.72310511271155,convergence
ext-w1,9,120009,4,26,,0,173,11072,620.72739283243811,convergence
ext-w1,9,120009,4,27,,0,153,9792,624.77284240722656,convergence
ext-w1,9,120009,4,28,,0,167,10688,620.76379267374671,convergence
ext-w1,9,120009,4,29,,0,153,9792,620.74549992879236,convergence
ext-w1,9,120009,4,30,,0,147,9408,624.7703959147135,convergence
ext-w1,9,120009,4,31,,0,145,9280,632.72231674194336,convergence
ext-w1,9,120009,4,32,,0,129,8256,624.77817916870117,convergence
ext-w1,9,120009,4,33,,0,143,9152,624.77273050944007,convergence
ext-w1,9,120009,4,34,,0,168,10752,620.74317169189453,convergence
ext-w1,9,120009,4,35,,0,184,11776,620.69990412394202,convergence
ext-w1,9,120009,4,36,,0,164,10496,620.69534810384118,convergence
ext-w1,9,120009,4,37,,0,171,10944,620.72377014160156,convergence
ext-w1,9,120009,4,38,,0,178,11392,620.7447509765625,convergence
ext-w1,9,120009,4,39,,0,149,9536,620.74708557128906,convergence
ext-w1,9,120009,4,40,,0,169,10816,620.74681727091468,convergence
ext-w1,9,120009,4,41,,0,158,10112,632.7108052571615,convergence
ext-w1,9,120009,4,42,,0,190,12160,620.72890218098962,convergence
ext-w1,9,120009,4,43,,0,152,9728,620.74423853556311,convergence
ext-w1,9,120009,4,44,,0,150,9600,624.77089436848962,convergence
ext-w1,9,120009,4,45,,0,163,10432,620.69534810384118,convergence
ext-w1,9,120009,4,46,,0,141,9024,624.77039337158203,convergence
ext-w1,9,120009,4,47,,0,169,10816,632.6207605997721,convergence
ext-w1,9,120009,4,48,,0,166,10624,620.70021311442054,convergence
ext-w1,9,120009,4,49,,0,114,7296,632.72771199544275,convergence
ext-w1,9,120009,4,50,,0,175,11200,620.74706395467126,convergence
ext-w1,9,120009,4,51,,0,138,8832,624.77583058675134,convergence
ext-w1,9,120009,4,52,,0,203,12992,620.69990412394202,convergence
ext-w1,9,120009,4,53,,0,149,9536,620.74870554606116,convergence
ext-w1,9,120009,4,54,,0,144,9216,620.69534810384118,convergence
ext-w1,9,120009,4,55,,0,180,11520,632.35678609212243,convergence
ext-w1,9,120009,4,56,,0,138,8832,624.77121988932288,convergence
ext-w1,9,120009,4,57,,0,156,9984,632.6207605997721,convergence
ext-w1,9,120009,4,58,,0,129,8256,624.77169164021814,convergence
ext-w1,9,120009,4,59,,0,189,12096,620.7024256388346,convergence
ext-w1,9,120009,4,60,,0,218,13952,620.69990412394202,convergence
ext-w1,9,120009,4,61,,0,142,9088,620.70473988850915,convergence
ext-w1,9,120009,4,62,,0,171,10944,620.72377014160156,convergence
ext-w1,9,120009,4,63,,0,150,9600,620.72945404052734,convergence
ext-w1,9,120009,4,64,,0,185,11840,620.73666763305664,convergence
ext-w1,9,120009,4,65,,0,173,11072,620.69658660888672,convergence
ext-w1,9,120009,4,66,,0,170,10880,620.72356796264648,convergence
ext-w1,9,120009,4,67,,0,128,8192,624.77593866984046,convergence
ext-w1,9,120009,4,68,,0,168,10752,629.70334498087561,convergence
ext-w1,9,120009,4,69,,0,164,10496,620.70183817545569,convergence
ext-w1,9,120009,4,70,,0,132,8448,624.77089436848962,convergence
ext-w1,9,120009,4,71,,0,213,13632,632.6207605997721,convergence
ext-w1,9,120009,4,72,,0,143,9152,620.74339930216468,convergence
ext-w1,9,120009,4,73,,0,174,11136,620.72944768269861,convergence
ext-w1,9,120009,4,74,,0,178,11392,632.66894022623694,convergence
ext-w1,9,120009,4,75,,0,159,10176,632.61821492513025,convergence
ext-w1,9,120009,4,76,,0,171,10944,624.77464040120446,convergence
ext-w1,9,120009,5,0,,0,139,8896,606.72575887044275,convergence
ext-w1,9,120009,5,1,,0,148,9472,615.15531412760413,convergence
ext-w1,9,120009,5,2,,0,146,9344,615.07964324951172,convergence
ext-w1,9,120009,5,3,,0,124,7936,606.7020149230957,convergence
ext-w1,9,120009,5,4,,0,113,7232,615.17979303995764,convergence
ext-w1,9,120009,5,5,,0,123,7872,606.72153472900391,convergence
ext-w1,9,120009,5,6,,0,132,8448,614.64130274454749,convergence
ext-w1,9,120009,5,7,,0,143,9152,606.72321955362952,convergence
ext-w1,9,120009,5,8,,0,120,7680,606.70419311523438,convergence
ext-w1,9,120009,5,9,,0,132,8448,615.2480354309082,convergence
ext-w1,9,120009,5,10,,0,132,8448,606.72321955362952,convergence
ext-w1,9,120009,5,11,,0,159,10176,602.107676188151,convergence
ext-w1,9,120009,5,12,,0,127,8128,606.72695668538415,convergence
ext-w1,9,120009,5,13,,0,143,9152,615.07622655232751,convergence
ext-w1,9,120009,5,14,,0,121,7744,615.12337112426758,convergence
ext-w1,9,120009,5,15,,0,143,9152,615.07964324951172,convergence
ext-w1,9,120009,5,16,,0,157,10048,606.72356160481775,convergence
ext-w1,9,120009,5,17,,0,147,9408,606.69937642415368,convergence
ext-w1,9,120009,5,18,,0,158,10112,615.10304768880212,convergence
ext-w1,9,120009,5,19,,0,119,7616,606.72548802693689,convergence
ext-w1,9,120009,5,20,,0,157,10048,615.10833994547522,convergence
ext-w1,9,120009,5,21,,0,118,7552,606.72802480061853,convergence
ext-w1,9,120009,5,22,,0,160,10240,615.2480354309082,convergence
ext-w1,9,120009,5,23,,0,128,8192,614.81439208984375,convergence
ext-w1,9,120009,5,24,,0,135,8640,615.14652887980139,convergence
ext-w1,9,120009,5,25,,0,156,9984,615.07622655232751,convergence
ext-w1,9,120009,5,26,,0,113,7232,606.72699356079102,convergence
ext-w1,9,120009,5,27,,0,142,9088,606.7242431640625,convergence
ext-w1,9,120009,5,28,,0,154,9856,615.14652887980139,convergence
ext-w1,9,120009,5,29,,0,141,9024,614.04688262939453,convergence
ext-w1,9,120009,5,30,,0,140,8960,610.3282368977865,convergence
ext-w1,9,120009,5,31,,0,124,7936,606.71842956542969,convergence
ext-w1,9,120009,5,32,,0,121,7744,615.09377670288086,convergence
ext-w1,9,120009,5,33,,0,135,8640,612.22137832641602,convergence
ext-w1,9,120009,5,34,,0,132,8448,606.72699356079102,convergence
ext-w1,9,120009,5,35,,0,137,8768,606.71798578898108,convergence
ext-w1,9,120009,5,36,,0,155,9920,606.72615432739258,convergence
ext-w1,9,120009,5,37,,0,155,9920,606.72221755981445,convergence
ext-w1,9,120009,5,38,,0,153,9792,606.72321955362952,convergence
ext-w1,9,120009,5,39,,0,144,9216,617.66212844848633,convergence
ext-w1,9,120009,5,40,,0,148,9472,615.11103057861328,convergence
ext-w1,9,120009,5,41,,0,110,7040,606.7020149230957,convergence
ext-w1,9,120009,5,42,,0,111,7104,606.72321955362952,convergence
ext-w1,9,120009,5,43,,0,140,8960,615.12873077392578,convergence
ext-w1,9,120009,5,44,,0,135,8640,610.92402648925781,convergence
ext-w1,9,120009,5,45,,0,156,9984,615.24887084960938,convergence
ext-w1,9,120009,5,46,,0,141,9024,615.12337112426758,convergence
ext-w1,9,120009,5,47,,0,182,11648,615.08066304524743,convergence
ext-w1,9,120009,5,48,,0,154,9856,615.10050964355469,convergence
ext-w1,9,120009,5,49,,0,126,8064,606.72699356079102,convergence
ext-w1,9,120009,5,50,,0,118,7552,606.7248420715332,convergence
ext-w1,9,120009,5,51,,0,112,7168,616.70770517985022,convergence
ext-w1,9,120009,5,52,,0,133,8512,615.10953140258789,convergence
ext-w1,9,120009,5,53,,0,163,10432,615.11556879679358,convergence
ext-w1,9,120009,5,54,,0,166,10624,615.12134424845374,convergence
ext-w1,9,120009,5,55,,0,128,8192,606.72221755981445,convergence
ext-w1,9,120009,5,56,,0,135,8640,615.10492706298828,convergence
ext-w1,9,120009,5,57,,0,114,7296,606.7248420715332,convergence
ext-w1,9,120009,5,58,,0,130,8320,606.72221755981445,convergence
ext-w1,9,120009,5,59,,0,126,8064,606.71842956542969,convergence
ext-w1,9,120009,5,60,,0,179,11456,606.72405878702796,convergence
ext-w1,9,120009,5,61,,0,113,7232,606.7248420715332,convergence
ext-w1,9,120009,5,62,,0,145,9280,612.67981338500977,convergence
ext-w1,9,120009,5,63,,0,152,9728,611.02584330240882,convergence
ext-w1,9,120009,5,64,,0,169,10816,615.08381525675452,convergence
ext-w1,9,120009,5,65,,0,159,10176,615.24612045288086,convergence
ext-w1,9,120009,5,66,,0,144,9216,615.08401107788086,convergence
ext-w1,9,120009,5,67,,0,136,8704,616.05833562215173,convergence
ext-w1,9,120009,5,68,,0,126,8064,606.72221755981445,convergence
ext-w1,9,120009,5,69,,0,120,7680,606.72321955362952,convergence
ext-w1,9,120009,5,70,,0,131,8384,615.2480354309082,convergence
ext-w1,9,120009,5,71,,0,148,9472,606.72321955362952,convergence
ext-w1,9,120009,5,72,,0,136,8704,614.83876291910804,convergence
ext-w1,9,120009,5,73,,0,151,9664,606.7020149230957,convergence
ext-w1,9,120009,5,74,,0,156,9984,613.99926376342773,convergence
ext-w1,9,120009,5,75,,0,114,7296,606.72097396850586,convergence
ext-w1,9,120009,5,76,,0,156,9984,606.72940444946289,convergence
ext-w1,9,120009,5,77,,0,128,8192,606.72131856282556,convergence
ext-w1,9,120009,5,78,,0,162,10368,615.07622655232751,convergence
ext-w1,9,120009,5,79,,0,129,8256,612.70479710896814,convergence
ext-w1,9,120009,5,80,,0,142,9088,613.55022684733069,convergence
ext-w1,9,120009,5,81,,0,140,8960,615.10825856526696,convergence
ext-w1,9,120009,5,82,,0,140,8960,615.11340586344397,convergence
ext-w1,9,120009,5,83,,0,129,8256,606.72885767618811,convergence
ext-w1,9,120009,5,84,,0,183,11712,615.12334060668945,convergence
ext-w1,9,120009,5,85,,0,130,8320,606.72221755981445,convergence
ext-w1,9,120009,5,86,,0,150,9600,614.9517606099447,convergence
ext-w1,9,120009,6,0,,0,134,8576,594.38763682047522,convergence
ext-w1,9,120009,6,1,,0,149,9536,596.49197133382165,convergence
ext-w1,9,120009,6,2,,0,152,9728,596.49094899495446,convergence
ext-w1,9,120009,6,3,,0,124,7936,588.11741129557288,convergence
ext-w1,9,120009,6,4,,0,162,10368,588.1328455607096,convergence
ext-w1,9,120009,6,5,,0,141,9024,596.49605433146155,convergence
ext-w1,9,120009,6,6,,0,118,7552,588.13968404134118,convergence
ext-w1,9,120009,6,7,,0,130,8320,596.52185948689782,convergence
ext-w1,9,120009,6,8,,0,156,9984,588.13031387329102,convergence
ext-w1,9,120009,6,9,,0,156,9984,596.48942311604821,convergence
ext-w1,9,120009,6,10,,0,164,10496,596.52556864420569,convergence
ext-w1,9,120009,6,11,,0,134,8576,596.53569920857751,convergence
ext-w1,9,120009,6,12,,0,129,8256,596.55885696411133,convergence
ext-w1,9,120009,6,13,,0,174,11136,588.13031387329102,convergence
ext-w1,9,120009,6,14,,0,153,9792,588.01828002929688,convergence
ext-w1,9,120009,6,15,,0,149,9536,594.81950887044275,convergence
ext-w1,9,120009,6,16,,0,140,8960,594.64282989501953,convergence
ext-w1,9,120009,6,17,,0,120,7680,588.13207117716468,convergence
ext-w1,9,120009,6,18,,0,165,10560,596.49197133382165,convergence
ext-w1,9,120009,6,19,,0,140,8960,596.66036351521814,convergence
ext-w1,9,120009,6,20,,0,140,8960,596.53084055582679,convergence
ext-w1,9,120009,6,21,,0,136,8704,596.49197133382165,convergence
ext-w1,9,120009,6,22,,0,133,8512,596.49633916219079,convergence
ext-w1,9,120009,6,23,,0,159,10176,588.11323928833008,convergence
ext-w1,9,120009,6,24,,0,138,8832,588.13546244303382,convergence
ext-w1,9,120009,6,25,,0,129,8256,588.11434300740564,convergence
ext-w1,9,120009,6,26,,0,129,8256,588.13419977823889,convergence
ext-w1,9,120009,6,27,,0,137,8768,588.13454564412439,convergence
ext-w1,9,120009,6,28,,0,139,8896,588.13554763793945,convergence
ext-w1,9,120009,6,29,,0,150,9600,597.41288630167639,convergence
ext-w1,9,120009,6,30,,0,126,8064,588.13810602823889,convergence
ext-w1,9,120009,6,31,,0,138,8832,588.13031387329102,convergence
ext-w1,9,120009,6,32,,0,157,10048,596.49565633138025,convergence
ext-w1,9,120009,6,33,,0,142,9088,596.66036351521814,convergence
ext-w1,9,120009,6,34,,0,153,9792,588.13419977823889,convergence
ext-w1,9,120009,6,35,,0,129,8256,596.53569920857751,convergence
ext-w1,9,120009,6,36,,0,140,8960,596.12852223714196,convergence
ext-w1,9,120009,6,37,,0,137,8768,596.66119893391931,convergence
ext-w1,9,120009,6,38,,0,111,7104,588.14266586303711,convergence
ext-w1,9,120009,6,39,,0,143,9152,596.49197133382165,convergence
ext-w1,9,120009,6,40,,0,147,9408,588.13739649454749,convergence
ext-w1,9,120009,6,41,,0,171,10944,596.66001383463538,convergence
ext-w1,9,120009,6,42,,0,144,9216,596.66119893391931,convergence
ext-w1,9,120009,6,43,,0,134,8576,588.14605712890625,convergence
ext-w1,9,120009,6,44,,0,152,9728,596.48855463663733,convergence
ext-w1,9,120009,6,45,,0,119,7616,588.12907409667969,convergence
ext-w1,9,120009,6,46,,0,167,10688,588.1328455607096,convergence
ext-w1,9,120009,6,47,,0,148,9472,596.21481323242188,convergence
ext-w1,9,120009,6,48,,0,111,7104,588.13932164510095,convergence
ext-w1,9,120009,6,49,,0,154,9856,596.66378021240234,convergence
ext-w1,9,120009,6,50,,0,149,9536,588.1328455607096,convergence
ext-w1,9,120009,6,51,,0,146,9344,596.53569920857751,convergence
ext-w1,9,120009,6,52,,0,146,9344,588.11434300740564,convergence
ext-w1,9,120009,6,53,,0,163,10432,598.97518412272132,convergence
ext-w1,9,120009,6,54,,0,134,8576,588.11652119954431,convergence
ext-w1,9,120009,6,55,,0,128,8192,596.51725514729821,convergence
ext-w1,9,120009,6,56,,0,112,7168,588.13545735677087,convergence
ext-w1,9,120009,6,57,,0,141,9024,588.1328455607096,convergence
ext-w1,9,120009,6,58,,0,139,8896,596.66070302327478,convergence
ext-w1,9,120009,6,59,,0,144,9216,597.41279983520508,convergence
ext-w1,9,120009,6,60,,0,118,7552,588.13612874348962,convergence
ext-w1,9,120009,6,61,,0,137,8768,588.13559977213538,convergence
ext-w1,9,120009,6,62,,0,141,9024,595.14494450887048,convergence
ext-w1,9,120009,6,63,,0,135,8640,594.92365264892578,convergence
ext-w1,9,120009,6,64,,0,150,9600,588.13554763793945,convergence
ext-w1,9,120009,6,65,,0,157,10048,596.49197133382165,convergence
ext-w1,9,120009,6,66,,0,159,10176,588.1328455607096,convergence
ext-w1,9,120009,6,67,,0,115,7360,592.19161987304688,convergence
ext-w1,9,120009,6,68,,0,149,9536,588.13031387329102,convergence
ext-w1,9,120009,6,69,,0,157,10048,596.49197133382165,convergence
ext-w1,9,120009,6,70,,0,136,8704,588.13454564412439,convergence
ext-w1,9,120009,6,71,,0,177,11328,588.1328455607096,convergence
ext-w1,9,120009,6,72,,0,144,9216,595.76581064860022,convergence
ext-w1,9,120009,6,73,,0,132,8448,596.51725514729821,convergence
ext-w1,9,120009,6,74,,0,150,9600,596.06280771891272,convergence
ext-w1,9,120009,6,75,,0,140,8960,596.49094899495446,convergence
ext-w1,9,120009,6,76,,0,153,9792,588.13031387329102,convergence
ext-w1,9,120009,6,77,,0,154,9856,596.37626139322913,convergence
ext-w1,9,120009,6,78,,0,145,9280,588.13554763793945,convergence
ext-w1,9,120009,6,79,,0,139,8896,596.54105885823571,convergence
ext-w1,9,120009,6,80,,0,139,8896,588.13810602823889,convergence
ext-w1,9,120009,6,81,,0,152,9728,588.11323928833008,convergence
ext-w1,9,120009,6,82,,0,142,9088,596.49633916219079,convergence
ext-w1,9,120009,6,83,,0,154,9856,588.13454564412439,convergence
ext-w1,9,120009,6,84,,0,152,9728,596.49572372436523,convergence
ext-w1,9,120009,7,0,,0,121,7744,574.04615147908532,convergence
ext-w1,9,120009,7,1,,0,125,8000,582.44630304972327,convergence
ext-w1,9,120009,7,2,,0,127,8128,574.04566192626953,convergence
ext-w1,9,120009,7,3,,0,172,11008,582.45166269938147,convergence
ext-w1,9,120009,7,4,,0,145,9280,582.42785898844397,convergence
ext-w1,9,120009,7,5,,0,156,9984,583.16903686523438,convergence
ext-w1,9,120009,7,6,,0,128,8192,582.40257517496741,convergence
ext-w1,9,120009,7,7,,0,151,9664,574.04480361938477,convergence
ext-w1,9,120009,7,8,,0,150,9600,582.40694300333655,convergence
ext-w1,9,120009,7,9,,0,142,9088,582.43867746988929,convergence
ext-w1,9,120009,7,10,,0,123,7872,574.04514948527014,convergence
ext-w1,9,120009,7,11,,0,128,8192,582.40257517496741,convergence
ext-w1,9,120009,7,12,,0,157,10048,582.40257517496741,convergence
ext-w1,9,120009,7,13,,0,147,9408,574.04091771443689,convergence
ext-w1,9,120009,7,14,,0,145,9280,582.41658274332679,convergence
ext-w1,9,120009,7,15,,0,156,9984,582.43225479125977,convergence
ext-w1,9,120009,7,16,,0,158,10112,574.04344940185547,convergence
ext-w1,9,120009,7,17,,0,153,9792,582.40257517496741,convergence
ext-w1,9,120009,7,18,,0,169,10816,582.40674718221032,convergence
ext-w1,9,120009,7,19,,0,136,8704,582.40257517496741,convergence
ext-w1,9,120009,7,20,,0,161,10304,582.43633778889978,convergence
ext-w1,9,120009,7,21,,0,130,8320,582.40257517496741,convergence
ext-w1,9,120009,7,22,,0,144,9216,582.44630304972327,convergence
ext-w1,9,120009,7,23,,0,151,9664,582.40257517496741,convergence
ext-w1,9,120009,7,24,,0,148,9472,582.44144439697266,convergence
ext-w1,9,120009,7,25,,0,156,9984,582.42785898844397,convergence
ext-w1,9,120009,7,26,,0,156,9984,574.05049514770508,convergence
ext-w1,9,120009,7,27,,0,144,9216,582.44630304972327,convergence
ext-w1,9,120009,7,28,,0,140,8960,582.40694300333655,convergence
ext-w1,9,120009,7,29,,0,158,10112,576.32515716552734,convergence
ext-w1,9,120009,7,30,,0,136,8704,574.04514948527014,convergence
ext-w1,9,120009,7,31,,0,137,8768,582.42785898844397,convergence
ext-w1,9,120009,7,32,,0,135,8640,582.46621831258142,convergence
ext-w1,9,120009,7,33,,0,213,13632,574.04500706990564,convergence
ext-w1,9,120009,7,34,,0,141,9024,582.46059417724609,convergence
ext-w1,9,120009,7,35,,0,129,8256,574.04615147908532,convergence
ext-w1,9,120009,7,36,,0,162,10368,582.43225479125977,convergence
ext-w1,9,120009,7,37,,0,119,7616,582.44542185465491,convergence
ext-w1,9,120009,7,38,,0,134,8576,583.32271448771155,convergence
ext-w1,9,120009,7,39,,0,128,8192,582.42785898844397,convergence
ext-w1,9,120009,7,40,,0,148,9472,583.31978988647461,convergence
ext-w1,9,120009,7,41,,0,132,8448,582.44630304972327,convergence
ext-w1,9,120009,7,42,,0,135,8640,582.44630304972327,convergence
ext-w1,9,120009,7,43,,0,125,8000,581.82635498046875,convergence
ext-w1,9,120009,7,44,,0,142,9088,579.99920399983728,convergence
ext-w1,9,120009,7,45,,0,143,9152,582.3977165222168,convergence
ext-w1,9,120009,7,46,,0,133,8512,582.42785898844397,convergence
ext-w1,9,120009,7,47,,0,127,8128,574.04390589396155,convergence
ext-w1,9,120009,7,48,,0,139,8896,574.04514948527014,convergence
ext-w1,9,120009,7,49,,0,139,8896,576.34029006958008,convergence
ext-w1,9,120009,7,50,,0,156,9984,582.42785898844397,convergence
ext-w1,9,120009,7,51,,0,136,8704,580.37033081054688,convergence
ext-w1,9,120009,7,52,,0,174,11136,582.406260172526,convergence
ext-w1,9,120009,7,53,,0,138,8832,574.02724711100257,convergence
ext-w1,9,120009,7,54,,0,141,9024,584.5804227193197,convergence
ext-w1,9,120009,7,55,,0,146,9344,582.40257517496741,convergence
ext-w1,9,120009,7,56,,0,155,9920,582.44652048746741,convergence
ext-w1,9,120009,7,57,,0,141,9024,582.43225479125977,convergence
ext-w1,9,120009,7,58,,0,150,9600,582.3991584777832,convergence
ext-w1,9,120009,7,59,,0,146,9344,582.44144439697266,convergence
ext-w1,9,120009,7,60,,0,134,8576,574.02494684855139,convergence
ext-w1,9,120009,7,61,,0,158,10112,582.57070795694983,convergence
ext-w1,9,120009,7,62,,0,138,8832,582.40694300333655,convergence
ext-w1,9,120009,7,63,,0,147,9408,582.43246332804358,convergence
ext-w1,9,120009,7,64,,0,175,11200,582.45048141479492,convergence
ext-w1,9,120009,7,65,,0,156,9984,582.53778076171875,convergence
ext-w1,9,120009,7,66,,0,134,8576,582.56871922810876,convergence
ext-w1,9,120009,7,67,,0,169,10816,582.43119049072266,convergence
ext-w1,9,120009,7,68,,0,140,8960,576.33996073404944,convergence
ext-w1,9,120009,7,69,,0,132,8448,582.43217341105139,convergence
ext-w1,9,120009,7,70,,0,147,9408,581.44010925292969,convergence
ext-w1,9,120009,7,71,,0,197,12608,574.04091771443689,convergence
ext-w1,9,120009,7,72,,0,134,8576,582.4694608052572,convergence
ext-w1,9,120009,7,73,,0,129,8256,583.32287724812829,convergence
ext-w1,9,120009,7,74,,0,144,9216,582.99841690063477,convergence
ext-w1,9,120009,7,75,,0,147,9408,583.32136662801111,convergence
ext-w1,9,120009,7,76,,0,159,10176,584.73087819417321,convergence
ext-w1,9,120009,7,77,,0,160,10240,582.42785898844397,convergence
ext-w1,9,120009,7,78,,0,163,10432,582.86942418416345,convergence
ext-w1,9,120009,7,79,,0,137,8768,579.43139139811194,convergence
ext-w1,9,120009,7,80,,0,129,8256,582.44144439697266,convergence
ext-w1,9,120009,7,81,,0,119,7616,574.04514948527014,convergence
ext-w1,9,120009,7,82,,0,141,9024,574.04800033569336,convergence
ext-w1,9,120009,7,83,,0,123,7872,582.40257517496741,convergence
cold-w16,9,120009,0,0,,0,2691,172224,1207.5619455973308,convergence
cold-w16,9,120009,0,1,,0,2773,177472,937.11796696980798,convergence
cold-w16,9,120009,0,2,,0,3203,204992,855.75923029581702,convergence
cold-w16,9,120009,0,3,,0,2972,190208,852.47889582316077,convergence
cold-w16,9,120009,0,4,,0,2534,162176,851.57963943481445,convergence
cold-w16,9,120009,0,5,,0,3766,241024,845.12624740600586,convergence
cold-w16,9,120009,0,6,,0,2746,175744,966.43028004964196,convergence
cold-w16,9,120009,0,7,,0,3183,203712,919.86051559448242,convergence
cold-w16,9,120009,0,8,,0,2749,175936,874.22276433308923,convergence
cold-w16,9,120009,0,9,,0,2876,184064,790.43103790283203,convergence
cold-w16,9,120009,0,10,,0,2814,180096,783.26652018229163,convergence
cold-w16,9,120009,0,11,,0,3211,205504,931.95187377929688,convergence
cold-w16,9,120009,0,12,,0,2546,162944,1020.2770983378092,convergence
cold-w16,9,120009,0,13,,0,3111,199104,854.312489827474,convergence
cold-w16,9,120009,0,14,,0,3737,239168,743.88252894083655,convergence
cold-w16,9,120009,0,15,,0,3204,205056,865.20249176025391,convergence
cold-w16,9,120009,0,16,,0,3819,244416,790.52983347574866,convergence
cold-w16,9,120009,0,17,,0,3035,194240,835.37225596110022,convergence
cold-w16,9,120009,0,18,,0,2818,180352,840.12500127156579,convergence
cold-w16,9,120009,0,19,,0,2854,182656,788.71364593505859,convergence
cold-w16,9,120009,0,20,,0,3742,239488,791.51656341552734,convergence
cold-w16,9,120009,0,21,,0,2797,179008,1038.0431111653645,convergence
cold-w16,9,120009,0,22,,0,2620,167680,982.23184076944983,convergence
cold-w16,9,120009,0,23,,0,3583,229312,802.34758885701501,convergence
cold-w16,9,120009,0,24,,0,3509,224576,862.96181615193689,convergence
cold-w16,9,120009,0,25,,0,2949,188736,1146.1734670003254,convergence
cold-w16,9,120009,0,26,,0,2601,166464,831.4029210408529,convergence
cold-w16,9,120009,0,27,,0,3424,219136,1008.9823290506998,convergence
cold-w16,9,120009,0,28,,0,2848,182272,974.59222920735681,convergence
cold-w16,9,120009,0,29,,0,3292,210688,885.09722010294593,convergence
cold-w16,9,120009,0,30,,0,3001,192064,915.17588043212891,convergence
cold-w16,9,120009,0,31,,0,3559,227776,981.15683110555017,convergence
ext-w8,10,120010,0,0,,0,1413,90432,658.93762588500977,convergence
ext-w8,10,120010,0,1,,0,1451,92864,656.43517303466797,convergence
ext-w8,10,120010,0,2,,0,1703,108992,636.92283121744788,convergence
ext-w8,10,120010,0,3,,0,1420,90880,625.72444788614905,convergence
ext-w8,10,120010,0,4,,0,1757,112448,661.30045445760095,convergence
ext-w8,10,120010,0,5,,0,1072,68608,627.19360478719079,convergence
ext-w8,10,120010,0,6,,0,1233,78912,628.25870386759436,convergence
ext-w8,10,120010,0,7,,0,1663,106432,645.5242029825846,convergence
ext-w8,10,120010,0,8,,0,1554,99456,659.92880249023438,convergence
ext-w8,10,120010,0,9,,0,1702,108928,660.26635615030921,convergence
ext-w8,10,120010,0,10,,0,1514,96896,632.40348180135095,convergence
ext-w8,10,120010,0,11,,0,1282,82048,659.93830871582031,convergence
ext-w8,10,120010,0,12,,0,1247,79808,658.43760808308923,convergence
ext-w8,10,120010,0,13,,0,1188,76032,661.67672983805335,convergence
ext-w8,10,120010,0,14,,0,1576,100864,657.73477045694983,convergence
ext-w8,10,120010,0,15,,0,2681,171584,642.47649383544922,convergence
ext-w8,10,120010,0,16,,0,1414,90496,640.48382695515954,convergence
ext-w8,10,120010,0,17,,0,1338,85632,647.6812858581543,convergence
ext-w8,10,120010,0,18,,0,1964,125696,656.402109781901,convergence
ext-w8,10,120010,0,19,,0,1250,80000,640.28649393717444,convergence
ext-w8,10,120010,0,20,,0,1363,87232,653.25382741292321,convergence
ext-w8,10,120010,0,21,,0,1243,79552,638.95716857910156,convergence
ext-w8,10,120010,0,22,,0,1306,83584,639.65763219197595,convergence
ext-w8,10,120010,0,23,,0,1703,108992,654.25851058959961,convergence
ext-w8,10,120010,0,24,,0,1173,75072,643.30038706461585,convergence
ext-w8,10,120010,0,25,,0,1368,87552,681.45439020792639,convergence
ext-w8,10,120010,0,26,,0,3123,199872,646.19633611043298,convergence
ext-w8,10,120010,0,27,,0,1351,86464,653.52413558959961,convergence
ext-w8,10,120010,0,28,,0,1426,91264,654.10603078206384,convergence
ext-w8,10,120010,0,29,,0,2074,132736,649.31698481241858,convergence
ext-w8,10,120010,0,30,,0,1866,119424,670.03145472208655,convergence
ext-w8,10,120010,0,31,,0,1257,80448,657.94887542724609,convergence
ext-w8,10,120010,0,32,,0,1577,100928,650.20292536417639,convergence
ext-w8,10,120010,0,33,,0,1048,67072,685.94676844278968,convergence
ext-w8,10,120010,0,34,,0,1733,110912,652.24852752685547,convergence
ext-w8,10,120010,0,35,,0,1632,104448,644.59985605875647,convergence
ext-w8,10,120010,0,36,,0,1379,88256,665.75997161865234,convergence
ext-w8,10,120010,0,37,,0,1468,93952,652.16879399617517,convergence
ext-w8,10,120010,0,38,,0,4207,269248,655.04569371541345,convergence
ext-w8,10,120010,0,39,,0,1607,102848,642.22444152832031,convergence
ext-w8,10,120010,0,40,,0,1360,87040,625.14789072672522,convergence
ext-w8,10,120010,0,41,,0,1275,81600,651.42480850219727,convergence
ext-w8,10,120010,0,42,,0,1029,65856,649.90830612182617,convergence
ext-w8,10,120010,0,43,,0,1651,105664,670.07298278808594,convergence
ext-w8,10,120010,0,44,,0,1558,99712,681.19168090820312,convergence
ext-w8,10,120010,0,45,,0,1196,76544,669.26888402303064,convergence
ext-w8,10,120010,0,46,,0,1730,110720,680.21537399291992,convergence
ext-w8,10,120010,0,47,,0,1182,75648,650.24630737304688,convergence
ext-w8,10,120010,0,48,,0,1386,88704,621.6195958455404,convergence
ext-w8,10,120010,0,49,,0,1568,100352,651.34888966878259,convergence
ext-w8,10,120010,0,50,,0,1490,95360,659.37868118286133,convergence
ext-w8,10,120010,0,51,,0,1721,110144,650.82678349812829,convergence
ext-w8,10,120010,0,52,,0,1270,81280,673.68826929728186,convergence
ext-w8,10,120010,0,53,,0,1407,90048,644.369150797526,convergence
ext-w8,10,120010,0,54,,0,1222,78208,656.8045768737793,convergence
ext-w8,10,120010,0,55,,0,1657,106048,657.02165349324548,convergence
ext-w8,10,120010,0,56,,0,1616,103424,672.08967336018884,convergence
ext-w8,10,120010,0,57,,0,2282,146048,624.6307271321615,convergence
ext-w8,10,120010,0,58,,0,1516,97024,695.07766215006507,convergence
ext-w8,10,120010,0,59,,0,1391,89024,654.72136052449548,convergence
ext-w8,10,120010,0,60,,0,1600,102400,646.0159797668457,convergence
ext-w8,10,120010,0,61,,0,1509,96576,651.74501164754236,convergence
ext-w4,10,120010,0,0,,0,535,34240,668.36147944132483,convergence
ext-w4,10,120010,0,1,,0,771,49344,667.38285700480139,convergence
ext-w4,10,120010,0,2,,0,565,36160,669.51053746541345,convergence
ext-w4,10,120010,0,3,,0,644,41216,671.7076314290365,convergence
ext-w4,10,120010,0,4,,0,624,39936,672.61216227213538,convergence
ext-w4,10,120010,0,5,,0,575,36800,676.30103429158532,convergence
ext-w4,10,120010,0,6,,0,656,41984,683.99686940511071,convergence
ext-w4,10,120010,0,7,,0,756,48384,653.91078567504883,convergence
ext-w4,10,120010,0,8,,0,664,42496,689.06869379679358,convergence
ext-w4,10,120010,0,9,,0,764,48896,661.64943695068359,convergence
ext-w4,10,120010,0,10,,0,537,34368,670.89859517415368,convergence
ext-w4,10,120010,0,11,,0,623,39872,669.94757970174157,convergence
ext-w4,10,120010,0,12,,0,634,40576,670.32007726033532,convergence
ext-w4,10,120010,0,13,,0,574,36736,671.16339238484704,convergence
ext-w4,10,120010,0,14,,0,860,55040,658.87508392333984,convergence
ext-w4,10,120010,0,15,,0,1119,71616,669.18992106119788,convergence
ext-w4,10,120010,0,16,,0,556,35584,672.97060394287109,convergence
ext-w4,10,120010,0,17,,0,734,46976,673.83995691935218,convergence
ext-w4,10,120010,0,18,,0,612,39168,665.99519475301111,convergence
ext-w4,10,120010,0,19,,0,623,39872,701.18799718221032,convergence
ext-w4,10,120010,0,20,,0,686,43904,670.80198415120446,convergence
ext-w4,10,120010,0,21,,0,808,51712,652.66813532511389,convergence
ext-w4,10,120010,0,22,,0,739,47296,667.98855082194007,convergence
ext-w4,10,120010,0,23,,0,1406,89984,685.25855890909827,convergence
ext-w4,10,120010,0,24,,0,838,53632,675.18503952026367,convergence
ext-w4,10,120010,0,25,,0,661,42304,664.04990641276038,convergence
ext-w4,10,120010,0,26,,0,767,49088,672.50942866007483,convergence
ext-w4,10,120010,0,27,,0,672,43008,674.44226964314782,convergence
ext-w4,10,120010,0,28,,0,643,41152,672.05162302652991,convergence
ext-w4,10,120010,0,29,,0,662,42368,652.1528434753418,convergence
ext-w4,10,120010,0,30,,0,740,47360,670.01625188191736,convergence
ext-w4,10,120010,0,31,,0,708,45312,662.38166300455725,convergence
ext-w4,10,120010,0,32,,0,808,51712,672.28901163736975,convergence
ext-w4,10,120010,0,33,,0,624,39936,672.67909495035804,convergence
ext-w4,10,120010,0,34,,0,579,37056,670.70499293009436,convergence
ext-w4,10,120010,0,35,,0,700,44800,691.25971476236975,convergence
ext-w4,10,120010,0,36,,0,552,35328,685.73023223876953,convergence
ext-w4,10,120010,0,37,,0,1133,72512,665.25176366170251,convergence
ext-w4,10,120010,0,38,,0,585,37440,657.92052332560218,convergence
ext-w4,10,120010,0,39,,0,602,38528,701.93783187866211,convergence
ext-w4,10,120010,0,40,,0,568,36352,665.11643600463867,convergence
ext-w4,10,120010,0,41,,0,649,41536,672.56402715047204,convergence
ext-w4,10,120010,0,42,,0,598,38272,672.43106079101562,convergence
ext-w4,10,120010,0,43,,0,910,58240,684.7676887512207,convergence
ext-w4,10,120010,0,44,,0,799,51136,671.21408716837561,convergence
ext-w4,10,120010,0,45,,0,699,44736,669.67886225382483,convergence
ext-w4,10,120010,0,46,,0,698,44672,661.26789093017578,convergence
ext-w4,10,120010,0,47,,0,562,35968,672.83213933308923,convergence
ext-w4,10,120010,0,48,,0,862,55168,697.22171147664392,convergence
ext-w4,10,120010,0,49,,0,671,42944,674.2847569783529,convergence
ext-w4,10,120010,0,50,,0,653,41792,671.18400192260742,convergence
ext-w4,10,120010,0,51,,0,659,42176,670.81134541829431,convergence
ext-w4,10,120010,0,52,,0,641,41024,671.30674997965491,convergence
ext-w4,10,120010,0,53,,0,563,36032,674.07184219360352,convergence
ext-w4,10,120010,0,54,,0,551,35264,651.89993667602539,convergence
ext-w4,10,120010,0,55,,0,540,34560,671.98291142781579,convergence
ext-w4,10,120010,0,56,,0,598,38272,679.45663070678711,convergence
ext-w4,10,120010,0,57,,0,670,42880,645.08687337239587,convergence
ext-w4,10,120010,0,58,,0,780,49920,666.01619211832679,convergence
ext-w4,10,120010,0,59,,0,636,40704,656.83513387044275,convergence
ext-w4,10,120010,0,60,,0,783,50112,668.46391423543298,convergence
ext-w4,10,120010,0,61,,0,621,39744,673.70787175496423,convergence
ext-w4,10,120010,0,62,,0,504,32256,646.15842056274414,convergence
ext-w4,10,120010,0,63,,0,610,39040,671.6346549987793,convergence
ext-w4,10,120010,0,64,,0,1090,69760,690.28282419840491,convergence
ext-w4,10,120010,0,65,,0,655,41920,664.16234461466468,convergence
ext-w4,10,120010,0,66,,0,621,39744,673.9991671244303,convergence
ext-w4,10,120010,0,67,,0,660,42240,674.93292744954431,convergence
ext-w4,10,120010,0,68,,0,646,41344,671.62968317667639,convergence
ext-w4,10,120010,0,69,,0,537,34368,670.04831186930335,convergence
ext-w4,10,120010,1,0,,0,625,40000,614.42585754394531,convergence
ext-w4,10,120010,1,1,,0,835,53440,608.38211059570312,convergence
ext-w4,10,120010,1,2,,0,738,47232,617.88294728597009,convergence
ext-w4,10,120010,1,3,,0,638,40832,630.81122207641602,convergence
ext-w4,10,120010,1,4,,0,634,40576,620.54177093505859,convergence
ext-w4,10,120010,1,5,,0,675,43200,606.89706548055017,convergence
ext-w4,10,120010,1,6,,0,700,44800,602.33325831095374,convergence
ext-w4,10,120010,1,7,,0,701,44864,611.3201014200846,convergence
ext-w4,10,120010,1,8,,0,1482,94848,618.37341817220056,convergence
ext-w4,10,120010,1,9,,0,635,40640,616.88819122314453,convergence
ext-w4,10,120010,1,10,,0,699,44736,623.41076532999671,convergence
ext-w4,10,120010,1,11,,0,616,39424,608.49579111735022,convergence
ext-w4,10,120010,1,12,,0,554,35456,628.95263163248694,convergence
ext-w4,10,120010,1,13,,0,702,44928,612.51745478312171,convergence
ext-w4,10,120010,1,14,,0,749,47936,623.47965113321936,convergence
ext-w4,10,120010,1,15,,0,572,36608,618.92862319946289,convergence
ext-w4,10,120010,1,16,,0,744,47616,603.89485804239905,convergence
ext-w4,10,120010,1,17,,0,806,51584,601.81153869628906,convergence
ext-w4,10,120010,1,18,,0,593,37952,614.91838963826501,convergence
ext-w4,10,120010,1,19,,0,742,47488,617.27932612101233,convergence
ext-w4,10,120010,1,20,,0,485,31040,616.96210861206055,convergence
ext-w4,10,120010,1,21,,0,577,36928,615.91907628377282,convergence
ext-w4,10,120010,1,22,,0,614,39296,601.95143508911133,convergence
ext-w4,10,120010,1,23,,0,720,46080,617.94921112060547,convergence
ext-w4,10,120010,1,24,,0,681,43584,608.75327555338538,convergence
ext-w4,10,120010,1,25,,0,830,53120,603.42993672688806,convergence
ext-w4,10,120010,1,26,,0,550,35200,620.12227757771814,convergence
ext-w4,10,120010,1,27,,0,693,44352,628.48904164632165,convergence
ext-w4,10,120010,1,28,,0,1062,67968,612.65703837076819,convergence
ext-w4,10,120010,1,29,,0,639,40896,623.31587855021155,convergence
ext-w4,10,120010,1,30,,0,709,45376,629.71166356404626,convergence
ext-w4,10,120010,1,31,,0,1062,67968,613.10079574584961,convergence
ext-w4,10,120010,1,32,,0,828,52992,602.23060989379883,convergence
ext-w4,10,120010,1,33,,0,717,45888,610.31531397501624,convergence
ext-w4,10,120010,1,34,,0,564,36096,609.22416941324866,convergence
ext-w4,10,120010,1,35,,0,676,43264,610.95383071899414,convergence
ext-w4,10,120010,1,36,,0,631,40384,620.41909408569336,convergence
ext-w4,10,120010,1,37,,0,589,37696,613.27219263712561,convergence
ext-w4,10,120010,1,38,,0,592,37888,630.31415557861328,convergence
ext-w4,10,120010,1,39,,0,660,42240,615.73713429768884,convergence
ext-w4,10,120010,1,40,,0,1037,66368,621.18268203735352,convergence
ext-w4,10,120010,1,41,,0,717,45888,598.04758071899414,convergence
ext-w4,10,120010,1,42,,0,632,40448,620.97847493489587,convergence
ext-w4,10,120010,1,43,,0,586,37504,618.42016474405921,convergence
ext-w4,10,120010,1,44,,0,619,39616,621.72291946411133,convergence
ext-w4,10,120010,1,45,,0,677,43328,605.9277013142904,convergence
ext-w4,10,120010,1,46,,0,757,48448,601.98559443155921,convergence
ext-w4,10,120010,1,47,,0,923,59072,609.99940490722656,convergence
ext-w4,10,120010,1,48,,0,554,35456,597.08081181844079,convergence
ext-w4,10,120010,1,49,,0,738,47232,617.33140691121423,convergence
ext-w4,10,120010,1,50,,0,716,45824,610.09514236450195,convergence
ext-w4,10,120010,1,51,,0,595,38080,619.53132502237952,convergence
ext-w4,10,120010,1,52,,0,553,35392,602.7549158732096,convergence
ext-w4,10,120010,1,53,,0,919,58816,608.72220357259118,convergence
ext-w4,10,120010,1,54,,0,789,50496,609.58454767862952,convergence
ext-w4,10,120010,1,55,,0,555,35520,601.11650975545251,convergence
ext-w4,10,120010,1,56,,0,752,48128,596.04238382975257,convergence
ext-w4,10,120010,1,57,,0,591,37824,617.0444005330404,convergence
ext-w4,10,120010,1,58,,0,599,38336,602.53547032674157,convergence
ext-w4,10,120010,1,59,,0,627,40128,622.55098724365234,convergence
ext-w4,10,120010,1,60,,0,622,39808,616.98447926839196,convergence
ext-w4,10,120010,1,61,,0,880,56320,606.82118988037109,convergence
ext-w4,10,120010,1,62,,0,771,49344,609.89036051432288,convergence
ext-w4,10,120010,1,63,,0,595,38080,620.98349380493164,convergence
ext-w4,10,120010,1,64,,0,810,51840,607.20359929402673,convergence
ext-w4,10,120010,1,65,,0,654,41856,603.10319519042969,convergence
ext-w4,10,120010,1,66,,0,562,35968,616.23946253458655,convergence
ext-w4,10,120010,1,67,,0,637,40768,629.26907094319665,convergence
ext-w4,10,120010,1,68,,0,686,43904,601.84365463256836,convergence
ext-w2,10,120010,0,0,,0,308,19712,708.49170303344727,convergence
ext-w2,10,120010,0,1,,0,233,14912,694.970937093099,convergence
ext-w2,10,120010,0,2,,0,244,15616,690.70685450235999,convergence
ext-w2,10,120010,0,3,,0,403,25792,705.5704460144043,convergence
ext-w2,10,120010,0,4,,0,280,17920,694.96601740519202,convergence
ext-w2,10,120010,0,5,,0,254,16256,694.9501622517904,convergence
ext-w2,10,120010,0,6,,0,341,21824,689.80719757080078,convergence
ext-w2,10,120010,0,7,,0,396,25344,682.85672378540039,convergence
ext-w2,10,120010,0,8,,0,305,19520,705.06317138671875,convergence
ext-w2,10,120010,0,9,,0,294,18816,689.85628763834632,convergence
ext-w2,10,120010,0,10,,0,237,15168,694.96601740519202,convergence
ext-w2,10,120010,0,11,,0,351,22464,701.83839797973633,convergence
ext-w2,10,120010,0,12,,0,355,22720,687.87321472167969,convergence
ext-w2,10,120010,0,13,,0,254,16256,687.09156163533532,convergence
ext-w2,10,120010,0,14,,0,318,20352,706.06202952067054,convergence
ext-w2,10,120010,0,15,,0,362,23168,689.82136281331384,convergence
ext-w2,10,120010,0,16,,0,383,24512,717.06780624389648,convergence
ext-w2,10,120010,0,17,,0,434,27776,694.53229904174805,convergence
ext-w2,10,120010,0,18,,0,281,17984,706.21198399861657,convergence
ext-w2,10,120010,0,19,,0,341,21824,710.69371159871423,convergence
ext-w2,10,120010,0,20,,0,275,17600,704.54025777180993,convergence
ext-w2,10,120010,0,21,,0,338,21632,701.85078048706055,convergence
ext-w2,10,120010,0,22,,0,376,24064,718.4151725769043,convergence
ext-w2,10,120010,0,23,,0,266,17024,694.98192723592126,convergence
ext-w2,10,120010,0,24,,0,381,24384,694.44049326578772,convergence
ext-w2,10,120010,0,25,,0,397,25408,693.88710149129236,convergence
ext-w2,10,120010,0,26,,0,256,16384,689.88602956136071,convergence
ext-w2,10,120010,0,27,,0,355,22720,708.50327173868811,convergence
ext-w2,10,120010,0,28,,0,380,24320,694.35969416300452,convergence
ext-w2,10,120010,0,29,,0,278,17792,703.51331837972009,convergence
ext-w2,10,120010,0,30,,0,364,23296,677.73624420166016,convergence
ext-w2,10,120010,0,31,,0,345,22080,719.85905965169275,convergence
ext-w2,10,120010,0,32,,0,375,24000,693.87192281087243,convergence
ext-w2,10,120010,0,33,,0,278,17792,692.09875742594397,convergence
ext-w2,10,120010,0,34,,0,386,24704,682.9008903503418,convergence
ext-w2,10,120010,0,35,,0,246,15744,695.01453399658203,convergence
ext-w2,10,120010,0,36,,0,264,16896,708.54753494262695,convergence
ext-w2,10,120010,0,37,,0,276,17664,695.04481633504236,convergence
ext-w2,10,120010,0,38,,0,361,23104,700.30463027954102,convergence
ext-w2,10,120010,0,39,,0,345,22080,687.41571935017907,convergence
ext-w2,10,120010,0,40,,0,260,16640,695.02481206258142,convergence
ext-w2,10,120010,0,41,,0,402,25728,700.29191207885742,convergence
ext-w2,10,120010,0,42,,0,307,19648,704.51154327392578,convergence
ext-w2,10,120010,0,43,,0,307,19648,694.39220682779944,convergence
ext-w2,10,120010,0,44,,0,391,25024,689.82306671142578,convergence
ext-w2,10,120010,0,45,,0,314,20096,694.34527333577478,convergence
ext-w2,10,120010,0,46,,0,295,18880,689.8648681640625,convergence
ext-w2,10,120010,0,47,,0,373,23872,694.50957616170251,convergence
ext-w2,10,120010,0,48,,0,255,16320,694.99927139282227,convergence
ext-w2,10,120010,0,49,,0,293,18752,694.33385976155603,convergence
ext-w2,10,120010,0,50,,0,252,16128,695.396240234375,convergence
ext-w2,10,120010,0,51,,0,348,22272,687.85177993774414,convergence
ext-w2,10,120010,0,52,,0,275,17600,694.96146519978845,convergence
ext-w2,10,120010,0,53,,0,314,20096,677.6977208455404,convergence
ext-w2,10,120010,0,54,,0,306,19584,682.86630757649743,convergence
ext-w2,10,120010,0,55,,0,398,25472,694.49924977620446,convergence
ext-w2,10,120010,0,56,,0,302,19328,693.87128194173181,convergence
ext-w2,10,120010,0,57,,0,321,20544,693.87217330932617,convergence
ext-w2,10,120010,0,58,,0,325,20800,700.2992273966471,convergence
ext-w2,10,120010,0,59,,0,293,18752,698.55269622802734,convergence
ext-w2,10,120010,0,60,,0,395,25280,689.85270563761389,convergence
ext-w2,10,120010,0,61,,0,320,20480,697.77438227335608,convergence
ext-w2,10,120010,0,62,,0,345,22080,684.31954828898108,convergence
ext-w2,10,120010,0,63,,0,400,25600,695.05494944254554,convergence
ext-w2,10,120010,0,64,,0,317,20288,690.66137822469079,convergence
ext-w2,10,120010,0,65,,0,272,17408,690.68435541788733,convergence
ext-w2,10,120010,0,66,,0,346,22144,708.57526143391931,convergence
ext-w2,10,120010,0,67,,0,309,19776,701.81073888142907,convergence
ext-w2,10,120010,0,68,,0,242,15488,694.9995333353678,convergence
ext-w2,10,120010,0,69,,0,426,27264,694.66147867838538,convergence
ext-w2,10,120010,0,70,,0,353,22592,700.31405639648438,convergence
ext-w2,10,120010,0,71,,0,275,17600,684.55879720052087,convergence
ext-w2,10,120010,0,72,,0,323,20672,689.81767908732093,convergence
ext-w2,10,120010,0,73,,0,306,19584,703.10948308308923,convergence
ext-w2,10,120010,0,74,,0,288,18432,687.11919021606445,convergence
ext-w2,10,120010,1,0,,0,352,22528,659.07234319051111,convergence
ext-w2,10,120010,1,1,,0,406,25984,663.84094874064124,convergence
ext-w2,10,120010,1,2,,0,375,24000,649.23542785644531,convergence
ext-w2,10,120010,1,3,,0,326,20864,653.36237589518225,convergence
ext-w2,10,120010,1,4,,0,307,19648,654.87666066487634,convergence
ext-w2,10,120010,1,5,,0,338,21632,653.48672612508142,convergence
ext-w2,10,120010,1,6,,0,309,19776,635.88967768351233,convergence
ext-w2,10,120010,1,7,,0,400,25600,651.46271006266272,convergence
ext-w2,10,120010,1,8,,0,392,25088,652.83090591430664,convergence
ext-w2,10,120010,1,9,,0,458,29312,651.4823328653971,convergence
ext-w2,10,120010,1,10,,0,289,18496,649.28615697224939,convergence
ext-w2,10,120010,1,11,,0,403,25792,640.83068084716797,convergence
ext-w2,10,120010,1,12,,0,383,24512,634.71097691853845,convergence
ext-w2,10,120010,1,13,,0,337,21568,669.53527959187829,convergence
ext-w2,10,120010,1,14,,0,330,21120,650.26178741455078,convergence
ext-w2,10,120010,1,15,,0,322,20608,657.31655756632483,convergence
ext-w2,10,120010,1,16,,0,314,20096,668.27965672810876,convergence
ext-w2,10,120010,1,17,,0,306,19584,667.70825322469079,convergence
ext-w2,10,120010,1,18,,0,296,18944,663.69445164998376,convergence
ext-w2,10,120010,1,19,,0,279,17856,640.87414296468103,convergence
ext-w2,10,120010,1,20,,0,367,23488,663.70242818196618,convergence
ext-w2,10,120010,1,21,,0,303,19392,653.63628641764319,convergence
ext-w2,10,120010,1,22,,0,363,23232,651.47139485677087,convergence
ext-w2,10,120010,1,23,,0,323,20672,661.0946146647135,convergence
ext-w2,10,120010,1,24,,0,315,20160,665.31658808390296,convergence
ext-w2,10,120010,1,25,,0,306,19584,660.5980440775553,convergence
ext-w2,10,120010,1,26,,0,318,20352,668.04674911499023,convergence
ext-w2,10,120010,1,27,,0,327,20928,665.28703435262048,convergence
ext-w2,10,120010,1,28,,0,306,19584,660.57966868082679,convergence
ext-w2,10,120010,1,29,,0,343,21952,650.66743596394861,convergence
ext-w2,10,120010,1,30,,0,352,22528,660.58794275919593,convergence
ext-w2,10,120010,1,31,,0,272,17408,648.07971700032556,convergence
ext-w2,10,120010,1,32,,0,374,23936,655.59595616658532,convergence
ext-w2,10,120010,1,33,,0,320,20480,666.00485610961914,convergence
ext-w2,10,120010,1,34,,0,324,20736,654.82133229573571,convergence
ext-w2,10,120010,1,35,,0,334,21376,655.77038828531897,convergence
ext-w2,10,120010,1,36,,0,365,23360,660.480214436849,convergence
ext-w2,10,120010,1,37,,0,378,24192,635.85369745890296,convergence
ext-w2,10,120010,1,38,,0,251,16064,643.97811508178711,convergence
ext-w2,10,120010,1,39,,0,314,20096,648.60639572143555,convergence
ext-w2,10,120010,1,40,,0,363,23232,655.09678268432617,convergence
ext-w2,10,120010,1,41,,0,345,22080,657.24839528401696,convergence
ext-w2,10,120010,1,42,,0,342,21888,665.2945556640625,convergence
ext-w2,10,120010,1,43,,0,358,22912,654.84281412760413,convergence
ext-w2,10,120010,1,44,,0,317,20288,649.90491358439124,convergence
ext-w2,10,120010,1,45,,0,383,24512,650.76295471191406,convergence
ext-w2,10,120010,1,46,,0,323,20672,653.33450190226233,convergence
ext-w2,10,120010,1,47,,0,342,21888,640.87417348225915,convergence
ext-w2,10,120010,1,48,,0,311,19904,666.60560480753577,convergence
ext-w2,10,120010,1,49,,0,379,24256,657.26585133870446,convergence
ext-w2,10,120010,1,50,,0,319,20416,655.73083623250329,convergence
ext-w2,10,120010,1,51,,0,310,19840,640.89344024658203,convergence
ext-w2,10,120010,1,52,,0,363,23232,648.60934702555335,convergence
ext-w2,10,120010,1,53,,0,288,18432,656.17492802937829,convergence
ext-w2,10,120010,1,54,,0,358,22912,664.14895375569665,convergence
ext-w2,10,120010,1,55,,0,335,21440,657.74484507242835,convergence
ext-w2,10,120010,1,56,,0,324,20736,635.84953053792321,convergence
ext-w2,10,120010,1,57,,0,342,21888,650.66287994384766,convergence
ext-w2,10,120010,1,58,,0,623,39872,658.24528249104821,convergence
ext-w2,10,120010,1,59,,0,299,19136,655.62607065836585,convergence
ext-w2,10,120010,1,60,,0,293,18752,640.85349655151367,convergence
ext-w2,10,120010,1,61,,0,390,24960,657.25979105631507,convergence
ext-w2,10,120010,1,62,,0,376,24064,650.71155293782556,convergence
ext-w2,10,120010,1,63,,0,311,19904,653.29549153645837,convergence
ext-w2,10,120010,1,64,,0,372,23808,651.47143300374353,convergence
ext-w2,10,120010,1,65,,0,333,21312,661.36284128824866,convergence
ext-w2,10,120010,1,66,,0,391,25024,648.62198384602868,convergence
ext-w2,10,120010,1,67,,0,319,20416,660.49009704589844,convergence
ext-w2,10,120010,1,68,,0,317,20288,648.65120061238611,convergence
ext-w2,10,120010,1,69,,0,313,20032,660.0791231791178,convergence
ext-w2,10,120010,1,70,,0,308,19712,661.90310668945312,convergence
ext-w2,10,120010,2,0,,0,306,19584,614.65037790934241,convergence
ext-w2,10,120010,2,1,,0,259,16576,624.7922248840332,convergence
ext-w2,10,120010,2,2,,0,368,23552,619.46036529541016,convergence
ext-w2,10,120010,2,3,,0,291,18624,610.63982264200843,convergence
ext-w2,10,120010,2,4,,0,339,21696,624.83036422729492,convergence
ext-w2,10,120010,2,5,,0,354,22656,612.76281992594397,convergence
ext-w2,10,120010,2,6,,0,333,21312,619.52759679158532,convergence
ext-w2,10,120010,2,7,,0,376,24064,617.49105199178064,convergence
ext-w2,10,120010,2,8,,0,275,17600,623.03288523356116,convergence
ext-w2,10,120010,2,9,,0,373,23872,605.59823862711585,convergence
ext-w2,10,120010,2,10,,0,278,17792,597.86586888631189,convergence
ext-w2,10,120010,2,11,,0,333,21312,612.27826690673828,convergence
ext-w2,10,120010,2,12,,0,315,20160,597.86701583862305,convergence
ext-w2,10,120010,2,13,,0,345,22080,624.76142628987634,convergence
ext-w2,10,120010,2,14,,0,281,17984,611.2986729939779,convergence
ext-w2,10,120010,2,15,,0,347,22208,612.91558074951172,convergence
ext-w2,10,120010,2,16,,0,372,23808,614.26910273234046,convergence
ext-w2,10,120010,2,17,,0,397,25408,614.3687413533529,convergence
ext-w2,10,120010,2,18,,0,349,22336,623.03600692749023,convergence
ext-w2,10,120010,2,19,,0,309,19776,607.96215438842773,convergence
ext-w2,10,120010,2,20,,0,328,20992,616.07762400309241,convergence
ext-w2,10,120010,2,21,,0,335,21440,622.31911722819007,convergence
ext-w2,10,120010,2,22,,0,283,18112,607.68510055541992,convergence
ext-w2,10,120010,2,23,,0,341,21824,610.31585311889648,convergence
ext-w2,10,120010,2,24,,0,355,22720,614.62998835245764,convergence
ext-w2,10,120010,2,25,,0,324,20736,623.05228678385413,convergence
ext-w2,10,120010,2,26,,0,345,22080,597.886464436849,convergence
ext-w2,10,120010,2,27,,0,343,21952,617.58864593505859,convergence
ext-w2,10,120010,2,28,,0,362,23168,612.57660929361975,convergence
ext-w2,10,120010,2,29,,0,274,17536,607.99755986531579,convergence
ext-w2,10,120010,2,30,,0,359,22976,614.31353123982751,convergence
ext-w2,10,120010,2,31,,0,297,19008,612.57317988077796,convergence
ext-w2,10,120010,2,32,,0,271,17344,612.27920150756836,convergence
ext-w2,10,120010,2,33,,0,334,21376,626.96240997314453,convergence
ext-w2,10,120010,2,34,,0,270,17280,603.632558186849,convergence
ext-w2,10,120010,2,35,,0,319,20416,611.43726984659827,convergence
ext-w2,10,120010,2,36,,0,327,20928,606.27354176839196,convergence
ext-w2,10,120010,2,37,,0,326,20864,618.31248219807946,convergence
ext-w2,10,120010,2,38,,0,297,19008,605.61038970947266,convergence
ext-w2,10,120010,2,39,,0,300,19200,610.78389739990234,convergence
ext-w2,10,120010,2,40,,0,355,22720,622.33191172281897,convergence
ext-w2,10,120010,2,41,,0,308,19712,614.63118998209632,convergence
ext-w2,10,120010,2,42,,0,291,18624,609.84497197469079,convergence
ext-w2,10,120010,2,43,,0,312,19968,609.80121994018555,convergence
ext-w2,10,120010,2,44,,0,422,27008,626.89653650919593,convergence
ext-w2,10,120010,2,45,,0,456,29184,623.0293973286947,convergence
ext-w2,10,120010,2,46,,0,350,22400,610.33191045125329,convergence
ext-w2,10,120010,2,47,,0,291,18624,611.20974349975586,convergence
ext-w2,10,120010,2,48,,0,307,19648,612.68376668294275,convergence
ext-w2,10,120010,2,49,,0,304,19456,624.72553507486975,convergence
ext-w2,10,120010,2,50,,0,345,22080,612.58793512980139,convergence
ext-w2,10,120010,2,51,,0,325,20800,610.59235636393225,convergence
ext-w2,10,120010,2,52,,0,295,18880,619.73294703165686,convergence
ext-w2,10,120010,2,53,,0,539,34496,610.84807713826501,convergence
ext-w2,10,120010,2,54,,0,287,18368,623.02578226725257,convergence
ext-w2,10,120010,2,55,,0,311,19904,624.76211675008142,convergence
ext-w2,10,120010,2,56,,0,385,24640,614.78950627644861,convergence
ext-w2,10,120010,2,57,,0,366,23424,611.46105829874671,convergence
ext-w2,10,120010,2,58,,0,301,19264,607.96552022298181,convergence
ext-w2,10,120010,2,59,,0,347,22208,624.7158419291178,convergence
ext-w2,10,120010,2,60,,0,310,19840,597.84000142415368,convergence
ext-w2,10,120010,2,61,,0,299,19136,597.88972091674805,convergence
ext-w2,10,120010,2,62,,0,282,18048,611.19914499918616,convergence
ext-w2,10,120010,2,63,,0,421,26944,608.48468907674157,convergence
ext-w2,10,120010,2,64,,0,292,18688,603.61312993367517,convergence
ext-w2,10,120010,2,65,,0,294,18816,623.03523254394531,convergence
ext-w2,10,120010,2,66,,0,359,22976,614.29567845662439,convergence
ext-w2,10,120010,2,67,,0,341,21824,597.84000142415368,convergence
ext-w2,10,120010,2,68,,0,330,21120,619.02575429280603,convergence
ext-w2,10,120010,2,69,,0,277,17728,627.16046015421546,convergence
ext-w2,10,120010,2,70,,0,358,22912,613.20527140299475,convergence
ext-w2,10,120010,2,71,,0,280,17920,617.18353907267249,convergence
ext-w2,10,120010,2,72,,0,318,20352,627.02216847737634,convergence
ext-w2,10,120010,2,73,,0,309,19776,622.33332951863611,convergence
ext-w2,10,120010,3,0,,0,407,26048,586.56173578898108,convergence
ext-w2,10,120010,3,1,,0,262,16768,590.10365549723304,convergence
ext-w2,10,120010,3,2,,0,310,19840,587.8514073689779,convergence
ext-w2,10,120010,3,3,,0,396,25344,580.73123041788733,convergence
ext-w2,10,120010,3,4,,0,313,20032,581.47119267781579,convergence
ext-w2,10,120010,3,5,,0,292,18688,591.0311063130697,convergence
ext-w2,10,120010,3,6,,0,284,18176,581.54994583129883,convergence
ext-w2,10,120010,3,7,,0,355,22720,580.71520487467444,convergence
ext-w2,10,120010,3,8,,0,359,22976,578.04420852661133,convergence
ext-w2,10,120010,3,9,,0,363,23232,585.13324356079102,convergence
ext-w2,10,120010,3,10,,0,292,18688,590.62009684244788,convergence
ext-w2,10,120010,3,11,,0,375,24000,579.36366017659509,convergence
ext-w2,10,120010,3,12,,0,467,29888,588.49472681681311,convergence
ext-w2,10,120010,3,13,,0,324,20736,588.01247914632165,convergence
ext-w2,10,120010,3,14,,0,371,23744,590.44437026977539,convergence
ext-w2,10,120010,3,15,,0,324,20736,587.68727238972986,convergence
ext-w2,10,120010,3,16,,0,370,23680,581.6991971333822,convergence
ext-w2,10,120010,3,17,,0,341,21824,572.06910705566406,convergence
ext-w2,10,120010,3,18,,0,319,20416,580.71524937947595,convergence
ext-w2,10,120010,3,19,,0,379,24256,583.12846247355139,convergence
ext-w2,10,120010,3,20,,0,285,18240,580.71907806396484,convergence
ext-w2,10,120010,3,21,,0,333,21312,590.31174723307288,convergence
ext-w2,10,120010,3,22,,0,306,19584,581.62720362345374,convergence
ext-w2,10,120010,3,23,,0,291,18624,582.05867004394531,convergence
ext-w2,10,120010,3,24,,0,286,18304,591.5791905721029,convergence
ext-w2,10,120010,3,25,,0,328,20992,586.01644388834632,convergence
ext-w2,10,120010,3,26,,0,333,21312,576.84198506673181,convergence
ext-w2,10,120010,3,27,,0,324,20736,580.73951848347986,convergence
ext-w2,10,120010,3,28,,0,294,18816,581.60383097330725,convergence
ext-w2,10,120010,3,29,,0,301,19264,588.43969853719079,convergence
ext-w2,10,120010,3,30,,0,346,22144,581.50126520792639,convergence
ext-w2,10,120010,3,31,,0,355,22720,582.66292826334632,convergence
ext-w2,10,120010,3,32,,0,396,25344,579.34167734781897,convergence
ext-w2,10,120010,3,33,,0,359,22976,591.54195404052734,convergence
ext-w2,10,120010,3,34,,0,274,17536,576.84089406331384,convergence
ext-w2,10,120010,3,35,,0,365,23360,581.48193740844727,convergence
ext-w2,10,120010,3,36,,0,352,22528,581.50126012166345,convergence
ext-w2,10,120010,3,37,,0,346,22144,580.72198994954431,convergence
ext-w2,10,120010,3,38,,0,388,24832,587.62471898396814,convergence
ext-w2,10,120010,3,39,,0,348,22272,590.29906717936194,convergence
ext-w2,10,120010,3,40,,0,274,17536,590.80427424112952,convergence
ext-w2,10,120010,3,41,,0,383,24512,587.673085530599,convergence
ext-w2,10,120010,3,42,,0,454,29056,579.6107393900553,convergence
ext-w2,10,120010,3,43,,0,284,18176,580.73027292887366,convergence
ext-w2,10,120010,3,44,,0,344,22016,580.72058232625329,convergence
ext-w2,10,120010,3,45,,0,294,18816,586.60554885864258,convergence
ext-w2,10,120010,3,46,,0,317,20288,590.58997853597009,convergence
ext-w2,10,120010,3,47,,0,400,25600,590.29696782430017,convergence
ext-w2,10,120010,3,48,,0,315,20160,581.44086837768555,convergence
ext-w2,10,120010,3,49,,0,296,18944,587.6726188659668,convergence
ext-w2,10,120010,3,50,,0,381,24384,589.36464436848962,convergence
ext-w2,10,120010,3,51,,0,276,17664,588.30398432413733,convergence
ext-w2,10,120010,3,52,,0,341,21824,591.78994369506836,convergence
ext-w2,10,120010,3,53,,0,343,21952,580.71482086181641,convergence
ext-w2,10,120010,3,54,,0,350,22400,588.39227167765296,convergence
ext-w2,10,120010,3,55,,0,354,22656,581.43992869059241,convergence
ext-w2,10,120010,3,56,,0,340,21760,581.53616460164392,convergence
ext-w2,10,120010,3,57,,0,307,19648,580.72243881225586,convergence
ext-w2,10,120010,3,58,,0,293,18752,590.13315200805664,convergence
ext-w2,10,120010,3,59,,0,288,18432,583.79898834228516,convergence
ext-w2,10,120010,3,60,,0,345,22080,581.48833338419593,convergence
ext-w2,10,120010,3,61,,0,312,19968,581.55401357014978,convergence
ext-w2,10,120010,3,62,,0,347,22208,588.97042719523108,convergence
ext-w2,10,120010,3,63,,0,309,19776,581.44085311889648,convergence
ext-w2,10,120010,3,64,,0,337,21568,588.45481109619141,convergence
ext-w2,10,120010,3,65,,0,354,22656,580.73885981241858,convergence
ext-w2,10,120010,3,66,,0,317,20288,588.18086751302087,convergence
ext-w2,10,120010,3,67,,0,293,18752,581.43505096435547,convergence
ext-w2,10,120010,3,68,,0,369,23616,580.72202173868811,convergence
ext-w2,10,120010,3,69,,0,271,17344,580.30988184610999,convergence
ext-w2,10,120010,3,70,,0,382,24448,580.30604426066077,convergence
ext-w2,10,120010,3,71,,0,367,23488,586.07013956705725,convergence
ext-w1,10,120010,0,0,,0,162,10368,707.25817616780603,convergence
ext-w1,10,120010,0,1,,0,138,8832,708.14622370402014,convergence
ext-w1,10,120010,0,2,,0,140,8960,708.09172948201501,convergence
ext-w1,10,120010,0,3,,0,159,10176,707.25,convergence
ext-w1,10,120010,0,4,,0,106,6784,708.09639104207361,convergence
ext-w1,10,120010,0,5,,0,116,7424,711.49164962768555,convergence
ext-w1,10,120010,0,6,,0,140,8960,708.95988591512048,convergence
ext-w1,10,120010,0,7,,0,172,11008,707.25211207071936,convergence
ext-w1,10,120010,0,8,,0,144,9216,707.2562472025553,convergence
ext-w1,10,120010,0,9,,0,165,10560,707.25650660196936,convergence
ext-w1,10,120010,0,10,,0,155,9920,707.25624465942383,convergence
ext-w1,10,120010,0,11,,0,127,8128,708.09142939249671,convergence
ext-w1,10,120010,0,12,,0,163,10432,707.24986521402991,convergence
ext-w1,10,120010,0,13,,0,162,10368,707.25202687581384,convergence
ext-w1,10,120010,0,14,,0,106,6784,708.9628791809082,convergence
ext-w1,10,120010,0,15,,0,145,9280,707.25008773803711,convergence
ext-w1,10,120010,0,16,,0,152,9728,707.27217102050781,convergence
ext-w1,10,120010,0,17,,0,145,9280,711.49392191569007,convergence
ext-w1,10,120010,0,18,,0,124,7936,708.9628791809082,convergence
ext-w1,10,120010,0,19,,0,121,7744,708.08597564697266,convergence
ext-w1,10,120010,0,20,,0,153,9792,707.25706100463867,convergence
ext-w1,10,120010,0,21,,0,186,11904,707.25,convergence
ext-w1,10,120010,0,22,,0,191,12224,707.27325820922852,convergence
ext-w1,10,120010,0,23,,0,128,8192,718.83528264363611,convergence
ext-w1,10,120010,0,24,,0,169,10816,710.68281682332361,convergence
ext-w1,10,120010,0,25,,0,149,9536,711.49662272135413,convergence
ext-w1,10,120010,0,26,,0,129,8256,711.49154281616211,convergence
ext-w1,10,120010,0,27,,0,163,10432,707.24986521402991,convergence
ext-w1,10,120010,0,28,,0,148,9472,703.21032333374023,convergence
ext-w1,10,120010,0,29,,0,145,9280,707.25102488199866,convergence
ext-w1,10,120010,0,30,,0,174,11136,707.25217056274414,convergence
ext-w1,10,120010,0,31,,0,154,9856,719.75618362426758,convergence
ext-w1,10,120010,0,32,,0,155,9920,707.25741449991858,convergence
ext-w1,10,120010,0,33,,0,140,8960,707.25030771891272,convergence
ext-w1,10,120010,0,34,,0,156,9984,707.25071716308594,convergence
ext-w1,10,120010,0,35,,0,166,10624,707.25134913126624,convergence
ext-w1,10,120010,0,36,,0,169,10816,707.25602595011389,convergence
ext-w1,10,120010,0,37,,0,157,10048,707.24986521402991,convergence
ext-w1,10,120010,0,38,,0,158,10112,707.25706100463867,convergence
ext-w1,10,120010,0,39,,0,155,9920,707.25217056274414,convergence
ext-w1,10,120010,0,40,,0,181,11584,707.25008773803711,convergence
ext-w1,10,120010,0,41,,0,129,8256,703.98126093546546,convergence
ext-w1,10,120010,0,42,,0,170,10880,707.25633239746094,convergence
ext-w1,10,120010,0,43,,0,124,7936,721.42610295613611,convergence
ext-w1,10,120010,0,44,,0,180,11520,707.25679524739587,convergence
ext-w1,10,120010,0,45,,0,155,9920,707.25840504964196,convergence
ext-w1,10,120010,0,46,,0,156,9984,707.25636672973633,convergence
ext-w1,10,120010,0,47,,0,198,12672,707.25517527262366,convergence
ext-w1,10,120010,0,48,,0,178,11392,707.25640106201172,convergence
ext-w1,10,120010,0,49,,0,117,7488,708.09172948201501,convergence
ext-w1,10,120010,0,50,,0,147,9408,707.25071716308594,convergence
ext-w1,10,120010,0,51,,0,109,6976,708.09639104207361,convergence
ext-w1,10,120010,0,52,,0,115,7360,708.9628791809082,convergence
ext-w1,10,120010,0,53,,0,147,9408,721.42657089233398,convergence
ext-w1,10,120010,0,54,,0,134,8576,707.27241261800134,convergence
ext-w1,10,120010,0,55,,0,136,8704,703.97617721557617,convergence
ext-w1,10,120010,0,56,,0,127,8128,707.26266606648767,convergence
ext-w1,10,120010,0,57,,0,146,9344,707.25243631998694,convergence
ext-w1,10,120010,0,58,,0,155,9920,707.25583394368493,convergence
ext-w1,10,120010,0,59,,0,156,9984,707.25071716308594,convergence
ext-w1,10,120010,0,60,,0,129,8256,703.98497772216797,convergence
ext-w1,10,120010,0,61,,0,147,9408,714.27801386515296,convergence
ext-w1,10,120010,0,62,,0,148,9472,703.2254524230957,convergence
ext-w1,10,120010,0,63,,0,162,10368,708.96112696329749,convergence
ext-w1,10,120010,0,64,,0,151,9664,707.27836100260413,convergence
ext-w1,10,120010,0,65,,0,118,7552,708.15737152099609,convergence
ext-w1,10,120010,0,66,,0,165,10560,707.25762049357093,convergence
ext-w1,10,120010,0,67,,0,174,11136,707.25203577677405,convergence
ext-w1,10,120010,0,68,,0,185,11840,720.42365646362305,convergence
ext-w1,10,120010,0,69,,0,181,11584,707.25202687581384,convergence
ext-w1,10,120010,0,70,,0,140,8960,718.58882904052734,convergence
ext-w1,10,120010,0,71,,0,105,6720,708.09639104207361,convergence
ext-w1,10,120010,0,72,,0,118,7552,708.96541213989258,convergence
ext-w1,10,120010,0,73,,0,171,10944,707.26029968261719,convergence
ext-w1,10,120010,0,74,,0,164,10496,707.30179723103845,convergence
ext-w1,10,120010,0,75,,0,149,9536,703.97617721557617,convergence
ext-w1,10,120010,0,76,,0,168,10752,707.25217056274414,convergence
ext-w1,10,120010,0,77,,0,129,8256,703.97793706258142,convergence
ext-w1,10,120010,0,78,,0,179,11456,707.27558898925781,convergence
ext-w1,10,120010,0,79,,0,181,11584,707.25517527262366,convergence
ext-w1,10,120010,0,80,,0,165,10560,707.27191289265954,convergence
ext-w1,10,120010,1,0,,0,124,7936,686.31956609090173,convergence
ext-w1,10,120010,1,1,,0,153,9792,687.26894887288415,convergence
ext-w1,10,120010,1,2,,0,163,10432,687.33978398640954,convergence
ext-w1,10,120010,1,3,,0,163,10432,687.33914057413733,convergence
ext-w1,10,120010,1,4,,0,151,9664,687.26270294189453,convergence
ext-w1,10,120010,1,5,,0,180,11520,686.33744939168298,convergence
ext-w1,10,120010,1,6,,0,144,9216,687.26084772745764,convergence
ext-w1,10,120010,1,7,,0,142,9088,687.2999382019043,convergence
ext-w1,10,120010,1,8,,0,174,11136,691.86203765869141,convergence
ext-w1,10,120010,1,9,,0,156,9984,687.28031031290686,convergence
ext-w1,10,120010,1,10,,0,142,9088,686.32453918457031,convergence
ext-w1,10,120010,1,11,,0,114,7296,682.92430750528968,convergence
ext-w1,10,120010,1,12,,0,135,8640,686.32521311442054,convergence
ext-w1,10,120010,1,13,,0,121,7744,685.87541325887048,convergence
ext-w1,10,120010,1,14,,0,162,10368,687.31838480631507,convergence
ext-w1,10,120010,1,15,,0,120,7680,686.32128397623694,convergence
ext-w1,10,120010,1,16,,0,180,11520,691.26858266194665,convergence
ext-w1,10,120010,1,17,,0,139,8896,686.35003662109375,convergence
ext-w1,10,120010,1,18,,0,162,10368,687.34331893920898,convergence
ext-w1,10,120010,1,19,,0,143,9152,687.31745274861657,convergence
ext-w1,10,120010,1,20,,0,171,10944,687.26992289225257,convergence
ext-w1,10,120010,1,21,,0,153,9792,687.33087539672852,convergence
ext-w1,10,120010,1,22,,0,151,9664,691.77131907145179,convergence
ext-w1,10,120010,1,23,,0,163,10432,691.59334437052405,convergence
ext-w1,10,120010,1,24,,0,158,10112,692.43744150797522,convergence
ext-w1,10,120010,1,25,,0,163,10432,692.2416661580404,convergence
ext-w1,10,120010,1,26,,0,200,12800,691.79936599731445,convergence
ext-w1,10,120010,1,27,,0,153,9792,687.3328857421875,convergence
ext-w1,10,120010,1,28,,0,141,9024,688.18769454956055,convergence
ext-w1,10,120010,1,29,,0,155,9920,691.68971633911133,convergence
ext-w1,10,120010,1,30,,0,180,11520,687.34331893920898,convergence
ext-w1,10,120010,1,31,,0,164,10496,687.33967971801758,convergence
ext-w1,10,120010,1,32,,0,141,9024,686.32401021321618,convergence
ext-w1,10,120010,1,33,,0,141,9024,687.3340848286947,convergence
ext-w1,10,120010,1,34,,0,173,11072,687.29805755615234,convergence
ext-w1,10,120010,1,35,,0,145,9280,687.28066380818689,convergence
ext-w1,10,120010,1,36,,0,136,8704,687.27928415934241,convergence
ext-w1,10,120010,1,37,,0,189,12096,691.59184646606445,convergence
ext-w1,10,120010,1,38,,0,121,7744,686.31956609090173,convergence
ext-w1,10,120010,1,39,,0,144,9216,686.32521311442054,convergence
ext-w1,10,120010,1,40,,0,209,13376,690.21903864542639,convergence
ext-w1,10,120010,1,41,,0,164,10496,687.33307902018225,convergence
ext-w1,10,120010,1,42,,0,165,10560,682.08394241333008,convergence
ext-w1,10,120010,1,43,,0,159,10176,692.35645167032874,convergence
ext-w1,10,120010,1,44,,0,181,11584,688.81204732259118,convergence
ext-w1,10,120010,1,45,,0,166,10624,682.07863362630212,convergence
ext-w1,10,120010,1,46,,0,147,9408,687.29724375406897,convergence
ext-w1,10,120010,1,47,,0,192,12288,692.3448155721029,convergence
ext-w1,10,120010,1,48,,0,180,11520,687.32922999064124,convergence
ext-w1,10,120010,1,49,,0,151,9664,687.3144416809082,convergence
ext-w1,10,120010,1,50,,0,151,9664,687.28807067871094,convergence
ext-w1,10,120010,1,51,,0,171,10944,692.44887034098304,convergence
ext-w1,10,120010,1,52,,0,185,11840,687.30444081624353,convergence
ext-w1,10,120010,1,53,,0,188,12032,692.30149586995446,convergence
ext-w1,10,120010,1,54,,0,181,11584,691.59481048583984,convergence
ext-w1,10,120010,1,55,,0,126,8064,685.79967880249023,convergence
ext-w1,10,120010,1,56,,0,153,9792,687.32540003458655,convergence
ext-w1,10,120010,1,57,,0,149,9536,687.31381734212243,convergence
ext-w1,10,120010,1,58,,0,180,11520,687.3144416809082,convergence
ext-w1,10,120010,1,59,,0,150,9600,687.26434834798181,convergence
ext-w1,10,120010,1,60,,0,159,10176,687.32268905639648,convergence
ext-w1,10,120010,1,61,,0,159,10176,687.31462605794275,convergence
ext-w1,10,120010,1,62,,0,169,10816,687.33310445149743,convergence
ext-w1,10,120010,1,63,,0,163,10432,692.29386647542321,convergence
ext-w1,10,120010,1,64,,0,190,12160,687.25632222493493,convergence
ext-w1,10,120010,1,65,,0,164,10496,687.30046717325843,convergence
ext-w1,10,120010,1,66,,0,158,10112,691.99397532145179,convergence
ext-w1,10,120010,1,67,,0,136,8704,686.31551615397132,convergence
ext-w1,10,120010,1,68,,0,187,11968,684.0085563659668,convergence
ext-w1,10,120010,1,69,,0,136,8704,687.33245976765954,convergence
ext-w1,10,120010,1,70,,0,163,10432,687.30383809407556,convergence
ext-w1,10,120010,1,71,,0,170,10880,687.30853144327796,convergence
ext-w1,10,120010,1,72,,0,139,8896,687.3221219380697,convergence
ext-w1,10,120010,1,73,,0,136,8704,691.49723943074548,convergence
ext-w1,10,120010,1,74,,0,129,8256,687.2652689615885,convergence
ext-w1,10,120010,1,75,,0,155,9920,687.32766850789392,convergence
ext-w1,10,120010,1,76,,0,153,9792,687.3144416809082,convergence
ext-w1,10,120010,2,0,,0,147,9408,664.61586380004883,convergence
ext-w1,10,120010,2,1,,0,171,10944,676.33180109659827,convergence
ext-w1,10,120010,2,2,,0,161,10304,668.69609832763672,convergence
ext-w1,10,120010,2,3,,0,202,12928,672.90340805053711,convergence
ext-w1,10,120010,2,4,,0,134,8576,674.98749923706055,convergence
ext-w1,10,120010,2,5,,0,141,9024,661.56115595499671,convergence
ext-w1,10,120010,2,6,,0,191,12224,674.95633697509766,convergence
ext-w1,10,120010,2,7,,0,145,9280,675.69312032063806,convergence
ext-w1,10,120010,2,8,,0,163,10432,671.42563374837243,convergence
ext-w1,10,120010,2,9,,0,123,7872,674.97189712524414,convergence
ext-w1,10,120010,2,10,,0,131,8384,662.65910593668616,convergence
ext-w1,10,120010,2,11,,0,125,8000,657.67240397135413,convergence
ext-w1,10,120010,2,12,,0,149,9536,668.69335810343421,convergence
ext-w1,10,120010,2,13,,0,159,10176,668.69324620564782,convergence
ext-w1,10,120010,2,14,,0,164,10496,668.69324366251624,convergence
ext-w1,10,120010,2,15,,0,196,12544,675.11700312296546,convergence
ext-w1,10,120010,2,16,,0,202,12928,675.45820617675781,convergence
ext-w1,10,120010,2,17,,0,136,8704,675.12232971191406,convergence
ext-w1,10,120010,2,18,,0,141,9024,673.70944213867188,convergence
ext-w1,10,120010,2,19,,0,200,12800,676.11516062418616,convergence
ext-w1,10,120010,2,20,,0,173,11072,676.95295079549157,convergence
ext-w1,10,120010,2,21,,0,174,11136,675.53007634480798,convergence
ext-w1,10,120010,2,22,,0,137,8768,674.95065434773767,convergence
ext-w1,10,120010,2,23,,0,162,10368,674.99969736735022,convergence
ext-w1,10,120010,2,24,,0,198,12672,664.64362080891931,convergence
ext-w1,10,120010,2,25,,0,175,11200,668.69107818603516,convergence
ext-w1,10,120010,2,26,,0,132,8448,669.52921040852868,convergence
ext-w1,10,120010,2,27,,0,145,9280,668.6974881490072,convergence
ext-w1,10,120010,2,28,,0,154,9856,668.69107818603516,convergence
ext-w1,10,120010,2,29,,0,181,11584,674.63612620035804,convergence
ext-w1,10,120010,2,30,,0,173,11072,672.53100331624353,convergence
ext-w1,10,120010,2,31,,0,167,10688,677.40872573852539,convergence
ext-w1,10,120010,2,32,,0,147,9408,668.69136174519861,convergence
ext-w1,10,120010,2,33,,0,133,8512,662.65611267089844,convergence
ext-w1,10,120010,2,34,,0,141,9024,662.65910593668616,convergence
ext-w1,10,120010,2,35,,0,145,9280,668.68697357177734,convergence
ext-w1,10,120010,2,36,,0,123,7872,662.66163889567054,convergence
ext-w1,10,120010,2,37,,0,161,10304,675.43936920166016,convergence
ext-w1,10,120010,2,38,,0,175,11200,668.69090906778968,convergence
ext-w1,10,120010,2,39,,0,167,10688,676.80496978759766,convergence
ext-w1,10,120010,2,40,,0,137,8768,662.65910593668616,convergence
ext-w1,10,120010,2,41,,0,143,9152,664.64153544108069,convergence
ext-w1,10,120010,2,42,,0,134,8576,673.60397974650061,convergence
ext-w1,10,120010,2,43,,0,178,11392,676.10779190063477,convergence
ext-w1,10,120010,2,44,,0,128,8192,662.65910593668616,convergence
ext-w1,10,120010,2,45,,0,143,9152,664.64082463582361,convergence
ext-w1,10,120010,2,46,,0,174,11136,673.85348765055335,convergence
ext-w1,10,120010,2,47,,0,162,10368,676.79616165161133,convergence
ext-w1,10,120010,2,48,,0,156,9984,664.666015625,convergence
ext-w1,10,120010,2,49,,0,185,11840,673.40773773193359,convergence
ext-w1,10,120010,2,50,,0,174,11136,676.37628428141272,convergence
ext-w1,10,120010,2,51,,0,137,8768,664.61586380004883,convergence
ext-w1,10,120010,2,52,,0,158,10112,662.65910593668616,convergence
ext-w1,10,120010,2,53,,0,206,13184,676.10779190063477,convergence
ext-w1,10,120010,2,54,,0,137,8768,662.65910593668616,convergence
ext-w1,10,120010,2,55,,0,118,7552,675.12185668945312,convergence
ext-w1,10,120010,2,56,,0,206,13184,669.72771453857422,convergence
ext-w1,10,120010,2,57,,0,176,11264,676.84343210856116,convergence
ext-w1,10,120010,2,58,,0,125,8000,668.69869486490882,convergence
ext-w1,10,120010,2,59,,0,161,10304,669.99892934163415,convergence
ext-w1,10,120010,2,60,,0,130,8320,664.66694513956702,convergence
ext-w1,10,120010,2,61,,0,151,9664,657.67240397135413,convergence
ext-w1,10,120010,2,62,,0,144,9216,675.12232971191406,convergence
ext-w1,10,120010,2,63,,0,143,9152,677.0064481099447,convergence
ext-w1,10,120010,2,64,,0,148,9472,664.65805689493811,convergence
ext-w1,10,120010,2,65,,0,164,10496,675.65276718139648,convergence
ext-w1,10,120010,2,66,,0,161,10304,675.08474731445312,convergence
ext-w1,10,120010,2,67,,0,184,11776,673.11173756917321,convergence
ext-w1,10,120010,2,68,,0,159,10176,674.76703008015954,convergence
ext-w1,10,120010,2,69,,0,172,11008,674.27974065144861,convergence
ext-w1,10,120010,2,70,,0,211,13504,676.90317026774085,convergence
ext-w1,10,120010,2,71,,0,158,10112,671.71919886271155,convergence
ext-w1,10,120010,2,72,,0,123,7872,662.65910593668616,convergence
ext-w1,10,120010,2,73,,0,138,8832,664.62072881062829,convergence
ext-w1,10,120010,2,74,,0,174,11136,668.69335810343421,convergence
ext-w1,10,120010,2,75,,0,146,9344,671.66058858235681,convergence
ext-w1,10,120010,2,76,,0,173,11072,671.88616943359375,convergence
ext-w1,10,120010,3,0,,0,170,10880,651.70893859863281,convergence
ext-w1,10,120010,3,1,,0,142,9088,650.71597290039062,convergence
ext-w1,10,120010,3,2,,0,149,9536,640.24374008178711,convergence
ext-w1,10,120010,3,3,,0,130,8320,644.2846794128418,convergence
ext-w1,10,120010,3,4,,0,140,8960,652.54705683390296,convergence
ext-w1,10,120010,3,5,,0,159,10176,644.28550593058264,convergence
ext-w1,10,120010,3,6,,0,182,11648,650.44439315795898,convergence
ext-w1,10,120010,3,7,,0,186,11904,652.3539708455404,convergence
ext-w1,10,120010,3,8,,0,142,9088,650.71048990885413,convergence
ext-w1,10,120010,3,9,,0,127,8128,638.25287628173828,convergence
ext-w1,10,120010,3,10,,0,195,12480,640.21713638305664,convergence
ext-w1,10,120010,3,11,,0,127,8128,644.28675842285156,convergence
ext-w1,10,120010,3,12,,0,163,10432,651.8364041646322,convergence
ext-w1,10,120010,3,13,,0,169,10816,640.21713638305664,convergence
ext-w1,10,120010,3,14,,0,166,10624,650.72102483113611,convergence
ext-w1,10,120010,3,15,,0,160,10240,652.39934794108069,convergence
ext-w1,10,120010,3,16,,0,164,10496,640.26137161254883,convergence
ext-w1,10,120010,3,17,,0,153,9792,652.39936065673828,convergence
ext-w1,10,120010,3,18,,0,152,9728,650.57099660237634,convergence
ext-w1,10,120010,3,19,,0,180,11520,644.35449981689453,convergence
ext-w1,10,120010,3,20,,0,127,8128,638.25287628173828,convergence
ext-w1,10,120010,3,21,,0,151,9664,652.59973271687829,convergence
ext-w1,10,120010,3,22,,0,145,9280,638.24988301595056,convergence
ext-w1,10,120010,3,23,,0,131,8384,638.25326410929358,convergence
ext-w1,10,120010,3,24,,0,138,8832,650.17621994018555,convergence
ext-w1,10,120010,3,25,,0,161,10304,651.00321451822913,convergence
ext-w1,10,120010,3,26,,0,138,8832,648.77292633056641,convergence
ext-w1,10,120010,3,27,,0,126,8064,638.25287628173828,convergence
ext-w1,10,120010,3,28,,0,187,11968,640.24314753214514,convergence
ext-w1,10,120010,3,29,,0,117,7488,638.25540924072266,convergence
ext-w1,10,120010,3,30,,0,149,9536,644.28550593058264,convergence
ext-w1,10,120010,3,31,,0,124,7936,638.25287628173828,convergence
ext-w1,10,120010,3,32,,0,120,7680,638.25540924072266,convergence
ext-w1,10,120010,3,33,,0,131,8384,640.26137161254883,convergence
ext-w1,10,120010,3,34,,0,162,10368,652.3877957661947,convergence
ext-w1,10,120010,3,35,,0,150,9600,638.24988301595056,convergence
ext-w1,10,120010,3,36,,0,136,8704,650.70930099487305,convergence
ext-w1,10,120010,3,37,,0,213,13632,651.23066075642907,convergence
ext-w1,10,120010,3,38,,0,201,12864,651.70830917358398,convergence
ext-w1,10,120010,3,39,,0,150,9600,652.57833353678382,convergence
ext-w1,10,120010,3,40,,0,198,12672,651.388671875,convergence
ext-w1,10,120010,3,41,,0,116,7424,644.28643798828125,convergence
ext-w1,10,120010,3,42,,0,148,9472,640.23739115397132,convergence
ext-w1,10,120010,3,43,,0,148,9472,652.2248318990072,convergence
ext-w1,10,120010,3,44,,0,147,9408,650.7159093221029,convergence
ext-w1,10,120010,3,45,,0,154,9856,644.291249593099,convergence
ext-w1,10,120010,3,46,,0,161,10304,640.23805618286133,convergence
ext-w1,10,120010,3,47,,0,137,8768,640.21435292561853,convergence
ext-w1,10,120010,3,48,,0,107,6848,638.25287628173828,convergence
ext-w1,10,120010,3,49,,0,154,9856,640.25978597005212,convergence
ext-w1,10,120010,3,50,,0,183,11712,640.21419016520179,convergence
ext-w1,10,120010,3,51,,0,173,11072,647.51529566446936,convergence
ext-w1,10,120010,3,52,,0,157,10048,640.26586278279626,convergence
ext-w1,10,120010,3,53,,0,193,12352,651.90193303426111,convergence
ext-w1,10,120010,3,54,,0,148,9472,650.70648193359375,convergence
ext-w1,10,120010,3,55,,0,163,10432,640.27190017700195,convergence
ext-w1,10,120010,3,56,,0,200,12800,651.70156987508142,convergence
ext-w1,10,120010,3,57,,0,180,11520,651.69832611083984,convergence
ext-w1,10,120010,3,58,,0,108,6912,638.25287628173828,convergence
ext-w1,10,120010,3,59,,0,133,8512,650.71077346801758,convergence
ext-w1,10,120010,3,60,,0,154,9856,644.29343922932946,convergence
ext-w1,10,120010,3,61,,0,174,11136,651.71088918050134,convergence
ext-w1,10,120010,3,62,,0,126,8064,638.25326410929358,convergence
ext-w1,10,120010,3,63,,0,133,8512,640.26139195760095,convergence
ext-w1,10,120010,3,64,,0,171,10944,650.73708089192712,convergence
ext-w1,10,120010,3,65,,0,131,8384,644.28359603881836,convergence
ext-w1,10,120010,3,66,,0,151,9664,640.23932520548499,convergence
ext-w1,10,120010,3,67,,0,201,12864,651.87541961669922,convergence
ext-w1,10,120010,3,68,,0,141,9024,650.54763285319007,convergence
ext-w1,10,120010,3,69,,0,144,9216,640.22882588704431,convergence
ext-w1,10,120010,3,70,,0,175,11200,652.54700088500977,convergence
ext-w1,10,120010,3,71,,0,133,8512,644.28943379720056,convergence
ext-w1,10,120010,3,72,,0,124,7936,647.97070566813147,convergence
ext-w1,10,120010,3,73,,0,99,6336,638.25287628173828,convergence
ext-w1,10,120010,3,74,,0,163,10432,640.25439198811853,convergence
ext-w1,10,120010,3,75,,0,132,8448,638.24988301595056,convergence
ext-w1,10,120010,3,76,,0,195,12480,646.80062993367517,convergence
ext-w1,10,120010,3,77,,0,123,7872,638.25540924072266,convergence
ext-w1,10,120010,3,78,,0,148,9472,650.71754455566406,convergence
ext-w1,10,120010,3,79,,0,159,10176,644.28484853108728,convergence
ext-w1,10,120010,4,0,,0,166,10624,624.86641184488929,convergence
ext-w1,10,120010,4,1,,0,143,9152,620.80297088623047,convergence
ext-w1,10,120010,4,2,,0,155,9920,620.81932830810547,convergence
ext-w1,10,120010,4,3,,0,160,10240,624.86554336547852,convergence
ext-w1,10,120010,4,4,,0,160,10240,624.86772918701172,convergence
ext-w1,10,120010,4,5,,0,161,10304,620.83516438802087,convergence
ext-w1,10,120010,4,6,,0,170,10880,620.79166920979821,convergence
ext-w1,10,120010,4,7,,0,200,12800,620.81553522745764,convergence
ext-w1,10,120010,4,8,,0,137,8768,624.86442438761389,convergence
ext-w1,10,120010,4,9,,0,137,8768,624.86345672607422,convergence
ext-w1,10,120010,4,10,,0,120,7680,620.83885065714514,convergence
ext-w1,10,120010,4,11,,0,136,8704,633.61330413818359,convergence
ext-w1,10,120010,4,12,,0,154,9856,620.80932744344079,convergence
ext-w1,10,120010,4,13,,0,170,10880,624.86641184488929,convergence
ext-w1,10,120010,4,14,,0,137,8768,624.86232757568359,convergence
ext-w1,10,120010,4,15,,0,143,9152,620.81487019856775,convergence
ext-w1,10,120010,4,16,,0,164,10496,632.9468104044596,convergence
ext-w1,10,120010,4,17,,0,142,9088,624.86232757568359,convergence
ext-w1,10,120010,4,18,,0,209,13376,620.82121276855469,convergence
ext-w1,10,120010,4,19,,0,174,11136,620.81297556559241,convergence
ext-w1,10,120010,4,20,,0,153,9792,624.86107508341468,convergence
ext-w1,10,120010,4,21,,0,136,8704,624.86779657999671,convergence
ext-w1,10,120010,4,22,,0,147,9408,624.86468760172522,convergence
ext-w1,10,120010,4,23,,0,197,12608,624.86232757568359,convergence
ext-w1,10,120010,4,24,,0,156,9984,624.86215845743811,convergence
ext-w1,10,120010,4,25,,0,151,9664,620.83925755818689,convergence
ext-w1,10,120010,4,26,,0,122,7808,624.8621610005697,convergence
ext-w1,10,120010,4,27,,0,122,7808,620.84047063191736,convergence
ext-w1,10,120010,4,28,,0,154,9856,620.81730779012048,convergence
ext-w1,10,120010,4,29,,0,173,11072,624.86460749308264,convergence
ext-w1,10,120010,4,30,,0,168,10752,632.78344345092773,convergence
ext-w1,10,120010,4,31,,0,166,10624,624.86215845743811,convergence
ext-w1,10,120010,4,32,,0,151,9664,624.86232757568359,convergence
ext-w1,10,120010,4,33,,0,160,10240,620.83639780680335,convergence
ext-w1,10,120010,4,34,,0,183,11712,620.83819452921546,convergence
ext-w1,10,120010,4,35,,0,200,12800,620.81487019856775,convergence
ext-w1,10,120010,4,36,,0,126,8064,624.86449305216468,convergence
ext-w1,10,120010,4,37,,0,170,10880,620.79183197021484,convergence
ext-w1,10,120010,4,38,,0,157,10048,620.83885065714514,convergence
ext-w1,10,120010,4,39,,0,156,9984,620.83726501464844,convergence
ext-w1,10,120010,4,40,,0,174,11136,620.79166920979821,convergence
ext-w1,10,120010,4,41,,0,172,11008,625.38894526163733,convergence
ext-w1,10,120010,4,42,,0,157,10048,624.86215845743811,convergence
ext-w1,10,120010,4,43,,0,158,10112,620.79461542765296,convergence
ext-w1,10,120010,4,44,,0,144,9216,624.86107508341468,convergence
ext-w1,10,120010,4,45,,0,185,11840,620.79461542765296,convergence
ext-w1,10,120010,4,46,,0,145,9280,624.86215845743811,convergence
ext-w1,10,120010,4,47,,0,155,9920,620.80282211303711,convergence
ext-w1,10,120010,4,48,,0,141,9024,620.79360326131189,convergence
ext-w1,10,120010,4,49,,0,145,9280,624.86449559529626,convergence
ext-w1,10,120010,4,50,,0,133,8512,620.83929570515954,convergence
ext-w1,10,120010,4,51,,0,165,10560,620.79183197021484,convergence
ext-w1,10,120010,4,52,,0,135,8640,624.8621610005697,convergence
ext-w1,10,120010,4,53,,0,124,7936,624.86987559000647,convergence
ext-w1,10,120010,4,54,,0,161,10304,625.37371953328454,convergence
ext-w1,10,120010,4,55,,0,160,10240,624.86215845743811,convergence
ext-w1,10,120010,4,56,,0,145,9280,625.38087972005212,convergence
ext-w1,10,120010,4,57,,0,134,8576,620.81840387980139,convergence
ext-w1,10,120010,4,58,,0,161,10304,620.78711318969727,convergence
ext-w1,10,120010,4,59,,0,156,9984,624.86232757568359,convergence
ext-w1,10,120010,4,60,,0,150,9600,620.81840387980139,convergence
ext-w1,10,120010,4,61,,0,148,9472,620.79536565144861,convergence
ext-w1,10,120010,4,62,,0,184,11776,620.78611755371094,convergence
ext-w1,10,120010,4,63,,0,117,7488,624.8626594543457,convergence
ext-w1,10,120010,4,64,,0,149,9536,620.82295354207361,convergence
ext-w1,10,120010,4,65,,0,180,11520,620.81872940063477,convergence
ext-w1,10,120010,4,66,,0,144,9216,624.86345672607422,convergence
ext-w1,10,120010,4,67,,0,147,9408,624.86460749308264,convergence
ext-w1,10,120010,4,68,,0,164,10496,620.79166920979821,convergence
ext-w1,10,120010,4,69,,0,140,8960,632.80032221476233,convergence
ext-w1,10,120010,4,70,,0,140,8960,620.83929570515954,convergence
ext-w1,10,120010,4,71,,0,174,11136,620.81553522745764,convergence
ext-w1,10,120010,4,72,,0,136,8704,620.83764775594079,convergence
ext-w1,10,120010,4,73,,0,177,11328,632.8496983846029,convergence
ext-w1,10,120010,4,74,,0,148,9472,624.86941528320312,convergence
ext-w1,10,120010,4,75,,0,158,10112,620.82033920288086,convergence
ext-w1,10,120010,4,76,,0,165,10560,624.86688359578454,convergence
ext-w1,10,120010,4,77,,0,137,8768,624.86420949300134,convergence
ext-w1,10,120010,5,0,,0,135,8640,615.92323684692383,convergence
ext-w1,10,120010,5,1,,0,167,10688,615.44139226277673,convergence
ext-w1,10,120010,5,2,,0,201,12864,615.33964029947913,convergence
ext-w1,10,120010,5,3,,0,132,8448,606.83224360148108,convergence
ext-w1,10,120010,5,4,,0,141,9024,606.83062108357751,convergence
ext-w1,10,120010,5,5,,0,154,9856,606.82947667439782,convergence
ext-w1,10,120010,5,6,,0,129,8256,606.83062108357751,convergence
ext-w1,10,120010,5,7,,0,106,6784,606.82961908976233,convergence
ext-w1,10,120010,5,8,,0,144,9216,615.3391443888346,convergence
ext-w1,10,120010,5,9,,0,172,11008,606.82538731892907,convergence
ext-w1,10,120010,5,10,,0,108,6912,606.83224360148108,convergence
ext-w1,10,120010,5,11,,0,161,10304,606.8321634928385,convergence
ext-w1,10,120010,5,12,,0,164,10496,617.37372334798181,convergence
ext-w1,10,120010,5,13,,0,161,10304,606.82538731892907,convergence
ext-w1,10,120010,5,14,,0,134,8576,606.83445612589514,convergence
ext-w1,10,120010,5,15,,0,138,8832,606.83062108357751,convergence
ext-w1,10,120010,5,16,,0,144,9216,615.34222666422522,convergence
ext-w1,10,120010,5,17,,0,170,10880,617.37315241495764,convergence
ext-w1,10,120010,5,18,,0,159,10176,615.33880488077796,convergence
ext-w1,10,120010,5,19,,0,163,10432,606.82961908976233,convergence
ext-w1,10,120010,5,20,,0,206,13184,615.33967590332031,convergence
ext-w1,10,120010,5,21,,0,138,8832,606.82538731892907,convergence
ext-w1,10,120010,5,22,,0,141,9024,606.82583109537757,convergence
ext-w1,10,120010,5,23,,0,159,10176,606.82927322387695,convergence
ext-w1,10,120010,5,24,,0,129,8256,606.82913589477539,convergence
ext-w1,10,120010,5,25,,0,142,9088,617.71294275919593,convergence
ext-w1,10,120010,5,26,,0,139,8896,606.83224360148108,convergence
ext-w1,10,120010,5,27,,0,131,8384,606.83224360148108,convergence
ext-w1,10,120010,5,28,,0,127,8128,606.83062108357751,convergence
ext-w1,10,120010,5,29,,0,116,7424,606.832285563151,convergence
ext-w1,10,120010,5,30,,0,149,9536,606.82927322387695,convergence
ext-w1,10,120010,5,31,,0,117,7488,606.83442052205407,convergence
ext-w1,10,120010,5,32,,0,128,8192,606.83669789632165,convergence
ext-w1,10,120010,5,33,,0,145,9280,615.92323684692383,convergence
ext-w1,10,120010,5,34,,0,120,7680,606.82583109537757,convergence
ext-w1,10,120010,5,35,,0,146,9344,615.33880488077796,convergence
ext-w1,10,120010,5,36,,0,157,10048,606.83272171020508,convergence
ext-w1,10,120010,5,37,,0,154,9856,606.82791900634766,convergence
ext-w1,10,120010,5,38,,0,149,9536,614.69841512044275,convergence
ext-w1,10,120010,5,39,,0,181,11584,606.82896423339844,convergence
ext-w1,10,120010,5,40,,0,135,8640,606.82961908976233,convergence
ext-w1,10,120010,5,41,,0,137,8768,606.82791900634766,convergence
ext-w1,10,120010,5,42,,0,123,7872,606.82837549845374,convergence
ext-w1,10,120010,5,43,,0,139,8896,606.82961908976233,convergence
ext-w1,10,120010,5,44,,0,165,10560,606.82961908976233,convergence
ext-w1,10,120010,5,45,,0,160,10240,606.82538731892907,convergence
ext-w1,10,120010,5,46,,0,126,8064,606.83801523844397,convergence
ext-w1,10,120010,5,47,,0,130,8320,606.83378473917639,convergence
ext-w1,10,120010,5,48,,0,126,8064,606.83351135253906,convergence
ext-w1,10,120010,5,49,,0,146,9344,606.83378473917639,convergence
ext-w1,10,120010,5,50,,0,138,8832,615.92323684692383,convergence
ext-w1,10,120010,5,51,,0,133,8512,606.8280359903971,convergence
ext-w1,10,120010,5,52,,0,148,9472,614.24348449707031,convergence
ext-w1,10,120010,5,53,,0,137,8768,606.82927322387695,convergence
ext-w1,10,120010,5,54,,0,142,9088,606.82791900634766,convergence
ext-w1,10,120010,5,55,,0,140,8960,615.92323684692383,convergence
ext-w1,10,120010,5,56,,0,139,8896,606.82538731892907,convergence
ext-w1,10,120010,5,57,,0,161,10304,609.09299468994141,convergence
ext-w1,10,120010,5,58,,0,137,8768,606.83669789632165,convergence
ext-w1,10,120010,5,59,,0,119,7616,606.83062108357751,convergence
ext-w1,10,120010,5,60,,0,122,7808,606.83013153076172,convergence
ext-w1,10,120010,5,61,,0,139,8896,606.83190536499023,convergence
ext-w1,10,120010,5,62,,0,168,10752,606.83439381917321,convergence
ext-w1,10,120010,5,63,,0,143,9152,606.83413569132483,convergence
ext-w1,10,120010,5,64,,0,159,10176,606.82947667439782,convergence
ext-w1,10,120010,5,65,,0,122,7808,606.83347574869788,convergence
ext-w1,10,120010,5,66,,0,176,11264,616.76682027180993,convergence
ext-w1,10,120010,5,67,,0,128,8192,606.83722941080725,convergence
ext-w1,10,120010,5,68,,0,114,7296,606.83725738525391,convergence
ext-w1,10,120010,5,69,,0,134,8576,606.82927322387695,convergence
ext-w1,10,120010,5,70,,0,134,8576,606.83347574869788,convergence
ext-w1,10,120010,5,71,,0,128,8192,606.82720184326172,convergence
ext-w1,10,120010,5,72,,0,162,10368,606.8322639465332,convergence
ext-w1,10,120010,5,73,,0,109,6976,606.83475875854492,convergence
ext-w1,10,120010,5,74,,0,193,12352,606.81280390421546,convergence
ext-w1,10,120010,5,75,,0,132,8448,606.82538731892907,convergence
ext-w1,10,120010,5,76,,0,162,10368,606.83249155680335,convergence
ext-w1,10,120010,5,77,,0,139,8896,615.33871587117517,convergence
ext-w1,10,120010,5,78,,0,124,7936,606.83572387695312,convergence
ext-w1,10,120010,5,79,,0,143,9152,617.75279871622718,convergence
ext-w1,10,120010,5,80,,0,221,14144,606.82791900634766,convergence
ext-w1,10,120010,5,81,,0,134,8576,606.83272171020508,convergence
ext-w1,10,120010,5,82,,0,170,10880,606.82896423339844,convergence
ext-w1,10,120010,5,83,,0,123,7872,606.83475875854492,convergence
ext-w1,10,120010,6,0,,0,137,8768,595.13448460896814,convergence
ext-w1,10,120010,6,1,,0,158,10112,601.84089279174805,convergence
ext-w1,10,120010,6,2,,0,150,9600,595.13448460896814,convergence
ext-w1,10,120010,6,3,,0,142,9088,601.36583073933923,convergence
ext-w1,10,120010,6,4,,0,130,8320,600.907969156901,convergence
ext-w1,10,120010,6,5,,0,186,11904,600.77847162882483,convergence
ext-w1,10,120010,6,6,,0,161,10304,588.22546259562171,convergence
ext-w1,10,120010,6,7,,0,115,7360,597.49266179402673,convergence
ext-w1,10,120010,6,8,,0,150,9600,601.38225046793616,convergence
ext-w1,10,120010,6,9,,0,138,8832,595.13448460896814,convergence
ext-w1,10,120010,6,10,,0,147,9408,592.72340774536133,convergence
ext-w1,10,120010,6,11,,0,149,9536,601.36514155069983,convergence
ext-w1,10,120010,6,12,,0,160,10240,601.36324310302734,convergence
ext-w1,10,120010,6,13,,0,170,10880,601.36324310302734,convergence
ext-w1,10,120010,6,14,,0,181,11584,600.77619552612305,convergence
ext-w1,10,120010,6,15,,0,182,11648,601.87622833251953,convergence
ext-w1,10,120010,6,16,,0,149,9536,603.77945836385095,convergence
ext-w1,10,120010,6,17,,0,196,12544,600.36222203572595,convergence
ext-w1,10,120010,6,18,,0,129,8256,595.11968104044593,convergence
ext-w1,10,120010,6,19,,0,168,10752,599.95361455281579,convergence
ext-w1,10,120010,6,20,,0,164,10496,600.77604420979821,convergence
ext-w1,10,120010,6,21,,0,166,10624,602.17118708292639,convergence
ext-w1,10,120010,6,22,,0,152,9728,595.13448460896814,convergence
ext-w1,10,120010,6,23,,0,146,9344,601.36549123128259,convergence
ext-w1,10,120010,6,24,,0,182,11648,600.77937952677405,convergence
ext-w1,10,120010,6,25,,0,127,8128,595.12697219848633,convergence
ext-w1,10,120010,6,26,,0,167,10688,601.83984375,convergence
ext-w1,10,120010,6,27,,0,112,7168,597.49266179402673,convergence
ext-w1,10,120010,6,28,,0,142,9088,602.17517725626624,convergence
ext-w1,10,120010,6,29,,0,159,10176,602.04940923055017,convergence
ext-w1,10,120010,6,30,,0,204,13056,601.8877957661947,convergence
ext-w1,10,120010,6,31,,0,170,10880,600.78841018676758,convergence
ext-w1,10,120010,6,32,,0,197,12608,601.99072265625,convergence
ext-w1,10,120010,6,33,,0,128,8192,595.1308377583822,convergence
ext-w1,10,120010,6,34,,0,180,11520,601.87987772623694,convergence
ext-w1,10,120010,6,35,,0,130,8320,595.13448460896814,convergence
ext-w1,10,120010,6,36,,0,142,9088,597.49266179402673,convergence
ext-w1,10,120010,6,37,,0,153,9792,595.1198844909668,convergence
ext-w1,10,120010,6,38,,0,162,10368,601.84681828816736,convergence
ext-w1,10,120010,6,39,,0,148,9472,603.7795295715332,convergence
ext-w1,10,120010,6,40,,0,151,9664,601.87552515665686,convergence
ext-w1,10,120010,6,41,,0,115,7360,595.13555653889978,convergence
ext-w1,10,120010,6,42,,0,136,8704,595.12031173706055,convergence
ext-w1,10,120010,6,43,,0,153,9792,602.03454462687171,convergence
ext-w1,10,120010,6,44,,0,149,9536,601.36324310302734,convergence
ext-w1,10,120010,6,45,,0,139,8896,595.13448460896814,convergence
ext-w1,10,120010,6,46,,0,119,7616,595.13448460896814,convergence
ext-w1,10,120010,6,47,,0,144,9216,603.52773920694983,convergence
ext-w1,10,120010,6,48,,0,142,9088,601.36523183186853,convergence
ext-w1,10,120010,6,49,,0,165,10560,600.77917607625329,convergence
ext-w1,10,120010,6,50,,0,157,10048,601.37116750081384,convergence
ext-w1,10,120010,6,51,,0,169,10816,603.40219624837243,convergence
ext-w1,10,120010,6,52,,0,133,8512,601.36549123128259,convergence
ext-w1,10,120010,6,53,,0,195,12480,600.77462387084961,convergence
ext-w1,10,120010,6,54,,0,205,13120,600.79146321614587,convergence
ext-w1,10,120010,6,55,,0,203,12992,600.77604420979821,convergence
ext-w1,10,120010,6,56,,0,132,8448,601.37527084350586,convergence
ext-w1,10,120010,6,57,,0,206,13184,598.23501078287757,convergence
ext-w1,10,120010,6,58,,0,161,10304,600.78496424357093,convergence
ext-w1,10,120010,6,59,,0,164,10496,603.40001805623376,convergence
ext-w1,10,120010,6,60,,0,138,8832,599.76673889160156,convergence
ext-w1,10,120010,6,61,,0,135,8640,595.12936782836914,convergence
ext-w1,10,120010,6,62,,0,145,9280,595.11968104044593,convergence
ext-w1,10,120010,6,63,,0,137,8768,595.13321812947595,convergence
ext-w1,10,120010,6,64,,0,236,15104,601.991221110026,convergence
ext-w1,10,120010,6,65,,0,134,8576,595.13448460896814,convergence
ext-w1,10,120010,6,66,,0,223,14272,598.10189819335938,convergence
ext-w1,10,120010,6,67,,0,140,8960,601.37695058186853,convergence
ext-w1,10,120010,6,68,,0,157,10048,595.12016423543298,convergence
ext-w1,10,120010,6,69,,0,147,9408,600.78598531087243,convergence
ext-w1,10,120010,6,70,,0,168,10752,601.36324310302734,convergence
ext-w1,10,120010,6,71,,0,166,10624,600.34704081217444,convergence
ext-w1,10,120010,6,72,,0,175,11200,588.22513198852539,convergence
ext-w1,10,120010,6,73,,0,139,8896,595.13448460896814,convergence
ext-w1,10,120010,6,74,,0,167,10688,600.37292098999023,convergence
ext-w1,10,120010,6,75,,0,188,12032,600.75829950968421,convergence
ext-w1,10,120010,6,76,,0,227,14528,601.88423919677734,convergence
ext-w1,10,120010,7,0,,0,140,8960,583.52752304077148,convergence
ext-w1,10,120010,7,1,,0,140,8960,583.52664184570312,convergence
ext-w1,10,120010,7,2,,0,158,10112,582.19960021972656,convergence
ext-w1,10,120010,7,3,,0,179,11456,583.30050532023108,convergence
ext-w1,10,120010,7,4,,0,184,11776,583.42798233032227,convergence
ext-w1,10,120010,7,5,,0,129,8256,576.54681269327796,convergence
ext-w1,10,120010,7,6,,0,181,11584,582.17107391357422,convergence
ext-w1,10,120010,7,7,,0,179,11456,582.19365056355798,convergence
ext-w1,10,120010,7,8,,0,185,11840,582.20045598347986,convergence
ext-w1,10,120010,7,9,,0,147,9408,576.54681269327796,convergence
ext-w1,10,120010,7,10,,0,174,11136,582.11538823445642,convergence
ext-w1,10,120010,7,11,,0,192,12288,582.19072723388672,convergence
ext-w1,10,120010,7,12,,0,162,10368,576.54681269327796,convergence
ext-w1,10,120010,7,13,,0,147,9408,583.52508544921875,convergence
ext-w1,10,120010,7,14,,0,133,8512,582.77827072143555,convergence
ext-w1,10,120010,7,15,,0,187,11968,582.18837229410804,convergence
ext-w1,10,120010,7,16,,0,183,11712,583.25175348917639,convergence
ext-w1,10,120010,7,17,,0,171,10944,582.19637934366858,convergence
ext-w1,10,120010,7,18,,0,181,11584,583.28830718994141,convergence
ext-w1,10,120010,7,19,,0,145,9280,583.04137674967444,convergence
ext-w1,10,120010,7,20,,0,168,10752,583.28101221720374,convergence
ext-w1,10,120010,7,21,,0,115,7360,582.77781931559241,convergence
ext-w1,10,120010,7,22,,0,122,7808,583.52695465087891,convergence
ext-w1,10,120010,7,23,,0,129,8256,576.54681269327796,convergence
ext-w1,10,120010,7,24,,0,163,10432,581.90060297648108,convergence
ext-w1,10,120010,7,25,,0,166,10624,583.28830718994141,convergence
ext-w1,10,120010,7,26,,0,130,8320,576.54681269327796,convergence
ext-w1,10,120010,7,27,,0,181,11584,583.52945836385095,convergence
ext-w1,10,120010,7,28,,0,186,11904,576.53187433878577,convergence
ext-w1,10,120010,7,29,,0,161,10304,574.13573582967126,convergence
ext-w1,10,120010,7,30,,0,143,9152,576.54681269327796,convergence
ext-w1,10,120010,7,31,,0,194,12416,582.19185892740882,convergence
ext-w1,10,120010,7,32,,0,129,8256,576.54063034057617,convergence
ext-w1,10,120010,7,33,,0,150,9600,582.77781931559241,convergence
ext-w1,10,120010,7,34,,0,125,8000,576.54755401611328,convergence
ext-w1,10,120010,7,35,,0,171,10944,582.19170761108398,convergence
ext-w1,10,120010,7,36,,0,191,12224,583.25079981485999,convergence
ext-w1,10,120010,7,37,,0,130,8320,576.55074183146155,convergence
ext-w1,10,120010,7,38,,0,141,9024,576.54681269327796,convergence
ext-w1,10,120010,7,39,,0,167,10688,582.19087855021155,convergence
ext-w1,10,120010,7,40,,0,147,9408,583.29103978474939,convergence
ext-w1,10,120010,7,41,,0,146,9344,583.29150517781579,convergence
ext-w1,10,120010,7,42,,0,162,10368,582.19170761108398,convergence
ext-w1,10,120010,7,43,,0,143,9152,582.77755991617835,convergence
ext-w1,10,120010,7,44,,0,150,9600,582.77726109822595,convergence
ext-w1,10,120010,7,45,,0,138,8832,585.01703389485681,convergence
ext-w1,10,120010,7,46,,0,129,8256,576.54681269327796,convergence
ext-w1,10,120010,7,47,,0,145,9280,582.77869033813477,convergence
ext-w1,10,120010,7,48,,0,152,9728,583.52735646565759,convergence
ext-w1,10,120010,7,49,,0,160,10240,583.30305226643884,convergence
ext-w1,10,120010,7,50,,0,186,11904,583.33258438110352,convergence
ext-w1,10,120010,7,51,,0,150,9600,583.52876154581702,convergence
ext-w1,10,120010,7,52,,0,153,9792,582.77865473429358,convergence
ext-w1,10,120010,7,53,,0,241,15424,583.28830718994141,convergence
ext-w1,10,120010,7,54,,0,188,12032,581.76155217488611,convergence
ext-w1,10,120010,7,55,,0,123,7872,578.90498987833655,convergence
ext-w1,10,120010,7,56,,0,164,10496,583.27809015909827,convergence
ext-w1,10,120010,7,57,,0,141,9024,576.54899342854821,convergence
ext-w1,10,120010,7,58,,0,137,8768,582.77781931559241,convergence
ext-w1,10,120010,7,59,,0,149,9536,574.13573582967126,convergence
ext-w1,10,120010,7,60,,0,163,10432,576.54681269327796,convergence
ext-w1,10,120010,7,61,,0,139,8896,582.77815882364905,convergence
ext-w1,10,120010,7,62,,0,174,11136,582.19072723388672,convergence
ext-w1,10,120010,7,63,,0,147,9408,583.52684148152673,convergence
ext-w1,10,120010,7,64,,0,157,10048,585.19176610310876,convergence
ext-w1,10,120010,7,65,,0,164,10496,583.43874613444007,convergence
ext-w1,10,120010,7,66,,0,166,10624,582.18837229410804,convergence
ext-w1,10,120010,7,67,,0,135,8640,576.54681269327796,convergence
ext-w1,10,120010,7,68,,0,176,11264,583.27809015909827,convergence
ext-w1,10,120010,7,69,,0,160,10240,583.28524017333984,convergence
ext-w1,10,120010,7,70,,0,231,14784,582.13346227010095,convergence
ext-w1,10,120010,7,71,,0,179,11456,582.19170761108398,convergence
ext-w1,10,120010,7,72,,0,148,9472,583.52770233154297,convergence
ext-w1,10,120010,7,73,,0,198,12672,581.77447001139319,convergence
ext-w1,10,120010,7,74,,0,192,12288,582.20058695475257,convergence
ext-w1,10,120010,7,75,,0,136,8704,576.54681269327796,convergence
cold-w16,10,120010,0,0,,0,3167,202688,783.57042694091797,convergence
cold-w16,10,120010,0,1,,0,2757,176448,831.49491500854492,convergence
cold-w16,10,120010,0,2,,0,3750,240000,888.72288386027014,convergence
cold-w16,10,120010,0,3,,0,2843,181952,971.4931755065918,convergence
cold-w16,10,120010,0,4,,0,2870,183680,831.12180836995446,convergence
cold-w16,10,120010,0,5,,0,2950,188800,799.92407989501953,convergence
cold-w16,10,120010,0,6,,0,2946,188544,965.20449956258142,convergence
cold-w16,10,120010,0,7,,0,3167,202688,1095.5479647318523,convergence
cold-w16,10,120010,0,8,,0,2706,173184,886.18310419718421,convergence
cold-w16,10,120010,0,9,,0,2684,171776,868.24572881062829,convergence
cold-w16,10,120010,0,10,,0,2867,183488,904.56288146972656,convergence
cold-w16,10,120010,0,11,,0,2266,145024,880.2376492818197,convergence
cold-w16,10,120010,0,12,,0,3420,218880,1198.6700261433919,convergence
cold-w16,10,120010,0,13,,0,2853,182592,862.62415313720703,convergence
cold-w16,10,120010,0,14,,0,3558,227712,846.77251815795898,convergence
cold-w16,10,120010,0,15,,0,3232,206848,733.42773564656579,convergence
cold-w16,10,120010,0,16,,0,3089,197696,866.19124603271484,convergence
cold-w16,10,120010,0,17,,0,2930,187520,807.38373947143555,convergence
cold-w16,10,120010,0,18,,0,3204,205056,877.02077738444007,convergence
cold-w16,10,120010,0,19,,0,3169,202816,828.5594380696615,convergence
cold-w16,10,120010,0,20,,0,2302,147328,867.79476292928064,convergence
cold-w16,10,120010,0,21,,0,3210,205440,860.01696904500329,convergence
cold-w16,10,120010,0,22,,0,2980,190720,913.50554784139001,convergence
cold-w16,10,120010,0,23,,0,2375,152000,777.15663146972656,convergence
cold-w16,10,120010,0,24,,0,2449,156736,930.80329513549805,convergence
cold-w16,10,120010,0,25,,0,3662,234368,803.32503636678064,convergence
cold-w16,10,120010,0,26,,0,3084,197376,1054.634449005127,convergence
cold-w16,10,120010,0,27,,0,3200,204800,1150.7374509175618,convergence
cold-w16,10,120010,0,28,,0,2791,178624,862.33027648925781,convergence
cold-w16,10,120010,0,29,,0,3218,205952,764.77133814493811,convergence
cold-w16,10,120010,0,30,,0,2716,173824,815.99723307291663,convergence
cold-w16,10,120010,0,31,,0,3108,198912,1058.4658164978027,convergence
cold-w16,10,120010,0,32,,0,3540,226560,958.40389887491858,convergence
ext-w8,11,120011,0,0,,0,1470,94080,688.46613057454431,convergence
ext-w8,11,120011,0,1,,0,1797,115008,666.39346822102868,convergence
ext-w8,11,120011,0,2,,0,1807,115648,687.39833196004236,convergence
ext-w8,11,120011,0,3,,0,1599,102336,638.19685872395837,convergence
ext-w8,11,120011,0,4,,0,1440,92160,673.55356089274085,convergence
ext-w8,11,120011,0,5,,0,1535,98240,655.68588638305664,convergence
ext-w8,11,120011,0,6,,0,1471,94144,656.08415985107422,convergence
ext-w8,11,120011,0,7,,0,1548,99072,616.83673858642578,convergence
ext-w8,11,120011,0,8,,0,1951,124864,647.1503690083822,convergence
ext-w8,11,120011,0,9,,0,1871,119744,693.83063507080078,convergence
ext-w8,11,120011,0,10,,0,1680,107520,640.02430725097656,convergence
ext-w8,11,120011,0,11,,0,1446,92544,668.09462356567383,convergence
ext-w8,11,120011,0,12,,0,1493,95552,660.56180445353186,convergence
ext-w8,11,120011,0,13,,0,1235,79040,661.60349019368493,convergence
ext-w8,11,120011,0,14,,0,2006,128384,675.23762766520179,convergence
ext-w8,11,120011,0,15,,0,1357,86848,678.58269882202148,convergence
ext-w8,11,120011,0,16,,0,1163,74432,651.58121999104821,convergence
ext-w8,11,120011,0,17,,0,1321,84544,661.79591751098633,convergence
ext-w8,11,120011,0,18,,0,1188,76032,673.57050959269202,convergence
ext-w8,11,120011,0,19,,0,1507,96448,663.83041381835938,convergence
ext-w8,11,120011,0,20,,0,1365,87360,674.97098414103186,convergence
ext-w8,11,120011,0,21,,0,1478,94592,676.31157684326172,convergence
ext-w8,11,120011,0,22,,0,1112,71168,678.98797480265296,convergence
ext-w8,11,120011,0,23,,0,1307,83648,667.29393895467126,convergence
ext-w8,11,120011,0,24,,0,1548,99072,641.2227999369303,convergence
ext-w8,11,120011,0,25,,0,1088,69632,644.38481394449866,convergence
ext-w8,11,120011,0,26,,0,1297,83008,655.7999165852865,convergence
ext-w8,11,120011,0,27,,0,1426,91264,645.94350179036462,convergence
ext-w8,11,120011,0,28,,0,1331,85184,640.0078239440918,convergence
ext-w8,11,120011,0,29,,0,1272,81408,626.64630635579431,convergence
ext-w8,11,120011,0,30,,0,1289,82496,642.92954254150391,convergence
ext-w8,11,120011,0,31,,0,1423,91072,664.77422968546546,convergence
ext-w8,11,120011,0,32,,0,1265,80960,661.43536249796546,convergence
ext-w8,11,120011,0,33,,0,1300,83200,665.12371826171875,convergence
ext-w8,11,120011,0,34,,0,1290,82560,630.56236521402991,convergence
ext-w8,11,120011,0,35,,0,2955,189120,680.53159586588538,convergence
ext-w8,11,120011,0,36,,0,1388,88832,634.95016479492188,convergence
ext-w8,11,120011,0,37,,0,1474,94336,641.46450932820642,convergence
ext-w8,11,120011,0,38,,0,1642,105088,657.98629124959314,convergence
ext-w8,11,120011,0,39,,0,1399,89536,657.36679840087891,convergence
ext-w8,11,120011,0,40,,0,1714,109696,653.34432983398438,convergence
ext-w8,11,120011,0,41,,0,2297,147008,643.73306274414062,convergence
ext-w8,11,120011,0,42,,0,1332,85248,648.90571339925134,convergence
ext-w8,11,120011,0,43,,0,1469,94016,650.76401392618811,convergence
ext-w8,11,120011,0,44,,0,1585,101440,660.62095769246423,convergence
ext-w8,11,120011,0,45,,0,1549,99136,649.35747273763025,convergence
ext-w8,11,120011,0,46,,0,2594,166016,658.03377405802405,convergence
ext-w8,11,120011,0,47,,0,1440,92160,649.16075770060218,convergence
ext-w8,11,120011,0,48,,0,1297,83008,656.97667821248376,convergence
ext-w8,11,120011,0,49,,0,1406,89984,676.16803487141931,convergence
ext-w8,11,120011,0,50,,0,1679,107456,663.25818761189782,convergence
ext-w8,11,120011,0,51,,0,1299,83136,650.9478975931803,convergence
ext-w8,11,120011,0,52,,0,1299,83136,660.49818420410156,convergence
ext-w8,11,120011,0,53,,0,1137,72768,641.45260747273767,convergence
ext-w8,11,120011,0,54,,0,1357,86848,658.40002950032556,convergence
ext-w8,11,120011,0,55,,0,1630,104320,645.60818608601892,convergence
ext-w8,11,120011,0,56,,0,1605,102720,654.93702952067054,convergence
ext-w8,11,120011,0,57,,0,1171,74944,656.40337371826172,convergence
ext-w8,11,120011,0,58,,0,1450,92800,681.11301676432288,convergence
ext-w8,11,120011,0,59,,0,1706,109184,658.2637837727865,convergence
ext-w8,11,120011,0,60,,0,1638,104832,641.78507359822595,convergence
ext-w8,11,120011,0,61,,0,1385,88640,650.81718063354492,convergence
ext-w8,11,120011,0,62,,0,1167,74688,662.27354685465491,convergence
ext-w8,11,120011,0,63,,0,1325,84800,638.76327387491858,convergence
ext-w8,11,120011,0,64,,0,1256,80384,652.45576477050781,convergence
ext-w4,11,120011,0,0,,0,558,35712,670.90257008870446,convergence
ext-w4,11,120011,0,1,,0,548,35072,657.43351872762048,convergence
ext-w4,11,120011,0,2,,0,731,46784,678.92750803629554,convergence
ext-w4,11,120011,0,3,,0,637,40768,664.59394200642907,convergence
ext-w4,11,120011,0,4,,0,731,46784,662.88834889729821,convergence
ext-w4,11,120011,0,5,,0,633,40512,680.63015365600586,convergence
ext-w4,11,120011,0,6,,0,835,53440,683.80381520589196,convergence
ext-w4,11,120011,0,7,,0,769,49216,678.2506319681803,convergence
ext-w4,11,120011,0,8,,0,724,46336,651.17475891113281,convergence
ext-w4,11,120011,0,9,,0,790,50560,674.272694905599,convergence
ext-w4,11,120011,0,10,,0,576,36864,651.02641042073571,convergence
ext-w4,11,120011,0,11,,0,629,40256,662.28311793009436,convergence
ext-w4,11,120011,0,12,,0,520,33280,657.38207372029626,convergence
ext-w4,11,120011,0,13,,0,781,49984,668.87379709879554,convergence
ext-w4,11,120011,0,14,,0,650,41600,674.72870508829749,convergence
ext-w4,11,120011,0,15,,0,575,36800,672.49363962809241,convergence
ext-w4,11,120011,0,16,,0,590,37760,674.57538859049475,convergence
ext-w4,11,120011,0,17,,0,818,52352,665.45844014485681,convergence
ext-w4,11,120011,0,18,,0,621,39744,669.28022766113281,convergence
ext-w4,11,120011,0,19,,0,598,38272,670.24011103312171,convergence
ext-w4,11,120011,0,20,,0,759,48576,683.42803827921546,convergence
ext-w4,11,120011,0,21,,0,485,31040,683.29587554931641,convergence
ext-w4,11,120011,0,22,,0,673,43072,673.55199432373047,convergence
ext-w4,11,120011,0,23,,0,634,40576,667.2663688659668,convergence
ext-w4,11,120011,0,24,,0,1394,89216,691.5303624471029,convergence
ext-w4,11,120011,0,25,,0,529,33856,653.01483662923181,convergence
ext-w4,11,120011,0,26,,0,622,39808,670.82865015665686,convergence
ext-w4,11,120011,0,27,,0,659,42176,691.16922124226892,convergence
ext-w4,11,120011,0,28,,0,629,40256,669.47811762491858,convergence
ext-w4,11,120011,0,29,,0,703,44992,674.67380142211914,convergence
ext-w4,11,120011,0,30,,0,616,39424,672.15240987141931,convergence
ext-w4,11,120011,0,31,,0,550,35200,670.05212783813477,convergence
ext-w4,11,120011,0,32,,0,741,47424,671.0547993977865,convergence
ext-w4,11,120011,0,33,,0,770,49280,672.34393437703454,convergence
ext-w4,11,120011,0,34,,0,673,43072,670.84371566772461,convergence
ext-w4,11,120011,0,35,,0,639,40896,683.095692952474,convergence
ext-w4,11,120011,0,36,,0,684,43776,675.40547815958655,convergence
ext-w4,11,120011,0,37,,0,717,45888,671.08966700235999,convergence
ext-w4,11,120011,0,38,,0,663,42432,682.02598698933923,convergence
ext-w4,11,120011,0,39,,0,741,47424,678.77839024861657,convergence
ext-w4,11,120011,0,40,,0,596,38144,671.65642547607422,convergence
ext-w4,11,120011,0,41,,0,703,44992,673.98535537719727,convergence
ext-w4,11,120011,0,42,,0,578,36992,671.52503840128577,convergence
ext-w4,11,120011,0,43,,0,763,48832,684.40056991577148,convergence
ext-w4,11,120011,0,44,,0,690,44160,651.71816507975257,convergence
ext-w4,11,120011,0,45,,0,529,33856,671.41413243611657,convergence
ext-w4,11,120011,0,46,,0,604,38656,672.87706756591797,convergence
ext-w4,11,120011,0,47,,0,561,35904,665.81402333577478,convergence
ext-w4,11,120011,0,48,,0,985,63040,674.28960545857751,convergence
ext-w4,11,120011,0,49,,0,674,43136,688.87601089477539,convergence
ext-w4,11,120011,0,50,,0,572,36608,674.75667826334632,convergence
ext-w4,11,120011,0,51,,0,553,35392,687.39138158162439,convergence
ext-w4,11,120011,0,52,,0,584,37376,669.26421101888025,convergence
ext-w4,11,120011,0,53,,0,677,43328,674.61167907714844,convergence
ext-w4,11,120011,0,54,,0,645,41280,670.98681767781579,convergence
ext-w4,11,120011,0,55,,0,612,39168,672.90569051106775,convergence
ext-w4,11,120011,0,56,,0,651,41664,665.50863774617517,convergence
ext-w4,11,120011,0,57,,0,771,49344,679.47075907389319,convergence
ext-w4,11,120011,0,58,,0,1216,77824,685.72884750366211,convergence
ext-w4,11,120011,0,59,,0,649,41536,670.01128005981445,convergence
ext-w4,11,120011,0,60,,0,618,39552,670.78037897745764,convergence
ext-w4,11,120011,0,61,,0,671,42944,661.30609258015954,convergence
ext-w4,11,120011,0,62,,0,967,61888,665.0560188293457,convergence
ext-w4,11,120011,0,63,,0,692,44288,665.18371709187829,convergence
ext-w4,11,120011,0,64,,0,899,57536,685.67756398518884,convergence
ext-w4,11,120011,0,65,,0,656,41984,682.41959508260095,convergence
ext-w4,11,120011,0,66,,0,665,42560,672.07437515258789,convergence
ext-w4,11,120011,0,67,,0,591,37824,666.99019877115882,convergence
ext-w4,11,120011,0,68,,0,551,35264,671.7679341634115,convergence
ext-w4,11,120011,0,69,,0,761,48704,655.60936609903968,convergence
ext-w4,11,120011,0,70,,0,531,33984,642.55915451049805,convergence
ext-w4,11,120011,1,0,,0,638,40832,605.11736424764001,convergence
ext-w4,11,120011,1,1,,0,797,51008,623.97513707478845,convergence
ext-w4,11,120011,1,2,,0,817,52288,607.4241727193197,convergence
ext-w4,11,120011,1,3,,0,617,39488,609.09762827555335,convergence
ext-w4,11,120011,1,4,,0,643,41152,608.22707112630212,convergence
ext-w4,11,120011,1,5,,0,597,38208,603.14414087931311,convergence
ext-w4,11,120011,1,6,,0,650,41600,616.76761245727539,convergence
ext-w4,11,120011,1,7,,0,730,46720,602.9281120300293,convergence
ext-w4,11,120011,1,8,,0,1310,83840,606.7935905456543,convergence
ext-w4,11,120011,1,9,,0,608,38912,608.43983205159509,convergence
ext-w4,11,120011,1,10,,0,687,43968,608.38169479370117,convergence
ext-w4,11,120011,1,11,,0,549,35136,606.62263870239258,convergence
ext-w4,11,120011,1,12,,0,622,39808,606.78867975870764,convergence
ext-w4,11,120011,1,13,,0,621,39744,602.88666280110681,convergence
ext-w4,11,120011,1,14,,0,988,63232,613.44232559204102,convergence
ext-w4,11,120011,1,15,,0,760,48640,606.85400263468421,convergence
ext-w4,11,120011,1,16,,0,553,35392,605.07332102457679,convergence
ext-w4,11,120011,1,17,,0,577,36928,602.15041987101233,convergence
ext-w4,11,120011,1,18,,0,765,48960,628.62119038899743,convergence
ext-w4,11,120011,1,19,,0,722,46208,602.61161041259766,convergence
ext-w4,11,120011,1,20,,0,675,43200,629.73623784383142,convergence
ext-w4,11,120011,1,21,,0,558,35712,605.00079854329431,convergence
ext-w4,11,120011,1,22,,0,563,36032,604.56155395507812,convergence
ext-w4,11,120011,1,23,,0,607,38848,606.25076421101892,convergence
ext-w4,11,120011,1,24,,0,539,34496,602.70366032918298,convergence
ext-w4,11,120011,1,25,,0,505,32320,609.99382146199548,convergence
ext-w4,11,120011,1,26,,0,721,46144,609.7155876159668,convergence
ext-w4,11,120011,1,27,,0,538,34432,601.6871337890625,convergence
ext-w4,11,120011,1,28,,0,735,47040,627.80301539103186,convergence
ext-w4,11,120011,1,29,,0,690,44160,606.37561416625977,convergence
ext-w4,11,120011,1,30,,0,596,38144,606.16618347167969,convergence
ext-w4,11,120011,1,31,,0,683,43712,606.54034550984704,convergence
ext-w4,11,120011,1,32,,0,792,50688,604.52573649088538,convergence
ext-w4,11,120011,1,33,,0,638,40832,613.33030954996741,convergence
ext-w4,11,120011,1,34,,0,1314,84096,606.91768010457361,convergence
ext-w4,11,120011,1,35,,0,907,58048,608.35140101114905,convergence
ext-w4,11,120011,1,36,,0,791,50624,608.06792068481445,convergence
ext-w4,11,120011,1,37,,0,751,48064,623.94228998819983,convergence
ext-w4,11,120011,1,38,,0,706,45184,597.44632466634118,convergence
ext-w4,11,120011,1,39,,0,754,48256,601.54738871256507,convergence
ext-w4,11,120011,1,40,,0,683,43712,609.7010714213053,convergence
ext-w4,11,120011,1,41,,0,492,31488,609.06780497233069,convergence
ext-w4,11,120011,1,42,,0,886,56704,632.93070348103845,convergence
ext-w4,11,120011,1,43,,0,761,48704,608.22288131713867,convergence
ext-w4,11,120011,1,44,,0,659,42176,596.78068415323889,convergence
ext-w4,11,120011,1,45,,0,625,40000,619.28951390584314,convergence
ext-w4,11,120011,1,46,,0,535,34240,607.79836273193359,convergence
ext-w4,11,120011,1,47,,0,1076,68864,631.03197352091468,convergence
ext-w4,11,120011,1,48,,0,610,39040,605.7223230997721,convergence
ext-w4,11,120011,1,49,,0,798,51072,609.9917322794596,convergence
ext-w4,11,120011,1,50,,0,694,44416,605.30747222900391,convergence
ext-w4,11,120011,1,51,,0,743,47552,611.14601008097327,convergence
ext-w4,11,120011,1,52,,0,621,39744,609.72234090169275,convergence
ext-w4,11,120011,1,53,,0,628,40192,597.25383631388343,convergence
ext-w4,11,120011,1,54,,0,663,42432,613.11080423990882,convergence
ext-w4,11,120011,1,55,,0,660,42240,608.98372395833337,convergence
ext-w4,11,120011,1,56,,0,672,43008,607.14493815104163,convergence
ext-w4,11,120011,1,57,,0,498,31872,604.95938237508142,convergence
ext-w4,11,120011,1,58,,0,603,38592,616.91906229654944,convergence
ext-w4,11,120011,1,59,,0,798,51072,619.16644668579102,convergence
ext-w4,11,120011,1,60,,0,1139,72896,611.5540885925293,convergence
ext-w4,11,120011,1,61,,0,1028,65792,608.27169291178382,convergence
ext-w4,11,120011,1,62,,0,766,49024,615.9271125793457,convergence
ext-w4,11,120011,1,63,,0,654,41856,622.21087265014648,convergence
ext-w4,11,120011,1,64,,0,725,46400,605.88093694051111,convergence
ext-w4,11,120011,1,65,,0,603,38592,598.81652577718103,convergence
ext-w4,11,120011,1,66,,0,624,39936,617.96295801798499,convergence
ext-w4,11,120011,1,67,,0,684,43776,634.11627833048499,convergence
ext-w4,11,120011,1,68,,0,711,45504,606.62721125284827,convergence
ext-w2,11,120011,0,0,,0,344,22016,712.11967468261719,convergence
ext-w2,11,120011,0,1,,0,337,21568,677.73214213053382,convergence
ext-w2,11,120011,0,2,,0,369,23616,687.36293792724609,convergence
ext-w2,11,120011,0,3,,0,357,22848,705.11154429117835,convergence
ext-w2,11,120011,0,4,,0,303,19392,690.67918014526367,convergence
ext-w2,11,120011,0,5,,0,363,23232,682.09942245483398,convergence
ext-w2,11,120011,0,6,,0,308,19712,683.69134648640954,convergence
ext-w2,11,120011,0,7,,0,351,22464,682.86261749267578,convergence
ext-w2,11,120011,0,8,,0,456,29184,683.6410013834635,convergence
ext-w2,11,120011,0,9,,0,331,21184,694.37334569295251,convergence
ext-w2,11,120011,0,10,,0,307,19648,693.90063603719079,convergence
ext-w2,11,120011,0,11,,0,308,19712,706.9624354044596,convergence
ext-w2,11,120011,0,12,,0,312,19968,687.84422556559241,convergence
ext-w2,11,120011,0,13,,0,372,23808,718.38669204711914,convergence
ext-w2,11,120011,0,14,,0,319,20416,682.87701161702478,convergence
ext-w2,11,120011,0,15,,0,320,20480,687.84515126546228,convergence
ext-w2,11,120011,0,16,,0,310,19840,701.13246154785156,convergence
ext-w2,11,120011,0,17,,0,309,19776,704.5312169392904,convergence
ext-w2,11,120011,0,18,,0,316,20224,687.83078002929688,convergence
ext-w2,11,120011,0,19,,0,273,17472,694.34515253702796,convergence
ext-w2,11,120011,0,20,,0,342,21888,694.43589528401696,convergence
ext-w2,11,120011,0,21,,0,311,19904,694.80847930908203,convergence
ext-w2,11,120011,0,22,,0,256,16384,692.07417678833008,convergence
ext-w2,11,120011,0,23,,0,321,20544,686.33585739135742,convergence
ext-w2,11,120011,0,24,,0,335,21440,693.87371317545569,convergence
ext-w2,11,120011,0,25,,0,281,17984,704.58355585734046,convergence
ext-w2,11,120011,0,26,,0,245,15680,702.19430160522461,convergence
ext-w2,11,120011,0,27,,0,354,22656,704.53480656941736,convergence
ext-w2,11,120011,0,28,,0,308,19712,692.07479476928711,convergence
ext-w2,11,120011,0,29,,0,518,33152,685.70699055989587,convergence
ext-w2,11,120011,0,30,,0,337,21568,700.31051890055335,convergence
ext-w2,11,120011,0,31,,0,318,20352,704.54325612386071,convergence
ext-w2,11,120011,0,32,,0,358,22912,700.30283610026038,convergence
ext-w2,11,120011,0,33,,0,381,24384,704.2380701700846,convergence
ext-w2,11,120011,0,34,,0,285,18240,707.63827641805017,convergence
ext-w2,11,120011,0,35,,0,274,17536,692.07748285929358,convergence
ext-w2,11,120011,0,36,,0,251,16064,692.09825261433923,convergence
ext-w2,11,120011,0,37,,0,378,24192,698.05939229329431,convergence
ext-w2,11,120011,0,38,,0,381,24384,689.85625712076819,convergence
ext-w2,11,120011,0,39,,0,412,26368,702.66499964396155,convergence
ext-w2,11,120011,0,40,,0,298,19072,694.49810028076172,convergence
ext-w2,11,120011,0,41,,0,451,28864,694.51892725626624,convergence
ext-w2,11,120011,0,42,,0,248,15872,694.73077519734704,convergence
ext-w2,11,120011,0,43,,0,350,22400,682.85282516479492,convergence
ext-w2,11,120011,0,44,,0,270,17280,694.41474787394202,convergence
ext-w2,11,120011,0,45,,0,261,16704,687.12614949544275,convergence
ext-w2,11,120011,0,46,,0,294,18816,706.86100387573242,convergence
ext-w2,11,120011,0,47,,0,351,22464,708.46757761637366,convergence
ext-w2,11,120011,0,48,,0,390,24960,700.29316457112634,convergence
ext-w2,11,120011,0,49,,0,342,21888,692.90989303588867,convergence
ext-w2,11,120011,0,50,,0,389,24896,704.54807535807288,convergence
ext-w2,11,120011,0,51,,0,330,21120,706.04385884602868,convergence
ext-w2,11,120011,0,52,,0,386,24704,693.88976669311523,convergence
ext-w2,11,120011,0,53,,0,269,17216,694.95129521687829,convergence
ext-w2,11,120011,0,54,,0,250,16000,694.97570037841797,convergence
ext-w2,11,120011,0,55,,0,261,16704,694.99403635660804,convergence
ext-w2,11,120011,0,56,,0,351,22464,691.29107920328772,convergence
ext-w2,11,120011,0,57,,0,305,19520,683.68482971191406,convergence
ext-w2,11,120011,0,58,,0,309,19776,682.85836791992188,convergence
ext-w2,11,120011,0,59,,0,366,23424,696.83848190307617,convergence
ext-w2,11,120011,0,60,,0,306,19584,694.37415440877282,convergence
ext-w2,11,120011,0,61,,0,242,15488,692.10167185465491,convergence
ext-w2,11,120011,0,62,,0,298,19072,704.53891118367517,convergence
ext-w2,11,120011,0,63,,0,324,20736,694.35093434651696,convergence
ext-w2,11,120011,0,64,,0,345,22080,701.83078257242835,convergence
ext-w2,11,120011,0,65,,0,301,19264,687.09185663859046,convergence
ext-w2,11,120011,0,66,,0,411,26304,694.36730194091797,convergence
ext-w2,11,120011,0,67,,0,277,17728,695.49951299031579,convergence
ext-w2,11,120011,0,68,,0,312,19968,686.35030237833655,convergence
ext-w2,11,120011,0,69,,0,346,22144,693.89284133911133,convergence
ext-w2,11,120011,0,70,,0,320,20480,694.39905039469397,convergence
ext-w2,11,120011,0,71,,0,335,21440,704.2667020161947,convergence
ext-w2,11,120011,0,72,,0,263,16832,695.05534871419275,convergence
ext-w2,11,120011,0,73,,0,258,16512,687.13879013061523,convergence
ext-w2,11,120011,0,74,,0,344,22016,704.24219512939453,convergence
ext-w2,11,120011,1,0,,0,416,26624,653.34694417317712,convergence
ext-w2,11,120011,1,1,,0,340,21760,654.89183934529626,convergence
ext-w2,11,120011,1,2,,0,378,24192,657.28348795572913,convergence
ext-w2,11,120011,1,3,,0,329,21056,649.91513442993164,convergence
ext-w2,11,120011,1,4,,0,352,22528,653.34245936075843,convergence
ext-w2,11,120011,1,5,,0,331,21184,660.15006128946936,convergence
ext-w2,11,120011,1,6,,0,281,17984,647.9024442036947,convergence
ext-w2,11,120011,1,7,,0,345,22080,667.57373682657874,convergence
ext-w2,11,120011,1,8,,0,379,24256,660.63508224487305,convergence
ext-w2,11,120011,1,9,,0,296,18944,640.86122385660804,convergence
ext-w2,11,120011,1,10,,0,290,18560,648.65955098470056,convergence
ext-w2,11,120011,1,11,,0,337,21568,655.75011316935218,convergence
ext-w2,11,120011,1,12,,0,339,21696,653.33110427856445,convergence
ext-w2,11,120011,1,13,,0,340,21760,640.86317443847656,convergence
ext-w2,11,120011,1,14,,0,306,19584,660.13278071085608,convergence
ext-w2,11,120011,1,15,,0,534,34176,660.44750340779626,convergence
ext-w2,11,120011,1,16,,0,357,22848,660.61335245768225,convergence
ext-w2,11,120011,1,17,,0,363,23232,635.90165201822913,convergence
ext-w2,11,120011,1,18,,0,277,17728,652.87573750813806,convergence
ext-w2,11,120011,1,19,,0,337,21568,657.6245231628418,convergence
ext-w2,11,120011,1,20,,0,389,24896,653.69805145263672,convergence
ext-w2,11,120011,1,21,,0,468,29952,650.64669926961267,convergence
ext-w2,11,120011,1,22,,0,330,21120,660.39046732584632,convergence
ext-w2,11,120011,1,23,,0,366,23424,657.5193875630697,convergence
ext-w2,11,120011,1,24,,0,355,22720,667.90594355265296,convergence
ext-w2,11,120011,1,25,,0,319,20416,654.86493301391602,convergence
ext-w2,11,120011,1,26,,0,298,19072,655.60186767578125,convergence
ext-w2,11,120011,1,27,,0,322,20608,635.90608088175452,convergence
ext-w2,11,120011,1,28,,0,353,22592,653.31943893432617,convergence
ext-w2,11,120011,1,29,,0,290,18560,653.95733642578125,convergence
ext-w2,11,120011,1,30,,0,347,22208,646.94185384114587,convergence
ext-w2,11,120011,1,31,,0,373,23872,641.6619656880697,convergence
ext-w2,11,120011,1,32,,0,351,22464,657.49557113647461,convergence
ext-w2,11,120011,1,33,,0,370,23680,653.30597432454431,convergence
ext-w2,11,120011,1,34,,0,349,22336,655.60028457641602,convergence
ext-w2,11,120011,1,35,,0,424,27136,666.0480842590332,convergence
ext-w2,11,120011,1,36,,0,344,22016,647.98427963256836,convergence
ext-w2,11,120011,1,37,,0,362,23168,653.3190027872721,convergence
ext-w2,11,120011,1,38,,0,334,21376,640.89283625284827,convergence
ext-w2,11,120011,1,39,,0,388,24832,653.34264500935876,convergence
ext-w2,11,120011,1,40,,0,349,22336,640.89456303914392,convergence
ext-w2,11,120011,1,41,,0,301,19264,655.85592269897461,convergence
ext-w2,11,120011,1,42,,0,389,24896,658.91700108846032,convergence
ext-w2,11,120011,1,43,,0,283,18112,665.33931096394861,convergence
ext-w2,11,120011,1,44,,0,300,19200,660.14269256591797,convergence
ext-w2,11,120011,1,45,,0,263,16832,667.88755671183264,convergence
ext-w2,11,120011,1,46,,0,339,21696,653.34222284952796,convergence
ext-w2,11,120011,1,47,,0,348,22272,640.87991460164392,convergence
ext-w2,11,120011,1,48,,0,292,18688,640.90624745686853,convergence
ext-w2,11,120011,1,49,,0,314,20096,646.94548288981116,convergence
ext-w2,11,120011,1,50,,0,305,19520,659.64392852783203,convergence
ext-w2,11,120011,1,51,,0,351,22464,647.99541219075525,convergence
ext-w2,11,120011,1,52,,0,346,22144,640.85741297403968,convergence
ext-w2,11,120011,1,53,,0,360,23040,653.33168538411462,convergence
ext-w2,11,120011,1,54,,0,314,20096,660.19992701212561,convergence
ext-w2,11,120011,1,55,,0,325,20800,646.36017735799157,convergence
ext-w2,11,120011,1,56,,0,282,18048,646.95080947875977,convergence
ext-w2,11,120011,1,57,,0,315,20160,654.1893526713053,convergence
ext-w2,11,120011,1,58,,0,361,23104,659.1070556640625,convergence
ext-w2,11,120011,1,59,,0,322,20608,647.66756693522132,convergence
ext-w2,11,120011,1,60,,0,318,20352,640.88631184895837,convergence
ext-w2,11,120011,1,61,,0,348,22272,668.51870600382483,convergence
ext-w2,11,120011,1,62,,0,321,20544,653.3369471232096,convergence
ext-w2,11,120011,1,63,,0,282,18048,640.86122385660804,convergence
ext-w2,11,120011,1,64,,0,412,26368,648.63864008585608,convergence
ext-w2,11,120011,1,65,,0,287,18368,647.88368352254236,convergence
ext-w2,11,120011,1,66,,0,335,21440,657.65461222330725,convergence
ext-w2,11,120011,1,67,,0,303,19392,657.67190678914392,convergence
ext-w2,11,120011,1,68,,0,307,19648,654.20028813680017,convergence
ext-w2,11,120011,1,69,,0,362,23168,657.32539113362634,convergence
ext-w2,11,120011,1,70,,0,303,19392,653.34115091959632,convergence
ext-w2,11,120011,1,71,,0,348,22272,640.86375681559241,convergence
ext-w2,11,120011,2,0,,0,319,20416,625.81930033365882,convergence
ext-w2,11,120011,2,1,,0,352,22528,615.81635030110681,convergence
ext-w2,11,120011,2,2,,0,321,20544,612.07539367675781,convergence
ext-w2,11,120011,2,3,,0,363,23232,625.9647318522135,convergence
ext-w2,11,120011,2,4,,0,311,19904,624.35528182983398,convergence
ext-w2,11,120011,2,5,,0,329,21056,619.68058395385742,convergence
ext-w2,11,120011,2,6,,0,256,16384,630.28974533081055,convergence
ext-w2,11,120011,2,7,,0,331,21184,618.52518717447913,convergence
ext-w2,11,120011,2,8,,0,359,22976,628.14348983764648,convergence
ext-w2,11,120011,2,9,,0,296,18944,624.36895751953125,convergence
ext-w2,11,120011,2,10,,0,317,20288,623.49004491170251,convergence
ext-w2,11,120011,2,11,,0,383,24512,629.46691767374671,convergence
ext-w2,11,120011,2,12,,0,375,24000,621.19007746378577,convergence
ext-w2,11,120011,2,13,,0,366,23424,624.23823420206702,convergence
ext-w2,11,120011,2,14,,0,341,21824,618.77986017862952,convergence
ext-w2,11,120011,2,15,,0,366,23424,618.80152638753259,convergence
ext-w2,11,120011,2,16,,0,341,21824,611.06410344441736,convergence
ext-w2,11,120011,2,17,,0,396,25344,628.97043863932288,convergence
ext-w2,11,120011,2,18,,0,336,21504,618.78827667236328,convergence
ext-w2,11,120011,2,19,,0,356,22784,611.3423741658529,convergence
ext-w2,11,120011,2,20,,0,367,23488,613.22249094645179,convergence
ext-w2,11,120011,2,21,,0,362,23168,627.04991022745764,convergence
ext-w2,11,120011,2,22,,0,327,20928,617.25759760538733,convergence
ext-w2,11,120011,2,23,,0,386,24704,626.10484568277991,convergence
ext-w2,11,120011,2,24,,0,259,16576,611.05210622151696,convergence
ext-w2,11,120011,2,25,,0,240,15360,614.90276972452796,convergence
ext-w2,11,120011,2,26,,0,320,20480,611.91982650756836,convergence
ext-w2,11,120011,2,27,,0,311,19904,627.06637064615882,convergence
ext-w2,11,120011,2,28,,0,326,20864,610.35772705078125,convergence
ext-w2,11,120011,2,29,,0,342,21888,612.54314931233728,convergence
ext-w2,11,120011,2,30,,0,336,21504,611.04051335652673,convergence
ext-w2,11,120011,2,31,,0,360,23040,623.53795878092444,convergence
ext-w2,11,120011,2,32,,0,365,23360,623.499257405599,convergence
ext-w2,11,120011,2,33,,0,358,22912,617.26567459106445,convergence
ext-w2,11,120011,2,34,,0,306,19584,597.91413370768225,convergence
ext-w2,11,120011,2,35,,0,352,22528,623.15805435180664,convergence
ext-w2,11,120011,2,36,,0,312,19968,625.55635833740234,convergence
ext-w2,11,120011,2,37,,0,367,23488,617.27489344278968,convergence
ext-w2,11,120011,2,38,,0,356,22784,629.15093612670898,convergence
ext-w2,11,120011,2,39,,0,318,20352,604.81412633260095,convergence
ext-w2,11,120011,2,40,,0,316,20224,622.54361597696936,convergence
ext-w2,11,120011,2,41,,0,347,22208,615.69759241739905,convergence
ext-w2,11,120011,2,42,,0,333,21312,613.49419275919593,convergence
ext-w2,11,120011,2,43,,0,329,21056,621.18491109212243,convergence
ext-w2,11,120011,2,44,,0,373,23872,611.9297879536947,convergence
ext-w2,11,120011,2,45,,0,416,26624,617.83781941731775,convergence
ext-w2,11,120011,2,46,,0,300,19200,604.81206893920898,convergence
ext-w2,11,120011,2,47,,0,289,18496,618.79892730712891,convergence
ext-w2,11,120011,2,48,,0,281,17984,604.80423736572266,convergence
ext-w2,11,120011,2,49,,0,335,21440,615.98175430297852,convergence
ext-w2,11,120011,2,50,,0,353,22592,610.92757670084632,convergence
ext-w2,11,120011,2,51,,0,319,20416,624.11329778035486,convergence
ext-w2,11,120011,2,52,,0,317,20288,617.2701517740885,convergence
ext-w2,11,120011,2,53,,0,368,23552,617.26308568318689,convergence
ext-w2,11,120011,2,54,,0,369,23616,625.75562286376953,convergence
ext-w2,11,120011,2,55,,0,312,19968,626.31012217203772,convergence
ext-w2,11,120011,2,56,,0,311,19904,611.07460912068689,convergence
ext-w2,11,120011,2,57,,0,303,19392,625.79835255940759,convergence
ext-w2,11,120011,2,58,,0,402,25728,624.04660288492835,convergence
ext-w2,11,120011,2,59,,0,290,18560,624.15071868896484,convergence
ext-w2,11,120011,2,60,,0,311,19904,613.44959004720056,convergence
ext-w2,11,120011,2,61,,0,335,21440,619.95863723754883,convergence
ext-w2,11,120011,2,62,,0,323,20672,625.89604949951172,convergence
ext-w2,11,120011,2,63,,0,401,25664,611.03558222452796,convergence
ext-w2,11,120011,2,64,,0,324,20736,617.28598276774085,convergence
ext-w2,11,120011,2,65,,0,342,21888,613.25814692179358,convergence
ext-w2,11,120011,2,66,,0,321,20544,625.56226221720374,convergence
ext-w2,11,120011,2,67,,0,388,24832,624.33087158203125,convergence
ext-w2,11,120011,2,68,,0,291,18624,625.908213297526,convergence
ext-w2,11,120011,2,69,,0,372,23808,622.45391464233398,convergence
ext-w2,11,120011,2,70,,0,366,23424,628.2274386088053,convergence
ext-w2,11,120011,2,71,,0,383,24512,613.44876988728845,convergence
ext-w2,11,120011,3,0,,0,345,22080,588.3294347127279,convergence
ext-w2,11,120011,3,1,,0,261,16704,592.46735254923499,convergence
ext-w2,11,120011,3,2,,0,341,21824,581.46168899536133,convergence
ext-w2,11,120011,3,3,,0,346,22144,590.19503911336267,convergence
ext-w2,11,120011,3,4,,0,367,23488,583.47676976521814,convergence
ext-w2,11,120011,3,5,,0,422,27008,581.46387100219727,convergence
ext-w2,11,120011,3,6,,0,290,18560,588.03383890787757,convergence
ext-w2,11,120011,3,7,,0,381,24384,583.20259475708008,convergence
ext-w2,11,120011,3,8,,0,368,23552,576.29826354980469,convergence
ext-w2,11,120011,3,9,,0,283,18112,587.64983622233069,convergence
ext-w2,11,120011,3,10,,0,392,25088,590.74569956461585,convergence
ext-w2,11,120011,3,11,,0,344,22016,585.03471374511719,convergence
ext-w2,11,120011,3,12,,0,326,20864,583.22194671630859,convergence
ext-w2,11,120011,3,13,,0,325,20800,576.91567230224609,convergence
ext-w2,11,120011,3,14,,0,407,26048,588.46291605631507,convergence
ext-w2,11,120011,3,15,,0,312,19968,593.05577723185218,convergence
ext-w2,11,120011,3,16,,0,376,24064,591.00455856323242,convergence
ext-w2,11,120011,3,17,,0,382,24448,580.79622141520179,convergence
ext-w2,11,120011,3,18,,0,329,21056,587.70110575358069,convergence
ext-w2,11,120011,3,19,,0,323,20672,589.3037109375,convergence
ext-w2,11,120011,3,20,,0,304,19456,581.4722684224447,convergence
ext-w2,11,120011,3,21,,0,299,19136,576.94908396402991,convergence
ext-w2,11,120011,3,22,,0,357,22848,581.86909357706702,convergence
ext-w2,11,120011,3,23,,0,316,20224,590.31013107299805,convergence
ext-w2,11,120011,3,24,,0,434,27776,586.12947845458984,convergence
ext-w2,11,120011,3,25,,0,325,20800,590.143544514974,convergence
ext-w2,11,120011,3,26,,0,381,24384,581.50435256958008,convergence
ext-w2,11,120011,3,27,,0,374,23936,588.6966667175293,convergence
ext-w2,11,120011,3,28,,0,369,23616,585.5246798197428,convergence
ext-w2,11,120011,3,29,,0,291,18624,590.38506444295251,convergence
ext-w2,11,120011,3,30,,0,274,17536,581.81762186686194,convergence
ext-w2,11,120011,3,31,,0,360,23040,592.66576639811194,convergence
ext-w2,11,120011,3,32,,0,312,19968,580.78848139444983,convergence
ext-w2,11,120011,3,33,,0,327,20928,581.45762634277344,convergence
ext-w2,11,120011,3,34,,0,347,22208,580.78850173950195,convergence
ext-w2,11,120011,3,35,,0,308,19712,587.28522618611657,convergence
ext-w2,11,120011,3,36,,0,304,19456,580.79684321085608,convergence
ext-w2,11,120011,3,37,,0,328,20992,588.57625579833984,convergence
ext-w2,11,120011,3,38,,0,264,16896,590.33670043945312,convergence
ext-w2,11,120011,3,39,,0,469,30016,577.60865783691406,convergence
ext-w2,11,120011,3,40,,0,360,23040,581.50164413452148,convergence
ext-w2,11,120011,3,41,,0,409,26176,581.52495447794593,convergence
ext-w2,11,120011,3,42,,0,288,18432,576.91674423217773,convergence
ext-w2,11,120011,3,43,,0,303,19392,588.65851465860999,convergence
ext-w2,11,120011,3,44,,0,378,24192,580.78640747070312,convergence
ext-w2,11,120011,3,45,,0,295,18880,590.19222895304358,convergence
ext-w2,11,120011,3,46,,0,445,28480,583.55907567342126,convergence
ext-w2,11,120011,3,47,,0,332,21248,580.80605697631836,convergence
ext-w2,11,120011,3,48,,0,313,20032,588.56434504191077,convergence
ext-w2,11,120011,3,49,,0,376,24064,583.55685297648108,convergence
ext-w2,11,120011,3,50,,0,386,24704,581.65270360310876,convergence
ext-w2,11,120011,3,51,,0,325,20800,585.22172927856445,convergence
ext-w2,11,120011,3,52,,0,315,20160,591.17451731363929,convergence
ext-w2,11,120011,3,53,,0,347,22208,569.69809087117517,convergence
ext-w2,11,120011,3,54,,0,356,22784,587.44543838500977,convergence
ext-w2,11,120011,3,55,,0,355,22720,588.56582387288415,convergence
ext-w2,11,120011,3,56,,0,395,25280,588.52579498291016,convergence
ext-w2,11,120011,3,57,,0,379,24256,585.75760904947913,convergence
ext-w2,11,120011,3,58,,0,351,22464,581.62229537963867,convergence
ext-w2,11,120011,3,59,,0,361,23104,586.69817860921228,convergence
ext-w2,11,120011,3,60,,0,343,21952,572.15467707316077,convergence
ext-w2,11,120011,3,61,,0,354,22656,589.02439626057946,convergence
ext-w2,11,120011,3,62,,0,400,25600,586.42500559488929,convergence
ext-w2,11,120011,3,63,,0,332,21248,588.04648081461585,convergence
ext-w2,11,120011,3,64,,0,300,19200,587.71003723144531,convergence
ext-w2,11,120011,3,65,,0,439,28096,581.07385635375977,convergence
ext-w2,11,120011,3,66,,0,361,23104,576.92374165852868,convergence
ext-w2,11,120011,3,67,,0,317,20288,588.02736155192054,convergence
ext-w2,11,120011,3,68,,0,344,22016,580.81912231445312,convergence
ext-w2,11,120011,3,69,,0,308,19712,587.2871983846029,convergence
ext-w1,11,120011,0,0,,0,157,10048,707.25172805786133,convergence
ext-w1,11,120011,0,1,,0,167,10688,707.25729242960608,convergence
ext-w1,11,120011,0,2,,0,146,9344,707.25030771891272,convergence
ext-w1,11,120011,0,3,,0,150,9600,707.25154240926111,convergence
ext-w1,11,120011,0,4,,0,129,8256,711.49429829915368,convergence
ext-w1,11,120011,0,5,,0,117,7488,708.9628791809082,convergence
ext-w1,11,120011,0,6,,0,172,11008,707.25602595011389,convergence
ext-w1,11,120011,0,7,,0,126,8064,711.49392191569007,convergence
ext-w1,11,120011,0,8,,0,184,11776,707.27254231770837,convergence
ext-w1,11,120011,0,9,,0,107,6848,708.09639104207361,convergence
ext-w1,11,120011,0,10,,0,163,10432,707.25698979695642,convergence
ext-w1,11,120011,0,11,,0,125,8000,711.49429829915368,convergence
ext-w1,11,120011,0,12,,0,131,8384,711.49154281616211,convergence
ext-w1,11,120011,0,13,,0,186,11904,707.27796808878577,convergence
ext-w1,11,120011,0,14,,0,122,7808,703.97617721557617,convergence
ext-w1,11,120011,0,15,,0,176,11264,707.25169499715173,convergence
ext-w1,11,120011,0,16,,0,153,9792,721.42610295613611,convergence
ext-w1,11,120011,0,17,,0,162,10368,707.25602595011389,convergence
ext-w1,11,120011,0,18,,0,160,10240,707.25640106201172,convergence
ext-w1,11,120011,0,19,,0,146,9344,707.25211207071936,convergence
ext-w1,11,120011,0,20,,0,212,13568,707.24961471557617,convergence
ext-w1,11,120011,0,21,,0,154,9856,707.25071716308594,convergence
ext-w1,11,120011,0,22,,0,146,9344,720.71368281046546,convergence
ext-w1,11,120011,0,23,,0,178,11392,707.25840504964196,convergence
ext-w1,11,120011,0,24,,0,128,8192,711.49662272135413,convergence
ext-w1,11,120011,0,25,,0,178,11392,703.22408421834314,convergence
ext-w1,11,120011,0,26,,0,112,7168,703.97793706258142,convergence
ext-w1,11,120011,0,27,,0,159,10176,722.81106185913086,convergence
ext-w1,11,120011,0,28,,0,172,11008,707.25031661987305,convergence
ext-w1,11,120011,0,29,,0,165,10560,707.28390121459961,convergence
ext-w1,11,120011,0,30,,0,122,7808,708.09320449829102,convergence
ext-w1,11,120011,0,31,,0,150,9600,703.19920476277673,convergence
ext-w1,11,120011,0,32,,0,137,8768,707.25202687581384,convergence
ext-w1,11,120011,0,33,,0,118,7552,708.09639104207361,convergence
ext-w1,11,120011,0,34,,0,141,9024,707.27480570475257,convergence
ext-w1,11,120011,0,35,,0,138,8832,721.42610295613611,convergence
ext-w1,11,120011,0,36,,0,141,9024,721.42610295613611,convergence
ext-w1,11,120011,0,37,,0,120,7680,708.09639104207361,convergence
ext-w1,11,120011,0,38,,0,156,9984,707.25061289469397,convergence
ext-w1,11,120011,0,39,,0,120,7680,719.70200983683264,convergence
ext-w1,11,120011,0,40,,0,177,11328,707.25008773803711,convergence
ext-w1,11,120011,0,41,,0,132,8448,710.84355036417639,convergence
ext-w1,11,120011,0,42,,0,153,9792,707.25602595011389,convergence
ext-w1,11,120011,0,43,,0,133,8512,721.34402211507165,convergence
ext-w1,11,120011,0,44,,0,149,9536,707.25058237711585,convergence
ext-w1,11,120011,0,45,,0,204,13056,707.25602595011389,convergence
ext-w1,11,120011,0,46,,0,159,10176,707.25602595011389,convergence
ext-w1,11,120011,0,47,,0,219,14016,707.2493794759115,convergence
ext-w1,11,120011,0,48,,0,152,9728,707.25706100463867,convergence
ext-w1,11,120011,0,49,,0,195,12480,707.25105921427405,convergence
ext-w1,11,120011,0,50,,0,133,8512,720.60229619344079,convergence
ext-w1,11,120011,0,51,,0,113,7232,711.53426106770837,convergence
ext-w1,11,120011,0,52,,0,146,9344,707.25217056274414,convergence
ext-w1,11,120011,0,53,,0,124,7936,711.4854520161947,convergence
ext-w1,11,120011,0,54,,0,140,8960,712.3009249369303,convergence
ext-w1,11,120011,0,55,,0,110,7040,703.97793706258142,convergence
ext-w1,11,120011,0,56,,0,177,11328,708.95988591512048,convergence
ext-w1,11,120011,0,57,,0,150,9600,707.25324630737305,convergence
ext-w1,11,120011,0,58,,0,168,10752,707.25602595011389,convergence
ext-w1,11,120011,0,59,,0,165,10560,707.25602595011389,convergence
ext-w1,11,120011,0,60,,0,149,9536,708.9628791809082,convergence
ext-w1,11,120011,0,61,,0,125,8000,708.09142939249671,convergence
ext-w1,11,120011,0,62,,0,198,12672,707.25096003214514,convergence
ext-w1,11,120011,0,63,,0,183,11712,707.25602595011389,convergence
ext-w1,11,120011,0,64,,0,155,9920,707.26949946085608,convergence
ext-w1,11,120011,0,65,,0,120,7680,708.9628791809082,convergence
ext-w1,11,120011,0,66,,0,150,9600,707.25705591837561,convergence
ext-w1,11,120011,0,67,,0,115,7360,703.97738265991211,convergence
ext-w1,11,120011,0,68,,0,140,8960,707.28029378255212,convergence
ext-w1,11,120011,0,69,,0,146,9344,719.55779647827148,convergence
ext-w1,11,120011,0,70,,0,157,10048,707.25385157267249,convergence
ext-w1,11,120011,0,71,,0,145,9280,707.26465606689453,convergence
ext-w1,11,120011,0,72,,0,183,11712,703.22271347045898,convergence
ext-w1,11,120011,0,73,,0,127,8128,708.9637667338053,convergence
ext-w1,11,120011,0,74,,0,181,11584,723.70972951253259,convergence
ext-w1,11,120011,0,75,,0,166,10624,707.25,convergence
ext-w1,11,120011,0,76,,0,140,8960,703.97617721557617,convergence
ext-w1,11,120011,0,77,,0,176,11264,707.25039545694983,convergence
ext-w1,11,120011,0,78,,0,157,10048,707.25071716308594,convergence
ext-w1,11,120011,0,79,,0,167,10688,707.25071716308594,convergence
ext-w1,11,120011,1,0,,0,147,9408,687.17818578084314,convergence
ext-w1,11,120011,1,1,,0,195,12480,692.18572362264001,convergence
ext-w1,11,120011,1,2,,0,135,8640,686.29535420735681,convergence
ext-w1,11,120011,1,3,,0,152,9728,686.30796941121423,convergence
ext-w1,11,120011,1,4,,0,171,10944,691.64421463012695,convergence
ext-w1,11,120011,1,5,,0,183,11712,691.40469996134436,convergence
ext-w1,11,120011,1,6,,0,182,11648,691.45872370402014,convergence
ext-w1,11,120011,1,7,,0,136,8704,687.17978922526038,convergence
ext-w1,11,120011,1,8,,0,145,9280,687.16000747680664,convergence
ext-w1,11,120011,1,9,,0,166,10624,687.17978922526038,convergence
ext-w1,11,120011,1,10,,0,156,9984,687.18229929606116,convergence
ext-w1,11,120011,1,11,,0,138,8832,686.31342061360681,convergence
ext-w1,11,120011,1,12,,0,129,8256,686.34182739257812,convergence
ext-w1,11,120011,1,13,,0,169,10816,682.07319895426429,convergence
ext-w1,11,120011,1,14,,0,130,8320,687.16571172078454,convergence
ext-w1,11,120011,1,15,,0,175,11200,692.17602030436194,convergence
ext-w1,11,120011,1,16,,0,174,11136,682.09336598714196,convergence
ext-w1,11,120011,1,17,,0,175,11200,687.1163660685221,convergence
ext-w1,11,120011,1,18,,0,191,12224,691.53066380818689,convergence
ext-w1,11,120011,1,19,,0,198,12672,693.0451876322428,convergence
ext-w1,11,120011,1,20,,0,163,10432,693.05420684814453,convergence
ext-w1,11,120011,1,21,,0,172,11008,687.17765172322595,convergence
ext-w1,11,120011,1,22,,0,176,11264,682.06688563028968,convergence
ext-w1,11,120011,1,23,,0,122,7808,687.08692169189453,convergence
ext-w1,11,120011,1,24,,0,211,13504,692.16667429606116,convergence
ext-w1,11,120011,1,25,,0,156,9984,687.16932551066077,convergence
ext-w1,11,120011,1,26,,0,158,10112,687.11628977457679,convergence
ext-w1,11,120011,1,27,,0,124,7936,686.30834070841468,convergence
ext-w1,11,120011,1,28,,0,154,9856,687.18479792277014,convergence
ext-w1,11,120011,1,29,,0,140,8960,687.16571172078454,convergence
ext-w1,11,120011,1,30,,0,161,10304,687.18479792277014,convergence
ext-w1,11,120011,1,31,,0,157,10048,691.76057179768884,convergence
ext-w1,11,120011,1,32,,0,148,9472,687.19425964355469,convergence
ext-w1,11,120011,1,33,,0,212,13568,682.86402893066406,convergence
ext-w1,11,120011,1,34,,0,137,8768,687.18479792277014,convergence
ext-w1,11,120011,1,35,,0,132,8448,686.33942921956384,convergence
ext-w1,11,120011,1,36,,0,161,10304,686.29405466715491,convergence
ext-w1,11,120011,1,37,,0,135,8640,687.18135833740234,convergence
ext-w1,11,120011,1,38,,0,145,9280,687.17972310384118,convergence
ext-w1,11,120011,1,39,,0,185,11840,691.4396642049154,convergence
ext-w1,11,120011,1,40,,0,137,8768,687.17236836751306,convergence
ext-w1,11,120011,1,41,,0,157,10048,687.15879313151038,convergence
ext-w1,11,120011,1,42,,0,137,8768,687.17716598510742,convergence
ext-w1,11,120011,1,43,,0,134,8576,686.31342061360681,convergence
ext-w1,11,120011,1,44,,0,138,8832,687.16571172078454,convergence
ext-w1,11,120011,1,45,,0,136,8704,686.30332819620764,convergence
ext-w1,11,120011,1,46,,0,162,10368,682.63737869262695,convergence
ext-w1,11,120011,1,47,,0,115,7360,687.17373021443689,convergence
ext-w1,11,120011,1,48,,0,172,11008,682.06834030151367,convergence
ext-w1,11,120011,1,49,,0,229,14656,682.07247797648108,convergence
ext-w1,11,120011,1,50,,0,196,12544,692.17080179850257,convergence
ext-w1,11,120011,1,51,,0,193,12352,692.55604553222656,convergence
ext-w1,11,120011,1,52,,0,171,10944,687.59725062052405,convergence
ext-w1,11,120011,1,53,,0,166,10624,687.18183771769202,convergence
ext-w1,11,120011,1,54,,0,198,12672,691.44370778401696,convergence
ext-w1,11,120011,1,55,,0,155,9920,691.5196634928385,convergence
ext-w1,11,120011,1,56,,0,164,10496,692.1700108846029,convergence
ext-w1,11,120011,1,57,,0,167,10688,693.05431620279944,convergence
ext-w1,11,120011,1,58,,0,139,8896,687.16983795166016,convergence
ext-w1,11,120011,1,59,,0,119,7616,686.29749806722009,convergence
ext-w1,11,120011,1,60,,0,151,9664,682.06851704915368,convergence
ext-w1,11,120011,1,61,,0,148,9472,686.29535420735681,convergence
ext-w1,11,120011,1,62,,0,144,9216,687.14682133992517,convergence
ext-w1,11,120011,1,63,,0,147,9408,687.15879313151038,convergence
ext-w1,11,120011,1,64,,0,175,11200,691.55375035603845,convergence
ext-w1,11,120011,1,65,,0,141,9024,696.29445139567054,convergence
ext-w1,11,120011,1,66,,0,126,8064,687.1653938293457,convergence
ext-w1,11,120011,1,67,,0,167,10688,692.17037328084314,convergence
ext-w1,11,120011,1,68,,0,145,9280,687.10394668579102,convergence
ext-w1,11,120011,1,69,,0,192,12288,682.06579844156897,convergence
ext-w1,11,120011,1,70,,0,164,10496,691.71270879109704,convergence
ext-w1,11,120011,1,71,,0,139,8896,687.17980066935218,convergence
ext-w1,11,120011,1,72,,0,167,10688,687.16465759277344,convergence
ext-w1,11,120011,1,73,,0,150,9600,687.18158976236975,convergence
ext-w1,11,120011,1,74,,0,156,9984,687.18053690592444,convergence
ext-w1,11,120011,1,75,,0,143,9152,688.88050206502282,convergence
ext-w1,11,120011,1,76,,0,182,11648,682.55151240030921,convergence
ext-w1,11,120011,2,0,,0,136,8704,668.68184916178382,convergence
ext-w1,11,120011,2,1,,0,140,8960,675.10949452718103,convergence
ext-w1,11,120011,2,2,,0,134,8576,670.62207794189453,convergence
ext-w1,11,120011,2,3,,0,175,11200,673.74638493855798,convergence
ext-w1,11,120011,2,4,,0,188,12032,674.15859731038415,convergence
ext-w1,11,120011,2,5,,0,119,7616,657.65956878662109,convergence
ext-w1,11,120011,2,6,,0,169,10816,668.68558120727539,convergence
ext-w1,11,120011,2,7,,0,132,8448,662.6432774861654,convergence
ext-w1,11,120011,2,8,,0,153,9792,664.63124847412109,convergence
ext-w1,11,120011,2,9,,0,189,12096,664.65356318155921,convergence
ext-w1,11,120011,2,10,,0,156,9984,676.90978876749671,convergence
ext-w1,11,120011,2,11,,0,171,10944,674.47725550333655,convergence
ext-w1,11,120011,2,12,,0,162,10368,676.06355158487952,convergence
ext-w1,11,120011,2,13,,0,156,9984,669.55630366007483,convergence
ext-w1,11,120011,2,14,,0,132,8448,671.41076532999671,convergence
ext-w1,11,120011,2,15,,0,151,9664,668.66464996337891,convergence
ext-w1,11,120011,2,16,,0,132,8448,675.10269546508789,convergence
ext-w1,11,120011,2,17,,0,150,9600,668.68383153279626,convergence
ext-w1,11,120011,2,18,,0,144,9216,668.67937215169275,convergence
ext-w1,11,120011,2,19,,0,160,10240,668.68052291870117,convergence
ext-w1,11,120011,2,20,,0,148,9472,675.10018793741858,convergence
ext-w1,11,120011,2,21,,0,171,10944,664.62870025634766,convergence
ext-w1,11,120011,2,22,,0,148,9472,675.10949452718103,convergence
ext-w1,11,120011,2,23,,0,124,7936,657.66132863362634,convergence
ext-w1,11,120011,2,24,,0,133,8512,668.06828689575195,convergence
ext-w1,11,120011,2,25,,0,127,8128,668.67857487996423,convergence
ext-w1,11,120011,2,26,,0,168,10752,676.42268753051758,convergence
ext-w1,11,120011,2,27,,0,166,10624,675.1039822896322,convergence
ext-w1,11,120011,2,28,,0,132,8448,662.64665857950843,convergence
ext-w1,11,120011,2,29,,0,129,8256,657.66132863362634,convergence
ext-w1,11,120011,2,30,,0,168,10752,666.48694101969397,convergence
ext-w1,11,120011,2,31,,0,144,9216,669.33428700764978,convergence
ext-w1,11,120011,2,32,,0,140,8960,676.03602854410804,convergence
ext-w1,11,120011,2,33,,0,151,9664,668.68222808837891,convergence
ext-w1,11,120011,2,34,,0,190,12160,672.09992853800452,convergence
ext-w1,11,120011,2,35,,0,138,8832,668.68145879109704,convergence
ext-w1,11,120011,2,36,,0,163,10432,674.59842936197913,convergence
ext-w1,11,120011,2,37,,0,143,9152,675.1039822896322,convergence
ext-w1,11,120011,2,38,,0,143,9152,657.65956878662109,convergence
ext-w1,11,120011,2,39,,0,183,11712,667.975830078125,convergence
ext-w1,11,120011,2,40,,0,139,8896,668.76277160644531,convergence
ext-w1,11,120011,2,41,,0,159,10176,664.63078562418616,convergence
ext-w1,11,120011,2,42,,0,134,8576,668.67807388305664,convergence
ext-w1,11,120011,2,43,,0,158,10112,664.65521113077796,convergence
ext-w1,11,120011,2,44,,0,128,8192,662.64627075195312,convergence
ext-w1,11,120011,2,45,,0,149,9536,674.99700164794922,convergence
ext-w1,11,120011,2,46,,0,139,8896,668.68269983927405,convergence
ext-w1,11,120011,2,47,,0,180,11520,668.67807388305664,convergence
ext-w1,11,120011,2,48,,0,111,7104,662.64627075195312,convergence
ext-w1,11,120011,2,49,,0,155,9920,662.64627075195312,convergence
ext-w1,11,120011,2,50,,0,198,12672,676.94557189941406,convergence
ext-w1,11,120011,2,51,,0,148,9472,675.10949452718103,convergence
ext-w1,11,120011,2,52,,0,211,13504,664.34015782674157,convergence
ext-w1,11,120011,2,53,,0,184,11776,668.61317698160804,convergence
ext-w1,11,120011,2,54,,0,187,11968,674.02043914794922,convergence
ext-w1,11,120011,2,55,,0,156,9984,670.94884999593103,convergence
ext-w1,11,120011,2,56,,0,160,10240,668.67824300130212,convergence
ext-w1,11,120011,2,57,,0,117,7488,662.64627075195312,convergence
ext-w1,11,120011,2,58,,0,179,11456,676.21997324625647,convergence
ext-w1,11,120011,2,59,,0,142,9088,660.91282399495446,convergence
ext-w1,11,120011,2,60,,0,169,10816,676.14425532023108,convergence
ext-w1,11,120011,2,61,,0,185,11840,676.34443918863929,convergence
ext-w1,11,120011,2,62,,0,126,8064,657.66585795084632,convergence
ext-w1,11,120011,2,63,,0,153,9792,676.88393656412757,convergence
ext-w1,11,120011,2,64,,0,179,11456,668.57702891031897,convergence
ext-w1,11,120011,2,65,,0,181,11584,676.88067499796546,convergence
ext-w1,11,120011,2,66,,0,124,7936,668.68093490600586,convergence
ext-w1,11,120011,2,67,,0,144,9216,675.10893503824866,convergence
ext-w1,11,120011,2,68,,0,133,8512,675.10949452718103,convergence
ext-w1,11,120011,2,69,,0,127,8128,662.64627075195312,convergence
ext-w1,11,120011,2,70,,0,142,9088,664.60302861531579,convergence
ext-w1,11,120011,2,71,,0,179,11456,664.63124847412109,convergence
ext-w1,11,120011,2,72,,0,215,13760,671.29926172892249,convergence
ext-w1,11,120011,2,73,,0,176,11264,664.61053085327148,convergence
ext-w1,11,120011,2,74,,0,158,10112,674.46766408284509,convergence
ext-w1,11,120011,2,75,,0,147,9408,676.29346466064453,convergence
ext-w1,11,120011,2,76,,0,149,9536,657.66132863362634,convergence
ext-w1,11,120011,2,77,,0,174,11136,676.4202779134115,convergence
ext-w1,11,120011,2,78,,0,164,10496,668.67807388305664,convergence
ext-w1,11,120011,3,0,,0,187,11968,644.27184422810876,convergence
ext-w1,11,120011,3,1,,0,162,10368,652.50355911254883,convergence
ext-w1,11,120011,3,2,,0,141,9024,638.24004109700525,convergence
ext-w1,11,120011,3,3,,0,199,12736,652.32080078125,convergence
ext-w1,11,120011,3,4,,0,174,11136,640.20215225219727,convergence
ext-w1,11,120011,3,5,,0,171,10944,652.74636205037439,convergence
ext-w1,11,120011,3,6,,0,188,12032,640.24851481119788,convergence
ext-w1,11,120011,3,7,,0,172,11008,640.20135498046875,convergence
ext-w1,11,120011,3,8,,0,143,9152,644.25842030843103,convergence
ext-w1,11,120011,3,9,,0,154,9856,640.23090489705407,convergence
ext-w1,11,120011,3,10,,0,132,8448,644.27392323811853,convergence
ext-w1,11,120011,3,11,,0,104,6656,638.24004109700525,convergence
ext-w1,11,120011,3,12,,0,155,9920,652.50361506144202,convergence
ext-w1,11,120011,3,13,,0,140,8960,650.69646581014001,convergence
ext-w1,11,120011,3,14,,0,164,10496,650.15363820393884,convergence
ext-w1,11,120011,3,15,,0,161,10304,652.56131490071618,convergence
ext-w1,11,120011,3,16,,0,196,12544,647.91484324137366,convergence
ext-w1,11,120011,3,17,,0,172,11008,652.85022354125977,convergence
ext-w1,11,120011,3,18,,0,159,10176,651.02991994222009,convergence
ext-w1,11,120011,3,19,,0,120,7680,638.24004109700525,convergence
ext-w1,11,120011,3,20,,0,161,10304,648.88036219278968,convergence
ext-w1,11,120011,3,21,,0,161,10304,646.93073272705078,convergence
ext-w1,11,120011,3,22,,0,158,10112,640.19803746541345,convergence
ext-w1,11,120011,3,23,,0,171,10944,651.55637613932288,convergence
ext-w1,11,120011,3,24,,0,180,11520,640.20430119832361,convergence
ext-w1,11,120011,3,25,,0,170,10880,644.27506001790368,convergence
ext-w1,11,120011,3,26,,0,170,10880,652.41120529174805,convergence
ext-w1,11,120011,3,27,,0,125,8000,640.24851481119788,convergence
ext-w1,11,120011,3,28,,0,114,7296,638.24004109700525,convergence
ext-w1,11,120011,3,29,,0,164,10496,651.787841796875,convergence
ext-w1,11,120011,3,30,,0,212,13568,651.66055806477868,convergence
ext-w1,11,120011,3,31,,0,152,9728,651.64795303344727,convergence
ext-w1,11,120011,3,32,,0,157,10048,652.58444468180335,convergence
ext-w1,11,120011,3,33,,0,178,11392,651.65742238362634,convergence
ext-w1,11,120011,3,34,,0,201,12864,651.98832829793298,convergence
ext-w1,11,120011,3,35,,0,188,12032,648.1325569152832,convergence
ext-w1,11,120011,3,36,,0,146,9344,650.46845245361328,convergence
ext-w1,11,120011,3,37,,0,148,9472,644.27429326375329,convergence
ext-w1,11,120011,3,38,,0,179,11456,651.6570154825846,convergence
ext-w1,11,120011,3,39,,0,139,8896,647.31377410888672,convergence
ext-w1,11,120011,3,40,,0,171,10944,638.24004109700525,convergence
ext-w1,11,120011,3,41,,0,168,10752,640.22522099812829,convergence
ext-w1,11,120011,3,42,,0,158,10112,640.24392445882165,convergence
ext-w1,11,120011,3,43,,0,131,8384,638.24004109700525,convergence
ext-w1,11,120011,3,44,,0,135,8640,638.24257405598962,convergence
ext-w1,11,120011,3,45,,0,185,11840,652.82132720947266,convergence
ext-w1,11,120011,3,46,,0,131,8384,638.24004109700525,convergence
ext-w1,11,120011,3,47,,0,148,9472,650.70326487223304,convergence
ext-w1,11,120011,3,48,,0,161,10304,650.7085965474447,convergence
ext-w1,11,120011,3,49,,0,183,11712,652.90950266520179,convergence
ext-w1,11,120011,3,50,,0,147,9408,640.24898147583008,convergence
ext-w1,11,120011,3,51,,0,159,10176,640.229014078776,convergence
ext-w1,11,120011,3,52,,0,171,10944,638.24074045817054,convergence
ext-w1,11,120011,3,53,,0,157,10048,644.2796300252279,convergence
ext-w1,11,120011,3,54,,0,147,9408,640.24447631835938,convergence
ext-w1,11,120011,3,55,,0,185,11840,652.54005177815759,convergence
ext-w1,11,120011,3,56,,0,168,10752,650.70326487223304,convergence
ext-w1,11,120011,3,57,,0,138,8832,650.70326487223304,convergence
ext-w1,11,120011,3,58,,0,184,11776,650.99098332722986,convergence
ext-w1,11,120011,3,59,,0,132,8448,650.70326487223304,convergence
ext-w1,11,120011,3,60,,0,200,12800,649.0134061177572,convergence
ext-w1,11,120011,3,61,,0,180,11520,651.66988499959314,convergence
ext-w1,11,120011,3,62,,0,169,10816,650.69646581014001,convergence
ext-w1,11,120011,3,63,,0,151,9664,644.27201334635413,convergence
ext-w1,11,120011,3,64,,0,168,10752,651.6547520955404,convergence
ext-w1,11,120011,3,65,,0,162,10368,651.21410624186194,convergence
ext-w1,11,120011,3,66,,0,130,8320,638.24004109700525,convergence
ext-w1,11,120011,3,67,,0,163,10432,650.70588684082031,convergence
ext-w1,11,120011,3,68,,0,171,10944,647.83692169189453,convergence
ext-w1,11,120011,3,69,,0,172,11008,652.41565195719397,convergence
ext-w1,11,120011,3,70,,0,177,11328,651.10703786214196,convergence
ext-w1,11,120011,3,71,,0,161,10304,644.27314249674475,convergence
ext-w1,11,120011,3,72,,0,149,9536,638.24004109700525,convergence
ext-w1,11,120011,3,73,,0,169,10816,652.50422032674157,convergence
ext-w1,11,120011,3,74,,0,189,12096,651.6570154825846,convergence
ext-w1,11,120011,4,0,,0,145,9280,632.83448537190759,convergence
ext-w1,11,120011,4,1,,0,140,8960,632.72752253214514,convergence
ext-w1,11,120011,4,2,,0,162,10368,620.82655588785804,convergence
ext-w1,11,120011,4,3,,0,177,11328,620.80393218994141,convergence
ext-w1,11,120011,4,4,,0,193,12352,620.82142512003577,convergence
ext-w1,11,120011,4,5,,0,162,10368,620.80549112955725,convergence
ext-w1,11,120011,4,6,,0,160,10240,624.85248565673828,convergence
ext-w1,11,120011,4,7,,0,139,8896,624.85123316446936,convergence
ext-w1,11,120011,4,8,,0,144,9216,625.38181813557946,convergence
ext-w1,11,120011,4,9,,0,148,9472,624.85361480712891,convergence
ext-w1,11,120011,4,10,,0,169,10816,624.85569381713867,convergence
ext-w1,11,120011,4,11,,0,160,10240,632.75863265991211,convergence
ext-w1,11,120011,4,12,,0,160,10240,620.77682113647461,convergence
ext-w1,11,120011,4,13,,0,159,10176,620.80141194661462,convergence
ext-w1,11,120011,4,14,,0,157,10048,624.85248565673828,convergence
ext-w1,11,120011,4,15,,0,168,10752,620.79964828491211,convergence
ext-w1,11,120011,4,16,,0,183,11712,620.80414581298828,convergence
ext-w1,11,120011,4,17,,0,126,8064,624.85888671875,convergence
ext-w1,11,120011,4,18,,0,150,9600,632.79356384277344,convergence
ext-w1,11,120011,4,19,,0,166,10624,620.77727127075195,convergence
ext-w1,11,120011,4,20,,0,124,7936,624.85361480712891,convergence
ext-w1,11,120011,4,21,,0,194,12416,620.82634735107422,convergence
ext-w1,11,120011,4,22,,0,176,11264,620.80549112955725,convergence
ext-w1,11,120011,4,23,,0,149,9536,624.85092417399085,convergence
ext-w1,11,120011,4,24,,0,181,11584,620.82279205322266,convergence
ext-w1,11,120011,4,25,,0,175,11200,624.85707092285156,convergence
ext-w1,11,120011,4,26,,0,167,10688,624.8523165384928,convergence
ext-w1,11,120011,4,27,,0,152,9728,624.85788726806641,convergence
ext-w1,11,120011,4,28,,0,190,12160,632.69087600708008,convergence
ext-w1,11,120011,4,29,,0,125,8000,624.85361480712891,convergence
ext-w1,11,120011,4,30,,0,160,10240,620.78438695271814,convergence
ext-w1,11,120011,4,31,,0,140,8960,624.85476557413733,convergence
ext-w1,11,120011,4,32,,0,195,12480,625.37420145670569,convergence
ext-w1,11,120011,4,33,,0,157,10048,620.82494862874353,convergence
ext-w1,11,120011,4,34,,0,149,9536,624.85656992594397,convergence
ext-w1,11,120011,4,35,,0,152,9728,620.80005518595374,convergence
ext-w1,11,120011,4,36,,0,145,9280,624.85123316446936,convergence
ext-w1,11,120011,4,37,,0,171,10944,620.7818272908529,convergence
ext-w1,11,120011,4,38,,0,135,8640,624.85630544026696,convergence
ext-w1,11,120011,4,39,,0,176,11264,620.7818272908529,convergence
ext-w1,11,120011,4,40,,0,164,10496,632.79587173461914,convergence
ext-w1,11,120011,4,41,,0,141,9024,624.85621643066406,convergence
ext-w1,11,120011,4,42,,0,150,9600,620.77727127075195,convergence
ext-w1,11,120011,4,43,,0,180,11520,632.79374313354492,convergence
ext-w1,11,120011,4,44,,0,179,11456,632.7091395060221,convergence
ext-w1,11,120011,4,45,,0,156,9984,624.85248565673828,convergence
ext-w1,11,120011,4,46,,0,155,9920,624.85361480712891,convergence
ext-w1,11,120011,4,47,,0,128,8192,624.85314305623376,convergence
ext-w1,11,120011,4,48,,0,147,9408,620.77727127075195,convergence
ext-w1,11,120011,4,49,,0,165,10560,620.7818272908529,convergence
ext-w1,11,120011,4,50,,0,139,8896,624.85439554850257,convergence
ext-w1,11,120011,4,51,,0,115,7360,624.86298370361328,convergence
ext-w1,11,120011,4,52,,0,145,9280,633.45310592651367,convergence
ext-w1,11,120011,4,53,,0,161,10304,620.80294291178382,convergence
ext-w1,11,120011,4,54,,0,127,8128,625.38525517781579,convergence
ext-w1,11,120011,4,55,,0,169,10816,632.81926218668616,convergence
ext-w1,11,120011,4,56,,0,172,11008,620.80569330851233,convergence
ext-w1,11,120011,4,57,,0,151,9664,620.85439427693689,convergence
ext-w1,11,120011,4,58,,0,160,10240,624.85458246866858,convergence
ext-w1,11,120011,4,59,,0,161,10304,624.85458246866858,convergence
ext-w1,11,120011,4,60,,0,185,11840,620.77727127075195,convergence
ext-w1,11,120011,4,61,,0,138,8832,624.85314305623376,convergence
ext-w1,11,120011,4,62,,0,118,7552,624.85770034790039,convergence
ext-w1,11,120011,4,63,,0,191,12224,620.77337519327796,convergence
ext-w1,11,120011,4,64,,0,170,10880,624.85361480712891,convergence
ext-w1,11,120011,4,65,,0,154,9856,620.80569330851233,convergence
ext-w1,11,120011,4,66,,0,141,9024,625.37541580200195,convergence
ext-w1,11,120011,4,67,,0,148,9472,625.38786443074548,convergence
ext-w1,11,120011,4,68,,0,166,10624,624.85807418823242,convergence
ext-w1,11,120011,4,69,,0,108,6912,624.85579299926758,convergence
ext-w1,11,120011,4,70,,0,165,10560,620.80898412068689,convergence
ext-w1,11,120011,4,71,,0,154,9856,624.85248565673828,convergence
ext-w1,11,120011,4,72,,0,154,9856,624.85092417399085,convergence
ext-w1,11,120011,4,73,,0,155,9920,620.82898712158203,convergence
ext-w1,11,120011,4,74,,0,149,9536,624.85465367635095,convergence
ext-w1,11,120011,4,75,,0,166,10624,620.82913843790686,convergence
ext-w1,11,120011,4,76,,0,217,13888,624.85281753540039,convergence
ext-w1,11,120011,5,0,,0,175,11200,615.89084625244141,convergence
ext-w1,11,120011,5,1,,0,158,10112,606.81598154703772,convergence
ext-w1,11,120011,5,2,,0,143,9152,606.81428146362305,convergence
ext-w1,11,120011,5,3,,0,128,8192,615.32689793904626,convergence
ext-w1,11,120011,5,4,,0,135,8640,606.81560007731116,convergence
ext-w1,11,120011,5,5,,0,163,10432,606.81428146362305,convergence
ext-w1,11,120011,5,6,,0,115,7360,606.82035064697266,convergence
ext-w1,11,120011,5,7,,0,135,8640,615.33372624715173,convergence
ext-w1,11,120011,5,8,,0,129,8256,606.81563568115234,convergence
ext-w1,11,120011,5,9,,0,155,9920,606.81563568115234,convergence
ext-w1,11,120011,5,10,,0,175,11200,606.81428146362305,convergence
ext-w1,11,120011,5,11,,0,142,9088,617.36098098754883,convergence
ext-w1,11,120011,5,12,,0,111,7104,606.81707127889001,convergence
ext-w1,11,120011,5,13,,0,139,8896,606.81563568115234,convergence
ext-w1,11,120011,5,14,,0,132,8448,606.81598154703772,convergence
ext-w1,11,120011,5,15,,0,131,8384,606.81991831461585,convergence
ext-w1,11,120011,5,16,,0,163,10432,606.81174977620446,convergence
ext-w1,11,120011,5,17,,0,126,8064,606.8217887878418,convergence
ext-w1,11,120011,5,18,,0,155,9920,606.81174977620446,convergence
ext-w1,11,120011,5,19,,0,147,9408,606.8166173299154,convergence
ext-w1,11,120011,5,20,,0,143,9152,606.82017008463538,convergence
ext-w1,11,120011,5,21,,0,150,9600,606.8169835408529,convergence
ext-w1,11,120011,5,22,,0,128,8192,606.81598154703772,convergence
ext-w1,11,120011,5,23,,0,140,8960,615.89084625244141,convergence
ext-w1,11,120011,5,24,,0,136,8704,606.81913503011071,convergence
ext-w1,11,120011,5,25,,0,143,9152,606.81174977620446,convergence
ext-w1,11,120011,5,26,,0,138,8832,606.80116653442383,convergence
ext-w1,11,120011,5,27,,0,249,15936,606.81593704223633,convergence
ext-w1,11,120011,5,28,,0,119,7616,606.81563568115234,convergence
ext-w1,11,120011,5,29,,0,131,8384,606.82111994425452,convergence
ext-w1,11,120011,5,30,,0,126,8064,610.23724746704102,convergence
ext-w1,11,120011,5,31,,0,123,7872,606.81649398803711,convergence
ext-w1,11,120011,5,32,,0,140,8960,606.81350708007812,convergence
ext-w1,11,120011,5,33,,0,149,9536,606.81174977620446,convergence
ext-w1,11,120011,5,34,,0,127,8128,606.82423655192054,convergence
ext-w1,11,120011,5,35,,0,121,7744,606.82035064697266,convergence
ext-w1,11,120011,5,36,,0,156,9984,615.46345901489258,convergence
ext-w1,11,120011,5,37,,0,123,7872,606.81860605875647,convergence
ext-w1,11,120011,5,38,,0,144,9216,606.81732559204102,convergence
ext-w1,11,120011,5,39,,0,150,9600,606.81801096598304,convergence
ext-w1,11,120011,5,40,,0,140,8960,617.24311955769861,convergence
ext-w1,11,120011,5,41,,0,172,11008,617.36041005452478,convergence
ext-w1,11,120011,5,42,,0,155,9920,606.81428146362305,convergence
ext-w1,11,120011,5,43,,0,132,8448,606.81598154703772,convergence
ext-w1,11,120011,5,44,,0,115,7360,606.81552886962891,convergence
ext-w1,11,120011,5,45,,0,145,9280,606.81174977620446,convergence
ext-w1,11,120011,5,46,,0,140,8960,606.81060155232751,convergence
ext-w1,11,120011,5,47,,0,161,10304,615.79311625162757,convergence
ext-w1,11,120011,5,48,,0,118,7552,606.82017008463538,convergence
ext-w1,11,120011,5,49,,0,182,11648,606.81381098429358,convergence
ext-w1,11,120011,5,50,,0,197,12608,602.18689346313477,convergence
ext-w1,11,120011,5,51,,0,128,8192,606.81428146362305,convergence
ext-w1,11,120011,5,52,,0,139,8896,606.81563568115234,convergence
ext-w1,11,120011,5,53,,0,126,8064,606.82116953531897,convergence
ext-w1,11,120011,5,54,,0,133,8512,606.81050999959314,convergence
ext-w1,11,120011,5,55,,0,153,9792,617.16911188761389,convergence
ext-w1,11,120011,5,56,,0,170,10880,606.81174977620446,convergence
ext-w1,11,120011,5,57,,0,144,9216,606.79921722412109,convergence
ext-w1,11,120011,5,58,,0,140,8960,606.81749089558923,convergence
ext-w1,11,120011,5,59,,0,125,8000,606.82329559326172,convergence
ext-w1,11,120011,5,60,,0,161,10304,606.81174977620446,convergence
ext-w1,11,120011,5,61,,0,130,8320,615.3371912638346,convergence
ext-w1,11,120011,5,62,,0,122,7808,617.49342727661133,convergence
ext-w1,11,120011,5,63,,0,155,9920,617.28910700480139,convergence
ext-w1,11,120011,5,64,,0,157,10048,613.75491333007812,convergence
ext-w1,11,120011,5,65,,0,129,8256,606.81598154703772,convergence
ext-w1,11,120011,5,66,,0,153,9792,615.32693354288733,convergence
ext-w1,11,120011,5,67,,0,115,7360,606.8169835408529,convergence
ext-w1,11,120011,5,68,,0,115,7360,606.81598154703772,convergence
ext-w1,11,120011,5,69,,0,126,8064,606.81598154703772,convergence
ext-w1,11,120011,5,70,,0,118,7552,606.81598154703772,convergence
ext-w1,11,120011,5,71,,0,142,9088,606.81913503011071,convergence
ext-w1,11,120011,5,72,,0,143,9152,616.12678146362305,convergence
ext-w1,11,120011,5,73,,0,143,9152,615.89084625244141,convergence
ext-w1,11,120011,5,74,,0,122,7808,606.82249196370446,convergence
ext-w1,11,120011,5,75,,0,139,8896,616.18273544311523,convergence
ext-w1,11,120011,5,76,,0,116,7424,606.81860605875647,convergence
ext-w1,11,120011,5,77,,0,156,9984,606.81174977620446,convergence
ext-w1,11,120011,5,78,,0,162,10368,615.78516387939453,convergence
ext-w1,11,120011,5,79,,0,158,10112,606.81473795572913,convergence
ext-w1,11,120011,5,80,,0,150,9600,606.81174977620446,convergence
ext-w1,11,120011,5,81,,0,157,10048,615.89828109741211,convergence
ext-w1,11,120011,5,82,,0,145,9280,606.82075627644861,convergence
ext-w1,11,120011,5,83,,0,119,7616,606.82111994425452,convergence
ext-w1,11,120011,5,84,,0,229,14656,606.81583913167321,convergence
ext-w1,11,120011,6,0,,0,154,9856,596.64636611938477,convergence
ext-w1,11,120011,6,1,,0,122,7808,588.23463821411133,convergence
ext-w1,11,120011,6,2,,0,174,11136,597.98196538289392,convergence
ext-w1,11,120011,6,3,,0,153,9792,597.40940856933594,convergence
ext-w1,11,120011,6,4,,0,146,9344,596.73733266194665,convergence
ext-w1,11,120011,6,5,,0,123,7872,588.23601023356116,convergence
ext-w1,11,120011,6,6,,0,169,10816,594.49609629313147,convergence
ext-w1,11,120011,6,7,,0,145,9280,588.22779973347986,convergence
ext-w1,11,120011,6,8,,0,161,10304,588.2305018107096,convergence
ext-w1,11,120011,6,9,,0,126,8064,588.2320442199707,convergence
ext-w1,11,120011,6,10,,0,165,10560,597.41662343343103,convergence
ext-w1,11,120011,6,11,,0,145,9280,588.22779973347986,convergence
ext-w1,11,120011,6,12,,0,167,10688,597.34271113077796,convergence
ext-w1,11,120011,6,13,,0,139,8896,588.22915395100915,convergence
ext-w1,11,120011,6,14,,0,130,8320,588.22571182250977,convergence
ext-w1,11,120011,6,15,,0,107,6848,588.22863388061523,convergence
ext-w1,11,120011,6,16,,0,165,10560,588.22756576538086,convergence
ext-w1,11,120011,6,17,,0,134,8576,588.2301355997721,convergence
ext-w1,11,120011,6,18,,0,144,9216,588.22526804606116,convergence
ext-w1,11,120011,6,19,,0,172,11008,594.82590357462561,convergence
ext-w1,11,120011,6,20,,0,132,8448,588.22915395100915,convergence
ext-w1,11,120011,6,21,,0,125,8000,588.23212432861328,convergence
ext-w1,11,120011,6,22,,0,121,7744,588.23412577311194,convergence
ext-w1,11,120011,6,23,,0,146,9344,597.41389465332031,convergence
ext-w1,11,120011,6,24,,0,130,8320,596.74041620890296,convergence
ext-w1,11,120011,6,25,,0,133,8512,588.23212432861328,convergence
ext-w1,11,120011,6,26,,0,124,7936,588.2305018107096,convergence
ext-w1,11,120011,6,27,,0,128,8192,588.23265329996741,convergence
ext-w1,11,120011,6,28,,0,136,8704,598.88918304443359,convergence
ext-w1,11,120011,6,29,,0,115,7360,588.23466237386071,convergence
ext-w1,11,120011,6,30,,0,167,10688,596.04569117228186,convergence
ext-w1,11,120011,6,31,,0,149,9536,588.22949981689453,convergence
ext-w1,11,120011,6,32,,0,150,9600,588.22915395100915,convergence
ext-w1,11,120011,6,33,,0,145,9280,588.2301355997721,convergence
ext-w1,11,120011,6,34,,0,176,11264,588.232167561849,convergence
ext-w1,11,120011,6,35,,0,169,10816,588.23343658447266,convergence
ext-w1,11,120011,6,36,,0,120,7680,588.23152923583984,convergence
ext-w1,11,120011,6,37,,0,124,7936,588.2305018107096,convergence
ext-w1,11,120011,6,38,,0,138,8832,597.41126378377282,convergence
ext-w1,11,120011,6,39,,0,98,6272,588.2321891784668,convergence
ext-w1,11,120011,6,40,,0,147,9408,588.23601023356116,convergence
ext-w1,11,120011,6,41,,0,159,10176,588.22949981689453,convergence
ext-w1,11,120011,6,42,,0,158,10112,588.21731440226233,convergence
ext-w1,11,120011,6,43,,0,144,9216,588.22949981689453,convergence
ext-w1,11,120011,6,44,,0,130,8320,588.23810704549157,convergence
ext-w1,11,120011,6,45,,0,151,9664,596.75026067097986,convergence
ext-w1,11,120011,6,46,,0,115,7360,588.22402826944983,convergence
ext-w1,11,120011,6,47,,0,139,8896,588.23152923583984,convergence
ext-w1,11,120011,6,48,,0,134,8576,588.23001225789392,convergence
ext-w1,11,120011,6,49,,0,143,9152,597.31365331014001,convergence
ext-w1,11,120011,6,50,,0,147,9408,588.22526804606116,convergence
ext-w1,11,120011,6,51,,0,132,8448,588.23322423299157,convergence
ext-w1,11,120011,6,52,,0,144,9216,597.38923899332679,convergence
ext-w1,11,120011,6,53,,0,134,8576,588.22945531209314,convergence
ext-w1,11,120011,6,54,,0,143,9152,597.59516270955407,convergence
ext-w1,11,120011,6,55,,0,133,8512,597.32595189412439,convergence
ext-w1,11,120011,6,56,,0,135,8640,588.22915395100915,convergence
ext-w1,11,120011,6,57,,0,111,7104,588.22402826944983,convergence
ext-w1,11,120011,6,58,,0,178,11392,597.30436452229821,convergence
ext-w1,11,120011,6,59,,0,131,8384,596.73932139078772,convergence
ext-w1,11,120011,6,60,,0,131,8384,595.32592519124353,convergence
ext-w1,11,120011,6,61,,0,153,9792,597.30426661173499,convergence
ext-w1,11,120011,6,62,,0,131,8384,597.30436452229821,convergence
ext-w1,11,120011,6,63,,0,149,9536,596.739491780599,convergence
ext-w1,11,120011,6,64,,0,145,9280,588.22922134399414,convergence
ext-w1,11,120011,6,65,,0,151,9664,588.23205312093103,convergence
ext-w1,11,120011,6,66,,0,137,8768,588.22402826944983,convergence
ext-w1,11,120011,6,67,,0,136,8704,594.57517242431641,convergence
ext-w1,11,120011,6,68,,0,145,9280,597.41132990519202,convergence
ext-w1,11,120011,6,69,,0,157,10048,588.23205312093103,convergence
ext-w1,11,120011,6,70,,0,158,10112,588.2305018107096,convergence
ext-w1,11,120011,6,71,,0,111,7104,588.23203786214196,convergence
ext-w1,11,120011,6,72,,0,150,9600,597.40879058837891,convergence
ext-w1,11,120011,6,73,,0,144,9216,588.23660151163733,convergence
ext-w1,11,120011,6,74,,0,138,8832,588.23132451375329,convergence
ext-w1,11,120011,6,75,,0,183,11712,588.20703633626306,convergence
ext-w1,11,120011,6,76,,0,124,7936,596.66006596883142,convergence
ext-w1,11,120011,6,77,,0,160,10240,588.22402826944983,convergence
ext-w1,11,120011,6,78,,0,130,8320,588.2305018107096,convergence
ext-w1,11,120011,6,79,,0,145,9280,588.22904713948571,convergence
ext-w1,11,120011,6,80,,0,140,8960,596.51591618855798,convergence
ext-w1,11,120011,6,81,,0,167,10688,588.22526804606116,convergence
ext-w1,11,120011,6,82,,0,133,8512,596.73979059855139,convergence
ext-w1,11,120011,6,83,,0,134,8576,588.22915395100915,convergence
ext-w1,11,120011,6,84,,0,141,9024,588.23429743448889,convergence
ext-w1,11,120011,7,0,,0,139,8896,582.76055908203125,convergence
ext-w1,11,120011,7,1,,0,165,10560,583.18253580729163,convergence
ext-w1,11,120011,7,2,,0,112,7168,578.88689422607422,convergence
ext-w1,11,120011,7,3,,0,161,10304,583.43245569864905,convergence
ext-w1,11,120011,7,4,,0,165,10560,583.33170954386389,convergence
ext-w1,11,120011,7,5,,0,175,11200,583.43273798624671,convergence
ext-w1,11,120011,7,6,,0,174,11136,582.07325108846032,convergence
ext-w1,11,120011,7,7,,0,149,9536,576.51439666748047,convergence
ext-w1,11,120011,7,8,,0,162,10368,582.06568272908532,convergence
ext-w1,11,120011,7,9,,0,160,10240,583.42952219645179,convergence
ext-w1,11,120011,7,10,,0,139,8896,576.52871704101562,convergence
ext-w1,11,120011,7,11,,0,132,8448,576.52909088134766,convergence
ext-w1,11,120011,7,12,,0,127,8128,576.52871704101562,convergence
ext-w1,11,120011,7,13,,0,149,9536,583.19110107421875,convergence
ext-w1,11,120011,7,14,,0,123,7872,576.52871704101562,convergence
ext-w1,11,120011,7,15,,0,127,8128,578.88689422607422,convergence
ext-w1,11,120011,7,16,,0,169,10816,582.06583404541016,convergence
ext-w1,11,120011,7,17,,0,165,10560,583.33658981323242,convergence
ext-w1,11,120011,7,18,,0,102,6528,578.88689422607422,convergence
ext-w1,11,120011,7,19,,0,126,8064,576.52871704101562,convergence
ext-w1,11,120011,7,20,,0,125,8000,578.88689422607422,convergence
ext-w1,11,120011,7,21,,0,146,9344,582.75972366333008,convergence
ext-w1,11,120011,7,22,,0,164,10496,583.43403752644861,convergence
ext-w1,11,120011,7,23,,0,159,10176,585.17362594604492,convergence
ext-w1,11,120011,7,24,,0,137,8768,582.77287165323889,convergence
ext-w1,11,120011,7,25,,0,160,10240,583.22277450561523,convergence
ext-w1,11,120011,7,26,,0,146,9344,578.88689422607422,convergence
ext-w1,11,120011,7,27,,0,117,7488,583.43547693888343,convergence
ext-w1,11,120011,7,28,,0,135,8640,576.52871704101562,convergence
ext-w1,11,120011,7,29,,0,127,8128,583.43147277832031,convergence
ext-w1,11,120011,7,30,,0,137,8768,576.52871704101562,convergence
ext-w1,11,120011,7,31,,0,132,8448,576.52871704101562,convergence
ext-w1,11,120011,7,32,,0,137,8768,584.81971486409509,convergence
ext-w1,11,120011,7,33,,0,129,8256,582.77727890014648,convergence
ext-w1,11,120011,7,34,,0,117,7488,576.52871704101562,convergence
ext-w1,11,120011,7,35,,0,159,10176,582.75972366333008,convergence
ext-w1,11,120011,7,36,,0,156,9984,583.42944463094079,convergence
ext-w1,11,120011,7,37,,0,138,8832,583.42999140421546,convergence
ext-w1,11,120011,7,38,,0,121,7744,582.76055653889978,convergence
ext-w1,11,120011,7,39,,0,165,10560,583.17133585611975,convergence
ext-w1,11,120011,7,40,,0,179,11456,582.77727890014648,convergence
ext-w1,11,120011,7,41,,0,196,12544,582.06568272908532,convergence
ext-w1,11,120011,7,42,,0,195,12480,585.17362594604492,convergence
ext-w1,11,120011,7,43,,0,166,10624,582.07036336263025,convergence
ext-w1,11,120011,7,44,,0,141,9024,584.31161371866858,convergence
ext-w1,11,120011,7,45,,0,127,8128,576.52871704101562,convergence
ext-w1,11,120011,7,46,,0,146,9344,582.75747553507483,convergence
ext-w1,11,120011,7,47,,0,135,8640,582.09402465820312,convergence
ext-w1,11,120011,7,48,,0,156,9984,582.75946426391602,convergence
ext-w1,11,120011,7,49,,0,147,9408,576.51524098714196,convergence
ext-w1,11,120011,7,50,,0,129,8256,576.52871704101562,convergence
ext-w1,11,120011,7,51,,0,165,10560,582.75972366333008,convergence
ext-w1,11,120011,7,52,,0,156,9984,582.06988906860352,convergence
ext-w1,11,120011,7,53,,0,153,9792,582.75937398274743,convergence
ext-w1,11,120011,7,54,,0,138,8832,576.52871704101562,convergence
ext-w1,11,120011,7,55,,0,170,10880,582.06847635904944,convergence
ext-w1,11,120011,7,56,,0,148,9472,582.76055908203125,convergence
ext-w1,11,120011,7,57,,0,126,8064,576.52871704101562,convergence
ext-w1,11,120011,7,58,,0,133,8512,576.52871704101562,convergence
ext-w1,11,120011,7,59,,0,178,11392,582.07036336263025,convergence
ext-w1,11,120011,7,60,,0,134,8576,582.75963465372718,convergence
ext-w1,11,120011,7,61,,0,133,8512,583.43147277832031,convergence
ext-w1,11,120011,7,62,,0,161,10304,582.95183054606116,convergence
ext-w1,11,120011,7,63,,0,192,12288,582.06726964314782,convergence
ext-w1,11,120011,7,64,,0,161,10304,582.75909423828125,convergence
ext-w1,11,120011,7,65,,0,137,8768,576.52871704101562,convergence
ext-w1,11,120011,7,66,,0,209,13376,583.18311055501306,convergence
ext-w1,11,120011,7,67,,0,155,9920,582.75747553507483,convergence
ext-w1,11,120011,7,68,,0,165,10560,582.06568272908532,convergence
ext-w1,11,120011,7,69,,0,140,8960,582.76055908203125,convergence
ext-w1,11,120011,7,70,,0,139,8896,576.52871704101562,convergence
ext-w1,11,120011,7,71,,0,125,8000,583.43147277832031,convergence
ext-w1,11,120011,7,72,,0,168,10752,583.43547821044922,convergence
ext-w1,11,120011,7,73,,0,132,8448,583.42914454142249,convergence
ext-w1,11,120011,7,74,,0,157,10048,576.52871704101562,convergence
ext-w1,11,120011,7,75,,0,169,10816,583.16272354125977,convergence
ext-w1,11,120011,7,76,,0,132,8448,576.52871704101562,convergence
ext-w1,11,120011,7,77,,0,206,13184,583.19838841756189,convergence
ext-w1,11,120011,7,78,,0,183,11712,582.06568272908532,convergence
ext-w1,11,120011,7,79,,0,139,8896,583.16320927937829,convergence
ext-w1,11,120011,7,80,,0,151,9664,576.52871704101562,convergence
cold-w16,11,120011,0,0,,0,3041,194624,780.24605305989587,convergence
cold-w16,11,120011,0,1,,0,3267,209088,895.36664835611975,convergence
cold-w16,11,120011,0,2,,0,3226,206464,1103.0599962870281,convergence
cold-w16,11,120011,0,3,,0,3099,198336,979.39695994059241,convergence
cold-w16,11,120011,0,4,,0,3121,199744,835.6736946105957,convergence
cold-w16,11,120011,0,5,,0,3160,202240,920.9312527974447,convergence
cold-w16,11,120011,0,6,,0,3392,217088,791.66189702351892,convergence
cold-w16,11,120011,0,7,,0,2952,188928,990.97634633382165,convergence
cold-w16,11,120011,0,8,,0,3788,242432,912.68290074666345,convergence
cold-w16,11,120011,0,9,,0,2617,167488,1007.4859720865885,convergence
cold-w16,11,120011,0,10,,0,5063,324032,1218.789986928304,convergence
cold-w16,11,120011,0,11,,0,2746,175744,943.69519424438477,convergence
cold-w16,11,120011,0,12,,0,3619,231616,763.38291676839196,convergence
cold-w16,11,120011,0,13,,0,2910,186240,1160.4522997538249,convergence
cold-w16,11,120011,0,14,,0,4317,276288,841.59313583374023,convergence
cold-w16,11,120011,0,15,,0,2516,161024,933.73717625935876,convergence
cold-w16,11,120011,0,16,,0,3891,249024,893.50186030069983,convergence
cold-w16,11,120011,0,17,,0,3053,195392,1128.7258237202961,convergence
cold-w16,11,120011,0,18,,0,3557,227648,989.05728912353516,convergence
cold-w16,11,120011,0,19,,0,2852,182528,853.47030131022132,convergence
cold-w16,11,120011,0,20,,0,3541,226624,856.27229181925452,convergence
cold-w16,11,120011,0,21,,0,3133,200512,984.92798105875647,convergence
cold-w16,11,120011,0,22,,0,3753,240192,776.75718943277991,convergence
cold-w16,11,120011,0,23,,0,3164,202496,954.28020095825195,convergence
cold-w16,11,120011,0,24,,0,3169,202816,981.22608057657874,convergence
cold-w16,11,120011,0,25,,0,2941,188224,843.62843322753906,convergence
cold-w16,11,120011,0,26,,0,3370,215680,785.97491836547852,convergence
cold-w16,11,120011,0,27,,0,3392,217088,902.91629918416345,convergence
cold-w16,11,120011,0,28,,0,3029,193856,943.16492207845056,convergence
cold-w16,11,120011,0,29,,0,3391,217024,942.43546040852868,convergence
ext-w8,12,120012,0,0,,0,1540,98560,678.25659688313806,convergence
ext-w8,12,120012,0,1,,0,1520,97280,653.97126515706384,convergence
ext-w8,12,120012,0,2,,0,1460,93440,643.55096435546875,convergence
ext-w8,12,120012,0,3,,0,2976,190464,645.67705408732093,convergence
ext-w8,12,120012,0,4,,0,1225,78400,664.54356638590491,convergence
ext-w8,12,120012,0,5,,0,1335,85440,637.87648010253906,convergence
ext-w8,12,120012,0,6,,0,1561,99904,649.39969380696618,convergence
ext-w8,12,120012,0,7,,0,2220,142080,643.08087539672852,convergence
ext-w8,12,120012,0,8,,0,1329,85056,666.8904813130697,convergence
ext-w8,12,120012,0,9,,0,1309,83776,691.28022130330407,convergence
ext-w8,12,120012,0,10,,0,1571,100544,638.27752558390296,convergence
ext-w8,12,120012,0,11,,0,1473,94272,636.96709060668945,convergence
ext-w8,12,120012,0,12,,0,1312,83968,659.60645294189453,convergence
ext-w8,12,120012,0,13,,0,1567,100288,635.94997660319007,convergence
ext-w8,12,120012,0,14,,0,2246,143744,676.38751347859704,convergence
ext-w8,12,120012,0,15,,0,1334,85376,640.07898585001624,convergence
ext-w8,12,120012,0,16,,0,1639,104896,664.31062952677405,convergence
ext-w8,12,120012,0,17,,0,2073,132672,687.51873143514001,convergence
ext-w8,12,120012,0,18,,0,1856,118784,654.08889897664392,convergence
ext-w8,12,120012,0,19,,0,1512,96768,657.58456039428711,convergence
ext-w8,12,120012,0,20,,0,1168,74752,642.40507125854492,convergence
ext-w8,12,120012,0,21,,0,2948,188672,658.71489461263025,convergence
ext-w8,12,120012,0,22,,0,1364,87296,645.45933787027991,convergence
ext-w8,12,120012,0,23,,0,1119,71616,642.77976481119788,convergence
ext-w8,12,120012,0,24,,0,1591,101824,644.3409538269043,convergence
ext-w8,12,120012,0,25,,0,1366,87424,644.66365941365564,convergence
ext-w8,12,120012,0,26,,0,1215,77760,638.968251546224,convergence
ext-w8,12,120012,0,27,,0,1663,106432,671.1313807169596,convergence
ext-w8,12,120012,0,28,,0,1458,93312,609.95381291707361,convergence
ext-w8,12,120012,0,29,,0,1595,102080,658.01919047037757,convergence
ext-w8,12,120012,0,30,,0,1406,89984,665.52225240071618,convergence
ext-w8,12,120012,0,31,,0,1556,99584,672.70751444498694,convergence
ext-w8,12,120012,0,32,,0,1870,119680,669.22455342610681,convergence
ext-w8,12,120012,0,33,,0,1371,87744,649.13562266031897,convergence
ext-w8,12,120012,0,34,,0,1476,94464,657.33258692423499,convergence
ext-w8,12,120012,0,35,,0,1420,90880,663.95937728881836,convergence
ext-w8,12,120012,0,36,,0,1441,92224,688.27437973022461,convergence
ext-w8,12,120012,0,37,,0,1899,121536,672.34510676066077,convergence
ext-w8,12,120012,0,38,,0,1804,115456,666.20601018269861,convergence
ext-w8,12,120012,0,39,,0,1251,80064,668.10026931762695,convergence
ext-w8,12,120012,0,40,,0,1424,91136,645.2769559224447,convergence
ext-w8,12,120012,0,41,,0,1464,93696,639.65135447184241,convergence
ext-w8,12,120012,0,42,,0,1343,85952,653.76301956176758,convergence
ext-w8,12,120012,0,43,,0,1302,83328,653.15161387125647,convergence
ext-w8,12,120012,0,44,,0,1502,96128,669.25590769449866,convergence
ext-w8,12,120012,0,45,,0,1989,127296,638.33405049641931,convergence
ext-w8,12,120012,0,46,,0,1526,97664,666.88033167521155,convergence
ext-w8,12,120012,0,47,,0,1566,100224,662.56088129679358,convergence
ext-w8,12,120012,0,48,,0,1329,85056,653.59967295328772,convergence
ext-w8,12,120012,0,49,,0,1383,88512,685.34014892578125,convergence
ext-w8,12,120012,0,50,,0,1303,83392,644.92013804117835,convergence
ext-w8,12,120012,0,51,,0,1731,110784,652.21887842814124,convergence
ext-w8,12,120012,0,52,,0,1540,98560,635.77483876546228,convergence
ext-w8,12,120012,0,53,,0,1386,88704,655.29861323038733,convergence
ext-w8,12,120012,0,54,,0,1152,73728,631.1842155456543,convergence
ext-w8,12,120012,0,55,,0,2526,161664,639.5200309753418,convergence
ext-w8,12,120012,0,56,,0,1809,115776,656.07953389485681,convergence
ext-w8,12,120012,0,57,,0,1196,76544,628.0556856791178,convergence
ext-w8,12,120012,0,58,,0,1418,90752,639.80067952473962,convergence
ext-w8,12,120012,0,59,,0,1540,98560,645.74447631835938,convergence
ext-w8,12,120012,0,60,,0,3959,253376,660.74560928344727,convergence
ext-w4,12,120012,0,0,,0,719,46016,687.58563486735022,convergence
ext-w4,12,120012,0,1,,0,559,35776,670.19421768188477,convergence
ext-w4,12,120012,0,2,,0,856,54784,688.36557133992517,convergence
ext-w4,12,120012,0,3,,0,739,47296,671.83071136474609,convergence
ext-w4,12,120012,0,4,,0,668,42752,671.57465616861975,convergence
ext-w4,12,120012,0,5,,0,612,39168,675.34785461425781,convergence
ext-w4,12,120012,0,6,,0,702,44928,688.58037312825525,convergence
ext-w4,12,120012,0,7,,0,656,41984,672.58839289347327,convergence
ext-w4,12,120012,0,8,,0,595,38080,693.8604850769043,convergence
ext-w4,12,120012,0,9,,0,632,40448,682.91133244832361,convergence
ext-w4,12,120012,0,10,,0,675,43200,673.33225631713867,convergence
ext-w4,12,120012,0,11,,0,662,42368,663.75838216145837,convergence
ext-w4,12,120012,0,12,,0,590,37760,672.43276596069336,convergence
ext-w4,12,120012,0,13,,0,615,39360,674.33260981241858,convergence
ext-w4,12,120012,0,14,,0,664,42496,688.48226038614905,convergence
ext-w4,12,120012,0,15,,0,763,48832,670.81955210367835,convergence
ext-w4,12,120012,0,16,,0,1025,65600,689.01903533935547,convergence
ext-w4,12,120012,0,17,,0,622,39808,652.88006337483728,convergence
ext-w4,12,120012,0,18,,0,752,48128,656.42457962036133,convergence
ext-w4,12,120012,0,19,,0,718,45952,669.51816304524743,convergence
ext-w4,12,120012,0,20,,0,676,43264,668.22114308675134,convergence
ext-w4,12,120012,0,21,,0,845,54080,697.47446187337243,convergence
ext-w4,12,120012,0,22,,0,638,40832,673.64156341552734,convergence
ext-w4,12,120012,0,23,,0,701,44864,686.05283101399743,convergence
ext-w4,12,120012,0,24,,0,644,41216,658.35094579060876,convergence
ext-w4,12,120012,0,25,,0,662,42368,673.56661860148108,convergence
ext-w4,12,120012,0,26,,0,628,40192,670.61780548095703,convergence
ext-w4,12,120012,0,27,,0,654,41856,681.42170461018884,convergence
ext-w4,12,120012,0,28,,0,644,41216,674.08817545572913,convergence
ext-w4,12,120012,0,29,,0,532,34048,670.64987055460608,convergence
ext-w4,12,120012,0,30,,0,619,39616,657.87154388427734,convergence
ext-w4,12,120012,0,31,,0,616,39424,671.68131637573242,convergence
ext-w4,12,120012,0,32,,0,779,49856,675.56258646647132,convergence
ext-w4,12,120012,0,33,,0,660,42240,671.39731979370117,convergence
ext-w4,12,120012,0,34,,0,651,41664,672.5151481628418,convergence
ext-w4,12,120012,0,35,,0,1688,108032,674.848642985026,convergence
ext-w4,12,120012,0,36,,0,629,40256,656.88318125406897,convergence
ext-w4,12,120012,0,37,,0,542,34688,656.95559056599939,convergence
ext-w4,12,120012,0,38,,0,648,41472,686.02569834391272,convergence
ext-w4,12,120012,0,39,,0,631,40384,684.97685114542639,convergence
ext-w4,12,120012,0,40,,0,564,36096,669.63955561319983,convergence
ext-w4,12,120012,0,41,,0,598,38272,651.19499715169275,convergence
ext-w4,12,120012,0,42,,0,675,43200,652.27504475911462,convergence
ext-w4,12,120012,0,43,,0,580,37120,671.04340235392249,convergence
ext-w4,12,120012,0,44,,0,721,46144,674.54131825764978,convergence
ext-w4,12,120012,0,45,,0,514,32896,663.59842936197913,convergence
ext-w4,12,120012,0,46,,0,690,44160,671.23075866699219,convergence
ext-w4,12,120012,0,47,,0,651,41664,675.58366139729821,convergence
ext-w4,12,120012,0,48,,0,631,40384,667.85970052083337,convergence
ext-w4,12,120012,0,49,,0,731,46784,671.61133575439453,convergence
ext-w4,12,120012,0,50,,0,553,35392,671.37741470336914,convergence
ext-w4,12,120012,0,51,,0,619,39616,666.59962336222327,convergence
ext-w4,12,120012,0,52,,0,778,49792,688.43075688680017,convergence
ext-w4,12,120012,0,53,,0,760,48640,682.91780598958337,convergence
ext-w4,12,120012,0,54,,0,769,49216,682.52183787027991,convergence
ext-w4,12,120012,0,55,,0,583,37312,662.87525304158532,convergence
ext-w4,12,120012,0,56,,0,773,49472,666.09276835123694,convergence
ext-w4,12,120012,0,57,,0,693,44352,683.19640604654944,convergence
ext-w4,12,120012,0,58,,0,592,37888,671.86912282307946,convergence
ext-w4,12,120012,0,59,,0,658,42112,657.01878356933594,convergence
ext-w4,12,120012,0,60,,0,490,31360,670.77957280476892,convergence
ext-w4,12,120012,0,61,,0,611,39104,688.78280512491858,convergence
ext-w4,12,120012,0,62,,0,601,38464,656.81298192342126,convergence
ext-w4,12,120012,0,63,,0,533,34112,669.97241592407227,convergence
ext-w4,12,120012,0,64,,0,664,42496,670.93879191080725,convergence
ext-w4,12,120012,0,65,,0,807,51648,658.61826705932617,convergence
ext-w4,12,120012,0,66,,0,624,39936,681.03210957845056,convergence
ext-w4,12,120012,0,67,,0,1046,66944,687.38184483846032,convergence
ext-w4,12,120012,0,68,,0,654,41856,668.07536315917969,convergence
ext-w4,12,120012,0,69,,0,728,46592,687.68782552083337,convergence
ext-w4,12,120012,0,70,,0,663,42432,669.96727879842126,convergence
ext-w4,12,120012,1,0,,0,930,59520,627.05027262369788,convergence
ext-w4,12,120012,1,1,,0,600,38400,599.84496688842773,convergence
ext-w4,12,120012,1,2,,0,776,49664,612.35225296020508,convergence
ext-w4,12,120012,1,3,,0,647,41408,608.02395248413086,convergence
ext-w4,12,120012,1,4,,0,909,58176,614.38301722208655,convergence
ext-w4,12,120012,1,5,,0,582,37248,616.89281845092773,convergence
ext-w4,12,120012,1,6,,0,732,46848,607.78642400105798,convergence
ext-w4,12,120012,1,7,,0,896,57344,636.5184542338053,convergence
ext-w4,12,120012,1,8,,0,579,37056,602.0953585306803,convergence
ext-w4,12,120012,1,9,,0,807,51648,624.46495819091797,convergence
ext-w4,12,120012,1,10,,0,753,48192,621.24862289428711,convergence
ext-w4,12,120012,1,11,,0,672,43008,594.65794118245446,convergence
ext-w4,12,120012,1,12,,0,740,47360,595.42787297566736,convergence
ext-w4,12,120012,1,13,,0,814,52096,600.14798609415686,convergence
ext-w4,12,120012,1,14,,0,638,40832,605.46130243937171,convergence
ext-w4,12,120012,1,15,,0,655,41920,614.85393778483069,convergence
ext-w4,12,120012,1,16,,0,650,41600,610.44596862792969,convergence
ext-w4,12,120012,1,17,,0,600,38400,615.86157353719079,convergence
ext-w4,12,120012,1,18,,0,674,43136,600.66082255045569,convergence
ext-w4,12,120012,1,19,,0,776,49664,611.56031163533532,convergence
ext-w4,12,120012,1,20,,0,757,48448,631.63677088419593,convergence
ext-w4,12,120012,1,21,,0,667,42688,611.59085210164392,convergence
ext-w4,12,120012,1,22,,0,644,41216,610.05754725138343,convergence
ext-w4,12,120012,1,23,,0,611,39104,615.58908843994141,convergence
ext-w4,12,120012,1,24,,0,667,42688,631.99304453531897,convergence
ext-w4,12,120012,1,25,,0,548,35072,634.28533426920569,convergence
ext-w4,12,120012,1,26,,0,827,52928,630.51355361938477,convergence
ext-w4,12,120012,1,27,,0,605,38720,625.20774586995446,convergence
ext-w4,12,120012,1,28,,0,680,43520,614.30419413248694,convergence
ext-w4,12,120012,1,29,,0,487,31168,623.30057652791345,convergence
ext-w4,12,120012,1,30,,0,827,52928,609.71332804361975,convergence
ext-w4,12,120012,1,31,,0,818,52352,615.6762911478678,convergence
ext-w4,12,120012,1,32,,0,663,42432,622.34238433837891,convergence
ext-w4,12,120012,1,33,,0,653,41792,610.53280131022132,convergence
ext-w4,12,120012,1,34,,0,1342,85888,620.42236073811853,convergence
ext-w4,12,120012,1,35,,0,701,44864,604.58996073404944,convergence
ext-w4,12,120012,1,36,,0,736,47104,623.34134928385413,convergence
ext-w4,12,120012,1,37,,0,858,54912,619.31552505493164,convergence
ext-w4,12,120012,1,38,,0,774,49536,613.18283081054688,convergence
ext-w4,12,120012,1,39,,0,762,48768,640.5240262349447,convergence
ext-w4,12,120012,1,40,,0,503,32192,630.30619049072266,convergence
ext-w4,12,120012,1,41,,0,727,46528,599.86830139160156,convergence
ext-w4,12,120012,1,42,,0,556,35584,639.13488388061523,convergence
ext-w4,12,120012,1,43,,0,798,51072,615.7840245564779,convergence
ext-w4,12,120012,1,44,,0,641,41024,598.09552637735999,convergence
ext-w4,12,120012,1,45,,0,653,41792,612.53187561035156,convergence
ext-w4,12,120012,1,46,,0,912,58368,616.60874430338538,convergence
ext-w4,12,120012,1,47,,0,675,43200,634.77138010660804,convergence
ext-w4,12,120012,1,48,,0,770,49280,611.78376515706384,convergence
ext-w4,12,120012,1,49,,0,736,47104,610.528076171875,convergence
ext-w4,12,120012,1,50,,0,636,40704,618.18561172485352,convergence
ext-w4,12,120012,1,51,,0,978,62592,623.10198593139648,convergence
ext-w4,12,120012,1,52,,0,723,46272,616.37217458089196,convergence
ext-w4,12,120012,1,53,,0,607,38848,607.08857599894202,convergence
ext-w4,12,120012,1,54,,0,681,43584,616.12792460123694,convergence
ext-w4,12,120012,1,55,,0,514,32896,634.94581731160486,convergence
ext-w4,12,120012,1,56,,0,1535,98240,628.66501108805335,convergence
ext-w4,12,120012,1,57,,0,901,57664,624.58792750040686,convergence
ext-w4,12,120012,1,58,,0,724,46336,619.06896464029944,convergence
ext-w4,12,120012,1,59,,0,750,48000,618.18527348836267,convergence
ext-w4,12,120012,1,60,,0,705,45120,612.08518218994141,convergence
ext-w4,12,120012,1,61,,0,793,50752,610.71724700927734,convergence
ext-w4,12,120012,1,62,,0,763,48832,613.73025894165039,convergence
ext-w4,12,120012,1,63,,0,677,43328,614.28107706705725,convergence
ext-w4,12,120012,1,64,,0,745,47680,610.16997655232751,convergence
ext-w4,12,120012,1,65,,0,778,49792,615.34548950195312,convergence
ext-w2,12,120012,0,0,,0,296,18944,687.09759521484375,convergence
ext-w2,12,120012,0,1,,0,347,22208,687.82836405436194,convergence
ext-w2,12,120012,0,2,,0,330,21120,687.83495712280273,convergence
ext-w2,12,120012,0,3,,0,304,19456,687.83719253540039,convergence
ext-w2,12,120012,0,4,,0,291,18624,706.05793762207031,convergence
ext-w2,12,120012,0,5,,0,371,23744,695.06746546427405,convergence
ext-w2,12,120012,0,6,,0,318,20352,695.07482147216797,convergence
ext-w2,12,120012,0,7,,0,264,16896,692.10078557332361,convergence
ext-w2,12,120012,0,8,,0,287,18368,694.98150126139319,convergence
ext-w2,12,120012,0,9,,0,340,21760,687.09262212117517,convergence
ext-w2,12,120012,0,10,,0,305,19520,683.70572408040368,convergence
ext-w2,12,120012,0,11,,0,243,15552,695.12597020467126,convergence
ext-w2,12,120012,0,12,,0,254,16256,694.94161987304688,convergence
ext-w2,12,120012,0,13,,0,297,19008,686.46329243977868,convergence
ext-w2,12,120012,0,14,,0,308,19712,690.71028645833337,convergence
ext-w2,12,120012,0,15,,0,376,24064,710.55278905232751,convergence
ext-w2,12,120012,0,16,,0,340,21760,693.89164733886719,convergence
ext-w2,12,120012,0,17,,0,287,18368,695.48465728759766,convergence
ext-w2,12,120012,0,18,,0,295,18880,702.70390701293945,convergence
ext-w2,12,120012,0,19,,0,310,19840,694.40279388427734,convergence
ext-w2,12,120012,0,20,,0,260,16640,694.96930185953772,convergence
ext-w2,12,120012,0,21,,0,264,16896,695.09921900431311,convergence
ext-w2,12,120012,0,22,,0,447,28608,697.91414006551111,convergence
ext-w2,12,120012,0,23,,0,353,22592,697.59514745076501,convergence
ext-w2,12,120012,0,24,,0,374,23936,688.54921340942383,convergence
ext-w2,12,120012,0,25,,0,483,30912,688.39550399780273,convergence
ext-w2,12,120012,0,26,,0,304,19456,702.83940633138025,convergence
ext-w2,12,120012,0,27,,0,364,23296,695.43664805094397,convergence
ext-w2,12,120012,0,28,,0,436,27904,701.844228108724,convergence
ext-w2,12,120012,0,29,,0,309,19776,706.84613545735681,convergence
ext-w2,12,120012,0,30,,0,305,19520,696.14858500162757,convergence
ext-w2,12,120012,0,31,,0,447,28608,693.89242426554358,convergence
ext-w2,12,120012,0,32,,0,261,16704,693.871815999349,convergence
ext-w2,12,120012,0,33,,0,265,16960,687.8517061869303,convergence
ext-w2,12,120012,0,34,,0,334,21376,682.06881713867188,convergence
ext-w2,12,120012,0,35,,0,381,24384,700.28877131144202,convergence
ext-w2,12,120012,0,36,,0,405,25920,677.6977208455404,convergence
ext-w2,12,120012,0,37,,0,271,17344,695.53975804646814,convergence
ext-w2,12,120012,0,38,,0,247,15808,694.95163091023767,convergence
ext-w2,12,120012,0,39,,0,281,17984,694.94884999593103,convergence
ext-w2,12,120012,0,40,,0,306,19584,700.32647959391272,convergence
ext-w2,12,120012,0,41,,0,350,22400,695.1054903666178,convergence
ext-w2,12,120012,0,42,,0,301,19264,682.82170232137048,convergence
ext-w2,12,120012,0,43,,0,272,17408,693.90498224894202,convergence
ext-w2,12,120012,0,44,,0,300,19200,694.97289276123047,convergence
ext-w2,12,120012,0,45,,0,290,18560,704.51952997843421,convergence
ext-w2,12,120012,0,46,,0,371,23744,700.32241694132483,convergence
ext-w2,12,120012,0,47,,0,357,22848,694.38798395792639,convergence
ext-w2,12,120012,0,48,,0,353,22592,693.87215805053711,convergence
ext-w2,12,120012,0,49,,0,324,20736,694.46036911010742,convergence
ext-w2,12,120012,0,50,,0,280,17920,694.41087595621741,convergence
ext-w2,12,120012,0,51,,0,413,26432,702.54412460327148,convergence
ext-w2,12,120012,0,52,,0,329,21056,682.8795166015625,convergence
ext-w2,12,120012,0,53,,0,443,28352,705.11972045898438,convergence
ext-w2,12,120012,0,54,,0,271,17344,694.97420756022132,convergence
ext-w2,12,120012,0,55,,0,313,20032,704.53505325317383,convergence
ext-w2,12,120012,0,56,,0,285,18240,694.40662511189782,convergence
ext-w2,12,120012,0,57,,0,271,17344,708.47826512654626,convergence
ext-w2,12,120012,0,58,,0,323,20672,715.99292627970374,convergence
ext-w2,12,120012,0,59,,0,291,18624,695.59603118896484,convergence
ext-w2,12,120012,0,60,,0,296,18944,704.53548049926758,convergence
ext-w2,12,120012,0,61,,0,352,22528,693.87554550170898,convergence
ext-w2,12,120012,0,62,,0,362,23168,705.26301193237305,convergence
ext-w2,12,120012,0,63,,0,271,17344,695.03721491495764,convergence
ext-w2,12,120012,0,64,,0,438,28032,704.35561625162757,convergence
ext-w2,12,120012,0,65,,0,336,21504,704.52806854248047,convergence
ext-w2,12,120012,0,66,,0,453,28992,688.79353332519531,convergence
ext-w2,12,120012,0,67,,0,261,16704,699.3344612121582,convergence
ext-w2,12,120012,0,68,,0,308,19712,719.27035013834632,convergence
ext-w2,12,120012,0,69,,0,274,17536,695.40137990315759,convergence
ext-w2,12,120012,0,70,,0,294,18816,694.40393575032556,convergence
ext-w2,12,120012,0,71,,0,241,15424,695.27407709757483,convergence
ext-w2,12,120012,0,72,,0,342,21888,689.83737691243493,convergence
ext-w2,12,120012,0,73,,0,297,19008,694.39779154459632,convergence
ext-w2,12,120012,0,74,,0,269,17216,694.42140197753906,convergence
ext-w2,12,120012,1,0,,0,410,26240,654.92268117268884,convergence
ext-w2,12,120012,1,1,,0,476,30464,668.68525441487634,convergence
ext-w2,12,120012,1,2,,0,331,21184,635.89081573486328,convergence
ext-w2,12,120012,1,3,,0,384,24576,648.63318634033203,convergence
ext-w2,12,120012,1,4,,0,319,20416,635.84823989868164,convergence
ext-w2,12,120012,1,5,,0,264,16896,633.88268280029297,convergence
ext-w2,12,120012,1,6,,0,328,20992,648.60593668619788,convergence
ext-w2,12,120012,1,7,,0,313,20032,657.26074981689453,convergence
ext-w2,12,120012,1,8,,0,305,19520,652.84763971964514,convergence
ext-w2,12,120012,1,9,,0,363,23232,648.65025456746423,convergence
ext-w2,12,120012,1,10,,0,346,22144,647.86692555745446,convergence
ext-w2,12,120012,1,11,,0,312,19968,652.83088048299157,convergence
ext-w2,12,120012,1,12,,0,359,22976,654.303721110026,convergence
ext-w2,12,120012,1,13,,0,279,17856,633.87971878051758,convergence
ext-w2,12,120012,1,14,,0,317,20288,653.31418991088867,convergence
ext-w2,12,120012,1,15,,0,404,25856,670.15675099690759,convergence
ext-w2,12,120012,1,16,,0,254,16256,647.86681747436523,convergence
ext-w2,12,120012,1,17,,0,293,18752,640.82814788818359,convergence
ext-w2,12,120012,1,18,,0,305,19520,646.34279378255212,convergence
ext-w2,12,120012,1,19,,0,355,22720,655.52729797363281,convergence
ext-w2,12,120012,1,20,,0,338,21632,655.79648208618164,convergence
ext-w2,12,120012,1,21,,0,315,20160,643.04651387532556,convergence
ext-w2,12,120012,1,22,,0,312,19968,667.75673421223962,convergence
ext-w2,12,120012,1,23,,0,342,21888,666.50065231323242,convergence
ext-w2,12,120012,1,24,,0,292,18688,646.330576578776,convergence
ext-w2,12,120012,1,25,,0,295,18880,640.82814788818359,convergence
ext-w2,12,120012,1,26,,0,282,18048,665.31258138020837,convergence
ext-w2,12,120012,1,27,,0,361,23104,649.88325881958008,convergence
ext-w2,12,120012,1,28,,0,305,19520,654.48454920450843,convergence
ext-w2,12,120012,1,29,,0,365,23360,665.31408437093103,convergence
ext-w2,12,120012,1,30,,0,378,24192,648.07026418050134,convergence
ext-w2,12,120012,1,31,,0,380,24320,668.92866516113281,convergence
ext-w2,12,120012,1,32,,0,380,24320,670.01232528686523,convergence
ext-w2,12,120012,1,33,,0,299,19136,662.41319020589196,convergence
ext-w2,12,120012,1,34,,0,261,16704,640.85710525512695,convergence
ext-w2,12,120012,1,35,,0,317,20288,667.70315551757812,convergence
ext-w2,12,120012,1,36,,0,314,20096,646.32633209228516,convergence
ext-w2,12,120012,1,37,,0,373,23872,652.82863235473633,convergence
ext-w2,12,120012,1,38,,0,333,21312,654.35223642985022,convergence
ext-w2,12,120012,1,39,,0,312,19968,633.88435109456384,convergence
ext-w2,12,120012,1,40,,0,341,21824,670.36208089192712,convergence
ext-w2,12,120012,1,41,,0,395,25280,664.43774286905921,convergence
ext-w2,12,120012,1,42,,0,278,17792,640.85727310180664,convergence
ext-w2,12,120012,1,43,,0,292,18688,654.84651692708337,convergence
ext-w2,12,120012,1,44,,0,330,21120,646.59987386067712,convergence
ext-w2,12,120012,1,45,,0,256,16384,640.87243143717444,convergence
ext-w2,12,120012,1,46,,0,358,22912,661.22626241048181,convergence
ext-w2,12,120012,1,47,,0,268,17152,640.86240259806311,convergence
ext-w2,12,120012,1,48,,0,284,18176,662.544667561849,convergence
ext-w2,12,120012,1,49,,0,372,23808,653.31601460774743,convergence
ext-w2,12,120012,1,50,,0,303,19392,633.87196350097656,convergence
ext-w2,12,120012,1,51,,0,342,21888,660.23179499308264,convergence
ext-w2,12,120012,1,52,,0,361,23104,635.85210927327478,convergence
ext-w2,12,120012,1,53,,0,382,24448,649.29480361938477,convergence
ext-w2,12,120012,1,54,,0,376,24064,653.3225313822428,convergence
ext-w2,12,120012,1,55,,0,406,25984,664.43867238362634,convergence
ext-w2,12,120012,1,56,,0,338,21632,653.48539606730139,convergence
ext-w2,12,120012,1,57,,0,360,23040,641.61317189534509,convergence
ext-w2,12,120012,1,58,,0,289,18496,654.86952590942383,convergence
ext-w2,12,120012,1,59,,0,342,21888,648.59757105509436,convergence
ext-w2,12,120012,1,60,,0,289,18496,657.30319213867188,convergence
ext-w2,12,120012,1,61,,0,321,20544,648.63877741495764,convergence
ext-w2,12,120012,1,62,,0,346,22144,655.51695887247718,convergence
ext-w2,12,120012,1,63,,0,314,20096,650.61562474568689,convergence
ext-w2,12,120012,1,64,,0,293,18752,665.29443740844727,convergence
ext-w2,12,120012,1,65,,0,498,31872,651.51894760131836,convergence
ext-w2,12,120012,1,66,,0,346,22144,646.34441375732422,convergence
ext-w2,12,120012,1,67,,0,377,24128,635.86552302042639,convergence
ext-w2,12,120012,1,68,,0,385,24640,648.61268997192383,convergence
ext-w2,12,120012,1,69,,0,310,19840,657.66126124064124,convergence
ext-w2,12,120012,1,70,,0,302,19328,640.8341064453125,convergence
ext-w2,12,120012,1,71,,0,271,17344,647.72713470458984,convergence
ext-w2,12,120012,1,72,,0,280,17920,646.33783976236975,convergence
ext-w2,12,120012,2,0,,0,343,21952,613.41030375162757,convergence
ext-w2,12,120012,2,1,,0,342,21888,613.8140652974447,convergence
ext-w2,12,120012,2,2,,0,337,21568,612.40462493896484,convergence
ext-w2,12,120012,2,3,,0,337,21568,612.32324854532874,convergence
ext-w2,12,120012,2,4,,0,362,23168,621.12046305338538,convergence
ext-w2,12,120012,2,5,,0,359,22976,610.00584538777673,convergence
ext-w2,12,120012,2,6,,0,323,20672,611.85671997070312,convergence
ext-w2,12,120012,2,7,,0,441,28224,606.67480214436853,convergence
ext-w2,12,120012,2,8,,0,325,20800,611.89401117960608,convergence
ext-w2,12,120012,2,9,,0,335,21440,608.65684127807617,convergence
ext-w2,12,120012,2,10,,0,340,21760,616.42051569620764,convergence
ext-w2,12,120012,2,11,,0,344,22016,613.74243036905921,convergence
ext-w2,12,120012,2,12,,0,372,23808,613.43358739217126,convergence
ext-w2,12,120012,2,13,,0,300,19200,616.37043635050452,convergence
ext-w2,12,120012,2,14,,0,325,20800,604.78657786051429,convergence
ext-w2,12,120012,2,15,,0,305,19520,605.43678538004554,convergence
ext-w2,12,120012,2,16,,0,298,19072,618.91344451904297,convergence
ext-w2,12,120012,2,17,,0,254,16256,610.54905446370446,convergence
ext-w2,12,120012,2,18,,0,315,20160,610.56718826293945,convergence
ext-w2,12,120012,2,19,,0,330,21120,610.58725611368811,convergence
ext-w2,12,120012,2,20,,0,296,18944,605.44829050699866,convergence
ext-w2,12,120012,2,21,,0,396,25344,604.77576065063477,convergence
ext-w2,12,120012,2,22,,0,425,27200,613.44196573893225,convergence
ext-w2,12,120012,2,23,,0,348,22272,604.76800537109375,convergence
ext-w2,12,120012,2,24,,0,383,24512,614.31271362304688,convergence
ext-w2,12,120012,2,25,,0,298,19072,611.04255803426111,convergence
ext-w2,12,120012,2,26,,0,367,23488,613.41447703043616,convergence
ext-w2,12,120012,2,27,,0,349,22336,613.06562805175781,convergence
ext-w2,12,120012,2,28,,0,386,24704,613.47314834594727,convergence
ext-w2,12,120012,2,29,,0,348,22272,604.80150477091468,convergence
ext-w2,12,120012,2,30,,0,296,18944,616.61136245727539,convergence
ext-w2,12,120012,2,31,,0,330,21120,614.7130126953125,convergence
ext-w2,12,120012,2,32,,0,274,17536,610.21794001261389,convergence
ext-w2,12,120012,2,33,,0,515,32960,614.27919260660804,convergence
ext-w2,12,120012,2,34,,0,318,20352,616.79349263509118,convergence
ext-w2,12,120012,2,35,,0,381,24384,613.5680147806803,convergence
ext-w2,12,120012,2,36,,0,327,20928,613.42665354410804,convergence
ext-w2,12,120012,2,37,,0,398,25472,613.38893000284827,convergence
ext-w2,12,120012,2,38,,0,364,23296,620.64714431762695,convergence
ext-w2,12,120012,2,39,,0,367,23488,611.03093083699548,convergence
ext-w2,12,120012,2,40,,0,334,21376,606.86444981892907,convergence
ext-w2,12,120012,2,41,,0,382,24448,597.91092046101892,convergence
ext-w2,12,120012,2,42,,0,387,24768,613.93671925862634,convergence
ext-w2,12,120012,2,43,,0,325,20800,610.63329950968421,convergence
ext-w2,12,120012,2,44,,0,317,20288,606.84109242757165,convergence
ext-w2,12,120012,2,45,,0,331,21184,611.6082649230957,convergence
ext-w2,12,120012,2,46,,0,381,24384,621.47341156005859,convergence
ext-w2,12,120012,2,47,,0,307,19648,622.2862650553385,convergence
ext-w2,12,120012,2,48,,0,298,19072,610.56697972615564,convergence
ext-w2,12,120012,2,49,,0,328,20992,605.46657180786133,convergence
ext-w2,12,120012,2,50,,0,320,20480,604.81393686930335,convergence
ext-w2,12,120012,2,51,,0,399,25536,626.93001047770179,convergence
ext-w2,12,120012,2,52,,0,435,27840,613.05713017781579,convergence
ext-w2,12,120012,2,53,,0,374,23936,611.96202341715491,convergence
ext-w2,12,120012,2,54,,0,318,20352,606.83507029215491,convergence
ext-w2,12,120012,2,55,,0,375,24000,604.74480438232422,convergence
ext-w2,12,120012,2,56,,0,302,19328,613.44912592569983,convergence
ext-w2,12,120012,2,57,,0,312,19968,611.78706105550134,convergence
ext-w2,12,120012,2,58,,0,306,19584,606.8599853515625,convergence
ext-w2,12,120012,2,59,,0,362,23168,622.47808202107751,convergence
ext-w2,12,120012,2,60,,0,377,24128,604.75590387980139,convergence
ext-w2,12,120012,2,61,,0,346,22144,626.31344477335608,convergence
ext-w2,12,120012,2,62,,0,473,30272,597.88029225667321,convergence
ext-w2,12,120012,2,63,,0,427,27328,613.35574340820312,convergence
ext-w2,12,120012,2,64,,0,409,26176,611.94492848714196,convergence
ext-w2,12,120012,2,65,,0,329,21056,611.03334045410156,convergence
ext-w2,12,120012,2,66,,0,426,27264,613.74139658610022,convergence
ext-w2,12,120012,2,67,,0,387,24768,613.43683242797852,convergence
ext-w2,12,120012,2,68,,0,434,27776,607.77872212727868,convergence
ext-w2,12,120012,3,0,,0,323,20672,580.7867647806803,convergence
ext-w2,12,120012,3,1,,0,362,23168,580.37012227376306,convergence
ext-w2,12,120012,3,2,,0,332,21248,590.23847071329749,convergence
ext-w2,12,120012,3,3,,0,391,25024,585.75754038492835,convergence
ext-w2,12,120012,3,4,,0,400,25600,592.14964548746741,convergence
ext-w2,12,120012,3,5,,0,307,19648,591.10918426513672,convergence
ext-w2,12,120012,3,6,,0,413,26432,577.55652745564782,convergence
ext-w2,12,120012,3,7,,0,273,17472,583.3045552571615,convergence
ext-w2,12,120012,3,8,,0,407,26048,583.18578465779626,convergence
ext-w2,12,120012,3,9,,0,453,28992,590.03881454467773,convergence
ext-w2,12,120012,3,10,,0,382,24448,583.17738596598304,convergence
ext-w2,12,120012,3,11,,0,359,22976,583.16846211751306,convergence
ext-w2,12,120012,3,12,,0,331,21184,576.88183085123694,convergence
ext-w2,12,120012,3,13,,0,368,23552,580.7546602884928,convergence
ext-w2,12,120012,3,14,,0,280,17920,576.91143671671546,convergence
ext-w2,12,120012,3,15,,0,419,26816,590.31072743733728,convergence
ext-w2,12,120012,3,16,,0,360,23040,587.81543223063147,convergence
ext-w2,12,120012,3,17,,0,367,23488,590.55882136027014,convergence
ext-w2,12,120012,3,18,,0,532,34048,584.69758351643884,convergence
ext-w2,12,120012,3,19,,0,324,20736,576.87484232584632,convergence
ext-w2,12,120012,3,20,,0,325,20800,592.26217905680335,convergence
ext-w2,12,120012,3,21,,0,401,25664,581.47453689575195,convergence
ext-w2,12,120012,3,22,,0,404,25856,580.48801422119141,convergence
ext-w2,12,120012,3,23,,0,414,26496,590.6308708190918,convergence
ext-w2,12,120012,3,24,,0,333,21312,583.21878687540686,convergence
ext-w2,12,120012,3,25,,0,332,21248,576.8822135925293,convergence
ext-w2,12,120012,3,26,,0,309,19776,580.78197352091468,convergence
ext-w2,12,120012,3,27,,0,327,20928,588.55199686686194,convergence
ext-w2,12,120012,3,28,,0,315,20160,590.08542887369788,convergence
ext-w2,12,120012,3,29,,0,346,22144,589.48979059855139,convergence
ext-w2,12,120012,3,30,,0,368,23552,590.15187835693359,convergence
ext-w2,12,120012,3,31,,0,375,24000,583.19558588663733,convergence
ext-w2,12,120012,3,32,,0,313,20032,576.88227589925134,convergence
ext-w2,12,120012,3,33,,0,399,25536,581.56875991821289,convergence
ext-w2,12,120012,3,34,,0,398,25472,590.10941696166992,convergence
ext-w2,12,120012,3,35,,0,351,22464,583.1887092590332,convergence
ext-w2,12,120012,3,36,,0,311,19904,578.71011225382483,convergence
ext-w2,12,120012,3,37,,0,462,29568,585.18873977661133,convergence
ext-w2,12,120012,3,38,,0,294,18816,590.10648727416992,convergence
ext-w2,12,120012,3,39,,0,418,26752,590.06154632568359,convergence
ext-w2,12,120012,3,40,,0,409,26176,581.43319320678711,convergence
ext-w2,12,120012,3,41,,0,297,19008,587.28315226236975,convergence
ext-w2,12,120012,3,42,,0,381,24384,581.54418818155921,convergence
ext-w2,12,120012,3,43,,0,400,25600,581.53093083699548,convergence
ext-w2,12,120012,3,44,,0,313,20032,576.88183085123694,convergence
ext-w2,12,120012,3,45,,0,353,22592,583.16943868001306,convergence
ext-w2,12,120012,3,46,,0,322,20608,578.12173589070642,convergence
ext-w2,12,120012,3,47,,0,336,21504,581.08954493204749,convergence
ext-w2,12,120012,3,48,,0,330,21120,581.02140172322595,convergence
ext-w2,12,120012,3,49,,0,275,17600,592.01688003540039,convergence
ext-w2,12,120012,3,50,,0,297,19008,583.45644378662109,convergence
ext-w2,12,120012,3,51,,0,372,23808,581.46924209594727,convergence
ext-w2,12,120012,3,52,,0,370,23680,590.15767033894861,convergence
ext-w2,12,120012,3,53,,0,356,22784,587.89312489827478,convergence
ext-w2,12,120012,3,54,,0,385,24640,587.91090520222986,convergence
ext-w2,12,120012,3,55,,0,356,22784,588.89520772298181,convergence
ext-w2,12,120012,3,56,,0,305,19520,587.6969884236654,convergence
ext-w2,12,120012,3,57,,0,373,23872,587.83216985066736,convergence
ext-w2,12,120012,3,58,,0,345,22080,590.53662236531579,convergence
ext-w2,12,120012,3,59,,0,338,21632,590.12667719523108,convergence
ext-w2,12,120012,3,60,,0,337,21568,590.11289978027344,convergence
ext-w2,12,120012,3,61,,0,412,26368,584.90940348307288,convergence
ext-w2,12,120012,3,62,,0,304,19456,582.31637700398767,convergence
ext-w2,12,120012,3,63,,0,322,20608,583.13927586873376,convergence
ext-w2,12,120012,3,64,,0,318,20352,592.11554336547852,convergence
ext-w2,12,120012,3,65,,0,378,24192,587.70139058430993,convergence
ext-w2,12,120012,3,66,,0,257,16448,576.90652338663733,convergence
ext-w2,12,120012,3,67,,0,297,19008,588.02764129638672,convergence
ext-w2,12,120012,3,68,,0,325,20800,583.48880513509118,convergence
ext-w1,12,120012,0,0,,0,163,10432,707.25071716308594,convergence
ext-w1,12,120012,0,1,,0,114,7296,708.09639104207361,convergence
ext-w1,12,120012,0,2,,0,128,8192,708.96347681681311,convergence
ext-w1,12,120012,0,3,,0,166,10624,707.26375834147132,convergence
ext-w1,12,120012,0,4,,0,160,10240,703.97793706258142,convergence
ext-w1,12,120012,0,5,,0,186,11904,707.2493794759115,convergence
ext-w1,12,120012,0,6,,0,158,10112,707.25071716308594,convergence
ext-w1,12,120012,0,7,,0,170,10880,703.97644170125329,convergence
ext-w1,12,120012,0,8,,0,132,8448,719.44479751586914,convergence
ext-w1,12,120012,0,9,,0,207,13248,707.25071716308594,convergence
ext-w1,12,120012,0,10,,0,124,7936,703.97617721557617,convergence
ext-w1,12,120012,0,11,,0,199,12736,707.26323572794593,convergence
ext-w1,12,120012,0,12,,0,214,13696,707.26188023885095,convergence
ext-w1,12,120012,0,13,,0,157,10048,717.25664774576819,convergence
ext-w1,12,120012,0,14,,0,165,10560,707.2572123209635,convergence
ext-w1,12,120012,0,15,,0,150,9600,711.38937759399414,convergence
ext-w1,12,120012,0,16,,0,160,10240,707.25633366902673,convergence
ext-w1,12,120012,0,17,,0,137,8768,708.17438888549805,convergence
ext-w1,12,120012,0,18,,0,148,9472,708.9628791809082,convergence
ext-w1,12,120012,0,19,,0,137,8768,711.49117151896155,convergence
ext-w1,12,120012,0,20,,0,136,8704,711.49117151896155,convergence
ext-w1,12,120012,0,21,,0,181,11584,707.25602595011389,convergence
ext-w1,12,120012,0,22,,0,145,9280,707.25,convergence
ext-w1,12,120012,0,23,,0,127,8128,709.35872268676758,convergence
ext-w1,12,120012,0,24,,0,192,12288,707.25649388631189,convergence
ext-w1,12,120012,0,25,,0,188,12032,707.25071716308594,convergence
ext-w1,12,120012,0,26,,0,121,7744,703.97617721557617,convergence
ext-w1,12,120012,0,27,,0,127,8128,711.49154281616211,convergence
ext-w1,12,120012,0,28,,0,221,14144,707.27136739095056,convergence
ext-w1,12,120012,0,29,,0,128,8192,703.97617721557617,convergence
ext-w1,12,120012,0,30,,0,148,9472,719.89331690470374,convergence
ext-w1,12,120012,0,31,,0,173,11072,707.25598907470703,convergence
ext-w1,12,120012,0,32,,0,171,10944,707.25154240926111,convergence
ext-w1,12,120012,0,33,,0,95,6080,708.09639104207361,convergence
ext-w1,12,120012,0,34,,0,160,10240,707.2918815612793,convergence
ext-w1,12,120012,0,35,,0,147,9408,707.25,convergence
ext-w1,12,120012,0,36,,0,180,11520,707.25146865844727,convergence
ext-w1,12,120012,0,37,,0,154,9856,707.25751622517907,convergence
ext-w1,12,120012,0,38,,0,129,8256,711.49707921346032,convergence
ext-w1,12,120012,0,39,,0,110,7040,708.9628791809082,convergence
ext-w1,12,120012,0,40,,0,141,9024,708.12711079915368,convergence
ext-w1,12,120012,0,41,,0,131,8384,705.44983037312829,convergence
ext-w1,12,120012,0,42,,0,170,10880,707.25143559773767,convergence
ext-w1,12,120012,0,43,,0,169,10816,707.26432927449548,convergence
ext-w1,12,120012,0,44,,0,158,10112,718.72114944458008,convergence
ext-w1,12,120012,0,45,,0,126,8064,711.50815963745117,convergence
ext-w1,12,120012,0,46,,0,131,8384,721.42610295613611,convergence
ext-w1,12,120012,0,47,,0,177,11328,707.25706100463867,convergence
ext-w1,12,120012,0,48,,0,153,9792,707.25071716308594,convergence
ext-w1,12,120012,0,49,,0,138,8832,711.49451446533203,convergence
ext-w1,12,120012,0,50,,0,138,8832,711.48810831705725,convergence
ext-w1,12,120012,0,51,,0,200,12800,707.24900054931641,convergence
ext-w1,12,120012,0,52,,0,166,10624,707.25154240926111,convergence
ext-w1,12,120012,0,53,,0,153,9792,707.25030771891272,convergence
ext-w1,12,120012,0,54,,0,167,10688,707.25031661987305,convergence
ext-w1,12,120012,0,55,,0,127,8128,703.97617721557617,convergence
ext-w1,12,120012,0,56,,0,137,8768,719.46712875366211,convergence
ext-w1,12,120012,0,57,,0,162,10368,707.25000890096032,convergence
ext-w1,12,120012,0,58,,0,178,11392,707.24937057495117,convergence
ext-w1,12,120012,0,59,,0,152,9728,707.25000890096032,convergence
ext-w1,12,120012,0,60,,0,149,9536,707.25274403889978,convergence
ext-w1,12,120012,0,61,,0,141,9024,723.16292190551758,convergence
ext-w1,12,120012,0,62,,0,144,9216,708.08303960164392,convergence
ext-w1,12,120012,0,63,,0,201,12864,707.25617853800452,convergence
ext-w1,12,120012,0,64,,0,134,8576,711.49154281616211,convergence
ext-w1,12,120012,0,65,,0,151,9664,707.24962997436523,convergence
ext-w1,12,120012,0,66,,0,168,10752,707.25698979695642,convergence
ext-w1,12,120012,0,67,,0,148,9472,723.68718846639001,convergence
ext-w1,12,120012,0,68,,0,148,9472,722.93509419759118,convergence
ext-w1,12,120012,0,69,,0,175,11200,707.25038146972656,convergence
ext-w1,12,120012,0,70,,0,161,10304,707.251719156901,convergence
ext-w1,12,120012,0,71,,0,121,7744,703.98126093546546,convergence
ext-w1,12,120012,0,72,,0,146,9344,707.25946807861328,convergence
ext-w1,12,120012,0,73,,0,151,9664,707.25741449991858,convergence
ext-w1,12,120012,0,74,,0,146,9344,707.25,convergence
ext-w1,12,120012,0,75,,0,169,10816,707.25108083089196,convergence
ext-w1,12,120012,0,76,,0,165,10560,707.25177637735999,convergence
ext-w1,12,120012,0,77,,0,148,9472,703.16125869750977,convergence
ext-w1,12,120012,0,78,,0,172,11008,707.25000890096032,convergence
ext-w1,12,120012,1,0,,0,141,9024,687.06654612223304,convergence
ext-w1,12,120012,1,1,,0,140,8960,687.05958938598633,convergence
ext-w1,12,120012,1,2,,0,183,11712,691.65488815307617,convergence
ext-w1,12,120012,1,3,,0,155,9920,693.21013895670569,convergence
ext-w1,12,120012,1,4,,0,162,10368,687.06612650553382,convergence
ext-w1,12,120012,1,5,,0,189,12096,693.11946614583337,convergence
ext-w1,12,120012,1,6,,0,151,9664,682.03525288899743,convergence
ext-w1,12,120012,1,7,,0,177,11328,692.29801940917969,convergence
ext-w1,12,120012,1,8,,0,132,8448,687.07080205281579,convergence
ext-w1,12,120012,1,9,,0,155,9920,692.20272827148438,convergence
ext-w1,12,120012,1,10,,0,238,15232,687.12269846598304,convergence
ext-w1,12,120012,1,11,,0,179,11456,692.35254160563147,convergence
ext-w1,12,120012,1,12,,0,128,8192,687.07080205281579,convergence
ext-w1,12,120012,1,13,,0,179,11456,687.07861836751306,convergence
ext-w1,12,120012,1,14,,0,162,10368,686.5540657043457,convergence
ext-w1,12,120012,1,15,,0,144,9216,687.49877421061194,convergence
ext-w1,12,120012,1,16,,0,158,10112,682.03159586588538,convergence
ext-w1,12,120012,1,17,,0,143,9152,687.05333836873376,convergence
ext-w1,12,120012,1,18,,0,136,8704,687.12375386555993,convergence
ext-w1,12,120012,1,19,,0,128,8192,686.26972325642907,convergence
ext-w1,12,120012,1,20,,0,187,11968,687.08665211995446,convergence
ext-w1,12,120012,1,21,,0,199,12736,687.06699879964196,convergence
ext-w1,12,120012,1,22,,0,130,8320,687.07080205281579,convergence
ext-w1,12,120012,1,23,,0,154,9856,681.59554036458337,convergence
ext-w1,12,120012,1,24,,0,187,11968,691.48960749308264,convergence
ext-w1,12,120012,1,25,,0,148,9472,692.09631856282556,convergence
ext-w1,12,120012,1,26,,0,128,8192,686.2664464314779,convergence
ext-w1,12,120012,1,27,,0,116,7424,686.2643038431803,convergence
ext-w1,12,120012,1,28,,0,166,10624,693.96756744384766,convergence
ext-w1,12,120012,1,29,,0,144,9216,686.27002334594727,convergence
ext-w1,12,120012,1,30,,0,141,9024,687.07232920328772,convergence
ext-w1,12,120012,1,31,,0,130,8320,687.08700561523438,convergence
ext-w1,12,120012,1,32,,0,181,11584,682.03487777709961,convergence
ext-w1,12,120012,1,33,,0,152,9728,687.14502588907874,convergence
ext-w1,12,120012,1,34,,0,155,9920,687.05895360310876,convergence
ext-w1,12,120012,1,35,,0,179,11456,682.02956899007165,convergence
ext-w1,12,120012,1,36,,0,148,9472,687.06612650553382,convergence
ext-w1,12,120012,1,37,,0,194,12416,690.70285415649414,convergence
ext-w1,12,120012,1,38,,0,155,9920,687.05895360310876,convergence
ext-w1,12,120012,1,39,,0,175,11200,692.43943277994788,convergence
ext-w1,12,120012,1,40,,0,141,9024,694.50660578409827,convergence
ext-w1,12,120012,1,41,,0,171,10944,687.05895360310876,convergence
ext-w1,12,120012,1,42,,0,172,11008,691.63836924235022,convergence
ext-w1,12,120012,1,43,,0,132,8448,686.84589004516602,convergence
ext-w1,12,120012,1,44,,0,196,12544,682.0306282043457,convergence
ext-w1,12,120012,1,45,,0,165,10560,682.03767649332679,convergence
ext-w1,12,120012,1,46,,0,138,8832,686.29721069335938,convergence
ext-w1,12,120012,1,47,,0,157,10048,687.05895360310876,convergence
ext-w1,12,120012,1,48,,0,267,17088,689.84814453125,convergence
ext-w1,12,120012,1,49,,0,131,8384,687.07080205281579,convergence
ext-w1,12,120012,1,50,,0,191,12224,682.02916844685876,convergence
ext-w1,12,120012,1,51,,0,161,10304,692.2740592956543,convergence
ext-w1,12,120012,1,52,,0,183,11712,687.05895360310876,convergence
ext-w1,12,120012,1,53,,0,154,9856,693.17250315348304,convergence
ext-w1,12,120012,1,54,,0,135,8640,687.07443237304688,convergence
ext-w1,12,120012,1,55,,0,168,10752,682.02787780761719,convergence
ext-w1,12,120012,1,56,,0,136,8704,687.12302907307946,convergence
ext-w1,12,120012,1,57,,0,233,14912,687.02594884236657,convergence
ext-w1,12,120012,1,58,,0,136,8704,687.08222071329749,convergence
ext-w1,12,120012,1,59,,0,162,10368,687.07022476196289,convergence
ext-w1,12,120012,1,60,,0,150,9600,687.05895360310876,convergence
ext-w1,12,120012,1,61,,0,180,11520,687.08532587687171,convergence
ext-w1,12,120012,1,62,,0,175,11200,687.07673772176111,convergence
ext-w1,12,120012,1,63,,0,164,10496,687.07022476196289,convergence
ext-w1,12,120012,1,64,,0,163,10432,687.01571782430017,convergence
ext-w1,12,120012,1,65,,0,155,9920,686.27869415283203,convergence
ext-w1,12,120012,1,66,,0,189,12096,692.27073287963867,convergence
ext-w1,12,120012,1,67,,0,125,8000,687.07621637980139,convergence
ext-w1,12,120012,1,68,,0,171,10944,687.07673772176111,convergence
ext-w1,12,120012,1,69,,0,163,10432,691.5998420715332,convergence
ext-w1,12,120012,1,70,,0,203,12992,682.02848180135095,convergence
ext-w1,12,120012,1,71,,0,181,11584,681.29754765828454,convergence
ext-w1,12,120012,1,72,,0,188,12032,692.43727238972986,convergence
ext-w1,12,120012,1,73,,0,194,12416,691.62556711832679,convergence
ext-w1,12,120012,2,0,,0,136,8704,664.40850830078125,convergence
ext-w1,12,120012,2,1,,0,159,10176,665.26486078898108,convergence
ext-w1,12,120012,2,2,,0,173,11072,671.10173288981116,convergence
ext-w1,12,120012,2,3,,0,189,12096,665.21449661254883,convergence
ext-w1,12,120012,2,4,,0,179,11456,665.21302668253577,convergence
ext-w1,12,120012,2,5,,0,179,11456,660.17097473144531,convergence
ext-w1,12,120012,2,6,,0,136,8704,665.20809046427405,convergence
ext-w1,12,120012,2,7,,0,149,9536,670.404307047526,convergence
ext-w1,12,120012,2,8,,0,163,10432,670.40641021728516,convergence
ext-w1,12,120012,2,9,,0,144,9216,660.16616566975915,convergence
ext-w1,12,120012,2,10,,0,159,10176,665.19880803426111,convergence
ext-w1,12,120012,2,11,,0,143,9152,671.29256439208984,convergence
ext-w1,12,120012,2,12,,0,165,10560,665.20651372273767,convergence
ext-w1,12,120012,2,13,,0,132,8448,665.20241546630859,convergence
ext-w1,12,120012,2,14,,0,145,9280,665.28403472900391,convergence
ext-w1,12,120012,2,15,,0,171,10944,671.33875401814782,convergence
ext-w1,12,120012,2,16,,0,155,9920,665.21490732828772,convergence
ext-w1,12,120012,2,17,,0,134,8576,665.28656387329102,convergence
ext-w1,12,120012,2,18,,0,173,11072,665.21490732828772,convergence
ext-w1,12,120012,2,19,,0,156,9984,665.2122917175293,convergence
ext-w1,12,120012,2,20,,0,151,9664,665.21302668253577,convergence
ext-w1,12,120012,2,21,,0,150,9600,664.39369710286462,convergence
ext-w1,12,120012,2,22,,0,173,11072,670.43802897135413,convergence
ext-w1,12,120012,2,23,,0,154,9856,665.21259562174475,convergence
ext-w1,12,120012,2,24,,0,204,13056,660.1795323689779,convergence
ext-w1,12,120012,2,25,,0,194,12416,670.43442789713538,convergence
ext-w1,12,120012,2,26,,0,125,8000,665.18962732950843,convergence
ext-w1,12,120012,2,27,,0,163,10432,665.22185516357422,convergence
ext-w1,12,120012,2,28,,0,147,9408,665.19880803426111,convergence
ext-w1,12,120012,2,29,,0,152,9728,665.21250534057617,convergence
ext-w1,12,120012,2,30,,0,168,10752,665.26995595296228,convergence
ext-w1,12,120012,2,31,,0,188,12032,660.18681081136071,convergence
ext-w1,12,120012,2,32,,0,163,10432,665.20241546630859,convergence
ext-w1,12,120012,2,33,,0,152,9728,665.21619160970056,convergence
ext-w1,12,120012,2,34,,0,131,8384,665.2122917175293,convergence
ext-w1,12,120012,2,35,,0,158,10112,660.1668599446615,convergence
ext-w1,12,120012,2,36,,0,174,11136,660.17255528767907,convergence
ext-w1,12,120012,2,37,,0,135,8640,670.44028727213538,convergence
ext-w1,12,120012,2,38,,0,203,12992,670.40670776367188,convergence
ext-w1,12,120012,2,39,,0,186,11904,669.62494786580407,convergence
ext-w1,12,120012,2,40,,0,150,9600,665.2122917175293,convergence
ext-w1,12,120012,2,41,,0,158,10112,665.21227518717444,convergence
ext-w1,12,120012,2,42,,0,155,9920,660.17301050821936,convergence
ext-w1,12,120012,2,43,,0,135,8640,664.41176350911462,convergence
ext-w1,12,120012,2,44,,0,183,11712,660.16683578491211,convergence
ext-w1,12,120012,2,45,,0,210,13440,668.01502863566077,convergence
ext-w1,12,120012,2,46,,0,196,12544,669.73343912760413,convergence
ext-w1,12,120012,2,47,,0,135,8640,665.2122917175293,convergence
ext-w1,12,120012,2,48,,0,166,10624,665.22405497233069,convergence
ext-w1,12,120012,2,49,,0,180,11520,669.84559885660804,convergence
ext-w1,12,120012,2,50,,0,127,8128,665.21518198649085,convergence
ext-w1,12,120012,2,51,,0,140,8960,669.6780904134115,convergence
ext-w1,12,120012,2,52,,0,131,8384,671.25964991251624,convergence
ext-w1,12,120012,2,53,,0,174,11136,665.22153472900391,convergence
ext-w1,12,120012,2,54,,0,141,9024,665.20682525634766,convergence
ext-w1,12,120012,2,55,,0,158,10112,665.2188606262207,convergence
ext-w1,12,120012,2,56,,0,150,9600,664.39239756266272,convergence
ext-w1,12,120012,2,57,,0,148,9472,665.23709869384766,convergence
ext-w1,12,120012,2,58,,0,141,9024,670.43610890706384,convergence
ext-w1,12,120012,2,59,,0,206,13184,671.2868982950846,convergence
ext-w1,12,120012,2,60,,0,135,8640,664.41350173950195,convergence
ext-w1,12,120012,2,61,,0,170,10880,660.16585795084632,convergence
ext-w1,12,120012,2,62,,0,193,12352,669.73451360066736,convergence
ext-w1,12,120012,2,63,,0,164,10496,670.40769831339514,convergence
ext-w1,12,120012,2,64,,0,144,9216,665.19524256388343,convergence
ext-w1,12,120012,2,65,,0,152,9728,665.22695922851562,convergence
ext-w1,12,120012,2,66,,0,141,9024,664.40601221720374,convergence
ext-w1,12,120012,2,67,,0,180,11520,670.403574625651,convergence
ext-w1,12,120012,2,68,,0,146,9344,665.18962732950843,convergence
ext-w1,12,120012,2,69,,0,211,13504,669.73070398966468,convergence
ext-w1,12,120012,2,70,,0,156,9984,665.2122917175293,convergence
ext-w1,12,120012,2,71,,0,141,9024,665.19524256388343,convergence
ext-w1,12,120012,2,72,,0,121,7744,665.2902946472168,convergence
ext-w1,12,120012,2,73,,0,139,8896,664.40679041544593,convergence
ext-w1,12,120012,2,74,,0,155,9920,665.21490732828772,convergence
ext-w1,12,120012,2,75,,0,160,10240,670.430898030599,convergence
ext-w1,12,120012,3,0,,0,127,8128,640.74633026123047,convergence
ext-w1,12,120012,3,1,,0,166,10624,642.73718770345056,convergence
ext-w1,12,120012,3,2,,0,101,6464,640.74671808878577,convergence
ext-w1,12,120012,3,3,,0,165,10560,642.75252151489258,convergence
ext-w1,12,120012,3,4,,0,168,10752,642.73513285319007,convergence
ext-w1,12,120012,3,5,,0,139,8896,653.20955403645837,convergence
ext-w1,12,120012,3,6,,0,151,9664,646.77874883015954,convergence
ext-w1,12,120012,3,7,,0,137,8768,653.04353332519531,convergence
ext-w1,12,120012,3,8,,0,137,8768,650.80316162109375,convergence
ext-w1,12,120012,3,9,,0,122,7808,640.74633026123047,convergence
ext-w1,12,120012,3,10,,0,158,10112,642.7308451334635,convergence
ext-w1,12,120012,3,11,,0,165,10560,646.77813339233398,convergence
ext-w1,12,120012,3,12,,0,158,10112,646.7809944152832,convergence
ext-w1,12,120012,3,13,,0,162,10368,653.20955403645837,convergence
ext-w1,12,120012,3,14,,0,177,11328,654.59872945149743,convergence
ext-w1,12,120012,3,15,,0,159,10176,642.75237274169922,convergence
ext-w1,12,120012,3,16,,0,141,9024,653.78034464518225,convergence
ext-w1,12,120012,3,17,,0,142,9088,642.75482559204102,convergence
ext-w1,12,120012,3,18,,0,148,9472,646.78058242797852,convergence
ext-w1,12,120012,3,19,,0,141,9024,642.70432662963867,convergence
ext-w1,12,120012,3,20,,0,143,9152,640.74633026123047,convergence
ext-w1,12,120012,3,21,,0,123,7872,646.78234608968103,convergence
ext-w1,12,120012,3,22,,0,134,8576,652.80592600504554,convergence
ext-w1,12,120012,3,23,,0,153,9792,655.05352528889978,convergence
ext-w1,12,120012,3,24,,0,155,9920,646.78069432576501,convergence
ext-w1,12,120012,3,25,,0,154,9856,642.7552706400553,convergence
ext-w1,12,120012,3,26,,0,161,10304,642.76696395874023,convergence
ext-w1,12,120012,3,27,,0,131,8384,640.74821726481116,convergence
ext-w1,12,120012,3,28,,0,163,10432,652.23928324381507,convergence
ext-w1,12,120012,3,29,,0,180,11520,654.21720123291016,convergence
ext-w1,12,120012,3,30,,0,143,9152,652.46780522664392,convergence
ext-w1,12,120012,3,31,,0,143,9152,653.20275497436523,convergence
ext-w1,12,120012,3,32,,0,156,9984,654.89426167805993,convergence
ext-w1,12,120012,3,33,,0,152,9728,642.70308812459314,convergence
ext-w1,12,120012,3,34,,0,153,9792,653.20955403645837,convergence
ext-w1,12,120012,3,35,,0,138,8832,652.4999669392904,convergence
ext-w1,12,120012,3,36,,0,130,8320,646.78047053019202,convergence
ext-w1,12,120012,3,37,,0,180,11520,646.77830251057946,convergence
ext-w1,12,120012,3,38,,0,105,6720,640.74633026123047,convergence
ext-w1,12,120012,3,39,,0,146,9344,642.83585357666016,convergence
ext-w1,12,120012,3,40,,0,167,10688,651.81560389200843,convergence
ext-w1,12,120012,3,41,,0,122,7808,640.74633026123047,convergence
ext-w1,12,120012,3,42,,0,135,8640,651.22257486979163,convergence
ext-w1,12,120012,3,43,,0,177,11328,654.31920115152991,convergence
ext-w1,12,120012,3,44,,0,130,8320,640.74633026123047,convergence
ext-w1,12,120012,3,45,,0,155,9920,655.93577321370446,convergence
ext-w1,12,120012,3,46,,0,153,9792,642.70795313517249,convergence
ext-w1,12,120012,3,47,,0,129,8256,652.64504877726233,convergence
ext-w1,12,120012,3,48,,0,143,9152,647.28967793782556,convergence
ext-w1,12,120012,3,49,,0,159,10176,646.77943166097009,convergence
ext-w1,12,120012,3,50,,0,151,9664,653.20320002237952,convergence
ext-w1,12,120012,3,51,,0,154,9856,642.73892847696936,convergence
ext-w1,12,120012,3,52,,0,158,10112,653.19975026448571,convergence
ext-w1,12,120012,3,53,,0,171,10944,652.68615214029944,convergence
ext-w1,12,120012,3,54,,0,175,11200,654.25711059570312,convergence
ext-w1,12,120012,3,55,,0,178,11392,646.77813339233398,convergence
ext-w1,12,120012,3,56,,0,141,9024,640.74671808878577,convergence
ext-w1,12,120012,3,57,,0,124,7936,646.77863438924157,convergence
ext-w1,12,120012,3,58,,0,141,9024,646.78430557250977,convergence
ext-w1,12,120012,3,59,,0,128,8192,640.74633026123047,convergence
ext-w1,12,120012,3,60,,0,150,9600,651.75046920776367,convergence
ext-w1,12,120012,3,61,,0,197,12608,651.57565180460608,convergence
ext-w1,12,120012,3,62,,0,186,11904,642.73130798339844,convergence
ext-w1,12,120012,3,63,,0,142,9088,646.77813339233398,convergence
ext-w1,12,120012,3,64,,0,158,10112,653.59707641601562,convergence
ext-w1,12,120012,3,65,,0,139,8896,655.11125183105469,convergence
ext-w1,12,120012,3,66,,0,138,8832,651.61303965250647,convergence
ext-w1,12,120012,3,67,,0,166,10624,654.25711059570312,convergence
ext-w1,12,120012,3,68,,0,156,9984,655.47211201985681,convergence
ext-w1,12,120012,3,69,,0,124,7936,640.74633026123047,convergence
ext-w1,12,120012,3,70,,0,167,10688,655.33953348795569,convergence
ext-w1,12,120012,3,71,,0,139,8896,642.73130798339844,convergence
ext-w1,12,120012,3,72,,0,162,10368,654.84051895141602,convergence
ext-w1,12,120012,3,73,,0,176,11264,654.24509938557946,convergence
ext-w1,12,120012,3,74,,0,151,9664,653.20955403645837,convergence
ext-w1,12,120012,3,75,,0,150,9600,642.728759765625,convergence
ext-w1,12,120012,3,76,,0,147,9408,650.80890146891272,convergence
ext-w1,12,120012,3,77,,0,130,8320,646.78021240234375,convergence
ext-w1,12,120012,3,78,,0,165,10560,642.75480397542321,convergence
ext-w1,12,120012,3,79,,0,133,8512,647.32045237223304,convergence
ext-w1,12,120012,3,80,,0,177,11328,654.314198811849,convergence
ext-w1,12,120012,4,0,,0,170,10880,623.28811645507812,convergence
ext-w1,12,120012,4,1,,0,161,10304,627.36094284057617,convergence
ext-w1,12,120012,4,2,,0,139,8896,627.36181386311853,convergence
ext-w1,12,120012,4,3,,0,180,11520,623.28811645507812,convergence
ext-w1,12,120012,4,4,,0,153,9792,623.29165013631189,convergence
ext-w1,12,120012,4,5,,0,188,12032,623.29106267293298,convergence
ext-w1,12,120012,4,6,,0,148,9472,627.36228942871094,convergence
ext-w1,12,120012,4,7,,0,148,9472,623.2900505065918,convergence
ext-w1,12,120012,4,8,,0,175,11200,627.3587748209635,convergence
ext-w1,12,120012,4,9,,0,189,12096,623.30597050984704,convergence
ext-w1,12,120012,4,10,,0,144,9216,627.36146672566736,convergence
ext-w1,12,120012,4,11,,0,139,8896,635.29901758829749,convergence
ext-w1,12,120012,4,12,,0,161,10304,623.30923207600915,convergence
ext-w1,12,120012,4,13,,0,133,8512,627.36181386311853,convergence
ext-w1,12,120012,4,14,,0,158,10112,627.36517588297522,convergence
ext-w1,12,120012,4,15,,0,175,11200,623.28356043497718,convergence
ext-w1,12,120012,4,16,,0,147,9408,623.31260299682617,convergence
ext-w1,12,120012,4,17,,0,172,11008,623.28356043497718,convergence
ext-w1,12,120012,4,18,,0,186,11904,627.36009470621741,convergence
ext-w1,12,120012,4,19,,0,138,8832,627.3646341959635,convergence
ext-w1,12,120012,4,20,,0,181,11584,623.28811645507812,convergence
ext-w1,12,120012,4,21,,0,171,10944,623.30923207600915,convergence
ext-w1,12,120012,4,22,,0,162,10368,623.33462015787757,convergence
ext-w1,12,120012,4,23,,0,148,9472,627.3587748209635,convergence
ext-w1,12,120012,4,24,,0,184,11776,623.33032989501953,convergence
ext-w1,12,120012,4,25,,0,155,9920,623.33529790242517,convergence
ext-w1,12,120012,4,26,,0,162,10368,623.31577555338538,convergence
ext-w1,12,120012,4,27,,0,176,11264,635.29946899414062,convergence
ext-w1,12,120012,4,28,,0,125,8000,627.33769226074219,convergence
ext-w1,12,120012,4,29,,0,127,8128,627.36540349324548,convergence
ext-w1,12,120012,4,30,,0,151,9664,623.34427642822266,convergence
ext-w1,12,120012,4,31,,0,182,11648,623.33371225992835,convergence
ext-w1,12,120012,4,32,,0,141,9024,627.35860570271814,convergence
ext-w1,12,120012,4,33,,0,184,11776,635.42634963989258,convergence
ext-w1,12,120012,4,34,,0,150,9600,623.31325149536133,convergence
ext-w1,12,120012,4,35,,0,154,9856,627.36105473836267,convergence
ext-w1,12,120012,4,36,,0,151,9664,627.3587748209635,convergence
ext-w1,12,120012,4,37,,0,156,9984,623.33212788899743,convergence
ext-w1,12,120012,4,38,,0,138,8832,635.29903030395508,convergence
ext-w1,12,120012,4,39,,0,134,8576,627.36238098144531,convergence
ext-w1,12,120012,4,40,,0,139,8896,627.36146672566736,convergence
ext-w1,12,120012,4,41,,0,155,9920,627.35721333821618,convergence
ext-w1,12,120012,4,42,,0,177,11328,623.31198247273767,convergence
ext-w1,12,120012,4,43,,0,161,10304,635.29875818888343,convergence
ext-w1,12,120012,4,44,,0,144,9216,627.36328887939453,convergence
ext-w1,12,120012,4,45,,0,166,10624,623.33161163330078,convergence
ext-w1,12,120012,4,46,,0,182,11648,623.28479894002282,convergence
ext-w1,12,120012,4,47,,0,178,11392,623.31178029378259,convergence
ext-w1,12,120012,4,48,,0,195,12480,627.35943222045898,convergence
ext-w1,12,120012,4,49,,0,144,9216,623.31485112508142,convergence
ext-w1,12,120012,4,50,,0,165,10560,627.36436335245764,convergence
ext-w1,12,120012,4,51,,0,147,9408,623.3203010559082,convergence
ext-w1,12,120012,4,52,,0,161,10304,635.29676946004236,convergence
ext-w1,12,120012,4,53,,0,134,8576,623.33371225992835,convergence
ext-w1,12,120012,4,54,,0,135,8640,635.44244893391931,convergence
ext-w1,12,120012,4,55,,0,183,11712,623.31178029378259,convergence
ext-w1,12,120012,4,56,,0,181,11584,623.31131744384766,convergence
ext-w1,12,120012,4,57,,0,154,9856,627.36262257893884,convergence
ext-w1,12,120012,4,58,,0,144,9216,627.3575223286947,convergence
ext-w1,12,120012,4,59,,0,161,10304,623.33379745483398,convergence
ext-w1,12,120012,4,60,,0,157,10048,627.3587748209635,convergence
ext-w1,12,120012,4,61,,0,147,9408,627.36639149983728,convergence
ext-w1,12,120012,4,62,,0,154,9856,635.43958155314124,convergence
ext-w1,12,120012,4,63,,0,154,9856,627.35990397135413,convergence
ext-w1,12,120012,4,64,,0,147,9408,623.33574295043945,convergence
ext-w1,12,120012,4,65,,0,144,9216,623.29448827107751,convergence
ext-w1,12,120012,4,66,,0,163,10432,623.31273142496741,convergence
ext-w1,12,120012,4,67,,0,150,9600,627.88601684570312,convergence
ext-w1,12,120012,4,68,,0,157,10048,627.36036427815759,convergence
ext-w1,12,120012,4,69,,0,157,10048,623.3281466166178,convergence
ext-w1,12,120012,4,70,,0,196,12544,623.33513005574548,convergence
ext-w1,12,120012,4,71,,0,186,11904,623.28479894002282,convergence
ext-w1,12,120012,4,72,,0,136,8704,627.36688232421875,convergence
ext-w1,12,120012,4,73,,0,195,12480,635.42165501912439,convergence
ext-w1,12,120012,4,74,,0,136,8704,627.35910669962561,convergence
ext-w1,12,120012,4,75,,0,191,12224,623.33259582519531,convergence
ext-w1,12,120012,5,0,,0,177,11328,609.31436665852868,convergence
ext-w1,12,120012,5,1,,0,157,10048,609.31305440266931,convergence
ext-w1,12,120012,5,2,,0,164,10496,609.30872980753577,convergence
ext-w1,12,120012,5,3,,0,131,8384,609.31143188476562,convergence
ext-w1,12,120012,5,4,,0,135,8640,609.29240544637048,convergence
ext-w1,12,120012,5,5,,0,146,9344,609.31480153401696,convergence
ext-w1,12,120012,5,6,,0,155,9920,609.30619812011719,convergence
ext-w1,12,120012,5,7,,0,174,11136,609.30073928833008,convergence
ext-w1,12,120012,5,8,,0,133,8512,609.3065287272135,convergence
ext-w1,12,120012,5,9,,0,142,9088,617.59551111857093,convergence
ext-w1,12,120012,5,10,,0,127,8128,609.31143188476562,convergence
ext-w1,12,120012,5,11,,0,151,9664,609.30872980753577,convergence
ext-w1,12,120012,5,12,,0,139,8896,609.29424413045251,convergence
ext-w1,12,120012,5,13,,0,174,11136,617.31677627563477,convergence
ext-w1,12,120012,5,14,,0,155,9920,618.38667043050134,convergence
ext-w1,12,120012,5,15,,0,141,9024,616.46279271443689,convergence
ext-w1,12,120012,5,16,,0,151,9664,609.30872980753577,convergence
ext-w1,12,120012,5,17,,0,148,9472,609.31459554036462,convergence
ext-w1,12,120012,5,18,,0,111,7104,609.31143188476562,convergence
ext-w1,12,120012,5,19,,0,155,9920,609.28452809651696,convergence
ext-w1,12,120012,5,20,,0,139,8896,609.30619812011719,convergence
ext-w1,12,120012,5,21,,0,125,8000,609.31559880574548,convergence
ext-w1,12,120012,5,22,,0,147,9408,609.31563695271814,convergence
ext-w1,12,120012,5,23,,0,169,10816,609.30872980753577,convergence
ext-w1,12,120012,5,24,,0,150,9600,618.77124277750647,convergence
ext-w1,12,120012,5,25,,0,124,7936,609.29240544637048,convergence
ext-w1,12,120012,5,26,,0,128,8192,609.31712341308594,convergence
ext-w1,12,120012,5,27,,0,141,9024,618.44100189208984,convergence
ext-w1,12,120012,5,28,,0,116,7424,609.31245549519861,convergence
ext-w1,12,120012,5,29,,0,118,7552,609.31577555338538,convergence
ext-w1,12,120012,5,30,,0,142,9088,614.83345921834314,convergence
ext-w1,12,120012,5,31,,0,139,8896,619.86006164550781,convergence
ext-w1,12,120012,5,32,,0,133,8512,609.31577555338538,convergence
ext-w1,12,120012,5,33,,0,153,9792,609.31008402506507,convergence
ext-w1,12,120012,5,34,,0,122,7808,609.30596796671546,convergence
ext-w1,12,120012,5,35,,0,166,10624,617.83708318074548,convergence
ext-w1,12,120012,5,36,,0,111,7104,609.31143188476562,convergence
ext-w1,12,120012,5,37,,0,159,10176,619.55905024210608,convergence
ext-w1,12,120012,5,38,,0,128,8192,609.31387837727868,convergence
ext-w1,12,120012,5,39,,0,133,8512,618.44100189208984,convergence
ext-w1,12,120012,5,40,,0,144,9216,609.31328074137366,convergence
ext-w1,12,120012,5,41,,0,123,7872,609.31556828816736,convergence
ext-w1,12,120012,5,42,,0,143,9152,609.28513081868493,convergence
ext-w1,12,120012,5,43,,0,149,9536,609.31305440266931,convergence
ext-w1,12,120012,5,44,,0,138,8832,609.31143188476562,convergence
ext-w1,12,120012,5,45,,0,139,8896,609.29591496785486,convergence
ext-w1,12,120012,5,46,,0,142,9088,611.60524113972986,convergence
ext-w1,12,120012,5,47,,0,171,10944,609.30619812011719,convergence
ext-w1,12,120012,5,48,,0,150,9600,609.30795542399085,convergence
ext-w1,12,120012,5,49,,0,120,7680,609.31771469116211,convergence
ext-w1,12,120012,5,50,,0,126,8064,609.31144078572595,convergence
ext-w1,12,120012,5,51,,0,134,8576,609.31718826293945,convergence
ext-w1,12,120012,5,52,,0,137,8768,617.83708318074548,convergence
ext-w1,12,120012,5,53,,0,127,8128,609.31556828816736,convergence
ext-w1,12,120012,5,54,,0,152,9728,609.31391779581702,convergence
ext-w1,12,120012,5,55,,0,137,8768,609.31143188476562,convergence
ext-w1,12,120012,5,56,,0,132,8448,609.31556828816736,convergence
ext-w1,12,120012,5,57,,0,131,8384,620.56500879923499,convergence
ext-w1,12,120012,5,58,,0,131,8384,609.31872304280603,convergence
ext-w1,12,120012,5,59,,0,135,8640,609.31712341308594,convergence
ext-w1,12,120012,5,60,,0,144,9216,609.30922444661462,convergence
ext-w1,12,120012,5,61,,0,124,7936,609.29240544637048,convergence
ext-w1,12,120012,5,62,,0,141,9024,618.51214981079102,convergence
ext-w1,12,120012,5,63,,0,132,8448,609.31520589192712,convergence
ext-w1,12,120012,5,64,,0,126,8064,609.31827418009436,convergence
ext-w1,12,120012,5,65,,0,142,9088,609.3105684916178,convergence
ext-w1,12,120012,5,66,,0,155,9920,609.30252202351892,convergence
ext-w1,12,120012,5,67,,0,160,10240,609.31556828816736,convergence
ext-w1,12,120012,5,68,,0,162,10368,609.31384150187171,convergence
ext-w1,12,120012,5,69,,0,133,8512,618.56291834513343,convergence
ext-w1,12,120012,5,70,,0,144,9216,609.30872980753577,convergence
ext-w1,12,120012,5,71,,0,129,8256,618.44100189208984,convergence
ext-w1,12,120012,5,72,,0,150,9600,609.30918629964196,convergence
ext-w1,12,120012,5,73,,0,159,10176,609.31449254353845,convergence
ext-w1,12,120012,5,74,,0,125,8000,609.31143188476562,convergence
ext-w1,12,120012,5,75,,0,150,9600,609.31042989095056,convergence
ext-w1,12,120012,5,76,,0,194,12416,609.3105684916178,convergence
ext-w1,12,120012,5,77,,0,149,9536,609.28639984130859,convergence
ext-w1,12,120012,5,78,,0,150,9600,617.83708063761389,convergence
ext-w1,12,120012,5,79,,0,152,9728,617.49310811360681,convergence
ext-w1,12,120012,5,80,,0,123,7872,609.30974706014001,convergence
ext-w1,12,120012,5,81,,0,151,9664,618.44100189208984,convergence
ext-w1,12,120012,5,82,,0,127,8128,609.31143188476562,convergence
ext-w1,12,120012,5,83,,0,151,9664,609.31399027506507,convergence
ext-w1,12,120012,5,84,,0,116,7424,609.31297429402673,convergence
ext-w1,12,120012,5,85,,0,152,9728,620.585194905599,convergence
ext-w1,12,120012,6,0,,0,139,8896,604.5673611958822,convergence
ext-w1,12,120012,6,1,,0,145,9280,604.40688578287757,convergence
ext-w1,12,120012,6,2,,0,134,8576,597.59378051757812,convergence
ext-w1,12,120012,6,3,,0,142,9088,605.87156295776367,convergence
ext-w1,12,120012,6,4,,0,139,8896,604.74064254760742,convergence
ext-w1,12,120012,6,5,,0,147,9408,604.55832036336267,convergence
ext-w1,12,120012,6,6,,0,147,9408,604.41456604003906,convergence
ext-w1,12,120012,6,7,,0,170,10880,606.05581410725915,convergence
ext-w1,12,120012,6,8,,0,186,11904,604.53593826293945,convergence
ext-w1,12,120012,6,9,,0,167,10688,603.99564234415686,convergence
ext-w1,12,120012,6,10,,0,139,8896,597.6043802897135,convergence
ext-w1,12,120012,6,11,,0,135,8640,597.60582224527991,convergence
ext-w1,12,120012,6,12,,0,155,9920,604.5561192830404,convergence
ext-w1,12,120012,6,13,,0,127,8128,597.59127044677734,convergence
ext-w1,12,120012,6,14,,0,155,9920,603.83721542358398,convergence
ext-w1,12,120012,6,15,,0,177,11328,603.33452733357751,convergence
ext-w1,12,120012,6,16,,0,153,9792,597.61090723673499,convergence
ext-w1,12,120012,6,17,,0,149,9536,597.61310323079431,convergence
ext-w1,12,120012,6,18,,0,174,11136,605.8727022806803,convergence
ext-w1,12,120012,6,19,,0,158,10112,603.83805084228516,convergence
ext-w1,12,120012,6,20,,0,164,10496,597.59140523274743,convergence
ext-w1,12,120012,6,21,,0,146,9344,603.83766682942712,convergence
ext-w1,12,120012,6,22,,0,197,12608,603.33452733357751,convergence
ext-w1,12,120012,6,23,,0,165,10560,605.59310022989905,convergence
ext-w1,12,120012,6,24,,0,134,8576,597.60620880126953,convergence
ext-w1,12,120012,6,25,,0,176,11264,603.33709971110022,convergence
ext-w1,12,120012,6,26,,0,183,11712,603.33844375610352,convergence
ext-w1,12,120012,6,27,,0,137,8768,597.60620880126953,convergence
ext-w1,12,120012,6,28,,0,178,11392,605.87156295776367,convergence
ext-w1,12,120012,6,29,,0,166,10624,603.33452733357751,convergence
ext-w1,12,120012,6,30,,0,176,11264,603.34695180257165,convergence
ext-w1,12,120012,6,31,,0,118,7552,597.60657628377282,convergence
ext-w1,12,120012,6,32,,0,147,9408,597.59140523274743,convergence
ext-w1,12,120012,6,33,,0,152,9728,604.55769475301111,convergence
ext-w1,12,120012,6,34,,0,152,9728,597.60620880126953,convergence
ext-w1,12,120012,6,35,,0,179,11456,603.33452733357751,convergence
ext-w1,12,120012,6,36,,0,173,11072,604.40574137369788,convergence
ext-w1,12,120012,6,37,,0,178,11392,604.41323216756189,convergence
ext-w1,12,120012,6,38,,0,131,8384,597.60620880126953,convergence
ext-w1,12,120012,6,39,,0,131,8384,597.59266408284509,convergence
ext-w1,12,120012,6,40,,0,163,10432,604.40191141764319,convergence
ext-w1,12,120012,6,41,,0,154,9856,603.83686574300134,convergence
ext-w1,12,120012,6,42,,0,145,9280,603.84400177001953,convergence
ext-w1,12,120012,6,43,,0,173,11072,604.40312449137366,convergence
ext-w1,12,120012,6,44,,0,142,9088,597.60625330607093,convergence
ext-w1,12,120012,6,45,,0,154,9856,603.83805084228516,convergence
ext-w1,12,120012,6,46,,0,126,8064,604.40191141764319,convergence
ext-w1,12,120012,6,47,,0,160,10240,603.34783172607422,convergence
ext-w1,12,120012,6,48,,0,159,10176,605.87156295776367,convergence
ext-w1,12,120012,6,49,,0,147,9408,603.83496729532874,convergence
ext-w1,12,120012,6,50,,0,108,6912,604.27574412027991,convergence
ext-w1,12,120012,6,51,,0,153,9792,604.40673192342126,convergence
ext-w1,12,120012,6,52,,0,131,8384,597.59188842773438,convergence
ext-w1,12,120012,6,53,,0,140,8960,603.83721542358398,convergence
ext-w1,12,120012,6,54,,0,123,7872,597.59292602539062,convergence
ext-w1,12,120012,6,55,,0,145,9280,597.60620880126953,convergence
ext-w1,12,120012,6,56,,0,129,8256,597.60620880126953,convergence
ext-w1,12,120012,6,57,,0,126,8064,603.85071563720703,convergence
ext-w1,12,120012,6,58,,0,163,10432,603.83721542358398,convergence
ext-w1,12,120012,6,59,,0,156,9984,602.84580485026038,convergence
ext-w1,12,120012,6,60,,0,135,8640,597.60620880126953,convergence
ext-w1,12,120012,6,61,,0,118,7552,597.59231567382812,convergence
ext-w1,12,120012,6,62,,0,152,9728,603.83686574300134,convergence
ext-w1,12,120012,6,63,,0,171,10944,605.87845484415686,convergence
ext-w1,12,120012,6,64,,0,129,8256,597.601572672526,convergence
ext-w1,12,120012,6,65,,0,146,9344,603.94930648803711,convergence
ext-w1,12,120012,6,66,,0,166,10624,603.33774312337243,convergence
ext-w1,12,120012,6,67,,0,131,8384,597.60281372070312,convergence
ext-w1,12,120012,6,68,,0,181,11584,603.34154510498047,convergence
ext-w1,12,120012,6,69,,0,151,9664,602.84694163004554,convergence
ext-w1,12,120012,6,70,,0,134,8576,603.83712641398108,convergence
ext-w1,12,120012,6,71,,0,150,9600,590.69685618082679,convergence
ext-w1,12,120012,6,72,,0,175,11200,603.83496729532874,convergence
ext-w1,12,120012,6,73,,0,141,9024,603.83805084228516,convergence
ext-w1,12,120012,6,74,,0,122,7808,597.60690561930335,convergence
ext-w1,12,120012,6,75,,0,173,11072,603.74975204467773,convergence
ext-w1,12,120012,6,76,,0,126,8064,599.96438598632812,convergence
ext-w1,12,120012,6,77,,0,186,11904,603.33452733357751,convergence
ext-w1,12,120012,6,78,,0,182,11648,604.40844980875647,convergence
ext-w1,12,120012,6,79,,0,153,9792,603.83998489379883,convergence
ext-w1,12,120012,7,0,,0,137,8768,585.24954350789392,convergence
ext-w1,12,120012,7,1,,0,143,9152,585.99950536092126,convergence
ext-w1,12,120012,7,2,,0,141,9024,585.24928410847986,convergence
ext-w1,12,120012,7,3,,0,180,11520,579.02126312255859,convergence
ext-w1,12,120012,7,4,,0,151,9664,586.00165812174475,convergence
ext-w1,12,120012,7,5,,0,135,8640,586.00130462646484,convergence
ext-w1,12,120012,7,6,,0,198,12672,584.74685541788733,convergence
ext-w1,12,120012,7,7,,0,172,11008,584.74714279174805,convergence
ext-w1,12,120012,7,8,,0,160,10240,585.8326199849447,convergence
ext-w1,12,120012,7,9,,0,139,8896,585.80346552530921,convergence
ext-w1,12,120012,7,10,,0,180,11520,584.75114186604821,convergence
ext-w1,12,120012,7,11,,0,149,9536,585.25037892659509,convergence
ext-w1,12,120012,7,12,,0,182,11648,585.92863591512048,convergence
ext-w1,12,120012,7,13,,0,121,7744,581.37671407063806,convergence
ext-w1,12,120012,7,14,,0,155,9920,585.96849314371741,convergence
ext-w1,12,120012,7,15,,0,150,9600,585.99784215291345,convergence
ext-w1,12,120012,7,16,,0,128,8192,585.24891408284509,convergence
ext-w1,12,120012,7,17,,0,194,12416,584.74685541788733,convergence
ext-w1,12,120012,7,18,,0,123,7872,584.8404642740885,convergence
ext-w1,12,120012,7,19,,0,155,9920,579.01853688557946,convergence
ext-w1,12,120012,7,20,,0,151,9664,586.00118255615234,convergence
ext-w1,12,120012,7,21,,0,147,9408,585.24945449829102,convergence
ext-w1,12,120012,7,22,,0,189,12096,585.94657135009766,convergence
ext-w1,12,120012,7,23,,0,178,11392,585.80761973063147,convergence
ext-w1,12,120012,7,24,,0,164,10496,586.00118255615234,convergence
ext-w1,12,120012,7,25,,0,133,8512,579.0229708353678,convergence
ext-w1,12,120012,7,26,,0,139,8896,586.00129063924157,convergence
ext-w1,12,120012,7,27,,0,127,8128,581.37671407063806,convergence
ext-w1,12,120012,7,28,,0,130,8320,579.00428517659509,convergence
ext-w1,12,120012,7,29,,0,139,8896,587.50443522135413,convergence
ext-w1,12,120012,7,30,,0,128,8192,579.01853688557946,convergence
ext-w1,12,120012,7,31,,0,188,12032,582.73347473144531,convergence
ext-w1,12,120012,7,32,,0,149,9536,585.99956385294593,convergence
ext-w1,12,120012,7,33,,0,146,9344,579.00393676757812,convergence
ext-w1,12,120012,7,34,,0,123,7872,581.37671407063806,convergence
ext-w1,12,120012,7,35,,0,148,9472,586.00197982788086,convergence
ext-w1,12,120012,7,36,,0,140,8960,586.00143941243493,convergence
ext-w1,12,120012,7,37,,0,158,10112,584.75035095214844,convergence
ext-w1,12,120012,7,38,,0,189,12096,584.74700673421228,convergence
ext-w1,12,120012,7,39,,0,163,10432,584.74685541788733,convergence
ext-w1,12,120012,7,40,,0,183,11712,584.7485682169596,convergence
ext-w1,12,120012,7,41,,0,168,10752,587.34711201985681,convergence
ext-w1,12,120012,7,42,,0,129,8256,579.01853688557946,convergence
ext-w1,12,120012,7,43,,0,171,10944,586.00129063924157,convergence
ext-w1,12,120012,7,44,,0,145,9280,585.24762852986657,convergence
ext-w1,12,120012,7,45,,0,139,8896,586.51113764444983,convergence
ext-w1,12,120012,7,46,,0,196,12544,584.74685541788733,convergence
ext-w1,12,120012,7,47,,0,159,10176,584.74685541788733,convergence
ext-w1,12,120012,7,48,,0,172,11008,584.74685541788733,convergence
ext-w1,12,120012,7,49,,0,126,8064,579.02632522583008,convergence
ext-w1,12,120012,7,50,,0,193,12352,585.83252461751306,convergence
ext-w1,12,120012,7,51,,0,192,12288,585.94880167643225,convergence
ext-w1,12,120012,7,52,,0,155,9920,584.86886596679688,convergence
ext-w1,12,120012,7,53,,0,182,11648,585.83205413818359,convergence
ext-w1,12,120012,7,54,,0,197,12608,584.75255584716797,convergence
ext-w1,12,120012,7,55,,0,136,8704,585.26688512166345,convergence
ext-w1,12,120012,7,56,,0,161,10304,585.82145436604821,convergence
ext-w1,12,120012,7,57,,0,124,7936,579.01853688557946,convergence
ext-w1,12,120012,7,58,,0,148,9472,585.99744542439782,convergence
ext-w1,12,120012,7,59,,0,129,8256,585.81423950195312,convergence
ext-w1,12,120012,7,60,,0,155,9920,585.82817459106445,convergence
ext-w1,12,120012,7,61,,0,128,8192,581.37671407063806,convergence
ext-w1,12,120012,7,62,,0,123,7872,579.02680460611975,convergence
ext-w1,12,120012,7,63,,0,132,8448,587.66351064046228,convergence
ext-w1,12,120012,7,64,,0,151,9664,583.51276779174805,convergence
ext-w1,12,120012,7,65,,0,188,12032,585.79392751057946,convergence
ext-w1,12,120012,7,66,,0,135,8640,579.01965967814124,convergence
ext-w1,12,120012,7,67,,0,143,9152,584.41583760579431,convergence
ext-w1,12,120012,7,68,,0,149,9536,586.00202941894531,convergence
ext-w1,12,120012,7,69,,0,132,8448,587.66353734334314,convergence
ext-w1,12,120012,7,70,,0,134,8576,585.81356302897132,convergence
ext-w1,12,120012,7,71,,0,122,7808,586.00130462646484,convergence
ext-w1,12,120012,7,72,,0,185,11840,584.74782053629554,convergence
ext-w1,12,120012,7,73,,0,141,9024,585.81100718180335,convergence
ext-w1,12,120012,7,74,,0,139,8896,584.69113922119141,convergence
ext-w1,12,120012,7,75,,0,148,9472,585.84905370076501,convergence
ext-w1,12,120012,7,76,,0,154,9856,585.85665766398108,convergence
ext-w1,12,120012,7,77,,0,126,8064,579.00393676757812,convergence
ext-w1,12,120012,7,78,,0,169,10816,584.75045267740882,convergence
cold-w16,12,120012,0,0,,0,3673,235072,1108.4493891398113,convergence
cold-w16,12,120012,0,1,,0,3421,218944,939.97066116333008,convergence
cold-w16,12,120012,0,2,,0,3464,221696,871.48024749755859,convergence
cold-w16,12,120012,0,3,,0,2805,179520,797.39313634236657,convergence
cold-w16,12,120012,0,4,,0,2989,191296,969.47319157918298,convergence
cold-w16,12,120012,0,5,,0,2922,187008,1017.6264012654623,convergence
cold-w16,12,120012,0,6,,0,3438,220032,920.47672907511389,convergence
cold-w16,12,120012,0,7,,0,2534,162176,1011.9214083353678,convergence
cold-w16,12,120012,0,8,,0,3203,204992,887.48459370930993,convergence
cold-w16,12,120012,0,9,,0,3113,199232,859.14256922403968,convergence
cold-w16,12,120012,0,10,,0,3704,237056,837.16129557291663,convergence
cold-w16,12,120012,0,11,,0,4253,272192,813.38853073120117,convergence
cold-w16,12,120012,0,12,,0,2654,169856,956.52534230550134,convergence
cold-w16,12,120012,0,13,,0,3559,227776,930.17363357543945,convergence
cold-w16,12,120012,0,14,,0,3317,212288,1003.673895517985,convergence
cold-w16,12,120012,0,15,,0,2803,179392,1032.2192230224609,convergence
cold-w16,12,120012,0,16,,0,3224,206336,859.89828109741211,convergence
cold-w16,12,120012,0,17,,0,3058,195712,867.68473561604821,convergence
cold-w16,12,120012,0,18,,0,2809,179776,844.62766138712561,convergence
cold-w16,12,120012,0,19,,0,3307,211648,857.17501831054688,convergence
cold-w16,12,120012,0,20,,0,3616,231424,798.96721649169922,convergence
cold-w16,12,120012,0,21,,0,3199,204736,894.42227045694983,convergence
cold-w16,12,120012,0,22,,0,3177,203328,861.67796452840173,convergence
cold-w16,12,120012,0,23,,0,3254,208256,862.84744771321618,convergence
cold-w16,12,120012,0,24,,0,2825,180800,919.3067843119303,convergence
cold-w16,12,120012,0,25,,0,4153,265792,735.83080800374353,convergence
cold-w16,12,120012,0,26,,0,3043,194752,869.33674240112305,convergence
cold-w16,12,120012,0,27,,0,3000,192000,916.00982157389319,convergence
cold-w16,12,120012,0,28,,0,3000,192000,804.56038920084632,convergence
cold-w16,12,120012,0,29,,0,3492,223488,758.92237091064453,convergence
